event_id,year,country_code,region,disaster_type,disaster_subtype,event_date,event_date_upper,date_granularity,is_severe_description_only,label_available_description_only,event_name,Location,start_year,start_month,start_day,end_year,end_month,end_day,emdat_magnitude,emdat_magnitude_scale
2000-0037-REU,2000,REU,Sub-Saharan Africa,Storm,Tropical cyclone,2000-01-30,2000-01-30,day,0,True,Connie,"Arrondissement du vent, Arrondissement sous le vent provinces",2000,1,30,2000,1,30,153,Kph
2000-0097-AUS,2000,AUS,Australia and New Zealand,Storm,Tropical cyclone,2000-02-27,2000-02-27,day,0,True,Steve,"Cairns, Tablelands districts (Queensland province), New South Wales province",2000,2,27,2000,3,13,120,Kph
2000-0107-MDG,2000,MDG,Sub-Saharan Africa,Storm,Tropical cyclone,2000-02-17,2000-02-17,day,1,True,"Eline, Gloria","Marolambo, Antanambao Manampontsy, Mahanoro, Vatomandry, Brickaville districts (Atsinanana province), Ambositra district (Amoron I Mania province), Antananarivo Avaradrano, Andramasina, Manjakandriana districts (Analamanga province), Ambatolampy, Antsirabe II, Antanifotsy districts (Vakinankaratra province), Antalaha, Sambava, Andapa, Vohemar districts (Sava province), Morondava, Belo Sur Tsiribihina, Mahabo districts (Menabe province), Morombe district (Atsimo Andrefana province), Maroantsetra district (Analanjirofo province)",2000,2,17,2000,3,11,,Kph
2000-0107-MOZ,2000,MOZ,Sub-Saharan Africa,Storm,Tropical cyclone,2000-02-18,2000-02-18,day,0,True,"Eline, Gloria","Cabo Delgado, Gaza, Inhambane, Manica, Nampula, Niassa, Sofala, Tete, Zambezia, Maputo, Lago niassa provinces",2000,2,18,2000,2,23,,Kph
2000-0178-MDG,2000,MDG,Sub-Saharan Africa,Storm,Tropical cyclone,2000-04-02,2000-04-02,day,0,True,Hudah,"Antalaha, Sambava, Andapa districts (Sava province), Maroantsetra district (Analanjirofo province), Bealanana district (Sofia province)",2000,4,2,2000,4,2,300,Kph
2000-0178-MOZ,2000,MOZ,Sub-Saharan Africa,Storm,Tropical cyclone,2000-04-02,2000-04-02,day,0,True,Hudah,"Angoche, Moma, Mogincual districts (Nampula province)",2000,4,2,2000,4,2,,Kph
2000-0211-BGD,2000,BGD,Southern Asia,Storm,Tropical cyclone,2000-04-21,2000-04-21,day,0,True,,"Alpara, Netrokona Sadar, Kendua, Purbadhala areas (Netrakona district, Dhaka province), Rangpur district (Rangpur province)",2000,4,21,2000,4,21,120,Kph
2000-0214-AUS,2000,AUS,Australia and New Zealand,Storm,Tropical cyclone,2000-04-03,2000-04-03,day,0,False,Tessi,Townsville district (Queensland province),2000,4,3,2000,4,3,130,Kph
2000-0229-BGD,2000,BGD,Southern Asia,Storm,Tropical cyclone,2000-04-11,2000-04-11,day,0,False,,"Maulvibazar district (Sylhet province), Netrakona district (Dhaka province)",2000,4,11,2000,4,11,80,Kph
2000-0257-PHL,2000,PHL,South-eastern Asia,Storm,Tropical cyclone,2000-05-18,2000-05-18,day,0,True,Biring,"National Capital region (NCR), Region III (Central Luzon) provinces",2000,5,18,2000,5,18,,Kph
2000-0396-PHL,2000,PHL,South-eastern Asia,Storm,Tropical cyclone,2000-07-05,2000-07-05,day,0,True,Kirogi,National Capital region (NCR) province,2000,7,5,2000,7,5,185,Kph
2000-0397-PHL,2000,PHL,South-eastern Asia,Storm,Tropical cyclone,2000-07-07,2000-07-07,day,0,True,Kai-Tak (Edeng),"Caloocan, Manioma, Quezon cities (Metropolitan Manila district, National Capital region (NCR) province), Mindoro Oriental district (Region IV (Southern Tagalog) province), Cavite, Rizal districts (Region IV-A (Calabarzon) province), Iloilo, Negros Occidental districts (Region VI (Western Visayas) province), Region I (Ilocos region), Region III (Central Luzon) provinces",2000,7,7,2000,7,7,200,Kph
2000-0447-JPN,2000,JPN,Eastern Asia,Storm,Tropical cyclone,2000-07-08,2000-07-08,day,0,True,Kirogi,Tookyoo province,2000,7,8,2000,7,9,126,Kph
2000-0517-TWN,2000,TWN,Eastern Asia,Storm,Tropical cyclone,2000-08-22,2000-08-22,day,0,True,Bilis,Taiwan Sheng province,2000,8,22,2000,8,23,,Kph
2000-0518-VNM,2000,VNM,South-eastern Asia,Storm,Tropical cyclone,2000-08-20,2000-08-20,day,0,True,Kaemi,"Quang Binh, Quang Tri, Thua Thien - Hue, Quang Nam, Quang Ngai, Binh Dinh, Da Nang City provinces",2000,8,20,2000,8,20,,Kph
2000-0533-CHN,2000,CHN,Eastern Asia,Storm,Tropical cyclone,2000-08-23,2000-08-23,day,0,True,Bilis,"Leqing Shi area (Wenzhou district, Zhejiang Sheng province), Fuzhou district (Fujian Sheng province)",2000,8,23,2000,8,23,,Kph
2000-0539-THA,2000,THA,South-eastern Asia,Storm,Tropical cyclone,2000-08-21,2000-08-21,day,0,True,Kaemi,"Tha Tum, Chom Phra, Samrong Thap, Sikhoraphum, Sangkha, Muang Surin districts (Surin province), Ubon Ratchathani province",2000,8,21,2000,8,21,,Kph
2000-0550-KOR,2000,KOR,Eastern Asia,Storm,Tropical cyclone,2000-08-31,2000-08-31,day,0,True,Prapiroon (Typhoon n°12),"Chollabuk-do, Chungchongnam-do, Cheju-do provinces",2000,8,31,2000,8,31,209,Kph
2000-0556-CHN,2000,CHN,Eastern Asia,Storm,Tropical cyclone,2000-08-01,2000-08-31,month,0,True,Prapiroon,"Xiangshui Xian area (Yancheng district, Jiangsu Sheng province)",2000,8,,2000,8,,,Kph
2000-0557-CHN,2000,CHN,Eastern Asia,Storm,Tropical cyclone,2000-09-01,2000-09-01,day,0,True,Maria,"Hunan Sheng, Guangdong Sheng provinces",2000,9,1,2000,9,6,160,Kph
2000-0572-PRK,2000,PRK,Eastern Asia,Storm,Tropical cyclone,2000-08-31,2000-08-31,day,0,True,"Prapiroon ""12""","Kangwon-do, Hamgyong-bukto, Hamgyong-namdo, Yanggang-do, P'yongan-bukto, Hwanghae-bukto, Kaesong-si provinces",2000,8,31,2000,9,4,,Kph
2000-0576-JPN,2000,JPN,Eastern Asia,Storm,Tropical cyclone,2000-09-11,2000-09-11,day,0,True,Saomai,"Aiti, Mie, Gifu provinces",2000,9,11,2000,9,14,160,Kph
2000-0576-RUS,2000,RUS,Eastern Europe,Storm,Tropical cyclone,2000-09-13,2000-09-13,day,0,True,Saomai,"Primorskiy Kray, Khabarovskiy Kray, Sakhalinskaya Oblast, Yevreyskaya A. Oblast provinces",2000,9,13,2000,9,19,,Kph
2000-0582-VNM,2000,VNM,South-eastern Asia,Storm,Tropical cyclone,2000-09-10,2000-09-10,day,0,True,Wukong,"Thach Ha, Cam Xuyen, Ky Anh districts (Ha Tinh province)",2000,9,10,2000,9,10,120,Kph
2000-0601-KOR,2000,KOR,Eastern Asia,Storm,Tropical cyclone,2000-09-16,2000-09-16,day,0,True,Saomai,"Kyongsangbuk-do, Kyongsangnam-do provinces",2000,9,16,2000,9,16,,Kph
2000-0605-CHN,2000,CHN,Eastern Asia,Storm,Tropical cyclone,2000-09-09,2000-09-09,day,0,True,Wukong,Hainan Sheng province,2000,9,9,2000,9,9,,Kph
2000-0642-BLZ,2000,BLZ,Latin America and the Caribbean,Storm,Tropical cyclone,2000-09-30,2000-09-30,day,0,True,Keith,"San Pedro and Belize cities, Cay Caulker and Ambergris Caye islands (Belize province), Corozal, Cayo, Orange Walk provinces",2000,9,30,2000,10,3,215,Kph
2000-0643-MEX,2000,MEX,Latin America and the Caribbean,Storm,Tropical cyclone,2000-09-29,2000-09-29,day,0,True,Keith,"Puebla, Campeche, Quintana Roo, Yucatan, Veracruz, Chiapas, Oaxaca, Tabasco, Tamaulipas provinces",2000,9,29,2000,10,3,150,Kph
2000-0644-NIC,2000,NIC,Latin America and the Caribbean,Storm,Tropical cyclone,2000-09-29,2000-09-29,day,0,True,Keith,"Léon, Chinandega, Managua, Granada, Rivas provinces",2000,9,29,2000,10,3,,Kph
2000-0645-SLV,2000,SLV,Latin America and the Caribbean,Storm,Tropical cyclone,2000-10-01,2000-10-01,day,0,True,Keith,"Ahuachapan, Cabanas, Chalatenango, Cuscatlan, La Libertad, La Paz, La Union, Morazan, San Miguel, San Salvador, San Vicente, Santa Ana, Sonsonate, Usulutan provinces",2000,10,1,2000,10,1,,Kph
2000-0652-USA,2000,USA,Northern America,Storm,Tropical cyclone,2000-10-04,2000-10-04,day,0,True,Leslie,"Miami-Dade, Monroe, Broward, Collier districts (Florida province)",2000,10,4,2000,10,4,,Kph
2000-0706-PHL,2000,PHL,South-eastern Asia,Storm,Tropical cyclone,2000-10-28,2000-10-28,day,1,True,Xangsane (Reming),"Cavite district (Region IV-A (Calabarzon) province), Sorsogon, Catanduanes, Albay districts (Region V (Bicol region) province), Metropolitan Manila district (National Capital region (NCR) province), Samar districts (Region VIII (Eastern Visayas) province)",2000,10,28,2000,10,31,140,Kph
2000-0706-TWN,2000,TWN,Eastern Asia,Storm,Tropical cyclone,2000-11-01,2000-11-01,day,0,True,Xangsane (Reming),"Taipei, Pingtung, Kaohsiung areas (Taiwan Sheng province)",2000,11,1,2000,11,4,120,Kph
2000-0713-BGD,2000,BGD,Southern Asia,Storm,Tropical cyclone,2000-10-28,2000-10-28,day,0,True,,"Barisal, Barguna, Jhalokati, Bhola, Pirojpur districts (Barisal province), Khulna district (Khulna province), Noakhali, Lakshmipur, Cox's Bazar, Chandpur districts (Chittagong province), Dhaka, Mymensingh, Shariatpur districts (Dhaka province)",2000,10,28,2000,10,28,100,Kph
2000-0715-PHL,2000,PHL,South-eastern Asia,Storm,Tropical cyclone,2000-11-03,2000-11-03,day,0,True,Bebinca (Seniang),"Metropolitan Manila district (National Capital region (NCR) province), Rizal, Laguna districts (Region IV-A (Calabarzon) province), Cagayan, Nueva Vizcaya districts (Region II (Cagayan Valley) province)",2000,11,3,2000,11,5,120,Kph
2000-0785-IND,2000,IND,Southern Asia,Storm,Tropical cyclone,2000-11-29,2000-11-29,day,0,False,03B,"Nagappattinam, Thanjavur, Sirkali, Papanasam, Tiruvallur, Tiruvarur areas (Cuddalore district, Tamil Nadu province), Andhra Pradesh province",2000,11,29,2000,11,29,120,Kph
2000-0788-PHL,2000,PHL,South-eastern Asia,Storm,Tropical cyclone,2000-11-30,2000-11-30,day,0,True,Rumbia (Toyang),"Autonomous region in Muslim Mindanao (ARMM), Region VI (Western Visayas), Region VII (Central Visayas), Region VIII (Eastern Visayas), Region IX (Zamboanga Peninsula), Region X (Northern Mindanao), Region XI (Davao Region), Region XII (Soccsksargen), Region XIII (Caraga) provinces Central Philippines",2000,11,30,2000,12,3,135,Kph
2000-0831-LKA,2000,LKA,Southern Asia,Storm,Tropical cyclone,2000-12-24,2000-12-24,day,0,True,04B,"Ampara, Batticaloa, Trincomalee districts (Eastern province), Anuradhapura, Polonnaruwa districts (North Central province), Mannar district (Northern province)",2000,12,24,2000,12,28,150,Kph
2000-0843-AUS,2000,AUS,Australia and New Zealand,Storm,Tropical cyclone,2000-12-07,2000-12-07,day,0,False,Sam,"Bidyadanga area (Broome district, Western Australia province)",2000,12,7,2000,12,7,280,Kph
2001-0054-PHL,2001,PHL,South-eastern Asia,Storm,Tropical cyclone,2001-02-17,2001-02-17,day,0,True,Auring,"Region VI (Western Visayas), Region VII (Central Visayas), Region VIII (Eastern Visayas), Autonomous region in Muslim Mindanao (ARMM), Region IX (Zamboanga Peninsula), Region X (Northern Mindanao), Region XI (Davao Region), Region XII (Soccsksargen), Region XIII (Caraga) provinces",2001,2,17,2001,2,17,45,Kph
2001-0093-VUT,2001,VUT,Melanesia,Storm,Tropical cyclone,2001-02-28,2001-02-28,day,0,True,Paula,"Malukulan Ambrym, Paama, Lopevi islands (Malampa province), Efate, Shepherd islands (Shefa province)",2001,2,28,2001,2,28,200,Kph
2001-0143-VUT,2001,VUT,Melanesia,Storm,Tropical cyclone,2001-04-07,2001-04-07,day,0,True,Sose,"Santo island (Sanma province), Malekula island (Malampa province), Ambae island (Penama province), Shepherd, Efate island (Shefa province), Erromango, Tanna, Anatom island (Tafea province),",2001,4,7,2001,4,7,100,Kph
2001-0198-BGD,2001,BGD,Southern Asia,Storm,Tropical cyclone,2001-05-11,2001-05-11,day,0,True,,"Mymensingh, Netrakona, Tangail, Gopalganj districts (Dhaka province), Naogaon district (Rajshahi province), Maulvibazar district (Sylhet province), Chuadanga, Jhenaidah, Meherpur districts (Khulna province), Gaibandha district (Rangpur province), Patuakhali district (Barisal province), Noakhali district (Chittagong province)",2001,5,11,2001,5,11,100,Kph
2001-0202-BGD,2001,BGD,Southern Asia,Storm,Tropical cyclone,2001-04-01,2001-04-01,day,1,True,,"Patuakhali district (Barisal province), Satkhira district (Khulna province)",2001,4,1,2001,4,1,,Kph
2001-0242-USA,2001,USA,Northern America,Storm,Tropical cyclone,2001-06-05,2001-06-05,day,0,True,Allison,"Texas, Mississippi, Louisiana, Florida, Pennsylvania, South Carolina, North Carolina, Georgia, Pensylvania, New Jersey, Virginia, Iowa provinces",2001,6,5,2001,6,17,,Kph
2001-0292-CHN,2001,CHN,Eastern Asia,Storm,Tropical cyclone,2001-06-23,2001-06-23,day,1,True,Chebi,"Fujian Sheng, Zhejiang Sheng provinces",2001,6,23,2001,6,25,,Kph
2001-0293-TWN,2001,TWN,Eastern Asia,Storm,Tropical cyclone,2001-06-24,2001-06-24,day,0,True,Chebi,Taiwan Sheng province,2001,6,24,2001,6,25,225,Kph
2001-0318-VNM,2001,VNM,South-eastern Asia,Storm,Tropical cyclone,2001-07-04,2001-07-04,day,0,True,Durian,"Thai Nguyen, Tuyen Quang, Vinh Phuc provinces",2001,7,4,2001,7,4,,Kph
2001-0319-PHL,2001,PHL,South-eastern Asia,Storm,Tropical cyclone,2001-07-01,2001-07-31,month,1,True,Utor (Feria),"Region I (Ilocos region), Region II (Cagayan Valley), Region III (Central Luzon), Region IV (Southern Tagalog), Region VIII (Eastern Visayas), Cordillera Administrative region (CAR), National Capital region (NCR) provinces",2001,7,,2001,7,,140,Kph
2001-0322-CHN,2001,CHN,Eastern Asia,Storm,Tropical cyclone,2001-07-01,2001-07-01,day,0,True,Durian and Utor,"Hepu Xian area (Beihai district, Guangxi Zhuangzu Zizhiqu province), Shangsi Xian, Fangchenggang Shi areas (Fangchenggang district, Guangxi Zhuangzu Zizhiqu province), Ningming Xian, Long'an Xian, Heng Xian areas (Chongzuo district, Guangxi Zhuangzu Zizhiqu province), Tianyang Xian, Tiandong Xian, Pingguo Xian, Baise Shi areas (Baise district, Guangxi Zhuangzu Zizhiqu province), Nanning district (Guangxi Zhuangzu Zizhiqu province), Zhanjiang, Yangjiang, Maoming, Jiangmen, Yunfu, Zhaoqing, Shanwei, Shantou, Jieyang, Chaozhou, Meizhou, Huizhou, Dongguan districts (Guangdong Sheng province)",2001,7,1,2001,7,1,169,Kph
2001-0405-CHN,2001,CHN,Eastern Asia,Storm,Tropical cyclone,2001-07-25,2001-07-25,day,1,True,Toraji,"Guangdong Sheng, Guangxi Zhuangzu Zizhiqu, Hainan Sheng provinces",2001,7,25,2001,8,1,,Kph
2001-0405-TWN,2001,TWN,Eastern Asia,Storm,Tropical cyclone,2001-07-30,2001-07-30,day,1,True,Toraji,"Hualian, Nantou areas (Taiwan Sheng province)",2001,7,30,2001,7,30,150,Kph
2001-0415-TWN,2001,TWN,Eastern Asia,Storm,Tropical cyclone,2001-07-11,2001-07-11,day,0,True,Trami,Kaoshiung area (Taiwan Sheng province),2001,7,11,2001,7,11,,Kph
2001-0419-CHN,2001,CHN,Eastern Asia,Storm,Tropical cyclone,2001-07-24,2001-07-24,day,0,False,Yutu,Guangdong Sheng province,2001,7,24,2001,7,24,150,Kph
2001-0436-VNM,2001,VNM,South-eastern Asia,Storm,Tropical cyclone,2001-08-11,2001-08-11,day,0,True,Usagi,"Ha Tinh, Nghe An, Quang Binh, Thanh Hoa provinces",2001,8,11,2001,8,11,196,Kph
2001-0454-JPN,2001,JPN,Eastern Asia,Storm,Tropical cyclone,2001-08-21,2001-08-21,day,0,True,Pabuk,"Siga, Aiti, Oosaka, Ehime, Mie provinces",2001,8,21,2001,8,23,109,Kph
2001-0475-CHN,2001,CHN,Eastern Asia,Storm,Tropical cyclone,2001-06-19,2001-06-19,day,0,False,,"Zhaotun borough (Qinpu Qu area, Name Unknown (13243) district, Shanghai Shi province), Huangdu, Anting borough (Jiading Qu area, Shanghai district, Shanghai Shi province)",2001,6,19,2001,6,19,,Kph
2001-0488-MEX,2001,MEX,Latin America and the Caribbean,Storm,Tropical cyclone,2001-07-25,2001-07-25,day,0,False,Dalila,"Guerrero, Chiapas provinces",2001,7,25,2001,7,25,,Kph
2001-0511-JPN,2001,JPN,Eastern Asia,Storm,Tropical cyclone,2001-09-10,2001-09-10,day,0,True,Danas,Tookyoo province,2001,9,10,2001,9,13,126,Kph
2001-0522-TWN,2001,TWN,Eastern Asia,Storm,Tropical cyclone,2001-09-16,2001-09-16,day,0,True,Nari,"Taipei, Keelung, Chiayi, Miaoli areas (Taiwan Sheng province)",2001,9,16,2001,9,20,,Kph
2001-0553-BLZ,2001,BLZ,Latin America and the Caribbean,Storm,Tropical cyclone,2001-10-08,2001-10-08,day,0,True,Iris,"Toledo, Stann Creek provinces",2001,10,8,2001,10,11,233,Kph
2001-0562-MEX,2001,MEX,Latin America and the Caribbean,Storm,Tropical cyclone,2001-09-24,2001-09-24,day,0,True,Juliette,Baja California Sur province,2001,9,24,2001,10,2,120,Kph
2001-0570-DOM,2001,DOM,Latin America and the Caribbean,Storm,Tropical cyclone,2001-10-04,2001-10-04,day,0,True,Iris,Santo Domingo province,2001,10,4,2001,10,9,,Kph
2001-0570-GTM,2001,GTM,Latin America and the Caribbean,Storm,Tropical cyclone,2001-10-08,2001-10-08,day,0,True,Iris,"Peten, Zacapa, Quetzaltenango provinces",2001,10,8,2001,10,11,,Kph
2001-0570-MEX,2001,MEX,Latin America and the Caribbean,Storm,Tropical cyclone,2001-10-04,2001-10-04,day,0,True,Iris,Oaxaca province,2001,10,4,2001,10,9,,Kph
2001-0584-IND,2001,IND,Southern Asia,Storm,Tropical cyclone,2001-10-01,2001-10-31,month,0,True,,Andhra Pradesh province,2001,10,,2001,10,,,Kph
2001-0603-HND,2001,HND,Latin America and the Caribbean,Storm,Tropical cyclone,2001-10-30,2001-10-30,day,0,True,Michelle,"Colon, Atlantida, Yoro, Cortes, Gracias A Dios, Islas De Bahia provinces",2001,10,30,2001,11,4,219,Kph
2001-0611-CYM,2001,CYM,Latin America and the Caribbean,Storm,Tropical cyclone,2001-10-30,2001-10-30,day,0,False,Michelle,,2001,10,30,2001,11,5,,Kph
2001-0611-HTI,2001,HTI,Latin America and the Caribbean,Storm,Tropical cyclone,2001-10-30,2001-10-30,day,0,False,Michelle,"Grande Anse, Centre, Sud, Nippes, Ouest, Artibonite, Nord Ouest, Nord, Nord Est, Sud Est provinces",2001,10,30,2001,11,5,,Kph
2001-0611-NIC,2001,NIC,Latin America and the Caribbean,Storm,Tropical cyclone,2001-11-01,2001-11-01,day,0,True,Michelle,Atlantico Norte province,2001,11,1,2001,11,4,110,Kph
2001-0612-CUB,2001,CUB,Latin America and the Caribbean,Storm,Tropical cyclone,2001-11-04,2001-11-04,day,0,True,Hurricane Michelle,"Matanzas, Cienfuegos, Villa Clara, Sancti Spiritus, Isla de la Juventud, Pinar del Rio, Ciudad De La Habana, Ciego de Avila provinces",2001,11,4,2001,11,4,250,Kph
2001-0614-PHL,2001,PHL,South-eastern Asia,Storm,Tropical cyclone,2001-11-08,2001-11-08,day,1,True,Lingling (Nanang),"Camiguin, Misamis Oriental districts (Region X (Northern Mindanao) province)",2001,11,8,2001,11,8,215,Kph
2001-0615-JAM,2001,JAM,Latin America and the Caribbean,Storm,Tropical cyclone,2001-11-06,2001-11-06,day,0,True,Michelle,"Clarendon, Hanover, Manchester, Portland, Saint Andrew And Kingston, Saint Ann, Saint Catherine, Saint Elizabeth, Saint James, Saint Mary, Saint Thomas, Trelawny, Westmoreland provinces",2001,11,6,2001,11,6,120,Kph
2001-0624-VNM,2001,VNM,South-eastern Asia,Storm,Tropical cyclone,2001-11-12,2001-11-12,day,0,True,Lingling (Nanang),"Phu Yen, Binh Dinh, Quang Ngai, Quang Tri provinces",2001,11,12,2001,11,12,,Kph
2001-0659-COK,2001,COK,Polynesia,Storm,Tropical cyclone,2001-12-02,2001-12-02,day,0,False,Trina,"Rarotonga, Avarua, Mangaia islands",2001,12,2,2001,12,2,130,Kph
2001-0671-BHS,2001,BHS,Latin America and the Caribbean,Storm,Tropical cyclone,2001-11-09,2001-11-09,day,0,False,Michelle,New Providence island (Administrative unit not available),2001,11,9,2001,11,9,,Kph
2001-0711-TON,2001,TON,Polynesia,Storm,Tropical cyclone,2001-12-31,2001-12-31,day,0,False,Waka,"Vava'u, Niuafo'ou islands (Tonga province)",2001,12,31,2001,12,31,260,Kph
2001-0735-MEX,2001,MEX,Latin America and the Caribbean,Storm,Tropical cyclone,2001-08-21,2001-08-21,day,0,False,Chantal,Quintana Roo province,2001,8,21,2001,8,21,100,Kph
2001-0758-PHL,2001,PHL,South-eastern Asia,Storm,Tropical cyclone,2001-12-05,2001-12-05,day,0,True,Kajiki (Quedan),"Cebu district (Region VII (Central Visayas) province), Leyte district (Region VIII (Eastern Visayas) province)",2001,12,5,2001,12,7,,Kph
2001-0796-CHN,2001,CHN,Eastern Asia,Storm,Tropical cyclone,2001-08-28,2001-08-28,day,0,True,Fitow,"Guangdong Sheng, Hainan Sheng, Guangxi Zhuangzu Zizhiqu provinces",2001,8,28,2001,9,9,,Kph
2002-0004-MDG,2002,MDG,Sub-Saharan Africa,Storm,Tropical cyclone,2002-01-02,2002-01-02,day,0,True,Cyprien,"Morondava district (Menabe province), Morombe, Toliary-I districts (Atsimo Andrefana province)",2002,1,2,2002,1,2,150,Kph
2002-0039-MUS,2002,MUS,Sub-Saharan Africa,Storm,Tropical cyclone,2002-01-22,2002-01-22,day,0,True,Dina,Port Louis province,2002,1,22,2002,1,22,206,Kph
2002-0043-REU,2002,REU,Sub-Saharan Africa,Storm,Tropical cyclone,2002-01-01,2002-01-31,month,0,False,Dina,"Arrondissement du vent, Arrondissement sous le vent provinces",2002,1,,2002,1,,250,Kph
2002-0126-FSM,2002,FSM,Micronesia,Storm,Tropical cyclone,2002-03-03,2002-03-03,day,0,False,Mitag,Yap Island (Micronesia province),2002,3,3,2002,3,3,212,Kph
2002-0204-IND,2002,IND,Southern Asia,Storm,Tropical cyclone,2002-04-03,2002-04-03,day,0,True,,West Bengal province,2002,4,3,2002,4,3,,Kph
2002-0233-BGD,2002,BGD,Southern Asia,Storm,Tropical cyclone,2002-04-22,2002-04-22,day,0,True,,"Gaibandha, Lalmonirhat, Nilphamari, Rangpur, Kurigram districts (Rangpur province), Bogra, Sirajganj districts (Rajshahi province), Netrakona, Kishoreganj districts (Dhaka province)",2002,4,22,2002,4,22,,Kph
2002-0281-MDG,2002,MDG,Sub-Saharan Africa,Storm,Tropical cyclone,2002-05-09,2002-05-09,day,0,True,Kesiny,"Antsiranana II, Ambilobe, Nosy-Be districts (Diana province), Vohemar district (Sava province), Fenerive Est, Maroantsetra districts (Analanjirofo province), Atsinanana province",2002,5,9,2002,5,9,180,Kph
2002-0397-FSM,2002,FSM,Micronesia,Storm,Tropical cyclone,2002-07-01,2002-07-01,day,0,True,Chata'an,"Weno, Tonoas, Fefan, Udot, Uman, Siis villages (Chuuk island, Micronesia province)",2002,7,1,2002,7,1,112,Kph
2002-0408-PHL,2002,PHL,South-eastern Asia,Storm,Tropical cyclone,2002-07-07,2002-07-07,day,0,True,Chata'an,National Capital region (NCR) province,2002,7,7,2002,7,9,170,Kph
2002-0423-PHL,2002,PHL,South-eastern Asia,Storm,Tropical cyclone,2002-07-13,2002-07-13,day,0,True,Halong (Anday),"Cordillera Administrative region (CAR), National Capital region (NCR), Region I (Ilocos region), Region II (Cagayan Valley), Region III (Central Luzon), Region IV (Southern Tagalog), Region IV-A (Calabarzon), Region V (Bicol region) provinces",2002,7,13,2002,7,13,160,Kph
2002-0430-JPN,2002,JPN,Eastern Asia,Storm,Tropical cyclone,2002-07-15,2002-07-15,day,0,False,Halong,"Okinawa, Kagosima, Isikawa provinces",2002,7,15,2002,7,15,108,Kph
2002-0431-JPN,2002,JPN,Eastern Asia,Storm,Tropical cyclone,2002-07-05,2002-07-05,day,0,True,Chata'an,Hokkaidoo province,2002,7,5,2002,7,5,,Kph
2002-0432-GUM,2002,GUM,Micronesia,Storm,Tropical cyclone,2002-07-05,2002-07-05,day,0,False,Chata'an,Guam province,2002,7,5,2002,7,5,177,Kph
2002-0528-PHL,2002,PHL,South-eastern Asia,Storm,Tropical cyclone,2002-06-28,2002-06-28,day,0,True,Rammasun (Florita),National Capital region (NCR) province,2002,6,28,2002,7,3,,Kph
2002-0557-KOR,2002,KOR,Eastern Asia,Storm,Tropical cyclone,2002-08-31,2002-08-31,day,1,True,Rusa,"Kyongsangbuk-do, Kyongsangnam-do, Chungchongbuk-do, Chungchongnam-do, Kang-won-do, Cheju-do provinces",2002,8,31,2002,9,6,204,Kph
2002-0561-PRK,2002,PRK,Eastern Asia,Storm,Tropical cyclone,2002-08-31,2002-08-31,day,0,True,Rusa,"Tongchon, Anbyon, Kosong districts (Kangwon-do province)",2002,8,31,2002,9,6,,Kph
2002-0590-SYC,2002,SYC,Sub-Saharan Africa,Storm,Tropical cyclone,2002-09-05,2002-09-05,day,0,False,,"Praslin, Anse Aux Pins, Anse Boileau, Anse Etoile, Anse Royale, Au Cap, Baie Lazare, Beau Vallon, Bel Air, Belombre, Cascade, Cerf Island, Conception, English River, Glacis, Grand Anse Mahe, Les Mamelles, Mont Buxton, Mont Fleuri, Plaisance, Pointe Larue, Port Glaud, Roche Caiman, St Louis, Ste Anne, Takamaka, Therese provinces",2002,9,5,2002,9,5,120,Kph
2002-0599-CHN,2002,CHN,Eastern Asia,Storm,Tropical cyclone,2002-09-13,2002-09-13,day,0,True,Hagupit,"Jiangxi Sheng, Sichuan Sheng provinces",2002,9,13,2002,9,13,,Kph
2002-0604-CUB,2002,CUB,Latin America and the Caribbean,Storm,Tropical cyclone,2002-09-18,2002-09-18,day,0,False,Isidore,"Isla De La Juventud, Pinar del Rio provinces",2002,9,18,2002,9,18,165,Kph
2002-0609-MEX,2002,MEX,Latin America and the Caribbean,Storm,Tropical cyclone,2002-09-20,2002-09-20,day,0,True,Isidore,"Campeche, Quintana Roo, Yucatan provinces",2002,9,20,2002,9,20,180,Kph
2002-0617-BRB,2002,BRB,Latin America and the Caribbean,Storm,Tropical cyclone,2002-09-24,2002-09-24,day,0,False,Lili,"St. Andrew, St. George, St. James, St. John, St. Joseph, St. Lucy, St. Michael, St. Peter, St. Philip, St. Thomas, Christ Church provinces",2002,9,24,2002,9,24,110,Kph
2002-0626-CYM,2002,CYM,Latin America and the Caribbean,Storm,Tropical cyclone,2002-09-30,2002-09-30,day,0,False,Lili,"Cayman Brac, Little Cayman",2002,9,30,2002,10,1,128,Kph
2002-0627-JAM,2002,JAM,Latin America and the Caribbean,Storm,Tropical cyclone,2002-09-30,2002-09-30,day,0,True,Lili,"Saint Thomas, Saint Andrew And Kingston, Saint Elizabeth, Clarendon, Westmoreland provinces",2002,9,30,2002,9,30,100,Kph
2002-0635-RUS,2002,RUS,Eastern Europe,Storm,Tropical cyclone,2002-10-02,2002-10-02,day,0,True,Hygos,Sakhaline Isl. (Sakhalinskaya Oblast province),2002,10,2,2002,10,3,,Kph
2002-0636-CUB,2002,CUB,Latin America and the Caribbean,Storm,Tropical cyclone,2002-10-01,2002-10-01,day,0,True,Lili,"Sandino, San Juan y Martinez, Mantua, Guane districts (Pinar del Rio province), Isla dela Juventud province, Batabano, Guira de Melena, Nueva Paz, San Nicolas, Melena del Sur, Quivican districts (La Habana province), Sancti Spiritus, La Sierpe, Fomento, Taguasco, Trinidad, Jatibonico districts (Sancti Spiritu province), Rodas, Aguada De Pasajeros, Cumanayagua districts (Cienfuegos province), Guantanamo, Maisi, Baracoa, Manuel Tames districts (Guantanamo province), Guama, Tercer Frente, Palma Soriano, Santiago de Cuba districts (Santiago de Cuba province), Niquero, Media Luna, Cauto Cristo, Pilon districts (Granma province)",2002,10,1,2002,10,1,173,Kph
2002-0636-GRD,2002,GRD,Latin America and the Caribbean,Storm,Tropical cyclone,2002-09-24,2002-09-24,day,0,False,Lili,"St. Patrick's, St. Mark's, Carriacou and Petit Martinique",2002,9,24,2002,9,24,,Kph
2002-0647-MEX,2002,MEX,Latin America and the Caribbean,Storm,Tropical cyclone,2002-09-25,2002-09-25,day,0,False,Julio,Acapulco De Juarez district (Guerrero province),2002,9,25,2002,9,25,,Kph
2002-0652-USA,2002,USA,Northern America,Storm,Tropical cyclone,2002-09-26,2002-09-26,day,0,True,Isidore,"Louisiane, Mississippi, Alabama, Tennessee provinces",2002,9,26,2002,9,27,105,Kph
2002-0653-VCT,2002,VCT,Latin America and the Caribbean,Storm,Tropical cyclone,2002-09-24,2002-09-24,day,0,True,Tropical storm 'Lili',"Charlotte, Grenadines, Saint Andrew, Saint David, Saint George, Saint Patrick provinces",2002,9,24,2002,9,24,,Kph
2002-0656-CYM,2002,CYM,Latin America and the Caribbean,Storm,Tropical cyclone,2002-09-14,2002-09-14,day,0,False,Isidore,"Little Cayman, Cayman Brac provinces",2002,9,14,2002,9,26,,Kph
2002-0656-JAM,2002,JAM,Latin America and the Caribbean,Storm,Tropical cyclone,2002-09-18,2002-09-18,day,0,False,Isidore,"Westmoreland, Clarendon, Hanover provinces",2002,9,18,2002,9,19,,Kph
2002-0657-HTI,2002,HTI,Latin America and the Caribbean,Storm,Tropical cyclone,2002-09-30,2002-09-30,day,0,True,Lili,"Grande Anse, Centre, Sud, Nippes, Ouest, Artibonite, Nord Ouest, Nord, Nord Est, Sud Est provinces",2002,9,30,2002,9,30,150,Kph
2002-0669-MEX,2002,MEX,Latin America and the Caribbean,Storm,Tropical cyclone,2002-10-25,2002-10-25,day,0,True,Kenna,"Nayarit, Jalisco, Sinaloa, Colima provinces",2002,10,25,2002,10,26,225,Kph
2002-0702-IND,2002,IND,Southern Asia,Storm,Tropical cyclone,2002-11-13,2002-11-13,day,1,True,,"Baleshwar, Bhadrak, Jagatsinghpur, Kendrapara districts (Orissa province), East Midnapore, North 24 Parganas, South 24 Parganas (West Bengal province)",2002,11,13,2002,11,13,60,Kph
2002-0705-BGD,2002,BGD,Southern Asia,Storm,Tropical cyclone,2002-11-14,2002-11-14,day,0,True,,Barguna district (Barisal province),2002,11,14,2002,11,14,85,Kph
2002-0724-USA,2002,USA,Northern America,Storm,Tropical cyclone,2002-10-03,2002-10-03,day,0,False,Lili,"St. Tammany, Terrebonne, Lafayette, Acadia, Evangeline, Rapides districts (Louisiana province)",2002,10,3,2002,10,3,,Kph
2002-0753-GUM,2002,GUM,Micronesia,Storm,Tropical cyclone,2002-12-08,2002-12-08,day,0,True,Pongsona,Guam province,2002,12,8,2002,12,8,180,Kph
2002-0811-SLB,2002,SLB,Melanesia,Storm,Tropical cyclone,2002-12-28,2002-12-28,day,0,False,Zoe,"Tikopia, Fataka, Anuta islands (Temotu area, Solomon Islands province)",2002,12,28,2002,12,29,,Kph
2002-0826-MNP,2002,MNP,Micronesia,Storm,Tropical cyclone,2002-12-08,2002-12-08,day,0,False,Pongsona,"Saipan, Rota islands (Northern Mariana Islands province)",2002,12,8,2002,12,8,,Kph
2002-0849-GTM,2002,GTM,Latin America and the Caribbean,Storm,Tropical cyclone,2002-09-20,2002-09-20,day,0,True,Isidore,"Retalhuleu, Suchitepequez, Escuintla, San Marcos provinces",2002,9,20,2002,9,24,,Kph
2002-0850-NIC,2002,NIC,Latin America and the Caribbean,Storm,Tropical cyclone,2002-09-22,2002-09-22,day,0,True,Isidore,Managua province,2002,9,22,2002,9,22,,Kph
2002-0851-SLV,2002,SLV,Latin America and the Caribbean,Storm,Tropical cyclone,2002-09-21,2002-09-21,day,0,False,Isidore,Ahuachapan province,2002,9,21,2002,9,21,,Kph
2003-0024-FJI,2003,FJI,Melanesia,Storm,Tropical cyclone,2003-01-14,2003-01-14,day,0,True,Ami,"Northern, Eastern, Western provinces",2003,1,14,2003,1,14,150,Kph
2003-0057-SLB,2003,SLB,Melanesia,Storm,Tropical cyclone,2003-01-26,2003-01-26,day,0,False,Beni,"Rennell, Bellona islands (Solomon Islands province)",2003,1,26,2003,1,28,110,Kph
2003-0065-MDG,2003,MDG,Sub-Saharan Africa,Storm,Tropical cyclone,2003-01-29,2003-01-29,day,0,False,Fari,"Analanjirofo, Atsimo Atsinanana, Atsinanana, Sava, Vatovavy Fitovinanay provinces",2003,1,29,2003,1,29,,Kph
2003-0073-COD,2003,COD,Sub-Saharan Africa,Storm,Tropical cyclone,2003-02-02,2003-02-02,day,0,True,,"Yumbi area (Plateaux district, Bandundu province)",2003,2,2,2003,2,2,,Kph
2003-0100-IND,2003,IND,Southern Asia,Storm,Tropical cyclone,2003-02-18,2003-02-18,day,0,True,,Gujarat province,2003,2,18,2003,2,18,,Kph
2003-0114-MOZ,2003,MOZ,Sub-Saharan Africa,Storm,Tropical cyclone,2003-03-03,2003-03-03,day,0,True,Japhet,"Inhambane, Sofala, Manica, Gaza provinces",2003,3,3,2003,3,3,130,Kph
2003-0114-ZWE,2003,ZWE,Sub-Saharan Africa,Storm,Tropical cyclone,2003-03-07,2003-03-07,day,0,True,Japhet,"Manicaland, Masvingo, Matabeleland South provinces",2003,3,7,2003,3,7,,Kph
2003-0135-NCL,2003,NCL,Melanesia,Storm,Tropical cyclone,2003-03-13,2003-03-13,day,0,True,Erica,"Noumea, Bourail areas (South region), Kone area (North region)",2003,3,13,2003,3,13,200,Kph
2003-0182-IND,2003,IND,Southern Asia,Storm,Tropical cyclone,2003-04-22,2003-04-22,day,0,True,,"Chirakhawa, Chirakhawa Topopara, Peepulbari part 1, Peepulbari part 2, Bhurakata, Baliabeel, Bengerbhita, Baushkata areas (Dhuburi district, Assam province)",2003,4,22,2003,4,22,100,Kph
2003-0211-BGD,2003,BGD,Southern Asia,Storm,Tropical cyclone,2003-05-04,2003-05-04,day,0,True,,"Noabadi, Nayabadi, Merashani villages (Brahamanbaria district, Chittagong)",2003,5,4,2003,5,4,120,Kph
2003-0218-MDG,2003,MDG,Sub-Saharan Africa,Storm,Tropical cyclone,2003-05-08,2003-05-08,day,0,True,Manou,"Vatomandry, Brickaville districts (Atsinanana province)",2003,5,8,2003,5,8,210,Kph
2003-0234-IND,2003,IND,Southern Asia,Storm,Tropical cyclone,2003-04-12,2003-04-12,day,0,False,,"Mekhliganj, Haldibari, Fukaldabri, Nijtaraf, Kasiabari, Bholarhat, Beltali areas (Kochbihar district, West Bengal province)",2003,4,12,2003,4,12,,Kph
2003-0258-PHL,2003,PHL,South-eastern Asia,Storm,Tropical cyclone,2003-05-26,2003-05-26,day,0,True,Linfa (Chedeng),"Benguet district (Cordillera Administrative region (CAR) province), Bataan, Bulacan, Zambales districts (Region III (Central Luzon) province), Mindoro Occidental, Romblon districts (Region IV (Southern Tagalog) province), Batangas, Cavite, Rizal districts (Region IV-A (Calabarzon) province), Iloilo district (Region VI (Western Visayas) province), National Capital region (NCR), Region I (Ilocos region) provinces",2003,5,26,2003,5,30,,Kph
2003-0290-PHL,2003,PHL,South-eastern Asia,Storm,Tropical cyclone,2003-06-15,2003-06-15,day,0,True,Soudelor (Egay),"Sorsogon, Albay, Catanduanes, Camarines Sur districts (Region V (Bicol region) province), Biliran, Leyte districts (Region VIII (Eastern Visayas) province)",2003,6,15,2003,6,18,140,Kph
2003-0314-SLB,2003,SLB,Melanesia,Storm,Tropical cyclone,2003-06-05,2003-06-05,day,0,False,Gina,"Faea, Ravenga areas (Tikopia island, Solomon Islands province)",2003,6,5,2003,6,5,111,Kph
2003-0346-CHN,2003,CHN,Eastern Asia,Storm,Tropical cyclone,2003-07-24,2003-07-24,day,0,True,Imbudo,"Guangxi Zhuangzu Zizhiqu, Guangdong Sheng provinces",2003,7,24,2003,7,24,,Kph
2003-0346-HKG,2003,HKG,Eastern Asia,Storm,Tropical cyclone,2003-07-26,2003-07-26,day,0,False,Imbudo,Hong Kong,2003,7,26,2003,7,26,,Kph
2003-0346-PHL,2003,PHL,South-eastern Asia,Storm,Tropical cyclone,2003-07-19,2003-07-19,day,0,True,Imbudo,"Maguindanao district (Autonomous region in Muslim Mindanao (ARMM) province), North Cotabato, Sultan Kudarat districts (Region XII (Soccsksargen) province), Isabela district (Region II (Cagayan Valley) province), Ilocos Norte district (Region I (Ilocos region) province), Romblon district (Region IV (Southern Tagalog) province)",2003,7,19,2003,7,23,200,Kph
2003-0388-JPN,2003,JPN,Eastern Asia,Storm,Tropical cyclone,2003-08-08,2003-08-08,day,0,True,Etau,"Hokkaidoo, Ehime provinces",2003,8,8,2003,8,11,145,Kph
2003-0388-RUS,2003,RUS,Eastern Europe,Storm,Tropical cyclone,2003-08-08,2003-08-08,day,0,False,Etau,Kuril Islands (Sakhalinskaya Oblast province),2003,8,8,2003,8,11,,Kph
2003-0437-VNM,2003,VNM,South-eastern Asia,Storm,Tropical cyclone,2003-07-23,2003-07-23,day,0,False,Koni,"Bac Giang, Bac Kan, Bac Ninh, Cao Bang, Dien Bien, Ha Giang, Ha Nam, Ha Noi City, Ha Tay, Hai Duong, Hai Phong City, Hoa Binh, Hung Yen, Lai Chau, Lang Son, Lao Cai, Nam Dinh, Ninh Binh, Phu Tho, Quang Ninh, Son La, Thai Binh, Thai Nguyen, Thanh Hoa, Tuyen Quang, Vinh Phuc, Yen Bai provinces",2003,7,23,2003,7,23,90,Kph
2003-0443-CHN,2003,CHN,Eastern Asia,Storm,Tropical cyclone,2003-09-01,2003-09-01,day,0,True,Dujuan,"Guangdong Sheng, Fujian Sheng provinces",2003,9,1,2003,9,3,,Kph
2003-0443-HKG,2003,HKG,Eastern Asia,Storm,Tropical cyclone,2003-09-02,2003-09-02,day,0,True,Dujuan,Hong Kong,2003,9,2,2003,9,2,180,Kph
2003-0443-TWN,2003,TWN,Eastern Asia,Storm,Tropical cyclone,2003-09-02,2003-09-02,day,0,True,Dujuan,Taiwan Sheng province,2003,9,2,2003,9,2,155,Kph
2003-0448-BMU,2003,BMU,Northern America,Storm,Tropical cyclone,2003-09-05,2003-09-05,day,0,True,Fabian,,2003,9,5,2003,9,6,240,Kph
2003-0459-JPN,2003,JPN,Eastern Asia,Storm,Tropical cyclone,2003-09-12,2003-09-12,day,0,True,Maemi,Okinawa province,2003,9,12,2003,9,13,200,Kph
2003-0459-KOR,2003,KOR,Eastern Asia,Storm,Tropical cyclone,2003-09-12,2003-09-12,day,1,True,Maemi,"Kyongsangbuk-do, Kyongsangnam-do, Kang-won-do, Pusan, Chollanam-do provinces",2003,9,12,2003,9,12,216,Kph
2003-0468-CAN,2003,CAN,Northern America,Storm,Tropical cyclone,2003-09-18,2003-09-18,day,0,False,Isabel,Ontario province,2003,9,18,2003,9,18,,Kph
2003-0468-USA,2003,USA,Northern America,Storm,Tropical cyclone,2003-09-18,2003-09-18,day,0,True,Isabel,"North Carolina, Maryland, Virginia, West Virginia, Delaware, Pennsylvania, New Jersey, District of Columbia provinces",2003,9,18,2003,9,22,170,Kph
2003-0474-MEX,2003,MEX,Latin America and the Caribbean,Storm,Tropical cyclone,2003-09-22,2003-09-22,day,0,True,Marty,"Sonora, Sinaloa, Nayarit, Jalisco, Colima, Baja California Sur, Baja California provinces",2003,9,22,2003,9,22,166,Kph
2003-0487-CAN,2003,CAN,Northern America,Storm,Tropical cyclone,2003-09-28,2003-09-28,day,0,True,Juan,"Nova Scotia, Prince Edward Island provinces",2003,9,28,2003,9,29,143,Kph
2003-0577-FSM,2003,FSM,Micronesia,Storm,Tropical cyclone,2003-11-21,2003-11-21,day,0,False,Lupit,"Ulithi Atoll, Woleai Atoll, Fais Island, Rumung Island, Yap Island areas (Micronesia province)",2003,11,21,2003,11,25,240,Kph
2003-0594-CHN,2003,CHN,Eastern Asia,Storm,Tropical cyclone,2003-11-18,2003-11-18,day,0,False,Nepartak,Hainan Sheng province,2003,11,18,2003,11,18,,Kph
2003-0599-DOM,2003,DOM,Latin America and the Caribbean,Storm,Tropical cyclone,2003-12-06,2003-12-06,day,0,True,Odette,"Barahona, Pedernales, Baoruco provinces",2003,12,6,2003,12,6,,Kph
2003-0599-PRI,2003,PRI,Latin America and the Caribbean,Storm,Tropical cyclone,2003-12-09,2003-12-09,day,0,False,Odette,"Aguadilla, Arecibo, Bayamon, Guayama, Humacao, Mayaguez, Ponce, San Juan provinces",2003,12,9,2003,12,9,,Kph
2003-0602-MDG,2003,MDG,Sub-Saharan Africa,Storm,Tropical cyclone,2003-12-09,2003-12-09,day,0,False,Cela,"Antalaha district (Sava province), Ambanja district (Diana province)",2003,12,9,2003,12,9,100,Kph
2003-0605-IND,2003,IND,Southern Asia,Storm,Tropical cyclone,2003-12-17,2003-12-17,day,0,True,,"Krishna, Guntur, West Godavari districts (Andhra Pradesh province)",2003,12,17,2003,12,17,100,Kph
2003-0688-MEX,2003,MEX,Latin America and the Caribbean,Storm,Tropical cyclone,2003-08-24,2003-08-24,day,0,True,Ignacio,"La Paz, Agua Escondida areas (La Paz district, Baja California Sur province), Ciudad Constitucion area (Comondu district, Baja California Sur province)",2003,8,24,2003,8,27,,Kph
2003-0779-BGD,2003,BGD,Southern Asia,Storm,Tropical cyclone,2003-12-20,2003-12-20,day,0,True,,Barguna district (Barisal province),2003,12,20,2003,12,20,,Kph
2003-0782-USA,2003,USA,Northern America,Storm,Tropical cyclone,2003-06-30,2003-06-30,day,0,True,Bill,"Orleans, St. John the Baptist, Terrebonne, St. Tammany, Tangipahoa districts (Louisiana province), Hancock, Harrison, Jackson, Pike, Walthall districts (Mississippi province), Bay district (Florida province), Mobile, Baldwin, Lee districts (Alabama province), Sumter, Bulloch, Fulton, DeKalb, Cobb, Clayton, Gwinnett districts (Georgia province), Wake district (North Carolina province)",2003,6,30,2003,6,30,95,Kph
2003-0822-PHL,2003,PHL,South-eastern Asia,Storm,Tropical cyclone,2003-07-15,2003-07-15,day,0,True,Gilas (Koni),"Region IV (Southern Tagalog), Region VIII (Eastern Visayas) provinces",2003,7,15,2003,7,19,,Kph
2003-0823-PHL,2003,PHL,South-eastern Asia,Storm,Tropical cyclone,2003-07-30,2003-07-30,day,0,False,Ineng,"Region V (Bicol region), Region VIII (Eastern Visayas), Region X (Northern Mindanao) provinces",2003,7,30,2003,7,31,,Kph
2003-0824-PHL,2003,PHL,South-eastern Asia,Storm,Tropical cyclone,2003-08-04,2003-08-04,day,0,False,Kabayan,Region III (Central Luzon) province,2003,8,4,2003,8,5,,Kph
2004-0004-ASM,2004,ASM,Polynesia,Storm,Tropical cyclone,2004-01-05,2004-01-05,day,0,False,Heta,American Samoa,2004,1,5,2004,1,5,310,Kph
2004-0004-NIU,2004,NIU,Polynesia,Storm,Tropical cyclone,2004-01-06,2004-01-06,day,0,True,Heta,Alofi area (Niue province),2004,1,6,2004,1,6,300,Kph
2004-0004-TON,2004,TON,Polynesia,Storm,Tropical cyclone,2004-01-06,2004-01-06,day,0,False,Heta,"Tafahi, Nuiatoputapu islands (Tonga province)",2004,1,6,2004,1,6,,Kph
2004-0004-WSM,2004,WSM,Polynesia,Storm,Tropical cyclone,2004-01-05,2004-01-05,day,0,True,Heta,"Savaii, Upolu islands (Samoa province)",2004,1,5,2004,1,5,310,Kph
2004-0029-MDG,2004,MDG,Sub-Saharan Africa,Storm,Tropical cyclone,2004-01-26,2004-01-26,day,0,True,Elita,"Antananarivo I, Antananarivo II, Antananarivo III, Antananarivo IV, Antananarivo V, Antananarivo VI districts (Analamanga province), Mahajanga II district (Boeny province), Fianarantsoa I district (Haute Matsiatra province), Toamasina II district (Atsinanana province), Toliary-II district (Astimo Andrefana province)",2004,1,26,2004,2,4,210,Kph
2004-0080-VUT,2004,VUT,Melanesia,Storm,Tropical cyclone,2004-02-25,2004-02-25,day,0,True,Ivy (P13),"Malekula, Ambrym, Paama islands (Malampa province), Epi, Shepard islands (Shefa province), Ambae, Maevo islands (Penama province), Erromango, Tanna islands (Tafea province)",2004,2,25,2004,2,27,190,Kph
2004-0103-MDG,2004,MDG,Sub-Saharan Africa,Storm,Tropical cyclone,2004-03-07,2004-03-07,day,1,True,Galifo,"Antalaha, Andapa, Sambava, Vohemar districts (Sava province), Mampikony, Antsohihy, Bealanana districts (Sofia province), Morondava district (Menabe province), Ambilobe, Ambanja districts (Diana province), Mahajanga I, Mahajanga II districts (Boeny province), Vatomandry district (Atsinanan province), Maroantsetra district (Analanjirofo province), Morombe district (Atsimo Andrefana province)",2004,3,7,2004,3,12,300,Kph
2004-0131-BRA,2004,BRA,Latin America and the Caribbean,Storm,Tropical cyclone,2004-03-27,2004-03-27,day,0,True,Catarina,"Torres district (Rio Grande do Sul province), Ararangua district (Santa Catarina province)",2004,3,27,2004,3,29,150,Kph
2004-0144-IDN,2004,IDN,South-eastern Asia,Storm,Tropical cyclone,2004-03-30,2004-03-30,day,0,False,,"Cijeruk, Cipelang, Warung Menteng villages (Cijerik area, Bogor district, Jawa Barat province)",2004,3,30,2004,3,30,,Kph
2004-0150-FSM,2004,FSM,Micronesia,Storm,Tropical cyclone,2004-04-03,2004-04-03,day,0,True,Cosme (Sudal/03W),Yap area (Micronesia province),2004,4,3,2004,4,18,240,Kph
2004-0153-FJI,2004,FJI,Melanesia,Storm,Tropical cyclone,2004-04-08,2004-04-08,day,0,True,,"Central, Western, Northern provinces",2004,4,8,2004,4,8,90,Kph
2004-0218-PHL,2004,PHL,South-eastern Asia,Storm,Tropical cyclone,2004-05-13,2004-05-13,day,0,True,Nida (Dindo/04W),Region V (Bicol region) province,2004,5,13,2004,5,19,260,Kph
2004-0235-MMR,2004,MMR,South-eastern Asia,Storm,Tropical cyclone,2004-05-19,2004-05-19,day,1,True,,"Myebon, Sittwe, Ponnagyun, Pauktaw, Mrauk-U, Minbya areas (Sittwe district, Rakhine province), Kyaukpyu, Ann areas (Kyaukpyu district, Rakhine province)",2004,5,19,2004,5,19,160,Kph
2004-0258-THA,2004,THA,South-eastern Asia,Storm,Tropical cyclone,2004-06-04,2004-06-04,day,0,True,Chanthu (Gener/08W),"Phrae, Nakhon Sawan, Sukhothai, Phichit, Mae Hong Son, Tak, Nan, Phayao, Phitsanulok, Loei provinces",2004,6,4,2004,6,21,,Kph
2004-0258-VNM,2004,VNM,South-eastern Asia,Storm,Tropical cyclone,2004-06-07,2004-06-07,day,0,True,Chanthu (Gener/08W),"BinH Dinh, Da Nang City, Quang Ngai provinces",2004,6,7,2004,6,11,65,Kph
2004-0276-JPN,2004,JPN,Eastern Asia,Storm,Tropical cyclone,2004-06-16,2004-06-16,day,0,True,Dianmu (Helen/09W),Murotosi district (Kooti province),2004,6,16,2004,6,19,285,Kph
2004-0276-KOR,2004,KOR,Eastern Asia,Storm,Tropical cyclone,2004-06-18,2004-06-18,day,0,True,Dianmu (Helen/09W),Munkyong area (Kyongsangbuk-do province),2004,6,18,2004,6,20,,Kph
2004-0309-PHL,2004,PHL,South-eastern Asia,Storm,Tropical cyclone,2004-06-25,2004-06-25,day,0,True,Mindulle (Igme/10W),"Cagayan district (Region II (Cagayan Valley) province), Ilocos Norte, La Union districts (Region I (Ilocos region) province), Autonomous region in Muslim Mindanao (ARMM), Region IX (Zamboanga Peninsula), Region X (Northern Mindanao), Region XI (Davao Region), Region XII (Soccsksargen), Region XIII (Caraga) provinces",2004,6,25,2004,7,2,230,Kph
2004-0309-TWN,2004,TWN,Eastern Asia,Storm,Tropical cyclone,2004-06-29,2004-06-29,day,0,True,Mindulle (Igme/10W),"Chi-Ci, Guo-hsing, Ren-ai villages (Nantou area, Taiwan Sheng province), Hoping village (Taichung area, Taiwan Sheng province)",2004,6,29,2004,7,4,,Kph
2004-0312-GUM,2004,GUM,Micronesia,Storm,Tropical cyclone,2004-06-27,2004-06-27,day,0,True,Tingting,"Agat, Merizo, Barrigada, Mangilao areas (Guam province)",2004,6,27,2004,6,28,137,Kph
2004-0312-MNP,2004,MNP,Micronesia,Storm,Tropical cyclone,2004-06-26,2004-06-26,day,0,True,Tingting,Saipan island (Northern Mariana Islands province),2004,6,26,2004,6,27,,Kph
2004-0388-RUS,2004,RUS,Eastern Europe,Storm,Tropical cyclone,2004-07-22,2004-07-22,day,0,True,,Ustordynskiy Buryatskiy Okrug province,2004,7,22,2004,7,22,100,Kph
2004-0412-CHN,2004,CHN,Eastern Asia,Storm,Tropical cyclone,2004-08-06,2004-08-06,day,1,True,Rananim (Karen/16W),"Taizhou, Wenzhou, Ningbo, Shaoxing districts (Zheijang Sheng province)",2004,8,6,2004,8,12,165,Kph
2004-0415-CUB,2004,CUB,Latin America and the Caribbean,Storm,Tropical cyclone,2004-08-14,2004-08-14,day,0,True,Charley,"La Habana, Pinar del Rio, Cienfuegos, Ciudad De La Habana, Isla De La Juventud provinces",2004,8,14,2004,8,14,220,Kph
2004-0415-CYM,2004,CYM,Latin America and the Caribbean,Storm,Tropical cyclone,2004-08-13,2004-08-13,day,0,False,Charley,Grand Cayman province,2004,8,13,2004,8,13,,Kph
2004-0415-JAM,2004,JAM,Latin America and the Caribbean,Storm,Tropical cyclone,2004-08-13,2004-08-13,day,0,True,Charley,Saint Elizabeth province,2004,8,13,2004,8,13,,Kph
2004-0415-USA,2004,USA,Northern America,Storm,Tropical cyclone,2004-08-13,2004-08-13,day,0,True,Charley,"Bay, Calhoun, Escambia, Franklin, Gadsden, Gulf, Holmes, Jackson, Jefferson, Leon, Liberty, Madison, Okaloosa, Santa Rosa, Taylor, Wakulla, Walton, Washington districts (Florida province), South Carolina, North Carolina provinces",2004,8,13,2004,8,13,230,Kph
2004-0428-JPN,2004,JPN,Eastern Asia,Storm,Tropical cyclone,2004-08-17,2004-08-17,day,0,True,Megi (Lawin/18W),"Kagawa, Ehime, Hyoogo, Kooti provinces",2004,8,17,2004,8,20,126,Kph
2004-0428-KOR,2004,KOR,Eastern Asia,Storm,Tropical cyclone,2004-08-15,2004-08-15,day,0,True,Megi (Lawin/18W),"Chollabuk-do, Chollanam-do, Kyongsangbuk-do, Kyongsangnam-do provinces",2004,8,15,2004,8,17,75,Kph
2004-0435-CHN,2004,CHN,Eastern Asia,Storm,Tropical cyclone,2004-08-20,2004-08-20,day,0,True,Aere (Marce/20W),"Zhejiang Sheng, Fujian Sheng provinces",2004,8,20,2004,8,23,140,Kph
2004-0435-JPN,2004,JPN,Eastern Asia,Storm,Tropical cyclone,2004-08-23,2004-08-23,day,0,True,Aere (Marce/20W),"Kasarityoo, Nazesi, Setootityoo, Sumiyooson, Tatugootyoo, Ukenson, Yamatoson districts (Kagosima province), Okinawa province",2004,8,23,2004,8,23,,Kph
2004-0435-PHL,2004,PHL,South-eastern Asia,Storm,Tropical cyclone,2004-08-25,2004-08-25,day,0,True,Aere (Marce/20W),"Benguet, Ifugao districts (Cordillera Administrative region (CAR) province), La Union, Pangasinan districts (Region I (Ilocos region) province), Nueva Vizcaya district (Region II (Cagayan Valley) province), Bataan, Bulacan, Nueva Ecija, Pampanga, Tarlac, Zambales districts (Region III (Central Luzon) province), Rizal district (Region IV-A (Calabarzon) province)",2004,8,25,2004,8,26,,Kph
2004-0435-TWN,2004,TWN,Eastern Asia,Storm,Tropical cyclone,2004-08-24,2004-08-24,day,0,True,Aere (Marce/20W),"Hsinchu, Nantou, Taipei, Miaoli, Taichung areas (Taiwan Sheng province)",2004,8,24,2004,8,25,130,Kph
2004-0445-GUM,2004,GUM,Micronesia,Storm,Tropical cyclone,2004-08-30,2004-08-30,day,0,False,Chaba,Guam province,2004,8,30,2004,9,1,,Kph
2004-0445-JPN,2004,JPN,Eastern Asia,Storm,Tropical cyclone,2004-08-30,2004-08-30,day,0,True,Chaba,"Oosaka, Hyoogo, Okayama, Ehime, Kagawa, Miyazaki, Kagosima provinces",2004,8,30,2004,8,31,126,Kph
2004-0448-USA,2004,USA,Northern America,Storm,Tropical cyclone,2004-08-29,2004-08-29,day,0,True,Gaston,"Richmond, Lynchburg, Chesterfield districts (Virginia province), South Carolina, North Carolina provinces",2004,8,29,2004,8,30,,Kph
2004-0455-BHS,2004,BHS,Latin America and the Caribbean,Storm,Tropical cyclone,2004-09-02,2004-09-02,day,0,True,Frances,"Abacos, Andros, Berry Islands, Bimini, Eleuthera, Grand Bahama, New Providence islands (Administrative unit not available)",2004,9,2,2004,9,3,,Kph
2004-0455-DOM,2004,DOM,Latin America and the Caribbean,Storm,Tropical cyclone,2004-09-02,2004-09-02,day,0,False,Frances,"Azua, Baoruco, Barahona, Dajabon, Distrito Nacional, Duarte, El Seibo, Elias Pina, Espaillat, Hato Mayor, Independencia, La Altagracia, La Romana, La Vega, Maria Trinidad Sanches, Monsenor Nouel, Monte Cristi, Monte Plata, Pedernales, Peravia, Puerto Plata, Salcedo, Samana, San Cristobal, San José de Ocoa, San Juan, San Pedro de Macoris, Sanchez Ramirez, Santiago, Santiago Rodriguez, Santo Domingo, Valverde provinces",2004,9,2,2004,9,2,,Kph
2004-0455-PRI,2004,PRI,Latin America and the Caribbean,Storm,Tropical cyclone,2004-08-31,2004-08-31,day,0,False,Frances,"Aguadilla, Arecibo, Bayamon, Guayama, Humacao, Mayaguez, Ponce, San Juan provinces",2004,8,31,2004,8,31,,Kph
2004-0455-TCA,2004,TCA,Latin America and the Caribbean,Storm,Tropical cyclone,2004-09-01,2004-09-01,day,0,False,Frances,"Grand Turk, Providenciales and West Caicos provinces",2004,9,1,2004,9,1,,Kph
2004-0455-USA,2004,USA,Northern America,Storm,Tropical cyclone,2004-09-05,2004-09-05,day,0,True,Frances,"Martin, Palm Beach districts (Florida province), North Carolina, South Carolina, Ohio provinces",2004,9,5,2004,9,5,,Kph
2004-0459-JPN,2004,JPN,Eastern Asia,Storm,Tropical cyclone,2004-09-03,2004-09-03,day,0,True,Songda (Nina/22W),"Hukuoka, Kagosima, Kumamoto, Miyazaki, Nagasaki, Ooita, Saga provinces",2004,9,3,2004,9,4,230,Kph
2004-0459-KOR,2004,KOR,Eastern Asia,Storm,Tropical cyclone,2004-09-06,2004-09-06,day,0,False,Songda (Nina/22W),"Cheju-do, Chollabuk-do, Chollanam-do, Chungchongbuk-do, Chungchongnam-do, Inchon, Kang-won-do, Kwangju, Kyonggi-do, Kyongsangbuk-do, Kyongsangnam-do, Pusan, Seoul, Taegu, Taejon provinces",2004,9,6,2004,9,9,,Kph
2004-0459-RUS,2004,RUS,Eastern Europe,Storm,Tropical cyclone,2004-09-10,2004-09-10,day,0,True,Songda (Nina/22W),Kouriles Isl. (Sakhalinskaya Oblast province),2004,9,10,2004,9,10,,Kph
2004-0462-BHS,2004,BHS,Latin America and the Caribbean,Storm,Tropical cyclone,2004-08-25,2004-08-25,day,0,True,Ivan,,2004,8,25,2004,9,8,,Kph
2004-0462-BRB,2004,BRB,Latin America and the Caribbean,Storm,Tropical cyclone,2004-09-08,2004-09-08,day,0,True,Ivan,"St. Andrew, St. George, St. James, St. John, St. Joseph, St. Lucy, St. Michael, St. Peter, St. Philip, St. Thomas, Christ Church provinces",2004,9,8,2004,9,8,220,Kph
2004-0462-CUB,2004,CUB,Latin America and the Caribbean,Storm,Tropical cyclone,2004-09-13,2004-09-13,day,0,False,Ivan,"Pinar del Rio, La Habana, Ciudad De La Habana, Matanzas, Villa Clara, Cienfuegos, Sancti Spiritus, Isla de la Juventud, Ciego de Avila, Santiago de Cuba provinces",2004,9,13,2004,9,14,,Kph
2004-0462-CYM,2004,CYM,Latin America and the Caribbean,Storm,Tropical cyclone,2004-09-12,2004-09-12,day,0,True,Ivan,Grand Cayman province,2004,9,12,2004,9,12,240,Kph
2004-0462-DOM,2004,DOM,Latin America and the Caribbean,Storm,Tropical cyclone,2004-09-09,2004-09-09,day,0,True,Ivan,"Azua, Baoruco, Barahona, Dajabon, Distrito Nacional, Duarte, El Seibo, Elias Pina, Espaillat, Hato Mayor, Independencia, La Altagracia, La Romana, La Vega, Maria Trinidad Sanches, Monsenor Nouel, Monte Cristi, Monte Plata, Pedernales, Peravia, Puerto Plata, Salcedo, Samana, San Cristobal, San José de Ocoa, San Juan, San Pedro de Macoris, Sanchez Ramirez, Santiago, Santiago Rodriguez, Santo Domingo, Valverde provinces",2004,9,9,2004,9,9,,Kph
2004-0462-GRD,2004,GRD,Latin America and the Caribbean,Storm,Tropical cyclone,2004-09-08,2004-09-08,day,0,True,Ivan,"Name Unknown, St. Andrew's, St. George's, St. John's, St. Mark's, St. Patrick's provinces",2004,9,8,2004,9,8,,Kph
2004-0462-HTI,2004,HTI,Latin America and the Caribbean,Storm,Tropical cyclone,2004-09-13,2004-09-13,day,0,True,Ivan,"Cap-Haitien district (Nord province), Cayes district (Sud province)",2004,9,13,2004,9,13,,Kph
2004-0462-JAM,2004,JAM,Latin America and the Caribbean,Storm,Tropical cyclone,2004-09-11,2004-09-11,day,0,True,Ivan,"Clarendon, Westmoreland, Saint Catherine, Saint Elizabeth, Saint Thomas, Saint Ann, Trelawny, Saint Andrew And Kingston provinces",2004,9,11,2004,9,11,250,Kph
2004-0462-LCA,2004,LCA,Latin America and the Caribbean,Storm,Tropical cyclone,2004-09-08,2004-09-08,day,0,False,Ivan,"Area Under National Administra, Region Number 1, Region Number 2, Region Number 3, Region Number 4, Region Number 5, Region Number 6, Region Number 7, Region Number 8 provinces",2004,9,8,2004,9,8,,Kph
2004-0462-TTO,2004,TTO,Latin America and the Caribbean,Storm,Tropical cyclone,2004-09-09,2004-09-09,day,0,True,Ivan,"Caparo, Tumpuna villages (Couva/Tabaquite/Talparo province), Caroni village (Tunapuna/Piarco province)",2004,9,9,2004,9,9,120,Kph
2004-0462-USA,2004,USA,Northern America,Storm,Tropical cyclone,2004-09-15,2004-09-15,day,0,True,Ivan,"Alabama, Louisiana, Mississippi, Florida, Pennsylvania, Maryland, New Jersey, Ohio, North Carolina, West Virginia, Georgia, Tennessee provinces",2004,9,15,2004,9,16,,Kph
2004-0462-VCT,2004,VCT,Latin America and the Caribbean,Storm,Tropical cyclone,2004-09-08,2004-09-08,day,0,False,Ivan,"Charlotte, Grenadines, Saint Andrew, Saint David, Saint George, Saint Patrick provinces",2004,9,8,2004,9,8,,Kph
2004-0462-VEN,2004,VEN,Latin America and the Caribbean,Storm,Tropical cyclone,2004-09-08,2004-09-08,day,0,True,Ivan,"Aragua, Distrito Capital, Miranda, Vargas provinces",2004,9,8,2004,9,8,220,Kph
2004-0468-TWN,2004,TWN,Eastern Asia,Storm,Tropical cyclone,2004-09-12,2004-09-12,day,0,True,Haima,"Shichih, Wufeng, Nankang areas (Taiwan Sheng province)",2004,9,12,2004,9,14,,Kph
2004-0473-BHS,2004,BHS,Latin America and the Caribbean,Storm,Tropical cyclone,2004-09-25,2004-09-25,day,0,True,Jeanne,"Abaco, Andros, Berry, Bimini, Eleuthera, Exuma, Grand Bahama, New Providence Islands (Administrative unit not available)",2004,9,25,2004,9,25,,Kph
2004-0473-DOM,2004,DOM,Latin America and the Caribbean,Storm,Tropical cyclone,2004-09-16,2004-09-16,day,0,True,Jeanne,"Santo Domingo, Maria Trinidad Sanches, Espaillat, Samana, Duarte, Monte Cristi, San Pedro de Macoris, El Seibo, La Romana, Azua, Hato Mayor, La Altagracia provinces",2004,9,16,2004,9,17,,Kph
2004-0473-HTI,2004,HTI,Latin America and the Caribbean,Storm,Tropical cyclone,2004-09-17,2004-09-17,day,1,True,Jeanne,"Artibonite, Centre, Sud, Nord Ouest provinces",2004,9,17,2004,9,18,,Kph
2004-0473-PRI,2004,PRI,Latin America and the Caribbean,Storm,Tropical cyclone,2004-09-14,2004-09-14,day,0,True,Jeanne,"Aguadilla, Arecibo, Bayamon, Guayama, Humacao, Mayaguez, Ponce, San Juan provinces",2004,9,14,2004,9,14,130,Kph
2004-0473-USA,2004,USA,Northern America,Storm,Tropical cyclone,2004-09-25,2004-09-25,day,0,True,Jeanne,Florida province,2004,9,25,2004,9,26,,Kph
2004-0473-VIR,2004,VIR,Latin America and the Caribbean,Storm,Tropical cyclone,2004-09-15,2004-09-15,day,0,False,Jeanne,"Saint Thomas, Saint John, Saint Croix provinces",2004,9,15,2004,9,15,130,Kph
2004-0492-JPN,2004,JPN,Eastern Asia,Storm,Tropical cyclone,2004-09-23,2004-09-23,day,0,True,Meari (Quinta/25W),"Niihama, Saizyoosi districts (Ehime province), Miyagawamura district (Mie province)",2004,9,23,2004,9,25,220,Kph
2004-0511-JPN,2004,JPN,Eastern Asia,Storm,Tropical cyclone,2004-10-03,2004-10-03,day,0,True,Ma-on (Rolly/26W),"Tookyoo, Sizuoka, Aiti provinces",2004,10,3,2004,10,8,260,Kph
2004-0524-JPN,2004,JPN,Eastern Asia,Storm,Tropical cyclone,2004-10-15,2004-10-15,day,0,True,Tokage (Siony/27W),"Ibaraki, Kanagawa, Nagano, Toyama, Kyooto, Okayama, Tokusima, Ehime, Kagawa, Saga, Miyazaki, Okinawa provinces",2004,10,15,2004,10,19,230,Kph
2004-0535-TWN,2004,TWN,Eastern Asia,Storm,Tropical cyclone,2004-10-22,2004-10-22,day,0,True,Nock-ten (Tonyo/28W),"Juifang, Taipei areas (Taiwan Sheng province)",2004,10,22,2004,10,25,205,Kph
2004-0580-PHL,2004,PHL,South-eastern Asia,Storm,Tropical cyclone,2004-11-14,2004-11-14,day,1,True,Muifa (Unding/29W),"Mindoro Occidental, Mindoro Oriental districts (Region IV (Southern Tagalog) province), Region IV-A (Calabarzon), Region V (Bicol region) provinces",2004,11,14,2004,11,21,215,Kph
2004-0580-VNM,2004,VNM,South-eastern Asia,Storm,Tropical cyclone,2004-11-26,2004-11-26,day,0,True,Muifa (Unding/29W),"Quang Ngai, Quang Nam, Thua Thien - Hue, Quang Tri, Quang Binh provinces",2004,11,26,2004,11,26,,Kph
2004-0602-PHL,2004,PHL,South-eastern Asia,Storm,Tropical cyclone,2004-11-23,2004-11-23,day,0,True,Merbok (Violeta),Aurora district (Region III (Central Luzon) province),2004,11,23,2004,11,28,,Kph
2004-0609-PHL,2004,PHL,South-eastern Asia,Storm,Tropical cyclone,2004-11-29,2004-11-29,day,1,True,Winnie,"Real, Infanta, General Nakar areas (Quezon district, Region IV-A (Calabarzon) province), Isabela district (Region II (Cagayan Valley) province), Bulacan, Nueva Ecija, Aurora districts (Region III (Central Luzon) province), Rizal district (Region IV-A (Calabarzon) province), Camarines Sur district (Region V (Bicol region) province)",2004,11,29,2004,11,30,,Kph
2004-0618-PHL,2004,PHL,South-eastern Asia,Storm,Tropical cyclone,2004-11-30,2004-11-30,day,0,True,Nanmadol (Yoyong/30W),Region V (Bicol region) province,2004,11,30,2004,12,3,240,Kph
2004-0618-TWN,2004,TWN,Eastern Asia,Storm,Tropical cyclone,2004-12-04,2004-12-04,day,0,True,Nanmadol (Yoyong/30W),Taiwan Sheng province,2004,12,4,2004,12,4,90,Kph
2005-0048-MDG,2005,MDG,Sub-Saharan Africa,Storm,Tropical cyclone,2005-01-22,2005-01-22,day,0,True,Ernest,"Tulear town (Toliary-II district, Atsimo Andrefana province) Tsihombe, Ambovombe districts (Androy province)",2005,1,22,2005,1,23,100,Kph
2005-0102-COK,2005,COK,Polynesia,Storm,Tropical cyclone,2005-02-28,2005-02-28,day,0,False,Percy,"Pukapuka, Nassau islands",2005,2,28,2005,2,28,249,Kph
2005-0102-TKL,2005,TKL,Polynesia,Storm,Tropical cyclone,2005-02-28,2005-02-28,day,0,False,Percy,"Nukunonu, Atafu, Fakaofo islands (Tokelau province)",2005,2,28,2005,2,28,249,Kph
2005-0120-PHL,2005,PHL,South-eastern Asia,Storm,Tropical cyclone,2005-03-15,2005-03-15,day,0,True,Roke (Auring/02W),Leyte district (Region VIII (Eastern Visayas) province),2005,3,15,2005,3,17,120,Kph
2005-0151-ASM,2005,ASM,Polynesia,Storm,Tropical cyclone,2005-02-16,2005-02-16,day,0,False,Olaf,Manu'a island,2005,2,16,2005,2,16,,Kph
2005-0151-WSM,2005,WSM,Polynesia,Storm,Tropical cyclone,2005-02-16,2005-02-16,day,0,True,Olaf,Samoa province,2005,2,16,2005,2,16,190,Kph
2005-0190-BGD,2005,BGD,Southern Asia,Storm,Tropical cyclone,2005-03-31,2005-03-31,day,0,True,,"Manikganj district (Dhaka province), Natore, Sirajganj, Pabna districts (Rajshahi province)",2005,3,31,2005,3,31,,Kph
2005-0351-CUB,2005,CUB,Latin America and the Caribbean,Storm,Tropical cyclone,2005-07-08,2005-07-08,day,0,True,"Hurricane ""Dennis""","Cienfuegos, La Habana, Ciudad de la Habana, Matanzas, Sancti Spiritus, Ciego de Avila, Camaguey, Santiago de Cuba, Granma, Las Tunas, Guatanamo provinces",2005,7,8,2005,7,9,235,Kph
2005-0351-HTI,2005,HTI,Latin America and the Caribbean,Storm,Tropical cyclone,2005-07-07,2005-07-07,day,0,True,"Hurricane ""Dennis""","Sud, Ouest, Nippes, Sud Est, Grande Anse provinces",2005,7,7,2005,7,7,,Kph
2005-0351-JAM,2005,JAM,Latin America and the Caribbean,Storm,Tropical cyclone,2005-07-07,2005-07-07,day,0,True,"Hurricane ""Dennis""","Portland, Saint Andrew And Kingston, Saint Mary, Saint Thomas provinces",2005,7,7,2005,7,7,,Kph
2005-0351-USA,2005,USA,Northern America,Storm,Tropical cyclone,2005-07-10,2005-07-10,day,0,True,"Hurricane ""Dennis""","Florida, Georgia provinces",2005,7,10,2005,7,10,,Kph
2005-0381-CHN,2005,CHN,Eastern Asia,Storm,Tropical cyclone,2005-07-15,2005-07-15,day,0,True,Haitang (Feria/05W),"Wenzhou Shi, Pingyang Xian areas (Wenzhou district, Zhejiang Sheng province)",2005,7,15,2005,7,19,260,Kph
2005-0381-TWN,2005,TWN,Eastern Asia,Storm,Tropical cyclone,2005-07-18,2005-07-18,day,0,True,Haitang (Feria/05W),Hualien area (Taiwan Sheng province),2005,7,18,2005,7,18,220,Kph
2005-0382-GRD,2005,GRD,Latin America and the Caribbean,Storm,Tropical cyclone,2005-07-14,2005-07-14,day,0,True,Emily,"Grenada, Carriacou, and Petite Martinique",2005,7,14,2005,7,14,137,Kph
2005-0382-HTI,2005,HTI,Latin America and the Caribbean,Storm,Tropical cyclone,2005-07-17,2005-07-17,day,0,True,Emily,Saint-Marc district (Artibonite province),2005,7,17,2005,7,17,,Kph
2005-0382-JAM,2005,JAM,Latin America and the Caribbean,Storm,Tropical cyclone,2005-07-18,2005-07-18,day,0,True,Emily,"Trelawny, Saint Catherine, Saint James, Manchester, Saint Elizabeth provinces",2005,7,18,2005,7,18,,Kph
2005-0382-MEX,2005,MEX,Latin America and the Caribbean,Storm,Tropical cyclone,2005-07-18,2005-07-18,day,0,True,Emily,"Playa del Carmen, Cozumel areas (Cozumel district, Quintana Roo province), Merida, Tizimin districts (Yucatan province)",2005,7,18,2005,7,18,,Kph
2005-0382-TTO,2005,TTO,Latin America and the Caribbean,Storm,Tropical cyclone,2005-07-14,2005-07-14,day,0,False,Emily,"Arima, Chaguanas, Couva/Tabaquite/Talparo, Diego Martin, Penal/Debe, Point Fortin, Port Of Spain, Princes Town, Rio Claro/Mayaro, San Fernando, San Juan/Laventille, Sangre Grande, Siparia, Tobago, Tunapuna/Piarco provinces",2005,7,14,2005,7,14,,Kph
2005-0382-VCT,2005,VCT,Latin America and the Caribbean,Storm,Tropical cyclone,2005-07-14,2005-07-14,day,0,False,Emily,"Cannau, Union, Petite Martinique, Carriacou islands (Grenadines province)",2005,7,14,2005,7,14,,Kph
2005-0419-CHN,2005,CHN,Eastern Asia,Storm,Tropical cyclone,2005-07-30,2005-07-30,day,0,True,Matsa (Gorio/09W),"Shanghai Shi, Jiangsu Sheng, Shandong Sheng, Anhui Sheng, Zhejiang Sheng provinces",2005,7,30,2005,8,4,165,Kph
2005-0419-KOR,2005,KOR,Eastern Asia,Storm,Tropical cyclone,2005-08-02,2005-08-02,day,0,True,Matsa (Gorio/09W),"Cheju-do, Chollabuk-do, Chollanam-do, Chungchongbuk-do, Chungchongnam-do, Inchon, Kang-won-do, Kwangju, Kyonggi-do, Kyongsangbuk-do, Kyongsangnam-do, Pusan, Seoul, Taegu, Taejon provinces",2005,8,2,2005,8,7,,Kph
2005-0419-TWN,2005,TWN,Eastern Asia,Storm,Tropical cyclone,2005-07-30,2005-07-30,day,0,False,Matsa (Gorio/09W),Taiwan Sheng province,2005,7,30,2005,8,8,,Kph
2005-0464-JPN,2005,JPN,Eastern Asia,Storm,Tropical cyclone,2005-08-25,2005-08-25,day,0,True,Mawar,"Nagano, Sizuoka provinces",2005,8,25,2005,8,26,108,Kph
2005-0467-USA,2005,USA,Northern America,Storm,Tropical cyclone,2005-08-29,2005-08-29,day,1,True,Katrina,"Mobile, Bayou La Batre, Dauphin Island, Coden areas (Mobile district, Alabama province), New Orleans city (Orleans district, Louisiana province), Slidell area (St. Tammany district, Louisiana province), St. Bernard district (Louisiana province), Biloxi, Gulfport cities (Harrison district, Mississippi province), Pascagoula city (Jackson district, Mississippi province), Waveland, Bay St. Louis cities (Hancock district, Mississippi province), Georgia, Florida provinces",2005,8,29,2005,9,19,280,Kph
2005-0492-CHN,2005,CHN,Eastern Asia,Storm,Tropical cyclone,2005-09-01,2005-09-01,day,1,True,Talim,"Anhui Sheng, Zhejiang Sheng, Fujian Sheng, Jiangxi Sheng, Hubei Sheng provinces",2005,9,1,2005,9,1,,Kph
2005-0492-TWN,2005,TWN,Eastern Asia,Storm,Tropical cyclone,2005-09-01,2005-09-01,day,0,True,Talim,Taiwan Sheng province,2005,9,1,2005,9,1,227,Kph
2005-0497-JPN,2005,JPN,Eastern Asia,Storm,Tropical cyclone,2005-09-02,2005-09-02,day,0,True,Nabi (Jolina/14W),"Okinawa, Ehime, Kagawa, Kooti, Tokusima, Tookyoo provinces",2005,9,2,2005,9,4,144,Kph
2005-0497-KOR,2005,KOR,Eastern Asia,Storm,Tropical cyclone,2005-09-08,2005-09-08,day,0,True,Nabi (Jolina/14W),"Ulsan, Ulleung areas (Kyongsangnam-do province), Pohang, Gyeongju areas (Kyongsangbuk-do province)",2005,9,8,2005,9,8,,Kph
2005-0510-CHN,2005,CHN,Eastern Asia,Storm,Tropical cyclone,2005-09-11,2005-09-11,day,0,True,Khanun (15),"Shanghai Shi, Zheijiang Sheng, Jiangsu Sheng provinces",2005,9,11,2005,9,13,,Kph
2005-0524-MEX,2005,MEX,Latin America and the Caribbean,Storm,Tropical cyclone,2005-06-29,2005-06-29,day,0,True,Bret,"Naranjal, Chinampa De Gorostiza districts (Veracruz province)",2005,6,29,2005,6,30,65,Kph
2005-0536-VNM,2005,VNM,South-eastern Asia,Storm,Tropical cyclone,2005-09-18,2005-09-18,day,0,True,Vicente,"Thanh Hoa, Nghe An, Ha Tinh provinces",2005,9,18,2005,9,19,,Kph
2005-0540-CHN,2005,CHN,Eastern Asia,Storm,Tropical cyclone,2005-09-26,2005-09-26,day,0,True,Damrey,"Hainan Sheng, Guangdong Sheng, Guangxi Zhuangzu Zizhiqu provinces",2005,9,26,2005,9,26,198,Kph
2005-0540-PHL,2005,PHL,South-eastern Asia,Storm,Tropical cyclone,2005-09-15,2005-09-15,day,0,True,Damrey,"Cordillera Administrative region (CAR), National Capital region (NCR), Region I (Ilocos region), Region II (Cagayan Valley), Region III (Central Luzon), Region IV (Southern Tagalog), Region IV-A (Calabarzon), Region V (Bicol region) provinces",2005,9,15,2005,9,22,95,Kph
2005-0540-THA,2005,THA,South-eastern Asia,Storm,Tropical cyclone,2005-09-26,2005-09-26,day,0,True,Damrey,"Lampang, Chiang Mai, Chiang Rai, Phayao, Mae Hong Son, Phrae, Yasothon, Ubon Ratchathani provinces",2005,9,26,2005,9,30,,Kph
2005-0540-VNM,2005,VNM,South-eastern Asia,Storm,Tropical cyclone,2005-09-27,2005-09-27,day,0,True,Damrey,"Yen Bai, Tram Tau, Nghia Lo districts (Yen Bai province), Nghe An, Phu Tho, Hoa Binh, Lao Cai, Thanh Hoa, Nam Dinh, Quang Ninh, Quang Nam, Da Nang City provinces",2005,9,27,2005,9,30,133,Kph
2005-0547-USA,2005,USA,Northern America,Storm,Tropical cyclone,2005-09-23,2005-09-23,day,0,True,Rita,"Louisiana, Texas, Mississippi provinces",2005,9,23,2005,10,1,280,Kph
2005-0565-CHN,2005,CHN,Eastern Asia,Storm,Tropical cyclone,2005-10-02,2005-10-02,day,0,True,Longwang,"Fujian Sheng, Guangdong Sheng provinces",2005,10,2,2005,10,2,,Kph
2005-0565-TWN,2005,TWN,Eastern Asia,Storm,Tropical cyclone,2005-10-02,2005-10-02,day,0,True,Longwang,Taiwan Sheng province,2005,10,2,2005,10,2,,Kph
2005-0567-CRI,2005,CRI,Latin America and the Caribbean,Storm,Tropical cyclone,2005-10-01,2005-10-01,day,0,True,Stan,"Quepos (Aguirre district, Puntarenas province), Guanacaste province.",2005,10,1,2005,10,16,,Kph
2005-0567-GTM,2005,GTM,Latin America and the Caribbean,Storm,Tropical cyclone,2005-10-01,2005-10-01,day,1,True,Stan,"Escuintla, Jutiapa, Santa Rosa, Suchitepéquez, San Marcos, Quezaltenango, Huehuetenango, Solola, Totonicapan, Retalhuleu, Quiché, Sacatepequez, Chimaltenango provinces",2005,10,1,2005,10,13,,Kph
2005-0567-HND,2005,HND,Latin America and the Caribbean,Storm,Tropical cyclone,2005-09-28,2005-09-28,day,0,True,Stan,"San Pedro Sula, Potrerillos, San Manuel districts (Cortes province)",2005,9,28,2005,10,10,,Kph
2005-0567-HTI,2005,HTI,Latin America and the Caribbean,Storm,Tropical cyclone,2005-10-01,2005-10-31,month,0,True,Stan,"Dessalines, Saint-Marc districts (Artibonite province)",2005,10,,2005,10,,,Kph
2005-0567-MEX,2005,MEX,Latin America and the Caribbean,Storm,Tropical cyclone,2005-10-01,2005-10-01,day,0,True,Stan,"Chiapas, Oaxaca, Veracruz, Puebla, Hidalgo, Tabasco provinces",2005,10,1,2005,10,13,130,Kph
2005-0567-NIC,2005,NIC,Latin America and the Caribbean,Storm,Tropical cyclone,2005-10-01,2005-10-01,day,0,True,Stan,"San Sebastian De Yali district (Jinotega province), Leon, Chinandega, Granada provinces",2005,10,1,2005,10,13,,Kph
2005-0567-SLV,2005,SLV,Latin America and the Caribbean,Storm,Tropical cyclone,2005-10-01,2005-10-01,day,0,True,Stan,"San Salvador, San Marcos districts (San Salvador province), La Libertad, Santa Tecla districts (La Libertad province), Lourdes city (Colon district, La Libertad province), Chaparral village (Chilanga district, Morazan province), Ateos city (Sacacoyo district, La Libertad province), El Chaparral area (Ciudad Barrios district, San Miguel province)",2005,10,1,2005,10,13,,Kph
2005-0585-BHS,2005,BHS,Latin America and the Caribbean,Storm,Tropical cyclone,2005-10-19,2005-10-19,day,0,True,"Hurricane ""Wilma""",,2005,10,19,2005,10,25,,Kph
2005-0585-BLZ,2005,BLZ,Latin America and the Caribbean,Storm,Tropical cyclone,2005-10-21,2005-10-21,day,0,False,"Hurricane ""Wilma""","Belize, Cayo, Corozal, Orange Walk, Stann Creek, Toledo provinces",2005,10,21,2005,10,21,,Kph
2005-0585-CUB,2005,CUB,Latin America and the Caribbean,Storm,Tropical cyclone,2005-10-19,2005-10-19,day,0,True,"Hurricane ""Wilma""","Santiago de Cuba, Granma, Guantanamo, Matanzas, Sancti Spiritus, Villa Clara, Cienfuegos, Havana, Ciudad Havana, Pinar del Rio, Isla De La Juventud provinces",2005,10,19,2005,10,24,,Kph
2005-0585-HND,2005,HND,Latin America and the Caribbean,Storm,Tropical cyclone,2005-10-21,2005-10-21,day,0,False,"Hurricane ""Wilma""",Omoa district (Cortes province),2005,10,21,2005,10,21,,Kph
2005-0585-HTI,2005,HTI,Latin America and the Caribbean,Storm,Tropical cyclone,2005-10-19,2005-10-19,day,0,True,"Hurricane ""Wilma""","Sud, Sud Est provinces",2005,10,19,2005,10,24,,Kph
2005-0585-JAM,2005,JAM,Latin America and the Caribbean,Storm,Tropical cyclone,2005-10-19,2005-10-19,day,0,True,"Hurricane ""Wilma""","Saint Thomas, Saint Catherine, Trelawny, Saint Andrew And Kingston provinces",2005,10,19,2005,10,24,,Kph
2005-0585-MEX,2005,MEX,Latin America and the Caribbean,Storm,Tropical cyclone,2005-10-19,2005-10-19,day,0,True,"Hurricane ""Wilma""","Benito Juarez, Isla Mujeres, Cozumel districts (Quintana Roo province)",2005,10,19,2005,10,24,,Kph
2005-0585-USA,2005,USA,Northern America,Storm,Tropical cyclone,2005-10-24,2005-10-24,day,0,True,"Hurricane ""Wilma""","Florida Keys, Naples areas (Collier district, Florida province)",2005,10,24,2005,10,24,165,Kph
2005-0597-DOM,2005,DOM,Latin America and the Caribbean,Storm,Tropical cyclone,2005-10-22,2005-10-22,day,0,True,Alpha,Puerto Plata province,2005,10,22,2005,10,24,,Kph
2005-0597-HTI,2005,HTI,Latin America and the Caribbean,Storm,Tropical cyclone,2005-10-22,2005-10-22,day,0,True,Alpha,"Dame Marie, Les Irois villages (Anse-D'Ainault district, Grande Anse province), Carrefour, Gressier, Port-au-Prince villages (Port-Au-Prince district, Ouest province), Leogane district (Ouest province), Anse à Pitre village (Belle Anse district, Sud Est province), Jacmel district (Sud Est province), Anse Rouge village (Gros Morne district, Artibonite province), Hinche district (Centre province)",2005,10,22,2005,10,24,,Kph
2005-0611-VNM,2005,VNM,South-eastern Asia,Storm,Tropical cyclone,2005-11-02,2005-11-02,day,0,True,Kai Tak (21),"Son Ha district (Quang Ngai province), Phong Dien district (Thua Thien - Hue province), Quang Nam, Quang Tri provinces",2005,11,2,2005,11,4,,Kph
2005-0625-COL,2005,COL,Latin America and the Caribbean,Storm,Tropical cyclone,2005-10-29,2005-10-29,day,0,False,Beta,"Providencia Isl. (Santa Catalina, Santa Catarina districts, San Andres y Providencia province), San Andres Isl. (San Andres y Providencia district, San Andres y Providencia province)",2005,10,29,2005,10,29,175,Kph
2005-0625-HND,2005,HND,Latin America and the Caribbean,Storm,Tropical cyclone,2005-10-30,2005-10-30,day,0,False,Beta,"Gracias A Dios, Atlantida, Colon provinces",2005,10,30,2005,11,15,,Kph
2005-0625-NIC,2005,NIC,Latin America and the Caribbean,Storm,Tropical cyclone,2005-10-30,2005-10-30,day,0,True,Beta,"San José de Bocay village (El Cua district, Jinotega province), Wiwili district (Jinotega province), Waspam district (Atlantio Norte province)",2005,10,30,2005,10,30,,Kph
2005-0640-BLZ,2005,BLZ,Latin America and the Caribbean,Storm,Tropical cyclone,2005-11-14,2005-11-14,day,0,True,Gamma,"Belize, Cayo, Corozal, Orange Walk, Stann Creek, Toledo provinces",2005,11,14,2005,11,21,,Kph
2005-0640-HND,2005,HND,Latin America and the Caribbean,Storm,Tropical cyclone,2005-11-18,2005-11-18,day,0,True,Gamma,"Atlantida, Colon, Cortes, Gracias A Dios, Yoro provinces",2005,11,18,2005,11,20,75,Kph
2005-0662-MAR,2005,MAR,Northern Africa,Storm,Tropical cyclone,2005-11-28,2005-11-28,day,0,True,,"Guelmim - Es-Semara, Laâyoune - Boujdour - Sakia El Hamra, Souss - Massa - Draâ provinces",2005,11,28,2005,11,28,,Kph
2005-0662-SPI,2005,SPI,Northern Africa,Storm,Tropical cyclone,2005-11-27,2005-11-27,day,0,True,,"Tenerife, La Palma Islands (Santa Cruz de Tenerife)",2005,11,27,2005,11,29,152,Kph
2005-0732-SLV,2005,SLV,Latin America and the Caribbean,Storm,Tropical cyclone,2005-05-19,2005-05-19,day,0,False,Adrian,"Ahuachapan, Cabanas, Chalatenango, Cuscatlan, La Libertad, La Paz, La Union, Morazan, San Miguel, San Salvador, San Vicente, Santa Ana, Sonsonate, Usulutan provinces",2005,5,19,2005,5,19,,Kph
2006-0043-AUS,2006,AUS,Australia and New Zealand,Storm,Tropical cyclone,2006-01-09,2006-01-09,day,0,False,Clare,"Wyndham-East Kimberley, Ashburton, East Pilbara, Port Hedland, Roebourne, Upper Gascoyne districts (Western Australia province)",2006,1,9,2006,1,31,,Kph
2006-0073-FJI,2006,FJI,Melanesia,Storm,Tropical cyclone,2006-01-29,2006-01-29,day,0,False,Jim,"Lautoka, Ba towns (Ba district, Western province), Rakiraki town (Ra district, Western province)",2006,1,29,2006,2,6,,Kph
2006-0089-MDG,2006,MDG,Sub-Saharan Africa,Storm,Tropical cyclone,2006-02-04,2006-02-04,day,0,True,Boloetse,"Androka town (Ampanihy Ouest district, Atsimo Andrefana province) Itampolo town (Toliary-II district, Atsimo Andrefana province)",2006,2,4,2006,2,4,160,Kph
2006-0139-AUS,2006,AUS,Australia and New Zealand,Storm,Tropical cyclone,2006-03-20,2006-03-20,day,0,False,Larry,Cairns district (Queensland province),2006,3,20,2006,4,2,290,Kph
2006-0155-AUS,2006,AUS,Australia and New Zealand,Storm,Tropical cyclone,2006-03-30,2006-03-30,day,0,False,Glenda,"Exmouth, Ashburton, East Pilbara, Port Hedland, Roebourne districts (Western Australia province)",2006,3,30,2006,4,5,235,Kph
2006-0241-MMR,2006,MMR,South-eastern Asia,Storm,Tropical cyclone,2006-04-29,2006-04-29,day,0,True,Mala,"Hlinethaya area (Yangon(N) district, Yangon province), Ayeyawaddy, Rakhine provinces",2006,4,29,2006,5,5,240,Kph
2006-0251-CHN,2006,CHN,Eastern Asia,Storm,Tropical cyclone,2006-05-18,2006-05-18,day,0,True,Chanchu (Caloy),"Shantou district (Guangdong province), Fujian province",2006,5,18,2006,5,22,,Kph
2006-0251-PHL,2006,PHL,South-eastern Asia,Storm,Tropical cyclone,2006-05-11,2006-05-11,day,0,True,Chanchu (Caloy),"Region IV (Southern Tagalog), Region V (Bicol region), Region VI (Western Visayas), Region VII (Central Visayas), Region VIII (Eastern Visayas) provinces",2006,5,11,2006,5,12,185,Kph
2006-0251-VNM,2006,VNM,South-eastern Asia,Storm,Tropical cyclone,2006-05-17,2006-05-17,day,1,True,Chanchu (Caloy),Quang Nam province,2006,5,17,2006,5,17,,Kph
2006-0272-CUB,2006,CUB,Latin America and the Caribbean,Storm,Tropical cyclone,2006-06-11,2006-06-11,day,0,False,Alberto,Nueva Paz district (La Habana province),2006,6,11,2006,6,11,75,Kph
2006-0362-CHN,2006,CHN,Eastern Asia,Storm,Tropical cyclone,2006-07-16,2006-07-16,day,1,True,Bilis,"Fujian Sheng, Hunan Sheng, Guangdong Sheng, Jiangxi Sheng, Zhejiang Sheng, Guangxi Zhuangzu Zizhiqu provinces",2006,7,16,2006,7,19,,Kph
2006-0362-PHL,2006,PHL,South-eastern Asia,Storm,Tropical cyclone,2006-07-11,2006-07-11,day,0,True,Bilis,"Cordillera Administrative region (CAR), Region I (Ilocos region), Region II (Cagayan Valley) provinces",2006,7,11,2006,7,17,120,Kph
2006-0362-TWN,2006,TWN,Eastern Asia,Storm,Tropical cyclone,2006-07-17,2006-07-17,day,0,True,Bilis,Taiwan Sheng province,2006,7,17,2006,7,17,,Kph
2006-0362-VNM,2006,VNM,South-eastern Asia,Storm,Tropical cyclone,2006-07-11,2006-07-11,day,0,True,Bilis,"Bac Kan, Lang Son, Vinh Phuc, Cao Bang, Thai Nguyen, Ha Giang provinces",2006,7,11,2006,7,19,,Kph
2006-0388-CHN,2006,CHN,Eastern Asia,Storm,Tropical cyclone,2006-07-24,2006-07-24,day,1,True,Kaemi,"Jiangxi Sheng, Fujian Sheng, Zhejiang Sheng, Guangdong Sheng, Hunan Sheng provinces",2006,7,24,2006,7,28,,Kph
2006-0388-PHL,2006,PHL,South-eastern Asia,Storm,Tropical cyclone,2006-07-24,2006-07-24,day,0,True,Kaemi,Region III (Central Luzon) province,2006,7,24,2006,7,28,,Kph
2006-0388-TWN,2006,TWN,Eastern Asia,Storm,Tropical cyclone,2006-07-24,2006-07-24,day,0,False,Kaemi,Pingdong area (Taiwan Sheng province),2006,7,24,2006,7,28,,Kph
2006-0410-CHN,2006,CHN,Eastern Asia,Storm,Tropical cyclone,2006-08-03,2006-08-03,day,0,True,Typhoon 'Prapiroon' (Henry/T0606),"Guangdong Sheng, Guangxi Zhuangzu Zizhiqu, Hainan Sheng provinces",2006,8,3,2006,8,6,,Kph
2006-0410-PHL,2006,PHL,South-eastern Asia,Storm,Tropical cyclone,2006-08-02,2006-08-02,day,0,True,Typhoon 'Prapiroon' (Henry/T0606),Quirino district (Region II (Cagayan Valley) province),2006,8,2,2006,8,6,,Kph
2006-0415-PHL,2006,PHL,South-eastern Asia,Storm,Tropical cyclone,2006-06-30,2006-06-30,day,0,True,Henry,"Tarlac, Zambales, Nueva Ecija districts (Region III (Central Luzon) provinces)",2006,6,30,2006,8,2,,Kph
2006-0437-CHN,2006,CHN,Eastern Asia,Storm,Tropical cyclone,2006-08-06,2006-08-06,day,1,True,Saomai,"Zhejiang Sheng, Fujian Sheng provinces",2006,8,6,2006,8,11,216,Kph
2006-0466-HTI,2006,HTI,Latin America and the Caribbean,Storm,Tropical cyclone,2006-08-25,2006-08-25,day,0,True,Ernesto,"Sud, Grande Anse, Ouest, Nippes, Artibonite provinces",2006,8,25,2006,8,26,,Kph
2006-0466-USA,2006,USA,Northern America,Storm,Tropical cyclone,2006-08-02,2006-08-02,day,0,True,Ernesto,"South Carolina, North Carolina, Virginia provinces",2006,8,2,2006,9,7,119,Kph
2006-0483-MEX,2006,MEX,Latin America and the Caribbean,Storm,Tropical cyclone,2006-09-02,2006-09-02,day,0,True,John,"Comondu, La Paz districts (Baja California Sur province)",2006,9,2,2006,9,4,215,Kph
2006-0504-JPN,2006,JPN,Eastern Asia,Storm,Tropical cyclone,2006-09-15,2006-09-15,day,0,True,Shanshan (13),"Nagasaki, Hukuoka, Miyazaki, Okinawa, Hirosima, Okayama, Simane, Tottori, Yamaguti provinces",2006,9,15,2006,9,20,,Kph
2006-0505-MEX,2006,MEX,Latin America and the Caribbean,Storm,Tropical cyclone,2006-09-16,2006-09-16,day,0,True,Lane,"Culiacan, Elota, Mazatlan, Escuinapa, El Rosario, San Ignacio, Salvador Alvarado, Concordia, Cosala districts (Sinaloa province)",2006,9,16,2006,9,18,250,Kph
2006-0510-BGD,2006,BGD,Southern Asia,Storm,Tropical cyclone,2006-09-18,2006-09-18,day,1,True,,"Hatiya area (Noakhali district, Chittagong province), Bagerhat district (Khulna province), Patuakhali, Barguna districts (Barisal province)",2006,9,18,2006,10,5,,Kph
2006-0510-IND,2006,IND,Southern Asia,Storm,Tropical cyclone,2006-09-18,2006-09-18,day,1,True,,"Andhra Pradesh, West Bengal, Bihar provinces",2006,9,18,2006,10,5,,Kph
2006-0517-CHN,2006,CHN,Eastern Asia,Storm,Tropical cyclone,2006-10-01,2006-10-31,month,0,True,Xangsane (Milenyo),"Guangdong Sheng, Guangxi Zhuangzu Zizhiqu, Hainan Sheng provinces",2006,10,,2006,10,,,Kph
2006-0517-PHL,2006,PHL,South-eastern Asia,Storm,Tropical cyclone,2006-09-27,2006-09-27,day,1,True,Xangsane (Milenyo),"Cordillera Administrative region (CAR), National Capital region (NCR), Region I (Ilocos region), Region II (Cagayan Valley), Region III (Central Luzon), Region IV (Southern Tagalog), Region IV-A (Calabarzon), Region V (Bicol region), Region VI (Western Visayas) provinces",2006,9,27,2006,10,6,160,Kph
2006-0517-VNM,2006,VNM,South-eastern Asia,Storm,Tropical cyclone,2006-09-27,2006-09-27,day,0,True,Xangsane (Milenyo),"Ha Tinh, Thua Thien - Hue, Da Nang City, Quang Nam, Quang Ngai provinces",2006,9,27,2006,10,6,148,Kph
2006-0600-PHL,2006,PHL,South-eastern Asia,Storm,Tropical cyclone,2006-10-30,2006-10-30,day,0,True,Cimaron (Paeng),"Cagayan, Quirino, Isabela, Nueva Vizcaya districts (Region II (Cagayan Valley) province), Benguet, Kalinga districts (Cordillera Administrative region (CAR) province), Aurora district (Region III (Central Luzon) province), La Union district (Region I (Ilocos region) province)",2006,10,30,2006,11,1,230,Kph
2006-0604-MEX,2006,MEX,Latin America and the Caribbean,Storm,Tropical cyclone,2006-10-25,2006-10-25,day,0,True,Paul,"La Reforma area (Culiacan district, Sinaloa province)",2006,10,25,2006,10,28,,Kph
2006-0610-PHL,2006,PHL,South-eastern Asia,Storm,Tropical cyclone,2006-11-13,2006-11-13,day,0,True,Queenie (Chebi),"Isabela district (Region II (Cagayan Valley) province), Aurora, Nueva Ecija districts (Region III (Central Luzon) province)",2006,11,13,2006,11,13,130,Kph
2006-0648-PHL,2006,PHL,South-eastern Asia,Storm,Tropical cyclone,2006-11-30,2006-11-30,day,1,True,Durian (Reming),"Albay, Catanduanes, Camarines Norte, Camarines Sur, Sorsogon districts (Region V (Bicol region) province), Mindoro Occidental, Mindoro Oriental, Marinduque districts (Region IV (Southern Tagalog) province), Batangas, Laguna districts (Region IV-A (Calabarzon) province)",2006,11,30,2006,12,8,195,Kph
2006-0648-VNM,2006,VNM,South-eastern Asia,Storm,Tropical cyclone,2006-11-30,2006-11-30,day,0,True,Durian (Reming),"Ba Ria-Vung Tau, Ben Tre, Binh Thuan, Vinh Long, Tien Giang, Khanh Hao, An Giang, Tra Vinh, Long An, Dong Thap, Ho Chi Ming City, Can Tho City provinces",2006,11,30,2006,12,8,,Kph
2006-0667-PHL,2006,PHL,South-eastern Asia,Storm,Tropical cyclone,2006-12-11,2006-12-11,day,0,True,Utor (Seniang),"Region IV (Southern Tagalog), Region V (Bicol region), Region VI (Western Visayas), Region VII (Central Visayas), Region VIII (Eastern Visayas) provinces",2006,12,11,2006,12,11,150,Kph
2006-0687-MDG,2006,MDG,Sub-Saharan Africa,Storm,Tropical cyclone,2006-12-25,2006-12-25,day,0,True,Bondo,"Mahajanga I, Mahajanga II districts (Boeny province), Antalaha district (Sava province)",2006,12,25,2006,12,25,150,Kph
2006-0737-BGD,2006,BGD,Southern Asia,Storm,Tropical cyclone,2006-04-05,2006-04-05,day,0,True,,Dhaka province,2006,4,5,2006,4,6,,Kph
2006-0738-BGD,2006,BGD,Southern Asia,Storm,Tropical cyclone,2006-04-08,2006-04-08,day,0,True,,"Tangail district (Dhaka province), Sirajganj district (Rajshahi province)",2006,4,8,2006,4,8,,Kph
2007-0032-MDG,2007,MDG,Sub-Saharan Africa,Storm,Tropical cyclone,2007-01-03,2007-01-03,day,0,True,Clovis,"Mananjary, Nosy-Varika districts (Vatovavy Fitovinany province)",2007,1,3,2007,1,3,90,Kph
2007-0080-MOZ,2007,MOZ,Sub-Saharan Africa,Storm,Tropical cyclone,2007-02-22,2007-02-22,day,0,True,Favio,Vilankulo district (Inhambane province),2007,2,22,2007,2,22,180,Kph
2007-0080-ZWE,2007,ZWE,Sub-Saharan Africa,Storm,Tropical cyclone,2007-02-27,2007-02-27,day,0,False,Favio,"Vumba, Odzi, Marange areas (Mutare district, Manicaland province), Penhalonga, Stapleford villages (Mutasa district, Manicaland province), Chimanimani town (Chimanimani district, Manicaland province)",2007,2,27,2007,2,27,,Kph
2007-0085-MUS,2007,MUS,Sub-Saharan Africa,Storm,Tropical cyclone,2007-02-25,2007-02-25,day,0,True,Gamède,"Black River, Flacq, Grand Port, Moka, Pamplemousses, Plaines Wiljems, Port Louis, Riviere Du Rempart, Savanne provinces",2007,2,25,2007,2,25,,Kph
2007-0085-REU,2007,REU,Sub-Saharan Africa,Storm,Tropical cyclone,2007-02-25,2007-02-25,day,0,True,Gamède,"Arrondissement du vent, Arrondissement sous le vent provinces",2007,2,25,2007,2,25,205,Kph
2007-0095-MDG,2007,MDG,Sub-Saharan Africa,Storm,Tropical cyclone,2007-03-15,2007-03-15,day,0,True,Indlala,"Diana, Sava, Sofia, Analanjirofo provinces",2007,3,15,2007,3,17,230,Kph
2007-0133-NZL,2007,NZL,Australia and New Zealand,Storm,Tropical cyclone,2007-03-29,2007-03-29,day,0,False,Becky,Bay of Islands area (Northland province),2007,3,29,2007,3,31,,Kph
2007-0151-FJI,2007,FJI,Melanesia,Storm,Tropical cyclone,2007-04-05,2007-04-05,day,0,True,Cliff,Lau district (Eastern province),2007,4,5,2007,4,5,120,Kph
2007-0164-IRN,2007,IRN,Southern Asia,Storm,Tropical cyclone,2007-06-06,2007-06-06,day,0,True,Cyclone 'Gonu',"Ghalehganj villages (Kahnug district, Kerman province), Chahbahar, Zarabad, Konarak, Kahir villages (Chahbahar district, Sistan-o baluchestan province), Sarbaz, Iranshahr villages (Iranshahr district, Sistan-o baluchestan province), Zahedan, Khash, Saravan, Nikshahr districts (Sistan-o baluchestan province), Jask, Bandar-e abbas, Geshm districts (Hormozgan province)",2007,6,6,2007,6,10,220,Kph
2007-0164-OMN,2007,OMN,Western Asia,Storm,Tropical cyclone,2007-06-06,2007-06-06,day,0,True,Cyclone 'Gonu',Muscat province,2007,6,6,2007,6,10,260,Kph
2007-0227-BGD,2007,BGD,Southern Asia,Storm,Tropical cyclone,2007-05-15,2007-05-15,day,0,True,,"Cox's Bazar, Chittagong districts (Chittagong province)",2007,5,15,2007,5,15,88,Kph
2007-0245-PAK,2007,PAK,Southern Asia,Storm,Tropical cyclone,2007-06-26,2007-06-26,day,1,True,Cyclone 'Yemyin',"Balochistan, Sindh, North-West Frontier provinces",2007,6,26,2007,7,6,,Kph
2007-0262-JPN,2007,JPN,Eastern Asia,Storm,Tropical cyclone,2007-07-13,2007-07-13,day,0,True,Man-Yi,"Okinawa, Hukuoka, Kagosima, Kumamoto, Miyazaki, Nagasaki, Ooita, Saga, Aiti, Ehime, Kagawa, Kooti, Tokusima provinces",2007,7,13,2007,7,16,250,Kph
2007-0346-PHL,2007,PHL,South-eastern Asia,Storm,Tropical cyclone,2007-08-08,2007-08-08,day,0,True,Chedeng and Dodong,"National Capital region (NCR), Region III (Central Luzon) provinces",2007,8,8,2007,8,13,,Kph
2007-0359-USA,2007,USA,Northern America,Storm,Tropical cyclone,2007-08-16,2007-08-16,day,0,True,Erin,"Texas, Oklahoma, Missouri provinces",2007,8,16,2007,8,19,132,Kph
2007-0360-BLZ,2007,BLZ,Latin America and the Caribbean,Storm,Tropical cyclone,2007-08-21,2007-08-21,day,0,False,Dean,"Corozal, Sarteneja, Consejo cities (Corazal province)",2007,8,21,2007,8,21,,Kph
2007-0360-CUB,2007,CUB,Latin America and the Caribbean,Storm,Tropical cyclone,2007-08-20,2007-08-20,day,0,False,Dean,"Pinar del Rio, La Habana, Isla de la Juventud provinces",2007,8,20,2007,8,20,240,Kph
2007-0360-DMA,2007,DMA,Latin America and the Caribbean,Storm,Tropical cyclone,2007-08-21,2007-08-21,day,0,True,Dean,"St. Andrew, St. David, St. George, St. John, St. Joseph, St. Luke, St. Mark, St. Patrick, St. Paul, St. Peter provinces",2007,8,21,2007,8,24,,Kph
2007-0360-DOM,2007,DOM,Latin America and the Caribbean,Storm,Tropical cyclone,2007-08-21,2007-08-21,day,0,True,Dean,"Azua, Barahona, Distrito Nacional, La Altagracia, La Romana, Pedernales, Peravia, San Cristobal, San Pedro de Macoris, Santiago, Santo Domingo provinces",2007,8,21,2007,8,24,,Kph
2007-0360-GLP,2007,GLP,Latin America and the Caribbean,Storm,Tropical cyclone,2007-08-29,2007-08-29,day,0,False,Dean,,2007,8,29,2007,8,29,160,Kph
2007-0360-HTI,2007,HTI,Latin America and the Caribbean,Storm,Tropical cyclone,2007-08-18,2007-08-18,day,0,True,Dean,"Sud, Sud Est, Grande Anse, Nippes, Ouest, Artibonite, Centre, Nord, Nord Est, Nord Ouest provinces",2007,8,18,2007,8,24,,Kph
2007-0360-JAM,2007,JAM,Latin America and the Caribbean,Storm,Tropical cyclone,2007-08-20,2007-08-20,day,0,True,Dean,"Clarendon, Saint Thomas, Saint James, Saint Andrew And Kingston provinces",2007,8,20,2007,8,20,,Kph
2007-0360-LCA,2007,LCA,Latin America and the Caribbean,Storm,Tropical cyclone,2007-08-17,2007-08-17,day,0,True,Dean,"Region Number 1, Region Number 2, Region Number 8 provinces",2007,8,17,2007,8,24,,Kph
2007-0360-MEX,2007,MEX,Latin America and the Caribbean,Storm,Tropical cyclone,2007-08-21,2007-08-21,day,0,True,Dean,"Yucatan, Quintana Roo, Campeche, Veracruz, Hidalgo, Puebla provinces",2007,8,21,2007,8,24,265,Kph
2007-0360-MTQ,2007,MTQ,Latin America and the Caribbean,Storm,Tropical cyclone,2007-08-16,2007-08-16,day,0,True,Dean,"Fort-de-France, La Trinite, Saint-Pierre, Le Marin provinces",2007,8,16,2007,8,24,160,Kph
2007-0380-CHN,2007,CHN,Eastern Asia,Storm,Tropical cyclone,2007-08-18,2007-08-18,day,0,True,Sepat,"Hunan Sheng, Jiangxi Sheng, Fujian Sheng, Zhejiang Sheng, Guangdong Sheng provinces",2007,8,18,2007,8,21,,Kph
2007-0380-PHL,2007,PHL,South-eastern Asia,Storm,Tropical cyclone,2007-08-17,2007-08-17,day,0,True,Sepat,"Region III (Central Luzon), Region IV-A (Calabarzon), Region V (Bicol region) provinces",2007,8,17,2007,8,24,,Kph
2007-0380-TWN,2007,TWN,Eastern Asia,Storm,Tropical cyclone,2007-08-17,2007-08-17,day,0,False,Sepat,"Yunlin, Changhua, Kaohsiung, Pingtung areas (Taiwan Sheng province)",2007,8,17,2007,8,24,,Kph
2007-0439-GTM,2007,GTM,Latin America and the Caribbean,Storm,Tropical cyclone,2007-09-04,2007-09-04,day,0,False,Felix,"Puerto Barrios, Morales districts (Izabal province)",2007,9,4,2007,9,12,,Kph
2007-0439-HND,2007,HND,Latin America and the Caribbean,Storm,Tropical cyclone,2007-09-04,2007-09-04,day,0,True,Felix,"Santa Barbara, Cortes, Choluteca, Valle, Paraiso provinces",2007,9,4,2007,9,12,,Kph
2007-0439-MEX,2007,MEX,Latin America and the Caribbean,Storm,Tropical cyclone,2007-09-04,2007-09-04,day,0,False,Felix,"Veracruz, Tamaulipas, San Luis Potosi provinces",2007,9,4,2007,9,6,,Kph
2007-0439-NIC,2007,NIC,Latin America and the Caribbean,Storm,Tropical cyclone,2007-09-04,2007-09-04,day,1,True,Felix,"Puerto Cabezas, Waspam, Siuna, Bonanza, Rosita districts (Atlantico Norte province)",2007,9,4,2007,9,12,,Kph
2007-0439-SLV,2007,SLV,Latin America and the Caribbean,Storm,Tropical cyclone,2007-09-04,2007-09-04,day,0,False,Felix,"Ahuachapan, Cabanas, Chalatenango, Cuscatlan, La Libertad, La Paz, La Union, Morazan, San Miguel, San Salvador, San Vicente, Santa Ana, Sonsonate, Usulutan provinces",2007,9,4,2007,9,4,,Kph
2007-0457-CHN,2007,CHN,Eastern Asia,Storm,Tropical cyclone,2007-09-20,2007-09-20,day,0,True,Wipha/Goring,Zhejiang Sheng province,2007,9,20,2007,9,20,,Kph
2007-0457-JPN,2007,JPN,Eastern Asia,Storm,Tropical cyclone,2007-09-17,2007-09-17,day,0,True,Wipha/Goring,"Iwate, Akita provinces",2007,9,17,2007,9,25,,Kph
2007-0457-PHL,2007,PHL,South-eastern Asia,Storm,Tropical cyclone,2007-09-17,2007-09-17,day,0,True,Wipha/Goring,Negros Occidental district (Region VI (Western Visayas) province),2007,9,17,2007,9,25,,Kph
2007-0457-PRK,2007,PRK,Eastern Asia,Storm,Tropical cyclone,2007-09-17,2007-09-17,day,0,False,Wipha/Goring,"Hwanghae-bukto, Hwanghae-namdo provinces",2007,9,17,2007,9,25,,Kph
2007-0463-PHL,2007,PHL,South-eastern Asia,Storm,Tropical cyclone,2007-09-29,2007-09-29,day,0,True,Lekima (Hanna),"Ifugao, Kalinga districts (Cordillera Administrative region (CAR) province)",2007,9,29,2007,10,12,,Kph
2007-0463-VNM,2007,VNM,South-eastern Asia,Storm,Tropical cyclone,2007-09-29,2007-09-29,day,0,True,Lekima (Hanna),"Quang Binh, Ha Tinh, Quang Tri, Quang Ngai, Quang Nam, Son La, Yen Bai, Hoa Binh, Thai Binh, Thanh Hoa, Nghe An, Ninh Binh provinces",2007,9,29,2007,10,12,117,Kph
2007-0464-MEX,2007,MEX,Latin America and the Caribbean,Storm,Tropical cyclone,2007-09-28,2007-09-28,day,0,True,Lorenzo,"Veracruz, Puebla provinces",2007,9,28,2007,10,1,,Kph
2007-0470-KOR,2007,KOR,Eastern Asia,Storm,Tropical cyclone,2007-09-16,2007-09-16,day,0,True,Nari (11),"Cheju-do, Chollanam-do provinces",2007,9,16,2007,9,19,,Kph
2007-0479-JPN,2007,JPN,Eastern Asia,Storm,Tropical cyclone,2007-08-28,2007-08-28,day,0,True,Fitow (9),"Tookyoo, Hokkaidoo, Nagano provinces",2007,8,28,2007,9,8,140,Kph
2007-0523-BHS,2007,BHS,Latin America and the Caribbean,Storm,Tropical cyclone,2007-10-28,2007-10-28,day,0,True,Noel,"Abaco, Long Island, Exuma, Cat Island, Andros, New Providence islands (Administrative unit not available)",2007,10,28,2007,11,2,,Kph
2007-0523-CUB,2007,CUB,Latin America and the Caribbean,Storm,Tropical cyclone,2007-10-28,2007-10-28,day,0,True,Noel,"Granma, Holguin, Las Tunas, Guantanamo, Santiago de Cuba provinces",2007,10,28,2007,11,2,,Kph
2007-0523-DOM,2007,DOM,Latin America and the Caribbean,Storm,Tropical cyclone,2007-10-28,2007-10-28,day,1,True,Noel,"Santo Domingo, Distrito Nacional, San Cristobal, Peravia, Azua, Barahona, Pedernales, Independencia, Baoruco, San Juan, Santiago, Puerto Plata, Espaillat, Salcedo, Duarte, La Vega, Monte Plata, Monsenor Nouel, Hato Mayor, El Seibo, Dajabon, Monte Cristi, Santiago Rodriguez, La Altagracia, San Pedro de Macoris provinces",2007,10,28,2007,11,2,,Kph
2007-0523-HTI,2007,HTI,Latin America and the Caribbean,Storm,Tropical cyclone,2007-10-28,2007-10-28,day,0,True,Noel,"Port-au-Prince district (Ouest province), Gonaïves district (Artibonite province), Jacmel district (Sud Est province), Cayes district (Sud province)",2007,10,28,2007,11,2,,Kph
2007-0523-JAM,2007,JAM,Latin America and the Caribbean,Storm,Tropical cyclone,2007-10-28,2007-10-28,day,0,True,Noel,"Saint Catherine, Clarendon, Manchester provinces",2007,10,28,2007,11,2,,Kph
2007-0552-CHN,2007,CHN,Eastern Asia,Storm,Tropical cyclone,2007-10-02,2007-10-02,day,0,False,Krosa,"Zhejiang Sheng, Fujian Sheng provinces",2007,10,2,2007,10,8,240,Kph
2007-0552-TWN,2007,TWN,Eastern Asia,Storm,Tropical cyclone,2007-10-06,2007-10-06,day,0,True,Krosa,"Yilan, Pingdong, Tainan, Hualian, Jianyi, Taidong, Nantou, Gaoxiong, Yunlin, Xinzhu areas (Taiwan Sheng province)",2007,10,6,2007,10,10,,Kph
2007-0556-BGD,2007,BGD,Southern Asia,Storm,Tropical cyclone,2007-11-15,2007-11-15,day,1,True,Cyclone 'Sidr',"Bagerhat, Khulna, Satkhira districts (Khulna province), Patuakhali, Barguna, Pirojpur, Barisal, Jhalokati, Bhola districts (Barisal province), Madaripur, Gopalganj, Shariatpur districts (Dhaka province)",2007,11,15,2007,11,19,250,Kph
2007-0556-IND,2007,IND,Southern Asia,Storm,Tropical cyclone,2007-11-15,2007-11-15,day,0,False,Cyclone 'Sidr',"West Bengal, Orissa provinces",2007,11,15,2007,11,15,,Kph
2007-0557-PNG,2007,PNG,Melanesia,Storm,Tropical cyclone,2007-11-12,2007-11-12,day,1,True,Cyclone 'Guba',"Rabaraba district (Milne Bay Province), Northern province",2007,11,12,2007,11,16,,Kph
2007-0560-PHL,2007,PHL,South-eastern Asia,Storm,Tropical cyclone,2007-11-04,2007-11-04,day,0,True,Kabayan (Peipah),"Isabela, Cagayan districts (Region II (Cagayan Valley) province)",2007,11,4,2007,11,6,,Kph
2007-0576-PHL,2007,PHL,South-eastern Asia,Storm,Tropical cyclone,2007-11-25,2007-11-25,day,0,True,Mitag (Mina) (23),"Isabela district (Region II (Cagayan Valley) province), Camarines Sur, Camarines Norte districts (Region V (Bicol region) province)",2007,11,25,2007,12,2,170,Kph
2007-0578-PHL,2007,PHL,South-eastern Asia,Storm,Tropical cyclone,2007-11-18,2007-11-18,day,0,True,Hagibis (Lando) (24),"Region VII (Central Visayas), Region X (Northern Mindanao) provinces",2007,11,18,2007,11,23,129,Kph
2007-0591-AUS,2007,AUS,Australia and New Zealand,Storm,Tropical cyclone,2007-03-02,2007-03-02,day,0,True,George and Jacob,"Darwin district (Northern Territory province), Ashburton, East Pilbara, Port Hedland, Roebourne districts (Western Australia province)",2007,3,2,2007,3,16,275,Kph
2007-0612-DOM,2007,DOM,Latin America and the Caribbean,Storm,Tropical cyclone,2007-12-11,2007-12-11,day,0,True,Olga,"Bonao city (Monsenor Nouel district, Monsenor Nouel province), Nagua district (Maria Trinidad Sanches province), Arenoso, Villa Rivas districts (Duarte province), Santiago, Barahona, La Vega, Puerto Plata, Monte Plata, El Seibo provinces",2007,12,11,2007,12,17,,Kph
2007-0612-HTI,2007,HTI,Latin America and the Caribbean,Storm,Tropical cyclone,2007-12-11,2007-12-11,day,0,True,Olga,"Nord, Nord Est, Nord Ouest provinces",2007,12,11,2007,12,17,,Kph
2007-0612-PRI,2007,PRI,Latin America and the Caribbean,Storm,Tropical cyclone,2007-12-11,2007-12-11,day,0,True,Olga,San Juan province,2007,12,11,2007,12,17,,Kph
2007-0655-FJI,2007,FJI,Melanesia,Storm,Tropical cyclone,2007-12-05,2007-12-05,day,0,False,Daman,"Cikobia island (Lau district, Eastern province)",2007,12,5,2007,12,7,250,Kph
2007-0668-PHL,2007,PHL,South-eastern Asia,Storm,Tropical cyclone,2007-09-18,2007-09-18,day,0,True,Goring,"Region IV (Southern Tagalog), Region VI (Western Visayas), Region VII (Central Visayas), Region VIII (Eastern Visayas), Autonomous region in Muslim Mindanao (ARMM), Region IX (Zamboanga Peninsula), Region X (Northern Mindanao), Region XI (Davao Region), Region XII (Soccsksargen), Region XIII (Caraga) provinces",2007,9,18,2007,9,18,,Kph
2007-0671-MEX,2007,MEX,Latin America and the Caribbean,Storm,Tropical cyclone,2007-09-01,2007-09-01,day,0,True,Henriette,"Acapulco De Juarez district (Guerrero province), Oaxaca, Michoacan, Colima, Jalisco provinces",2007,9,1,2007,9,1,,Kph
2008-0043-MDG,2008,MDG,Sub-Saharan Africa,Storm,Tropical cyclone,2008-01-27,2008-01-27,day,0,True,"Cyclone ""Fame""","Melaky, Boeny, Analamanga provinces",2008,1,27,2008,1,27,130,Kph
2008-0051-FJI,2008,FJI,Melanesia,Storm,Tropical cyclone,2008-01-28,2008-01-28,day,0,True,"Cyclone ""Gene""","Central, Eastern, Northern, Western provinces",2008,1,28,2008,1,29,177,Kph
2008-0070-MDG,2008,MDG,Sub-Saharan Africa,Storm,Tropical cyclone,2008-02-17,2008-02-17,day,0,True,"Cyclone ""Ivan""","Analamanga, Betsiboka, Vatovavy Fitovavy, Analanjirofo, Alaotra Mangoro, Atsinanana, Atsimo Atsinanana, Boeny, Sofia, Menabe, Bongolava, Haute Matsiatra provinces",2008,2,17,2008,3,3,230,Kph
2008-0111-MDG,2008,MDG,Sub-Saharan Africa,Storm,Tropical cyclone,2008-03-05,2008-03-05,day,0,False,"Cyclone ""Jokwe""",Nosy-Be district (Diana province),2008,3,5,2008,3,6,,Kph
2008-0111-MOZ,2008,MOZ,Sub-Saharan Africa,Storm,Tropical cyclone,2008-03-08,2008-03-08,day,0,True,"Cyclone ""Jokwe""","Mossuril, Angoche, Nacala, Moma, Ilha de Mocambique, Mogovolas districts (Nampula province), Zambezia, Sofala provinces",2008,3,8,2008,3,9,,Kph
2008-0155-CHN,2008,CHN,Eastern Asia,Storm,Tropical cyclone,2008-04-19,2008-04-19,day,0,True,"Typhoon ""Neoguri"" (Ambo)","Hainan Sheng, Guangdong Sheng provinces",2008,4,19,2008,4,19,175,Kph
2008-0155-PHL,2008,PHL,South-eastern Asia,Storm,Tropical cyclone,2008-04-13,2008-04-13,day,0,True,"Typhoon ""Neoguri"" (Ambo)","Autonomous region in Muslim Mindanao (ARMM), Region IX (Zamboanga Peninsula), Region X (Northern Mindanao), Region XI (Davao Region), Region XII (Soccsksargen), Region XIII (Caraga) provinces",2008,4,13,2008,4,13,175,Kph
2008-0184-LKA,2008,LKA,Southern Asia,Storm,Tropical cyclone,2008-04-27,2008-04-27,day,0,True,Cyclone 'Nargis',"Colombo, Kalutara, Gampaha districts (Western province), Ratnapura, Kegalle districts (Sabaragamuwa province), Puttalam district (North Western province), Nuwara Eliya district (Central province), Galle district (Southern province)",2008,4,27,2008,5,3,,Kph
2008-0184-MMR,2008,MMR,South-eastern Asia,Storm,Tropical cyclone,2008-05-02,2008-05-02,day,1,True,Cyclone 'Nargis',"Labutta, Mawlamyinegyunn areas (Myaungmya district, Ayeyawaddy province), Ngapudaw area (Pathein district, Ayeyawaddy province), Bogale, Dedaye, Kyaiklat areas (Pyapon district, Ayeyawaddy province), Kungyangon, Kawhmu, Twantay, Kyauktan areas (Yangon(S) district, Yangon province), Bago (E), Bago (W), Kayin, Kayar, Mon provinces",2008,5,2,2008,5,3,215,Kph
2008-0184-THA,2008,THA,South-eastern Asia,Storm,Tropical cyclone,2008-05-02,2008-05-02,day,0,False,Cyclone 'Nargis',Tak province,2008,5,2,2008,5,3,,Kph
2008-0197-PHL,2008,PHL,South-eastern Asia,Storm,Tropical cyclone,2008-05-18,2008-05-18,day,0,True,Halong (Cosme),"Pangasinan, La Union districts (Region I (Ilocos region) province), Zambales district (Region III (Central Luzon) province)",2008,5,18,2008,5,18,95,Kph
2008-0233-BLZ,2008,BLZ,Latin America and the Caribbean,Storm,Tropical cyclone,2008-05-31,2008-05-31,day,0,True,Tropical cyclone 'Arthur',"Corozal, Orange Walk, Stann Creek provinces",2008,5,31,2008,6,5,,Kph
2008-0234-CRI,2008,CRI,Latin America and the Caribbean,Storm,Tropical cyclone,2008-05-28,2008-05-28,day,0,True,Alma,"Parrita, Aguirre, Puntarenas districts (Puntarenas province), Canas, Bagaces, Abangares, Nandayure, Hojancha, Nicoya, Santa Cruz districts (Guanacaste province), Perez Zeledon, Tarrazu, Leon Cortes (San Jose province)",2008,5,28,2008,5,28,,Kph
2008-0234-HND,2008,HND,Latin America and the Caribbean,Storm,Tropical cyclone,2008-05-28,2008-05-28,day,0,False,Alma,Choluteca province,2008,5,28,2008,5,28,,Kph
2008-0234-NIC,2008,NIC,Latin America and the Caribbean,Storm,Tropical cyclone,2008-05-29,2008-05-29,day,0,True,Alma,"Leon, Chinandega, Rivas, Carazo, Masaya, Granada provinces",2008,5,29,2008,5,29,,Kph
2008-0249-CHN,2008,CHN,Eastern Asia,Storm,Tropical cyclone,2008-06-24,2008-06-24,day,0,True,Typhoon Fengshen (Franck),"Sichuan Sheng, Guangdong Sheng, Jiangxi Sheng provinces",2008,6,24,2008,6,27,,Kph
2008-0249-PHL,2008,PHL,South-eastern Asia,Storm,Tropical cyclone,2008-06-21,2008-06-21,day,1,True,Typhoon Fengshen (Franck),"Aklan, Antique, Capiz, Iloilo, Negros Occidental districts (Region VI (Western Visayas) province), Cebu district (Region VII (Central Visayas) province), Leyte, Eastern Samar, Samar districts (Region VIII (Eastern Visayas) province), Marinduque, Mindoro Oriental, Romblon districts (Region IV (Southern Tagalog) province), Masbate district (Region V (Bicol region) province), North Cotabato, South Cotabato districts (Region XII (Soccsksargen) province)",2008,6,21,2008,6,23,170,Kph
2008-0292-CHN,2008,CHN,Eastern Asia,Storm,Tropical cyclone,2008-07-28,2008-07-28,day,0,True,"Tropical Storm ""Fung-Wong"" (Igme)","Yuexi Xian area (Anqing district, Anhui Sheng province), Jinzhai Xian area (Lu'an district, Anhui Sheng province), Fuzhou, Quanzhou, Putian districts (Fujian Sheng province), Wenzhou district (Zhejiang Sheng province ), Jiujiang district (Jiangxi Sheng province)",2008,7,28,2008,8,8,155,Kph
2008-0292-PHL,2008,PHL,South-eastern Asia,Storm,Tropical cyclone,2008-07-28,2008-07-28,day,0,True,"Tropical Storm ""Fung-Wong"" (Igme)","Piddig, Pasuquin areas (Metropolitan Manila district, National Capital region (NCR) province), Ilocos Norte, Ilocos Sur districts (Region I (Ilocos region) province), Abra district (Cordillera Administrative region (CAR) province)",2008,7,28,2008,7,29,,Kph
2008-0292-TWN,2008,TWN,Eastern Asia,Storm,Tropical cyclone,2008-07-27,2008-07-27,day,0,True,"Tropical Storm ""Fung-Wong"" (Igme)",Nantou area (Taiwan Sheng province),2008,7,27,2008,7,27,,Kph
2008-0295-TWN,2008,TWN,Eastern Asia,Storm,Tropical cyclone,2008-07-18,2008-07-18,day,0,True,"Tropical storm ""Kalmaegi""","Yilan, Hualien, Pingdong areas (Taiwan Sheng province)",2008,7,18,2008,7,19,138,Kph
2008-0304-GTM,2008,GTM,Latin America and the Caribbean,Storm,Tropical cyclone,2008-07-21,2008-07-21,day,0,True,Hurricane Dolly,"La Union district (Zacapa province), San Pedro Soloma area (Soloma district, Huehuetenango province)",2008,7,21,2008,7,21,,Kph
2008-0304-MEX,2008,MEX,Latin America and the Caribbean,Storm,Tropical cyclone,2008-07-20,2008-07-20,day,0,True,Hurricane Dolly,"Tamaulipas, Veracruz, Yucatan, San Luis Potosi, Nuevo Leon, Coahuila provinces",2008,7,20,2008,7,21,160,Kph
2008-0304-USA,2008,USA,Northern America,Storm,Tropical cyclone,2008-07-23,2008-07-23,day,0,False,Hurricane Dolly,"Panama city beach (Bay district, Florida province), Aransas, Bexar, Brooks, Calhoun, Cameron, Hidalgo, Jim Wells, Kenedy, Kleberg, Nueces, Refugio, San Patricio, Starr, Victoria, Willacy districts (Texas province)",2008,7,23,2008,7,23,160,Kph
2008-0329-CHN,2008,CHN,Eastern Asia,Storm,Tropical cyclone,2008-08-08,2008-08-08,day,0,False,"Tropical storm ""Kammuri"" (Julian)",Zhanjiang district (Guangdong Sheng province),2008,8,8,2008,8,11,,Kph
2008-0329-HKG,2008,HKG,Eastern Asia,Storm,Tropical cyclone,2008-08-05,2008-08-05,day,0,False,"Tropical storm ""Kammuri"" (Julian)",Hong Kong,2008,8,5,2008,8,5,,Kph
2008-0329-PHL,2008,PHL,South-eastern Asia,Storm,Tropical cyclone,2008-08-04,2008-08-04,day,0,True,"Tropical storm ""Kammuri"" (Julian)","Quezon city (Metropolitan Manila district, National Capital region (NCR) province), Cordillera Administrative region (CAR), Region I (Ilocos region), Region III (Central Luzon) provinces",2008,8,4,2008,8,4,,Kph
2008-0329-THA,2008,THA,South-eastern Asia,Storm,Tropical cyclone,2008-08-11,2008-08-11,day,0,False,"Tropical storm ""Kammuri"" (Julian)","Chiang Rai, Loei, Nakhon Phanom, Nan, Nong Khai, Phayao, Phitsanulok, Sakon Nakhon, Udon Thani, Uttaradit provinces",2008,8,11,2008,8,20,,Kph
2008-0329-VNM,2008,VNM,South-eastern Asia,Storm,Tropical cyclone,2008-08-08,2008-08-08,day,1,True,"Tropical storm ""Kammuri"" (Julian)","Lao Cai, Yen Bai, Phu Tho, Bac Kan, Quang Ninh, Ha Giang, Tuyen Quang, Lai Chau, Son La provinces",2008,8,8,2008,8,11,,Kph
2008-0338-CUB,2008,CUB,Latin America and the Caribbean,Storm,Tropical cyclone,2008-08-20,2008-08-20,day,0,False,"Tropical Storm ""Fay""","Cienfuegos, Sancti Spiritus, Guantanamo, Santiago de Cuba, Granma, Villa Clara, Ciego de Avila, Camgguey, Las Tunas, Holguín provinces",2008,8,20,2008,8,20,85,Kph
2008-0338-DOM,2008,DOM,Latin America and the Caribbean,Storm,Tropical cyclone,2008-08-18,2008-08-18,day,0,True,"Tropical Storm ""Fay""","Azua, Baoruco, Barahona, Dajabon, Distrito Nacional, Duarte, El Seibo, Elias Pina, Espaillat, Hato Mayor, Independencia, La Altagracia, La Romana, La Vega, Maria Trinidad Sanches, Monsenor Nouel, Monte Cristi, Monte Plata, Pedernales, Peravia, Puerto Plata, Salcedo, Samana, San Cristobal, San José de Ocoa, San Juan, San Pedro de Macoris, Sanchez Ramirez, Santiago, Santiago Rodriguez, Santo Domingo, Valverde provinces",2008,8,18,2008,8,18,,Kph
2008-0338-HTI,2008,HTI,Latin America and the Caribbean,Storm,Tropical cyclone,2008-08-18,2008-08-18,day,0,True,"Tropical Storm ""Fay""","Grande Anse, Centre, Sud, Nippes, Ouest, Artibonite, Nord Ouest, Nord, Nord Est, Sud Est provinces",2008,8,18,2008,8,18,,Kph
2008-0338-JAM,2008,JAM,Latin America and the Caribbean,Storm,Tropical cyclone,2008-08-18,2008-08-18,day,0,True,"Tropical Storm ""Fay""","Clarendon, Hanover, Manchester, Portland, Saint Andrew And Kingston, Saint Ann, Saint Catherine, Saint Elizabeth, Saint James, Saint Mary, Saint Thomas, Trelawny, Westmoreland provinces",2008,8,18,2008,8,24,,Kph
2008-0338-USA,2008,USA,Northern America,Storm,Tropical cyclone,2008-08-20,2008-08-20,day,0,True,"Tropical Storm ""Fay""","Florida, Georgia, Alabama, Mississippi provinces",2008,8,20,2008,8,28,100,Kph
2008-0352-BHS,2008,BHS,Latin America and the Caribbean,Storm,Tropical cyclone,2008-08-26,2008-08-26,day,0,False,"Hurricane ""Gustav""",,2008,8,26,2008,8,26,,Kph
2008-0352-CUB,2008,CUB,Latin America and the Caribbean,Storm,Tropical cyclone,2008-08-29,2008-08-29,day,0,False,"Hurricane ""Gustav""","Island of Youth, Pinar del Rio, Havana, Matanzas provinces",2008,8,29,2008,9,1,240,Kph
2008-0352-CYM,2008,CYM,Latin America and the Caribbean,Storm,Tropical cyclone,2008-08-26,2008-08-26,day,0,False,"Hurricane ""Gustav""","Grand Cayman, Little Cayman, Cayman Brac provinces",2008,8,26,2008,8,26,,Kph
2008-0352-DOM,2008,DOM,Latin America and the Caribbean,Storm,Tropical cyclone,2008-08-26,2008-08-26,day,0,True,"Hurricane ""Gustav""",Santo Domingo province,2008,8,26,2008,8,26,,Kph
2008-0352-HTI,2008,HTI,Latin America and the Caribbean,Storm,Tropical cyclone,2008-08-26,2008-08-26,day,0,True,"Hurricane ""Gustav""","Sud Est, Sud, Nippes, Ouest, Grande Anse, Artibonite, Centre provinces",2008,8,26,2008,8,26,,Kph
2008-0352-JAM,2008,JAM,Latin America and the Caribbean,Storm,Tropical cyclone,2008-08-28,2008-08-28,day,0,True,"Hurricane ""Gustav""","Saint Catherine, Saint Andrew And Kingston, Portland, Saint Thomas, Saint Mary provinces",2008,8,28,2008,8,29,,Kph
2008-0352-TCA,2008,TCA,Latin America and the Caribbean,Storm,Tropical cyclone,2008-08-26,2008-08-26,day,0,True,"Hurricane ""Gustav""","Grand Turk, Middle Caicos, North Caicos, Providenciales and West Caicos, Salt City, South and East Caicos provinces",2008,8,26,2008,8,26,,Kph
2008-0352-USA,2008,USA,Northern America,Storm,Tropical cyclone,2008-09-01,2008-09-01,day,0,True,"Hurricane ""Gustav""","Louisiana, Mississippi, Texas, Alabama provinces",2008,9,1,2008,9,1,,Kph
2008-0369-CHN,2008,CHN,Eastern Asia,Storm,Tropical cyclone,2008-08-22,2008-08-22,day,0,True,"Tropical storm ""Nuri"" (Karen)","Guangzhou, Shenzhen districts (Guangdong province)",2008,8,22,2008,8,23,,Kph
2008-0369-HKG,2008,HKG,Eastern Asia,Storm,Tropical cyclone,2008-09-22,2008-09-22,day,0,True,"Tropical storm ""Nuri"" (Karen)",Hong Kong,2008,9,22,2008,9,22,,Kph
2008-0369-PHL,2008,PHL,South-eastern Asia,Storm,Tropical cyclone,2008-08-22,2008-08-22,day,0,True,"Tropical storm ""Nuri"" (Karen)","Region I (Ilocos region), Region II (Cagayan Valley), Cordillera Administrative region (CAR) provinces",2008,8,22,2008,8,22,150,Kph
2008-0378-DOM,2008,DOM,Latin America and the Caribbean,Storm,Tropical cyclone,2008-09-03,2008-09-03,day,0,True,Hurricane 'Hanna',"Monte Cristi, Puerto Plata provinces",2008,9,3,2008,9,3,110,Kph
2008-0378-HTI,2008,HTI,Latin America and the Caribbean,Storm,Tropical cyclone,2008-09-02,2008-09-02,day,1,True,Hurricane 'Hanna',"Gonaives, Saint-Marc, Gros Morne districts (Artibonite province), Port-au-Prince district (Ouest province), Sud, Nord, Sud Est, Nippes provinces",2008,9,2,2008,9,3,,Kph
2008-0378-TCA,2008,TCA,Latin America and the Caribbean,Storm,Tropical cyclone,2008-09-01,2008-09-01,day,0,False,Hurricane 'Hanna',Providenciales and West Caicos province,2008,9,1,2008,9,1,,Kph
2008-0378-USA,2008,USA,Northern America,Storm,Tropical cyclone,2008-08-28,2008-08-28,day,0,True,Hurricane 'Hanna',"Florida, North Carolina, Maryland provinces",2008,8,28,2008,8,28,,Kph
2008-0384-BHS,2008,BHS,Latin America and the Caribbean,Storm,Tropical cyclone,2008-09-07,2008-09-07,day,0,False,Hurricane Ike,"Great Inagua, Mayaguana, Acklins, Crooked, Raaged Islands (Administrative unit not available)",2008,9,7,2008,9,7,215,Kph
2008-0384-CUB,2008,CUB,Latin America and the Caribbean,Storm,Tropical cyclone,2008-09-08,2008-09-08,day,0,True,Hurricane Ike,"Guantanamo, Santiago de Cuba, Camaguey, Holguín, Granma, Las Tunas, Ciego de Avila, Sancti Spiritus, Villa Clara, La Habana, Ciudad de la Habana, Pinar del Rio, Isla de le Juventud, Matanzas provinces",2008,9,8,2008,9,9,,Kph
2008-0384-HTI,2008,HTI,Latin America and the Caribbean,Storm,Tropical cyclone,2008-09-06,2008-09-06,day,0,True,Hurricane Ike,Gonaives district (Artibonite province),2008,9,6,2008,9,8,,Kph
2008-0384-TCA,2008,TCA,Latin America and the Caribbean,Storm,Tropical cyclone,2008-09-06,2008-09-06,day,0,False,Hurricane Ike,Grand Turk province,2008,9,6,2008,9,6,,Kph
2008-0384-USA,2008,USA,Northern America,Storm,Tropical cyclone,2008-09-12,2008-09-12,day,0,True,Hurricane Ike,"Galveston, Brazoria, Harris, Chambers, Jefferson districts (Texas province), Louisiana, Tennessee, Arkansas, Ohio, Indiana, Illinois, Missouri, Kentucky, Pennsylvania, Michigan provinces",2008,9,12,2008,9,16,200,Kph
2008-0426-CHN,2008,CHN,Eastern Asia,Storm,Tropical cyclone,2008-09-24,2008-09-24,day,0,True,"Typhoon ""Hagupit"" (Nina)","Maoming, Yangjiang, Zhanjiang districts (Guangdong province), Guangxi Zhuangzu Zizhiqu, Sichuan Sheng provinces",2008,9,24,2008,9,25,,Kph
2008-0426-HKG,2008,HKG,Eastern Asia,Storm,Tropical cyclone,2008-09-25,2008-09-25,day,0,False,"Typhoon ""Hagupit"" (Nina)",Hong Kong,2008,9,25,2008,9,25,,Kph
2008-0426-PHL,2008,PHL,South-eastern Asia,Storm,Tropical cyclone,2008-09-22,2008-09-22,day,0,True,"Typhoon ""Hagupit"" (Nina)","Itogon area (Benguet district, Cordillera Administrative region (CAR) province)",2008,9,22,2008,9,22,,Kph
2008-0426-TWN,2008,TWN,Eastern Asia,Storm,Tropical cyclone,2008-09-23,2008-09-23,day,0,True,"Typhoon ""Hagupit"" (Nina)",Taiwan Sheng province,2008,9,23,2008,9,23,,Kph
2008-0426-VNM,2008,VNM,South-eastern Asia,Storm,Tropical cyclone,2008-09-25,2008-09-25,day,0,True,"Typhoon ""Hagupit"" (Nina)","Lang Son, Son La, Bac Giang, Lao Cai, Quang Ninh, Vinh Phuc provinces",2008,9,25,2008,9,28,,Kph
2008-0437-VNM,2008,VNM,South-eastern Asia,Storm,Tropical cyclone,2008-09-30,2008-09-30,day,0,True,"Typhoon ""Mekkhala""","Quang Binh, Ha Tinh provinces",2008,9,30,2008,9,30,102,Kph
2008-0441-CHN,2008,CHN,Eastern Asia,Storm,Tropical cyclone,2008-09-28,2008-09-28,day,0,False,"Typhoon ""Jangmi"" (Ofel)","Ningde, Fuzhou, Putian, Xiamen, Quanzhou, Zhangzhou districts (Fujian Sheng province)",2008,9,28,2008,9,28,,Kph
2008-0441-TWN,2008,TWN,Eastern Asia,Storm,Tropical cyclone,2008-09-28,2008-09-28,day,0,True,"Typhoon ""Jangmi"" (Ofel)",Yilan areas (Taiwan Sheng province),2008,9,28,2008,9,28,227,Kph
2008-0442-TWN,2008,TWN,Eastern Asia,Storm,Tropical cyclone,2008-09-16,2008-09-16,day,0,True,"Typhoon ""Sinlaku""","Nantou, Taizhong areas (Taiwan Sheng province)",2008,9,16,2008,9,16,,Kph
2008-0514-CUB,2008,CUB,Latin America and the Caribbean,Storm,Tropical cyclone,2008-11-08,2008-11-08,day,0,False,Hurricane Paloma,"Santa Cruz del Sur, Najasa, Guáimaro (Camaguey province), Amancio Rodriguez (Las Tunas province), Sancti Spirtitus, Ciego de Avila, Granma provinces",2008,11,8,2008,11,8,230,Kph
2008-0514-CYM,2008,CYM,Latin America and the Caribbean,Storm,Tropical cyclone,2008-11-08,2008-11-08,day,0,False,Hurricane Paloma,"Cayman Brac, Little Cayman provinces",2008,11,8,2008,11,8,220,Kph
2008-0540-PHL,2008,PHL,South-eastern Asia,Storm,Tropical cyclone,2008-11-06,2008-11-06,day,0,True,"Tropical Storm ""Maysak"" (Quinta-Sony)","Region IV (Southern Tagalog), Region V (Bicol region), Region VI (Western Visayas), Region VII (Central Visayas), Region VIII (Eastern Visayas) provinces",2008,11,6,2008,11,11,,Kph
2008-0540-VNM,2008,VNM,South-eastern Asia,Storm,Tropical cyclone,2008-11-05,2008-11-05,day,0,True,"Tropical Storm ""Maysak"" (Quinta-Sony)",Ho Chi Minh City province,2008,11,5,2008,11,5,,Kph
2008-0552-VNM,2008,VNM,South-eastern Asia,Storm,Tropical cyclone,2008-11-17,2008-11-17,day,0,True,"Tropical storm ""Noul""","Phu Yen, Khanh Hoa, Binh Dinh, Lam Dong, Ninh Thuan, Quang Nam provinces",2008,11,17,2008,11,20,,Kph
2008-0604-ATG,2008,ATG,Latin America and the Caribbean,Storm,Tropical cyclone,2008-10-15,2008-10-15,day,0,False,"Hurricane ""Omar""",All country affected (no more data),2008,10,15,2008,10,16,,Kph
2008-0604-KNA,2008,KNA,Latin America and the Caribbean,Storm,Tropical cyclone,2008-10-15,2008-10-15,day,0,False,"Hurricane ""Omar""",,2008,10,15,2008,10,16,,Kph
2008-0609-PHL,2008,PHL,South-eastern Asia,Storm,Tropical cyclone,2008-05-13,2008-05-13,day,0,True,"TYphoon ""Rammasun"" (Butchoy)","Lambayong, Esperanza areas (Sultan Kudarat district, Region XII (Soccsksargen) province)",2008,5,13,2008,5,13,,Kph
2008-0621-PHL,2008,PHL,South-eastern Asia,Storm,Tropical cyclone,2008-07-18,2008-07-18,day,0,True,"Typhoon ""Helen""","Nueva Era, Paoay, San Nicolas, Bangui, Batac city, Dingras, Pasuquin, Marcos, Piddig, Laoag city, Bacarra, Sarrat, Currimao, Pagudpud areas (Ilocos Norte district, Region I (Ilocos region) province), Luna area (La Union district, Region I (Ilocos region) province), Santa Terisita area (Cagayan district, Region II (Cagayan Valley) province)",2008,7,18,2008,7,18,,Kph
2008-0623-PHL,2008,PHL,South-eastern Asia,Storm,Tropical cyclone,2008-09-29,2008-09-29,day,0,True,"TRopical storm ""Higos"" (Pablo)","Nueva Ecija, Pampanga districts (Region III (Central Luzon) province)",2008,9,29,2008,9,29,,Kph
2008-0644-BGD,2008,BGD,Southern Asia,Storm,Tropical cyclone,2008-03-22,2008-03-22,day,0,True,,"Jamalpur, Mymensingh, Netrakona, Sherpur districts (Dhaka province), Bogra district (Rajshahi province), Gaibandha, Kurigram districts (Rangpur province), Sunamganj, Sylhet provinces (Sylhet province)",2008,3,22,2008,3,22,100,Kph
2008-0648-BGD,2008,BGD,Southern Asia,Storm,Tropical cyclone,2008-10-27,2008-10-27,day,0,True,"Cyclone ""Reshmi""","Barisal, Patuakhali districts (Barisal province)",2008,10,27,2008,10,27,80,Kph
2009-0047-MDG,2009,MDG,Sub-Saharan Africa,Storm,Tropical cyclone,2009-01-19,2009-01-19,day,0,True,Cyclones Eric and Fanele,"Ambositra district (Amoron I Mania province), Menabe, Sofia, Sava, Atsinanana, Analanjirofo provinces",2009,1,19,2009,1,22,210,Kph
2009-0048-AUS,2009,AUS,Australia and New Zealand,Storm,Tropical cyclone,2009-01-26,2009-01-26,day,0,False,"Tropical storm ""Dominic""",Queensland province,2009,1,26,2009,2,20,,Kph
2009-0123-MDG,2009,MDG,Sub-Saharan Africa,Storm,Tropical cyclone,2009-03-17,2009-03-17,day,0,False,"Tropical storm ""Izilda""","Androy, Anosy, Atsimo Andrefana, Menabe provinces",2009,3,17,2009,3,27,140,Kph
2009-0123-MOZ,2009,MOZ,Sub-Saharan Africa,Storm,Tropical cyclone,2009-03-26,2009-03-26,day,0,False,"Tropical storm ""Izilda""",Zambezia province,2009,3,26,2009,3,27,130,Kph
2009-0137-MDG,2009,MDG,Sub-Saharan Africa,Storm,Tropical cyclone,2009-04-06,2009-04-06,day,0,True,"Tropical storm ""Jade""","Soanierana Ivongo, Maroantsetra, Mananara-Avaratra, Sainte Marie districts (Analanjirofo province), Nosy Varika, Mananjary, Vohipeno, Manakara districts (Vatovavy Fitovinany province), Port Berge (Boriziny-Vaovao), Mampikony districts (Sofia province), Amparafaravola, Moramanga districts (Alaotra Mangoro province), Vatomandry district (Atsinanana province), Vangaindrano district (Atsimo Atsinanana province), Antalaha district (Sava province)",2009,4,6,2009,4,7,160,Kph
2009-0157-BGD,2009,BGD,Southern Asia,Storm,Tropical cyclone,2009-04-19,2009-04-19,day,0,True,"Cyclone ""Bijli""","Banshkhali, Anowara, Sitakunda, Mirsaharai, Sandwip, Patiya, Boalkhali, Satkania, Chandanaish, City Corportaion of Chittagong (CCC) areas (Chittagong district, Chittagong province), Sadar, Ramu, Chakaria, Pekua, Maheshkhali, Kutubdia areas (Cox's Bazar district, Chittagong province), Hatiya area (Noakhali district, Chittagong province), Charfashion area (Bhola district, Barisal province), Pirganj area (Thakurgao district, Rangpur province)",2009,4,19,2009,4,20,100,Kph
2009-0165-PHL,2009,PHL,South-eastern Asia,Storm,Tropical cyclone,2009-05-07,2009-05-07,day,0,True,"Typhoon ""Emong"" (Chanom)","Aringay, Agoo, Bacnotan, Bagulin, Bauang, Burgos, Caba, Naguillian Pugo, Rosario, San Gabriel, San Juan, Sto Thomas, Tubao, San Fernando areas (La Union district, Region I (Ilocos region) province), Anda, Agno, Bani, Bolinao, Dasol, Infanta, Lingayan, Mabini, Sta Barbara, Sual, Alaminos city, Dagupan areas (Pangasinan district, Region I (Ilocos region) province), Ambaguio, Bagabag, Bambang, Bayombong, Dupax del Sur, Solano, Sta Fe areas (Nueva Vizcaya district, Region II (Cagayan Valley) province), Aurora, Cabaruan, Cordon, Delfin Albano, Ilagan, Luna, Quirino, Ramon, Reina Mercedes, Cauayan city, Santiago areas (Isabela district, Region II (Cagayan Valley) province), Cabarroguis, Saguiday areas (Quirino district, Region II (Cagayan Valley) province), Rizal area (Cagayan district, Region II (Cagayan Valley) province), Sta Cruz, Olongapo areas (Zambales district, Region III (Central Luzon) province), Guagua area (Pampanga district, Region III (Central Luzon) province), Kiangan, Asipulo, Lamut, Lagawe, Hingyon, Hungduan, Tinoc, Aguinaldo, Alfonso Lista areas (Ifugao district, Cordillera Administrative region (CAR) province), Pinukpuk, Lubuagan areas (Kalinga district, Cordillera Administrative region (CAR) province), Baguio city (Benguet district, Cordillera Administrative region (CAR) province)",2009,5,7,2009,5,10,139,Kph
2009-0174-PHL,2009,PHL,South-eastern Asia,Storm,Tropical cyclone,2009-04-29,2009-04-29,day,0,True,"Typhhon ""Dante"" (Kujira)",Region V (Bicol region) province,2009,4,29,2009,5,5,148,Kph
2009-0204-BGD,2009,BGD,Southern Asia,Storm,Tropical cyclone,2009-05-25,2009-05-25,day,1,True,"Cyclone ""Aila""","Khulna, Satkhira, Jessore, Bagerhat districts (Khulna province), Patuakhali, Bhola, Barisal, Barguna, Pirojpur, Jhalokati districts (Barisal province), Lakshmipur, Chittagong, Noakhali, Cox's Bazar, Feni, Chandpur districts (Chittagong province)",2009,5,25,2009,5,26,90,Kph
2009-0204-BTN,2009,BTN,Southern Asia,Storm,Tropical cyclone,2009-05-25,2009-05-25,day,0,True,"Cyclone ""Aila""","Chhukha, Dagana, Gasa, Haa, Paro, Punakha, Samtse, Thimphu, Tsirang, Wangduephodrang provinces",2009,5,25,2009,5,26,,Kph
2009-0204-IND,2009,IND,Southern Asia,Storm,Tropical cyclone,2009-05-25,2009-05-25,day,0,True,"Cyclone ""Aila""","Sagar, Namkhana, Kakdwip, Pathar Pratima, Canning, Basanti, Mathurapur, Kultali villages (South 24 Parganas district, West Bengal province), Kolkata, North 24 Parganas, Haora, Hugli, Darjiling districts (West Bengal province)",2009,5,25,2009,5,25,110,Kph
2009-0239-PHL,2009,PHL,South-eastern Asia,Storm,Tropical cyclone,2009-07-23,2009-07-23,day,0,True,"Topical Storm ""Feria"" (Nangka)","Metropolitan Manila district (National Capital region (NCR) province), Pampanga district (Region III (Central Luzon) province), Batangas, Cavite, Quezon districts (Region IV-A (Calabarzon) province), Romblon, Mindoro Oriental, Mindoro Occidental, Marinduque districts (Region IV (Southern Tagalog) province), Albay, Camarines Sur, Masbate districts (Region V (Bicol region) province), Antique district (Region VI (Western Visayas) province), Cebu district (Region VII (Central Visayas) province), Region VIII (Eastern Visayas) province",2009,7,23,2009,7,26,83,Kph
2009-0265-PHL,2009,PHL,South-eastern Asia,Storm,Tropical cyclone,2009-07-18,2009-07-18,day,0,True,"Tropical Storm ""Isang"" (Molave)","Dingras, Nueva Era, Paoay, Batac, Adams, Pinili, Piddig, San Nicolas, Banna, Marcos, Solsona, Sarrat, Pasuqion areas (Ilocos Norte district, Region I (Ilocos region) province), Naic, Kawit, Noveleta, Bacoor, Cavite areas (Cavite district, Region IV-A (Calabarzon) province), San Mateo, Rodriguez areas (Rizal district, Region IV-A (Calabarzon) province), Passig, Las Pinas, Marikina, Quezon, Taguig areas (Metropolitan Manila district, National Capital region (NCR) province)",2009,7,18,2009,7,18,,Kph
2009-0316-JPN,2009,JPN,Eastern Asia,Storm,Tropical cyclone,2009-08-10,2009-08-10,day,0,True,"Typhoon ""Etau""","Hyoogo, Okayama provinces",2009,8,10,2009,8,10,,Kph
2009-0321-CHN,2009,CHN,Eastern Asia,Storm,Tropical cyclone,2009-08-09,2009-08-09,day,0,True,Typhoon Morakot (Kiko),"Fujian Sheng, Zhejiang Sheng, Jiangxi Sheng, Anhui Sheng, Jiangsu Sheng provinces",2009,8,9,2009,8,10,83,Kph
2009-0321-PHL,2009,PHL,South-eastern Asia,Storm,Tropical cyclone,2009-08-04,2009-08-04,day,0,True,Typhoon Morakot (Kiko),"Benguet district (Cordillera Administrative region (CAR) province), Tarlac, Zambales districts (Region III (Central Luzon) province), Pangasinan district (Region I (Ilocos region) province)",2009,8,4,2009,8,8,,Kph
2009-0321-TWN,2009,TWN,Eastern Asia,Storm,Tropical cyclone,2009-08-07,2009-08-07,day,1,True,Typhoon Morakot (Kiko),"Pingdong, Hualian, Gaoxiong, Taizhong, Tainan, Nantou, Taidong, Jianyi areas (Taiwan Sheng province)",2009,8,7,2009,8,8,148,Kph
2009-0342-CAN,2009,CAN,Northern America,Storm,Tropical cyclone,2009-08-23,2009-08-23,day,0,False,Hurricane Bill,"Nova Scotia, Newfoundland and Labrador provinces",2009,8,23,2009,8,23,,Kph
2009-0342-USA,2009,USA,Northern America,Storm,Tropical cyclone,2009-08-23,2009-08-23,day,0,True,Hurricane Bill,Maine province,2009,8,23,2009,8,23,,Kph
2009-0360-PHL,2009,PHL,South-eastern Asia,Storm,Tropical cyclone,2009-09-02,2009-09-02,day,0,True,Tropical storm Labuyo (Dujuan),"Botolan area (Zambales district, Region III (Central Luzon) province), Pilar, Morong, Hermosa, Dinalupihan areas (Bataan district, Region III (Central Luzon) province), Sibalom area (Antique district, Region VI (Western Visayas) province), San Erique, Pontevedra, La Carlota City, Valladolid, Hinigaran areas (Negros Occidental district, Region VI (Western Visayas) province), Bayawan city (Negros Oriental district, Region VII (Central Visayas) province)",2009,9,2,2009,9,8,,Kph
2009-0373-PHL,2009,PHL,South-eastern Asia,Storm,Tropical cyclone,2009-09-08,2009-09-08,day,0,True,Tropical depression Maring,"Botolan, Iba, San Antonio, San Felipe, San Marcelino areas (Zambales district, Region III (Central Luzon) province), Abucay, Bagac, Dinalupihan, Hermosa, Morong, Pilar, Samal areas (Bataan district, Region III (Central Luzon) province), Apalit, Arayat, Bacolor, Floridabanca, Guagua, Lubao, Masantol, Mexico, Minalin, San Luis, Sasmuan, Stanta Ana, Santo Thomas areas (Pampanga district, Region III (Central Luzon) province), Balagtas, Calumpit, Guiguinto, Marilao, Meycauayan, San Miguel areas (Bulacan district, Region III (Central Luzon) province), Calamba city (Laguna district, Region IV-A (Calabarzon) province)",2009,9,8,2009,9,9,,Kph
2009-0374-PHL,2009,PHL,South-eastern Asia,Storm,Tropical cyclone,2009-09-12,2009-09-12,day,0,True,Tropical Depression Nando,"Santa Teresita area (Cagayan district, Region II (Cagayan Valley) province), Silang area (Cavite district, Region IV-A (Calabarzon) province), Santa Cruz, Bay, Los Banos, Santa Rosa, Calamba, Banan, San Pedro areas (Laguna district, Region IV-A (Calabarzon) province), Pasil area (Kalinga district, Cordillera Administrative region (CAR) province)",2009,9,12,2009,9,13,,Kph
2009-0384-MEX,2009,MEX,Latin America and the Caribbean,Storm,Tropical cyclone,2009-09-02,2009-09-02,day,0,True,Hurricane Jimena,"Loreto district (Zacatecas province), Comondu, Mulege, Baja California Sur districts (Baja California Sur province)",2009,9,2,2009,9,3,206,Kph
2009-0399-CHN,2009,CHN,Eastern Asia,Storm,Tropical cyclone,2009-09-14,2009-09-14,day,0,True,"Typhoon ""Koppu""",Guangdong Sheng province,2009,9,14,2009,9,14,126,Kph
2009-0399-HKG,2009,HKG,Eastern Asia,Storm,Tropical cyclone,2009-09-15,2009-09-15,day,0,False,"Typhoon ""Koppu""",Hong Kong,2009,9,15,2009,9,15,120,Kph
2009-0414-KHM,2009,KHM,South-eastern Asia,Storm,Tropical cyclone,2009-09-29,2009-09-29,day,0,True,"Tropical storm ""Ondoy"" (Ketsana)","Kampong Thom, Kratie, Mondul Kiri, Preah Vihear, Ratanak Kiri, Stung Treng provinces",2009,9,29,2009,9,30,,Kph
2009-0414-LAO,2009,LAO,South-eastern Asia,Storm,Tropical cyclone,2009-09-29,2009-09-29,day,0,True,"Tropical storm ""Ondoy"" (Ketsana)","Attapu, Xekong, Savannakhet, Salavan provinces",2009,9,29,2009,10,1,,Kph
2009-0414-PHL,2009,PHL,South-eastern Asia,Storm,Tropical cyclone,2009-09-24,2009-09-24,day,1,True,"Tropical storm ""Ondoy"" (Ketsana)","Bolinao, Sual, Dagupan areas (Pangasinan district, Region I (Ilocos region) province), Rizal, Cabarroguis areas (Quirino district, Region II (Cagayan Valley) province), Mandaluyong, Manila, Marikina, Muntinlupa, Navotas, Paranaque, Pasig, Las Pinas, Caloocan, Makati, Valenzuela, Malabon, Pateros, Quezon, Taguig, San Juan, Pasay areas (Metropolitan Manila district, National Capital region (NCR) province), Balanga, Orani, Mariveles, Hermosa areas (Bataan district, Region III (Central Luzon) province), Angat, Balagtas, Baliwag, Bocaue, Bulacan, Bustos, Calumpit, Guiguinto, Hagonoy, Malolos, Marilao, Meycauayan, Plaridel, San Miguel areas (Bulacan district, Region III (Central Luzon) province), Arayal, Bacolor, Lubao, Mabelacat, San Simon, San Luis, San Fernando city, Sto.Tomas, Floridablanca, Sta.Rita areas (Pampanga district, Region III (Central Luzon) province), Licab area (Nueva Ecija district, Region III (Central Luzon) province), Magsaysay, San Jose areas (Mindoro Occidental district, Region IV (Southern Tagalog) province), Naga City, Sangay, Pasacao areas (Camarines Sur district, Region V (Bicol region) province), San Pascuan area (Masbate district, Region V (Bicol region) province), Pioduran area (Albay district, Region V (Bicol region) province), Pilar area (Sorsogon district, Region V (Bicol region) province), Zamboanga city (Zamboanga Del Sur district, Region IX (Zamboanga Peninsula) province), Kalamasig area (Sultan Kudarat district, Region XII (Soccsksargen) province), Kabugao area (Apayao district, Cordillera Administrative region (CAR) province), Kabayan area (Benguet district, Cordillera Administrative region (CAR) province), Region IV-A (Calabarzon) province",2009,9,24,2009,9,27,,Kph
2009-0414-VNM,2009,VNM,South-eastern Asia,Storm,Tropical cyclone,2009-09-28,2009-09-28,day,1,True,"Tropical storm ""Ondoy"" (Ketsana)","Binh Dinh, Da Nang City, Dak Lak, Gia Lai, Ha Tinh, Thua Thien - Hue, Kon Tum, Lam Dong, Phu Yen, Quang Binh, Quang Nam, Quang Ngai, Quang Tri provinces",2009,9,28,2009,9,29,170,Kph
2009-0422-CHN,2009,CHN,Eastern Asia,Storm,Tropical cyclone,2009-10-13,2009-10-13,day,0,True,"Typhoon ""Pepeng"" (Parma)","Hainan Sheng, Guangdong Sheng provinces",2009,10,13,2009,10,13,,Kph
2009-0422-PHL,2009,PHL,South-eastern Asia,Storm,Tropical cyclone,2009-09-29,2009-09-29,day,1,True,"Typhoon ""Pepeng"" (Parma)","Isabela, Nueva Vizcaya, Cagayan districts (Region II (Cagayan Valley) province), Quezon district (Region IV-A (Calabarzon) province), Albay, Camarines Sur, Catanduanes, Sorsogon districts (Region V (Bicol region) province), Negros Occidental district (Region VI (Western Visayas) province), Cordillera Administrative region (CAR), National Capital region (NCR), Region I (Ilocos region), Region III (Central Luzon) provinces",2009,9,29,2009,10,10,145,Kph
2009-0422-VNM,2009,VNM,South-eastern Asia,Storm,Tropical cyclone,2009-10-14,2009-10-14,day,0,False,"Typhoon ""Pepeng"" (Parma)","Bac Giang, Bac Kan, Bac Ninh, Cao Bang, Dien Bien, Ha Giang, Ha Nam, Ha Noi City, Ha Tay, Hai Duong, Hai Phong City, Hoa Binh, Hung Yen, Lai Chau, Lang Son, Lao Cai, Nam Dinh, Ninh Binh, Phu Tho, Quang Ninh, Son La, Thai Binh, Thai Nguyen, Thanh Hoa, Tuyen Quang, Vinh Phuc, Yen Bai provinces",2009,10,14,2009,10,14,,Kph
2009-0423-JPN,2009,JPN,Eastern Asia,Storm,Tropical cyclone,2009-10-07,2009-10-07,day,0,True,"TYphoon ""Melor""","Mie, Aiti, Gifu, Siga, Wakayama, Miyagi, Saitama provinces",2009,10,7,2009,10,9,220,Kph
2009-0477-MEX,2009,MEX,Latin America and the Caribbean,Storm,Tropical cyclone,2009-11-08,2009-11-08,day,0,False,"Hurricane ""Ida""",Tabasco province,2009,11,8,2009,11,8,,Kph
2009-0477-NIC,2009,NIC,Latin America and the Caribbean,Storm,Tropical cyclone,2009-11-05,2009-11-05,day,0,False,"Hurricane ""Ida""","Atlantico Sur, Atlantico Norte provinces",2009,11,5,2009,11,5,140,Kph
2009-0477-SLV,2009,SLV,Latin America and the Caribbean,Storm,Tropical cyclone,2009-11-07,2009-11-07,day,1,True,"Hurricane ""Ida""","San Vicente, San Salvador, Cabanas, Cuscatlan, La Paz, La Libertad, Usulutan provinces",2009,11,7,2009,11,9,,Kph
2009-0477-USA,2009,USA,Northern America,Storm,Tropical cyclone,2009-11-09,2009-11-09,day,0,True,"Hurricane ""Ida""","Kent, Sussex districts (Delaware province), Atlantic, Burlington, Cape May, Cumberland, Monmouth, Ocean districts (New Jersey province), Virginia, New York, North Carolina, Pennsylvannia provinces",2009,11,9,2009,11,10,,Kph
2009-0478-KHM,2009,KHM,South-eastern Asia,Storm,Tropical cyclone,2009-11-02,2009-11-02,day,0,True,"Tropical storm ""Mirinae"" (Santi)",Kaoh Nheaek district (Mondul Kiri province),2009,11,2,2009,11,3,,Kph
2009-0478-PHL,2009,PHL,South-eastern Asia,Storm,Tropical cyclone,2009-10-28,2009-10-28,day,0,True,"Tropical storm ""Mirinae"" (Santi)","Aurora, Bataan, Bulacan districts (Region III (Central Luzon) province), Mindoro Occidental, Mindoro Oriental districts (Region IV (Southern Tagalog) province), Albay, Camarines Norte, Camarines Sur districts (Region V (Bicol region) province), National Capital region (NCR), Region IV-A (Calabarzon) province",2009,10,28,2009,10,28,140,Kph
2009-0478-VNM,2009,VNM,South-eastern Asia,Storm,Tropical cyclone,2009-11-02,2009-11-02,day,1,True,"Tropical storm ""Mirinae"" (Santi)","Binh Dinh, Phu Yen, Khanh Hoa, Ninh Thuan, Dak Lak, Quang Nam, Quang Ngai, Kon Tum, Gia Lai provinces",2009,11,2,2009,11,2,140,Kph
2009-0521-PHL,2009,PHL,South-eastern Asia,Storm,Tropical cyclone,2009-11-25,2009-11-25,day,0,True,"Tropical depression ""Urduja""","Agusan del Norte district (Region XIII (Caraga) province), Region VII (Central Visayas), Region X (Northern Mindanao) provinces",2009,11,25,2009,11,25,,Kph
2009-0554-FJI,2009,FJI,Melanesia,Storm,Tropical cyclone,2009-12-14,2009-12-14,day,0,True,Cyclone 'Mick',"Central, Western provinces",2009,12,14,2009,12,15,100,Kph
2009-0606-PHL,2009,PHL,South-eastern Asia,Storm,Tropical cyclone,2009-08-01,2009-08-01,day,0,True,Goni (Jolina),"Panay area (Capiz district, Region VI (Western Visayas) province), Negros Occidental, Negros Oriental districts (Region VII (Central Visayas) province), Region IX (Zamboanga Peninsula), Region X (Northern Mindanao), Region XI (Davao Region), Region XII (Soccsksargen), Region XIII (Caraga) provinces",2009,8,1,2009,8,3,,Kph
2009-0609-IND,2009,IND,Southern Asia,Storm,Tropical cyclone,2009-11-11,2009-11-11,day,0,True,Cyclone Phyan,"Gujarat, Madhya Pradesh, Maharashtra provinces",2009,11,11,2009,11,12,,Kph
2009-0621-CHN,2009,CHN,Eastern Asia,Storm,Tropical cyclone,2009-08-01,2009-08-01,day,0,True,"Tropical cylone ""Goni""","Guangdong Sheng, Guangxi Zhuangzu Zizhiqu, Hainan Sheng provinces",2009,8,1,2009,8,5,,Kph
2010-0044-PYF,2010,PYF,Polynesia,Storm,Tropical cyclone,2010-02-04,2010-02-04,day,0,True,"Cyclone ""Oli""","Tubuai island (Australes archipelagos), Bora Bora, Maupiti, Raiatea, Tahaa, Huahine islands (Iles sous le Vent group), Tahiti, Moorea, Maiao island (Iles du vent group)",2010,2,4,2010,2,4,260,Kph
2010-0078-COK,2010,COK,Polynesia,Storm,Tropical cyclone,2010-02-11,2010-02-11,day,0,False,Pat,"Aitutaki, Rarotonga, Palmerston islands",2010,2,11,2010,2,19,200,Kph
2010-0104-MDG,2010,MDG,Sub-Saharan Africa,Storm,Tropical cyclone,2010-03-10,2010-03-10,day,1,True,"Tropical storm ""Hubert""","Farafangana, Vangaindrano districts (Atsimo Atsinanana province), Ambatondrazaka district (Alaotra Mangoro province), Vatovavy Fitovinany province",2010,3,10,2010,3,12,,Kph
2010-0106-FJI,2010,FJI,Melanesia,Storm,Tropical cyclone,2010-03-14,2010-03-14,day,0,True,"Cyclone ""Tomas""","Central, Easter, Northern, Western provinces",2010,3,14,2010,3,16,250,Kph
2010-0120-AUS,2010,AUS,Australia and New Zealand,Storm,Tropical cyclone,2010-03-21,2010-03-21,day,0,True,"Cyclone ""Ului""","Mackay, Whitsunday districts (Queensland province)",2010,3,21,2010,3,21,200,Kph
2010-0120-SLB,2010,SLB,Melanesia,Storm,Tropical cyclone,2010-03-15,2010-03-15,day,0,False,"Cyclone ""Ului""","Isabel, Malaita, Guadalcanal, Temotu, Makira/Uluawa, Rennel/Bellona areas (Solomon Islands province)",2010,3,15,2010,3,15,,Kph
2010-0171-BGD,2010,BGD,Southern Asia,Storm,Tropical cyclone,2010-04-13,2010-04-13,day,0,True,,"Rangpur, Dinajpur, Nilphamari, Lalmonirhat, Kurigram, Gaibandha districts (Rangpur province), Sirajganj, Bogra districts (Rajshahi province)",2010,4,13,2010,4,14,120,Kph
2010-0171-IND,2010,IND,Southern Asia,Storm,Tropical cyclone,2010-04-13,2010-04-13,day,1,True,,"Bihar, West Bengal, Assam provinces",2010,4,13,2010,4,14,,Kph
2010-0198-IND,2010,IND,Southern Asia,Storm,Tropical cyclone,2010-05-20,2010-05-20,day,0,True,"Cyclone ""Laila""","Krishna, Prakasam, Nellore, Guntur districts (Andhra Pradesh province), Tamil Nadu province",2010,5,20,2010,5,20,110,Kph
2010-0205-BGD,2010,BGD,Southern Asia,Storm,Tropical cyclone,2010-04-17,2010-04-17,day,0,True,,Lalmonirhat district (Rangpur province),2010,4,17,2010,4,17,,Kph
2010-0210-OMN,2010,OMN,Western Asia,Storm,Tropical cyclone,2010-06-06,2010-06-06,day,0,True,"Cyclone ""Phet""","A Dakhliya, A Sharqiya, Al Batnah, Al Dhahira, Al Wusta, Dhofar, Musandam, Muscat provinces",2010,6,6,2010,6,6,,Kph
2010-0210-PAK,2010,PAK,Southern Asia,Storm,Tropical cyclone,2010-06-06,2010-06-06,day,0,True,"Cyclone ""Phet""","Sindh, Balochistan provinces",2010,6,6,2010,6,7,,Kph
2010-0211-GTM,2010,GTM,Latin America and the Caribbean,Storm,Tropical cyclone,2010-05-28,2010-05-28,day,1,True,Hurricane 'Agatha',"Guatemala district (Guatemala province), Alta Verapaz, El Progreso, Zacapa, Izabal, Sololá, Quetzaltenango, Retalhuleu, Suchitepéquez, Sacatepéque, Escuintla, Totonicapan, Huethuetenango, Quiché provinces",2010,5,28,2010,6,1,,Kph
2010-0211-HND,2010,HND,Latin America and the Caribbean,Storm,Tropical cyclone,2010-05-29,2010-05-29,day,0,True,Hurricane 'Agatha',"Copan, Santa Barbara, Cortes, Yoro, Paraiso, Francisco Morazan, Choluteca, Valle, La Paz, Intibuca, Lempira, Ocotepeque, Comayagua provinces",2010,5,29,2010,5,29,,Kph
2010-0211-SLV,2010,SLV,Latin America and the Caribbean,Storm,Tropical cyclone,2010-05-29,2010-05-29,day,0,True,Hurricane 'Agatha',"San Salvador, Sonsonate, Ahuachapan, La Libertad provinces",2010,5,29,2010,6,1,,Kph
2010-0260-GTM,2010,GTM,Latin America and the Caribbean,Storm,Tropical cyclone,2010-06-27,2010-06-27,day,0,False,"Tropical storm ""Alex""","Santa Lucía Utatlán district (Solola province), Suchitepéquez, San Marcos, Jutiapa provinces",2010,6,27,2010,6,27,,Kph
2010-0260-MEX,2010,MEX,Latin America and the Caribbean,Storm,Tropical cyclone,2010-06-30,2010-06-30,day,0,True,"Tropical storm ""Alex""","Nuevo Leon, Coahuila, Tamaulipas, Oaxaca provinces",2010,6,30,2010,7,7,135,Kph
2010-0260-NIC,2010,NIC,Latin America and the Caribbean,Storm,Tropical cyclone,2010-06-27,2010-06-27,day,0,True,"Tropical storm ""Alex""",Atlantico Norte province,2010,6,27,2010,6,27,,Kph
2010-0260-SLV,2010,SLV,Latin America and the Caribbean,Storm,Tropical cyclone,2010-06-27,2010-06-27,day,0,True,"Tropical storm ""Alex""",San Miguel province,2010,6,27,2010,6,27,,Kph
2010-0308-CHN,2010,CHN,Eastern Asia,Storm,Tropical cyclone,2010-07-16,2010-07-16,day,0,True,Typhoon Conson (Basyang),Hainan Sheng province,2010,7,16,2010,7,16,,Kph
2010-0308-PHL,2010,PHL,South-eastern Asia,Storm,Tropical cyclone,2010-07-12,2010-07-12,day,1,True,Typhoon Conson (Basyang),"Manila City, Muntinlupa City, Pateros areas (Metropolitan Manila district, National Capital region (NCR) province), Dingalan area (Aurora district, Region III (Central Luzon) province), Abucay, Bagac, Balanga, Limay, Mariveles, Morong, Orani, Orion, Samal (Bataan district, Region III (Central Luzon) province), Malolos city (Bulacan district, Region III (Central Luzon) province), Masantol area (Pampanga district, Region III (Central Luzon) province), Basud, Capalonga, Daet, Jose Panganiban, Labo, Mercedes, Paracale, San Lorenzo Ruiz, Santa Elena, Talisay, Vinzons areas (Camarines Norte district, Region V (Bicol region) province), Bombon, Caramoan, Lagonoy, Pasacao, Siruma areas (Camarines Sur district, Region V (Bicol region) province), Bagamanoc, Caramoran, Gigmoto, Pandan areas (Catanduanes district, Region V (Bicol region) province), Region IV-A (Calabarzon) province",2010,7,12,2010,7,15,120,Kph
2010-0308-VNM,2010,VNM,South-eastern Asia,Storm,Tropical cyclone,2010-07-17,2010-07-17,day,0,True,Typhoon Conson (Basyang),"Thanh Hoa, Quang Ngai, Quang Ninh provinces",2010,7,17,2010,7,17,,Kph
2010-0332-HKG,2010,HKG,Eastern Asia,Storm,Tropical cyclone,2010-07-21,2010-07-21,day,0,True,Typhoon Chanthu,Hong Kong,2010,7,21,2010,7,23,,Kph
2010-0332-VNM,2010,VNM,South-eastern Asia,Storm,Tropical cyclone,2010-07-23,2010-07-23,day,0,True,Typhoon Chanthu,"Cao Bang, Ha Giang, Lao Cai provinces",2010,7,23,2010,7,25,,Kph
2010-0383-PHL,2010,PHL,South-eastern Asia,Storm,Tropical cyclone,2010-08-09,2010-08-09,day,0,True,Tropical storm Ester (Dianmu),"Sitio Sabitan area (Santo Rosario borough, Malolos city, Bulacan district, Region III (Central Luzon) province), Navostas area (Metropolitan Manila district, National Capital region (NCR) province), Region IV (Southern Tagalog) province",2010,8,9,2010,8,9,95,Kph
2010-0426-MEX,2010,MEX,Latin America and the Caribbean,Storm,Tropical cyclone,2010-08-23,2010-08-23,day,0,True,Hurricane Frank,"Oaxaca, Tabasco, Veracruz provinces",2010,8,23,2010,8,24,,Kph
2010-0432-VNM,2010,VNM,South-eastern Asia,Storm,Tropical cyclone,2010-08-24,2010-08-24,day,0,True,Typhoon Mindulle,"Nghe An, Thanh Hoa, Ha Tinh provinces",2010,8,24,2010,8,25,230,Kph
2010-0468-ATG,2010,ATG,Latin America and the Caribbean,Storm,Tropical cyclone,2010-08-29,2010-08-29,day,0,False,Hurricane Earl,All country affected (no data),2010,8,29,2010,8,31,142,Kph
2010-0468-USA,2010,USA,Northern America,Storm,Tropical cyclone,2010-09-03,2010-09-03,day,0,True,Hurricane Earl,"North Carolina, Virginia, Maryland, Massachusetts, Rhode Island provinces",2010,9,3,2010,9,3,,Kph
2010-0479-KOR,2010,KOR,Eastern Asia,Storm,Tropical cyclone,2010-09-02,2010-09-02,day,0,True,Typhoon Kompasu,"Chungchongnam-do, Chollanam-do, Kwangju, Inchon, Seoul provinces",2010,9,2,2010,9,2,120,Kph
2010-0479-PRK,2010,PRK,Eastern Asia,Storm,Tropical cyclone,2010-09-02,2010-09-02,day,0,True,Typhoon Kompasu,"Hamgyong-bukto, Hamgyong-namdo, Hwanghae-bukto, Hwanghae-namdo, Kaesong-si, Kangwon-do, P'yongan-namdo, P'yongyang-si provinces",2010,9,2,2010,9,2,,Kph
2010-0484-CHN,2010,CHN,Eastern Asia,Storm,Tropical cyclone,2010-09-20,2010-09-20,day,0,True,Typhoon Fanapi,"Fujian Sheng, Guangdong Sheng provinces",2010,9,20,2010,9,20,,Kph
2010-0484-TWN,2010,TWN,Eastern Asia,Storm,Tropical cyclone,2010-09-18,2010-09-18,day,0,True,Typhoon Fanapi,"Hualian, Gaoxiong, Pingdong areas (Taiwan Sheng province)",2010,9,18,2010,9,20,220,Kph
2010-0494-MEX,2010,MEX,Latin America and the Caribbean,Storm,Tropical cyclone,2010-09-15,2010-09-15,day,0,True,Hurricane 'Karl',"Campeche, Veracruz, Tabasco, Puebla provinces",2010,9,15,2010,9,17,195,Kph
2010-0501-JAM,2010,JAM,Latin America and the Caribbean,Storm,Tropical cyclone,2010-09-29,2010-09-29,day,0,True,Tropical storm 'Nicole',"Clarendon, Saint Catherine, Saint James, Hanover, Saint Mary, Saint Elizabeth, Saint Ann, Saint Andrew And Kingston, Westmoreland provinces",2010,9,29,2010,9,30,65,Kph
2010-0503-BLZ,2010,BLZ,Latin America and the Caribbean,Storm,Tropical cyclone,2010-09-25,2010-09-25,day,0,False,Tropical storm Matthew,"Toledo, Stann Creek provinces",2010,9,25,2010,9,25,,Kph
2010-0503-GTM,2010,GTM,Latin America and the Caribbean,Storm,Tropical cyclone,2010-09-25,2010-09-25,day,0,False,Tropical storm Matthew,"Peten, Isabel, Suchitepequez, Huehuetenango, El Progreso provinces",2010,9,25,2010,9,25,,Kph
2010-0503-HND,2010,HND,Latin America and the Caribbean,Storm,Tropical cyclone,2010-09-25,2010-09-25,day,0,True,Tropical storm Matthew,"Paraiso, Atlantida, Islas De Bahia, Colon, Yoro, Gracias A Dios, Comayagua provinces",2010,9,25,2010,9,25,,Kph
2010-0503-MEX,2010,MEX,Latin America and the Caribbean,Storm,Tropical cyclone,2010-09-25,2010-09-25,day,0,True,Tropical storm Matthew,"Chiapas, Veracruz, Tabasco, Oaxaca, Nuevo León provinces",2010,9,25,2010,9,25,,Kph
2010-0503-NIC,2010,NIC,Latin America and the Caribbean,Storm,Tropical cyclone,2010-09-24,2010-09-24,day,0,False,Tropical storm Matthew,"Atlantico Norte, Atlantico Sur, Boaco, Carazo, Chinandega, Chontales, Esteli, Granada, Jinotega, Leon, Madriz, Managua, Masaya, Matagalpa, Nueva Segovia, Rio San Juan, Rivas provinces",2010,9,24,2010,9,24,,Kph
2010-0503-SLV,2010,SLV,Latin America and the Caribbean,Storm,Tropical cyclone,2010-09-25,2010-09-25,day,0,True,Tropical storm Matthew,"Ahuachapan, Cabanas, Chalatenango, Cuscatlan, La Libertad, La Paz, La Union, Morazan, San Miguel, San Salvador, San Vicente, Santa Ana, Sonsonate, Usulutan provinces",2010,9,25,2010,9,25,,Kph
2010-0503-VEN,2010,VEN,Latin America and the Caribbean,Storm,Tropical cyclone,2010-09-24,2010-09-24,day,0,True,Tropical storm Matthew,"Distrito Capital, Sucre provinces",2010,9,24,2010,9,24,,Kph
2010-0522-USA,2010,USA,Northern America,Storm,Tropical cyclone,2010-09-07,2010-09-07,day,0,True,Tropical storm Hermine,Texas province,2010,9,7,2010,9,11,,Kph
2010-0543-CHN,2010,CHN,Eastern Asia,Storm,Tropical cyclone,2010-10-22,2010-10-22,day,0,False,Typhoon Megi (Juan),Fujian Sheng province,2010,10,22,2010,10,22,,Kph
2010-0543-PHL,2010,PHL,South-eastern Asia,Storm,Tropical cyclone,2010-10-18,2010-10-18,day,0,True,Typhoon Megi (Juan),"Aringuay, Bangar areas (La Union district, Region I (Ilocos region) province), Bolinao areas (Pangasinan district, Region I (Ilocos region) province), Aparri, Claveria, Gonzaga, Iguig, Lasam, Rizal, Santa Aba, Santa Praxedes, Santa Teresita, Santo Nino, Tiao areas (Cagayan district, Region II (Cagayan Valley) province), Dinapigue, Divilacan, San Mariano, Santa Maria (Isabela district, Region II (Cagayan Valley) province), Casiguran, Dilasag, Dinalungan areas (Aurora district, Region III (Central Luzon) province), Bagio City, Itogon, La Trinidad, Tublay areas (Benguet district, Cordillera Administrative region (CAR) province), Pinukbuk, Tabuk areas (Kalinga district, Cordillera Administrative region (CAR) province), Tadian area (Mountain Province district, Cordillera Administrative region (CAR) province)",2010,10,18,2010,10,18,260,Kph
2010-0543-TWN,2010,TWN,Eastern Asia,Storm,Tropical cyclone,2010-10-22,2010-10-22,day,0,True,Typhoon Megi (Juan),Taiwan Sheng province,2010,10,22,2010,10,22,,Kph
2010-0554-MMR,2010,MMR,South-eastern Asia,Storm,Tropical cyclone,2010-10-22,2010-10-22,day,0,True,Cyclone 'Giri',"Kyaukpyu, Manaung areas (Kyaukpyu district, Rakhine province), Minbya, Myebon, Pauktaw areas (Sittwe district, Rakhine province), Salin area (Minbu district, Magway province), Seikphyu, Pakokku, Paukkhaung areas (Pakokku district, Magway province)",2010,10,22,2010,10,22,193,Kph
2010-0571-BRB,2010,BRB,Latin America and the Caribbean,Storm,Tropical cyclone,2010-10-29,2010-10-29,day,0,False,Hurricane Tomas,"St. John, St. Andrew, St. Joseph, St. Michael, St. George provinces",2010,10,29,2010,10,29,,Kph
2010-0571-DOM,2010,DOM,Latin America and the Caribbean,Storm,Tropical cyclone,2010-10-29,2010-10-29,day,0,False,Hurricane Tomas,"Azua, Baoruco, Barahona, Dajabon, Distrito Nacional, Duarte, El Seibo, Elias Pina, Espaillat, Hato Mayor, Independencia, La Altagracia, La Romana, La Vega, Maria Trinidad Sanches, Monsenor Nouel, Monte Cristi, Monte Plata, Pedernales, Peravia, Puerto Plata, Salcedo, Samana, San Cristobal, San José de Ocoa, San Juan, San Pedro de Macoris, Sanchez Ramirez, Santiago, Santiago Rodriguez, Santo Domingo, Valverde provinces",2010,10,29,2010,10,29,,Kph
2010-0571-HTI,2010,HTI,Latin America and the Caribbean,Storm,Tropical cyclone,2010-11-04,2010-11-04,day,0,True,Hurricane Tomas,"Port-au-Prince, Leogane districts (Ouest province), Cayes district (Sud province), Jacmel district (Sud Est province), Grande Anse province",2010,11,4,2010,11,5,130,Kph
2010-0571-LCA,2010,LCA,Latin America and the Caribbean,Storm,Tropical cyclone,2010-10-30,2010-10-30,day,0,True,Hurricane Tomas,"Region Number 1, Region Number 2, Region Number 8 provinces",2010,10,30,2010,10,30,150,Kph
2010-0571-VCT,2010,VCT,Latin America and the Caribbean,Storm,Tropical cyclone,2010-10-29,2010-10-29,day,0,False,Hurricane Tomas,"Charlotte, Grenadines, Saint Andrew, Saint David, Saint George, Saint Patrick provinces",2010,10,29,2010,10,29,,Kph
2010-0691-CHN,2010,CHN,Eastern Asia,Storm,Tropical cyclone,2010-09-09,2010-09-09,day,0,True,Typhoon Meranti,"Fujian Sheng, Zhejiang Sheng provinces",2010,9,9,2010,9,9,100,Kph
2010-0693-IND,2010,IND,Southern Asia,Storm,Tropical cyclone,2010-10-31,2010-10-31,day,0,True,Cyclone Jal,Andhra Pradesh province,2010,10,31,2010,11,3,100,Kph
2011-0057-MDG,2011,MDG,Sub-Saharan Africa,Storm,Tropical cyclone,2011-02-14,2011-02-14,day,0,True,Tropical Cyclone'Bingiza',"Vohipeno, Mananjary districts (Vatovavy Fitovinany province), Vatomandry district (Atsinanana province), Mahajanga II, Ambato Boeni, Soalala districts (Boeny province), Port-Berge (Boriziny-Vaovao), Mampikony, Befandriana Nord, Mandritsara districts (Sofia province), Iakora district (Ihorombe province), Miandrivazo, Manja districts (Menabe province), Sambava, Antalaha districts (Sava province), Ambohidratrimo district (Analmanga province), Morafenobe, Maintirano districts (Melaky province), Ambovombe-Androy, Bekily, Tsihombe districts (Androy province), Anosy, Atsimo Atsinanana, Analanjirofo provinces",2011,2,14,2011,2,16,180,Kph
2011-0070-AUS,2011,AUS,Australia and New Zealand,Storm,Tropical cyclone,2011-02-02,2011-02-02,day,0,True,"Tropical Cyclone ""Yasi""","Cassowary, Innisfail, Silkwood, Mission Beach, Cardwell, Tully towns (Cassowary Coast district, Queensland province), Townsville town (Townsville district, Queensland province), Ingham town (Hinchinbrook district, Queensland province)",2011,2,2,2011,2,5,290,Kph
2011-0070-PNG,2011,PNG,Melanesia,Storm,Tropical cyclone,2011-02-02,2011-02-02,day,0,False,"Tropical Cyclone ""Yasi""",Alotau district (Milne Bay province),2011,2,2,2011,2,2,,Kph
2011-0070-SLB,2011,SLB,Melanesia,Storm,Tropical cyclone,2011-02-02,2011-02-02,day,0,False,"Tropical Cyclone ""Yasi""",Solomon Islands province,2011,2,2,2011,2,2,,Kph
2011-0070-VUT,2011,VUT,Melanesia,Storm,Tropical cyclone,2011-01-30,2011-01-30,day,0,False,"Tropical Cyclone ""Yasi""","Banks, Torres Island areas (Torba province)",2011,1,30,2011,1,31,,Kph
2011-0071-VUT,2011,VUT,Melanesia,Storm,Tropical cyclone,2011-01-12,2011-01-12,day,0,False,"Tropical cyclone ""Vania""",Tafea province,2011,1,12,2011,1,13,,Kph
2011-0091-TON,2011,TON,Polynesia,Storm,Tropical cyclone,2011-01-25,2011-01-25,day,0,True,Tropical cyclone Wilma,Ha'apai island (Tonga province),2011,1,25,2011,1,29,,Kph
2011-0157-PHL,2011,PHL,South-eastern Asia,Storm,Tropical cyclone,2011-05-08,2011-05-08,day,0,True,Typhoon Bebeng (Aere),"Bulacan, Zambales districts (Region III (Central Luzon) province), Cebu district (Region VII (Central Visayas) province), Eastern Samar, Leyte, Northern Samar, Samar districts (Region VIII (Eastern Visayas) province), National Capital region (NCR), Region V (Bicol region)",2011,5,8,2011,5,11,,Kph
2011-0203-CHN,2011,CHN,Eastern Asia,Storm,Tropical cyclone,2011-06-04,2011-06-04,day,0,True,"Tropical storm ""Dodong"" (Sarika)","Xianning district (Hubei Sheng province), Guangdong Sheng province",2011,6,4,2011,6,11,,Kph
2011-0203-PHL,2011,PHL,South-eastern Asia,Storm,Tropical cyclone,2011-06-09,2011-06-09,day,0,True,"Tropical storm ""Dodong"" (Sarika)","National Capital region (NCR), Region III (Central Luzon), Region IV (Southern Tagalog), Region IV-A (Calabarzon) provinces",2011,6,9,2011,6,10,,Kph
2011-0228-MEX,2011,MEX,Latin America and the Caribbean,Storm,Tropical cyclone,2011-06-20,2011-06-20,day,0,True,"Tropical storm ""Beatrix""","Guerrero, Colima, Jalisco, Michoacan, Oaxaca provinces",2011,6,20,2011,6,20,110,Kph
2011-0231-PHL,2011,PHL,South-eastern Asia,Storm,Tropical cyclone,2011-06-21,2011-06-21,day,0,True,"Topical storm ""Meari"" (Falcon)","Pangasinan district (Region I (Ilocos region) province), Batangas, Cavite, Rizal districts (Region IV-A (Calabarzon) province), Albay, Camarines Sur districts (Region V (Bicol region) province, National Capital region (NCR), Region III (Central Luzon) provinces",2011,6,21,2011,6,25,120,Kph
2011-0241-MEX,2011,MEX,Latin America and the Caribbean,Storm,Tropical cyclone,2011-06-30,2011-06-30,day,0,True,"Tropical Storm ""Arlene""","Isla, Tamalin, Tamiahua, Tampico Alto districts (Veracruz province)",2011,6,30,2011,7,1,,Kph
2011-0267-GTM,2011,GTM,Latin America and the Caribbean,Storm,Tropical cyclone,2011-07-20,2011-07-20,day,0,True,"Tropical storm ""Dora""",Petén province,2011,7,20,2011,7,20,,Kph
2011-0267-MEX,2011,MEX,Latin America and the Caribbean,Storm,Tropical cyclone,2011-07-20,2011-07-20,day,0,True,"Tropical storm ""Dora""","Guerrero, Oaxaca provinces",2011,7,20,2011,7,20,150,Kph
2011-0272-PHL,2011,PHL,South-eastern Asia,Storm,Tropical cyclone,2011-07-26,2011-07-26,day,0,True,Topical storm Juaning (Nock-ten),"La Pinas area (Metropolitan Manila district, National Capital region (NCR) province), Nueva Ecija district (Region III (Central Luzon) province), Cavite, Quezon districts (Region IV-A (Calabarzon) province), Marinduque district (Region IV (Southern Tagalog) province), Iloilo district (Region VI (Western Visayas) province), Siquijor district (Region VII (Central Visayas) province), Leyte district (Region VIII (Eastern Visayas) province), Ifugao district (Cordillera Administrative region (CAR) province), Region V (Bicol region) province",2011,7,26,2011,7,27,,Kph
2011-0272-THA,2011,THA,South-eastern Asia,Storm,Tropical cyclone,2011-08-04,2011-08-04,day,0,True,Topical storm Juaning (Nock-ten),"Phrae, Chiang Mai, Sukhothai, Nan, Nakhon Phanom, Lamphun, Lampang, Mae Hon Son, Uttaradit, Phichit, Phitsanulok, Udon Thani, Nong Khai, Sakon Nakhon Loei, Phetchabun provinces",2011,8,4,2011,8,6,,Kph
2011-0279-CHN,2011,CHN,Eastern Asia,Storm,Tropical cyclone,2011-08-04,2011-08-04,day,0,False,"Typhoon ""Kabayan"" (Muifa)","Shanghai Shi, Shandong Sheng, Liaoning Sheng, Jiangsu Sheng, Zhejiang Sheng",2011,8,4,2011,8,8,,Kph
2011-0279-PHL,2011,PHL,South-eastern Asia,Storm,Tropical cyclone,2011-08-02,2011-08-02,day,0,True,"Typhoon ""Kabayan"" (Muifa)","Mandaluyong, Marikina, Quezon, San Juan cities (Metropolitan Manila district, National Capital region (NCR) province), Japalit area (Pampanga district, Region III (Central Luzon) province), Paniqui area (Tarlac district, Region III (Central Luzon) province), Calatagan, Malvar areas (Batangas district, Region IV-A (Calabarzon) province), Antopolo City, Rodriguez, San Mateo areas (Rizal district, Region IV-A (Calabarzon) province)",2011,8,2,2011,8,2,165,Kph
2011-0279-PRK,2011,PRK,Eastern Asia,Storm,Tropical cyclone,2011-08-07,2011-08-07,day,0,True,"Typhoon ""Kabayan"" (Muifa)","Byoksong, Haeju, Chongdan, Baechon, Bongchon, Waudo districts (Hwanghae-namdo province), Sohung district (Hwanghae-bukto province), Kaesong-si, P'yongan-namdo province",2011,8,7,2011,8,9,,Kph
2011-0303-DOM,2011,DOM,Latin America and the Caribbean,Storm,Tropical cyclone,2011-08-04,2011-08-04,day,0,True,"Tropical storm ""Emily""","Azua, Baoruco, Barahona, Dajabon, Distrito Nacional, Duarte, El Seibo, Elias Pina, Espaillat, Hato Mayor, Independencia, La Altagracia, La Romana, La Vega, Maria Trinidad Sanches, Monsenor Nouel, Monte Cristi, Monte Plata, Pedernales, Peravia, Puerto Plata, Salcedo, Samana, San Cristobal, San José de Ocoa, San Juan, San Pedro de Macoris, Sanchez Ramirez, Santiago, Santiago Rodriguez, Santo Domingo, Valverde provinces",2011,8,4,2011,8,4,,Kph
2011-0303-HTI,2011,HTI,Latin America and the Caribbean,Storm,Tropical cyclone,2011-08-04,2011-08-04,day,0,True,"Tropical storm ""Emily""",Sud province,2011,8,4,2011,8,4,,Kph
2011-0303-MTQ,2011,MTQ,Latin America and the Caribbean,Storm,Tropical cyclone,2011-08-03,2011-08-03,day,0,True,"Tropical storm ""Emily""","Fort-de-France, La Trinite, Saint-Pierre, Le Marin provinces",2011,8,3,2011,8,3,,Kph
2011-0303-PRI,2011,PRI,Latin America and the Caribbean,Storm,Tropical cyclone,2011-08-04,2011-08-04,day,0,False,"Tropical storm ""Emily""","Aguadilla, Arecibo, Bayamon, Guayama, Humacao, Mayaguez, Ponce, San Juan provinces",2011,8,4,2011,8,4,,Kph
2011-0328-BHS,2011,BHS,Latin America and the Caribbean,Storm,Tropical cyclone,2011-08-23,2011-08-23,day,0,False,Hurricane Irene,,2011,8,23,2011,8,26,,Kph
2011-0328-CAN,2011,CAN,Northern America,Storm,Tropical cyclone,2011-08-28,2011-08-28,day,0,True,Hurricane Irene,"New Brunswick,Nova Scotia, Prince Edward Island provinces",2011,8,28,2011,8,29,130,Kph
2011-0328-DOM,2011,DOM,Latin America and the Caribbean,Storm,Tropical cyclone,2011-08-24,2011-08-24,day,0,True,Hurricane Irene,"San José de Ocoa, Peravia, San Cristobal, Santo Domingo provinces",2011,8,24,2011,8,24,,Kph
2011-0328-HTI,2011,HTI,Latin America and the Caribbean,Storm,Tropical cyclone,2011-08-24,2011-08-24,day,0,True,Hurricane Irene,Nord province,2011,8,24,2011,8,24,,Kph
2011-0328-PRI,2011,PRI,Latin America and the Caribbean,Storm,Tropical cyclone,2011-08-22,2011-08-22,day,0,True,Hurricane Irene,"Aguadilla, Arecibo, Bayamon, Guayama, Humacao, Mayaguez, Ponce, San Juan provinces",2011,8,22,2011,8,22,130,Kph
2011-0328-USA,2011,USA,Northern America,Storm,Tropical cyclone,2011-08-27,2011-08-27,day,0,True,Hurricane Irene,"New York, New Jersey, Pennsylvania, North Carolina, Virginia, Maryland, District of Columbia, Connecticut, Florida provinces",2011,8,27,2011,9,13,,Kph
2011-0341-PHL,2011,PHL,South-eastern Asia,Storm,Tropical cyclone,2011-08-27,2011-08-27,day,0,True,Typhoon Mina (Nanmadol),"Quezon City area (Metropolitan Manila district, National Capital region (NCR) province), Zambales, Bulacan districts (Region III (Central Luzon) province), Iloilo district (Region IV (Southern Tagalog) province), Benguet, Abra, Mountain Province districts (Cordillera Administrative region (CAR) province), Catanduanes district (Region V (Bicol region) province), Zamboanga Del Sur district (Region IX (Zamboanga Peninsula) province), Region I (Ilocos region) province",2011,8,27,2011,8,29,,Kph
2011-0352-JPN,2011,JPN,Eastern Asia,Storm,Tropical cyclone,2011-09-22,2011-09-22,day,0,True,Typhoon Roke,"Aiti, Ehime, Siga, Nagasaki, Kumamoto provinces",2011,9,22,2011,9,22,215,Kph
2011-0378-PHL,2011,PHL,South-eastern Asia,Storm,Tropical cyclone,2011-10-01,2011-10-01,day,0,True,Typhoon Quiel (Nalgae),"Cordillera Administrative region (CAR), Region I (Ilocos region), Region II (Cagayan Valley), Region III (Central Luzon) provinces",2011,10,1,2011,10,1,,Kph
2011-0379-CHN,2011,CHN,Eastern Asia,Storm,Tropical cyclone,2011-09-29,2011-09-29,day,0,True,Typhoon Pedring (Nesat),"Guangxi Zhuangzu Zizhiqu, Hainan Sheng provinces",2011,9,29,2011,10,3,,Kph
2011-0379-PHL,2011,PHL,South-eastern Asia,Storm,Tropical cyclone,2011-09-24,2011-09-24,day,1,True,Typhoon Pedring (Nesat),"Mindoro Occidental, Mindoro Oriental, Romblon districts (Region IV (Southern Tagalog) province), Albay, Camarines Norte, Camarines Sur, Catanduanes districts (Region V (Bicol region) province), Antique, Iloilo districts (Region VI (Western Visayas) province), Cordillera Administrative region (CAR), National Capital region (NCR), Region I (Ilocos region), Region II (Cagayan Valley), Region III (Central Luzon), Region IV-A (Calabarzon) province",2011,9,24,2011,9,24,,Kph
2011-0384-PHL,2011,PHL,South-eastern Asia,Storm,Tropical cyclone,2011-10-13,2011-10-13,day,0,True,Tropical Storm Ramon (Banyan),"Mindoro Oriental, Romblon districts (Region IV (Southern Tagalog) province), Capiz, Iloilo, Negros Occidental districts (Region VI (Western Visayas) province), Cebu district (Region VII (Central Visayas) province), Southern Leyte district (Region VIII (Eastern Visayas) province), Misamis Oriental district (Region X (Northern Mindanao) province), South Cotabato district (Region XII (Soccsksargen) province), Dinagat district (Region XIII (Caraga) province)",2011,10,13,2011,10,13,,Kph
2011-0385-MEX,2011,MEX,Latin America and the Caribbean,Storm,Tropical cyclone,2011-10-10,2011-10-10,day,0,True,Hurricane Jova,"Puerto Vallarta district (Jalisco province), Manzanillo district (Colima province), Michoacan, Nayarit provinces",2011,10,10,2011,11,1,160,Kph
2011-0414-OMN,2011,OMN,Western Asia,Storm,Tropical cyclone,2011-11-03,2011-11-03,day,0,True,Keila,"A Dakhliya, A Sharqiya, Al Batnah, Al Dhahira, Al Wusta, Dhofar, Musandam, Muscat provinces",2011,11,3,2011,11,3,,Kph
2011-0432-DMA,2011,DMA,Latin America and the Caribbean,Storm,Tropical cyclone,2011-09-25,2011-09-25,day,0,False,Tropical storm Orphelia,"Canefield, Massacre, Mahaut, Cochrane, Campbell villages (St. Paul province), Coulibistrie village (St. Joseph province)",2011,9,25,2011,9,29,,Kph
2011-0454-JPN,2011,JPN,Eastern Asia,Storm,Tropical cyclone,2011-09-02,2011-09-02,day,0,True,Typhoon Talas,"Wakayama, Nara, Ehime, Kooti provinces",2011,9,2,2011,9,4,90,Kph
2011-0456-USA,2011,USA,Northern America,Storm,Tropical cyclone,2011-09-04,2011-09-04,day,0,True,Tropical Storm Lee,"Louisiana, Mississippi, Alabama, Texas, New York, Pennsylvania, District of Columbia, Georgia, Maryland, Tennessee, Virginia provinces",2011,9,4,2011,9,9,75,Kph
2011-0460-MEX,2011,MEX,Latin America and the Caribbean,Storm,Tropical cyclone,2011-09-09,2011-09-09,day,0,True,Hurricane Nate,Tabasco province,2011,9,9,2011,9,9,100,Kph
2011-0519-PHL,2011,PHL,South-eastern Asia,Storm,Tropical cyclone,2011-12-15,2011-12-15,day,1,True,Tropical storm Washi (Sendong),"Cagayan district (Region II (Cagayan Valley) province), Negros Oriental, Cebu districts (Region VII (Central Visayas) province), Zamboanga del Norte district (Region IX (Zamboanga Peninsula) province), Misamis Oriental, Lanao del Norte, Bukidnon districts (Region X (Northern Mindanao) province), Compostela district (Region XI (Davao Region) province), Surigao del Sur district (Region XIII (Caraga) province), Lanao del Sur district (Autonomous region in Muslim Mindanao (ARMM) province)",2011,12,15,2011,12,18,,Kph
2011-0555-PHL,2011,PHL,South-eastern Asia,Storm,Tropical cyclone,2011-05-20,2011-05-20,day,0,False,Typhoon Chedeng (Songda),"Taguig city (Metropolitan Manila district, National Capital region (NCR) province), Isabela district (Region II (Cagayan Valley) province), Albay, Camarines Norte, Camarines Sur, Catanduanes, Sorsogon districts (Region V (Bicol region) province), Zamboanga del Sur district (Region IX (Zamboanga Peninsula) province), Bukidnon district (Region X (Northern Mindanao) province), Compostela, Davao del Norte districts (Region XI (Davao Region) province), Lanao del Sur, Maguindanao districts (Autonomous region in Muslim Mindanao (ARMM) province)",2011,5,20,2011,5,29,,Kph
2011-0566-IND,2011,IND,Southern Asia,Storm,Tropical cyclone,2011-12-29,2011-12-29,day,0,True,Cyclone Thane,"Cuddalore district (Tamil Nadu province), Puducherry district (Puducherry province)",2011,12,29,2011,12,30,140,Kph
2011-0576-CHN,2011,CHN,Eastern Asia,Storm,Tropical cyclone,2011-06-19,2011-06-19,day,0,False,Tropical Storm Haima (Egay),"Guangdong Sheng, Guangxi Zhuangzu Zizhiqu, Hainan Sheng provinces",2011,6,19,2011,6,24,,Kph
2011-0576-PHL,2011,PHL,South-eastern Asia,Storm,Tropical cyclone,2011-06-14,2011-06-14,day,0,False,Tropical Storm Haima (Egay),"Autonomous region in Muslim Mindanao (ARMM), Cordillera Administrative region (CAR), National Capital region (NCR), Region I (Ilocos region), Region II (Cagayan Valley), Region III (Central Luzon), Region IV (Southern Tagalog) Region IV-A (Calabarzon), Region IX (Zamboanga Peninsula), Region V (Bicol region), Region VI (Western Visayas), Region VII (Central Visayas), Region VIII (Eastern Visayas), Region X (Northern Mindanao), Region XI (Davao Region), Region XII (Soccsksargen), Region XIII (Caraga) provinces",2011,6,14,2011,6,20,,Kph
2011-0576-VNM,2011,VNM,South-eastern Asia,Storm,Tropical cyclone,2011-06-19,2011-06-19,day,0,False,Tropical Storm Haima (Egay),"Bac Giang, Bac Kan, Bac Ninh, Cao Bang, Dien Bien, Ha Giang, Ha Nam, Ha Noi City, Ha Tay, Hai Duong, Hai Phong City, Hoa Binh, Hung Yen, Lai Chau, Lang Son, Lao Cai, Nam Dinh, Ninh Binh, Phu Tho, Quang Ninh, Son La, Thai Binh, Thai Nguyen, Thanh Hoa, Tuyen Quang, Vinh Phuc, Yen Bai, Binh Dinh, Da Nang City, Gia Lai, Ha Tinh, Kon Tum, Nghe An, Quang Binh, Quang Nam, Quang Ngai, Quang Tri, Thua Thien - Hue provinces",2011,6,19,2011,6,24,,Kph
2012-0005-MDG,2012,MDG,Sub-Saharan Africa,Storm,Tropical cyclone,2012-01-24,2012-01-24,day,0,False,Cyclone Funso,"Atsimo Andrefana, Melaky, Menabe provinces",2012,1,24,2012,1,24,,Kph
2012-0005-MOZ,2012,MOZ,Sub-Saharan Africa,Storm,Tropical cyclone,2012-01-20,2012-01-20,day,0,True,Cyclone Funso,"Nicoadala, Cidade de Quelimane, Chinde, Pebane, Maganja da Costa, Namacurra, Gurue, Mocuba districts (Zambezia province), Mossuril, Nacal-A-Velha districts (Nampula province)",2012,1,20,2012,1,22,212,Kph
2012-0005-MWI,2012,MWI,Sub-Saharan Africa,Storm,Tropical cyclone,2012-01-01,2012-01-31,month,0,False,Cyclone Funso,Nsanje district (Southern Region province),2012,1,,2012,1,,,Kph
2012-0006-MOZ,2012,MOZ,Sub-Saharan Africa,Storm,Tropical cyclone,2012-01-18,2012-01-18,day,0,True,Tropical Storm Dando,"Chokwe, Xai-Xai districts (Gaza province), Cidade de Maputo district (Maputo province), Zavala district (Inhambane province), Nampula, Zambezia, Sofala provinces",2012,1,18,2012,1,18,,Kph
2012-0006-ZAF,2012,ZAF,Sub-Saharan Africa,Storm,Tropical cyclone,2012-01-01,2012-01-31,month,0,False,Tropical Storm Dando,"Limpopo, Mpumalanga provinces",2012,1,,2012,1,,,Kph
2012-0043-MDG,2012,MDG,Sub-Saharan Africa,Storm,Tropical cyclone,2012-02-14,2012-02-14,day,0,True,Cyclone Giovanna,"Brickaville, Vatomandry districts (Atsinanana province), Moramanga district (Alaotra Mangoro province), Mampikony district (Sofia province), Antananarivo I, Antananarivo II, Antananarivo III, Antananarivo IV, Antananarivo V, Antananarivo VI, Antananarivo Atsimondrano, Antananarivo Avaradrano districts (Analamanga province)",2012,2,14,2012,2,15,200,Kph
2012-0056-MDG,2012,MDG,Sub-Saharan Africa,Storm,Tropical cyclone,2012-02-26,2012-02-26,day,0,True,"Tropical depression ""Irina""","Vatovavy Fitovinany, Sava, Diana, Atsimo Atsinanana, Anosy, Analanjirofo, Analamanga, Alaotra Mangoro provinces",2012,2,26,2012,2,26,,Kph
2012-0056-MOZ,2012,MOZ,Sub-Saharan Africa,Storm,Tropical cyclone,2012-03-03,2012-03-03,day,0,True,"Tropical depression ""Irina""","Cabo Delgado, Sofala provinces",2012,3,3,2012,3,7,,Kph
2012-0176-USA,2012,USA,Northern America,Storm,Tropical cyclone,2012-06-22,2012-06-22,day,0,True,Tropical storm Debby,"Bay, Calhoun, Escambia, Franklin, Gadsden, Gulf, Holmes, Jackson, Jefferson, Leon, Liberty, Madison, Okaloosa, Santa Rosa, Taylor, Wakulla, Walton, Washington, Brevard, Citrus, Hardee, Hernando, Hillsborough, Indian River, Lake, Manatee, Marion, Orange, Osceola, Pasco, Pinellas, Polk, Seminole, Sumter, Volusia districts",2012,6,22,2012,6,27,,Kph
2012-0259-CHN,2012,CHN,Eastern Asia,Storm,Tropical cyclone,2012-07-24,2012-07-24,day,0,True,Typhoon Vicente,"Guangdong Sheng, Guangxi Zhuangzu Zizhiqu, Fujian Sheng provinces",2012,7,24,2012,7,24,,Kph
2012-0259-VNM,2012,VNM,South-eastern Asia,Storm,Tropical cyclone,2012-07-26,2012-07-26,day,0,True,Typhoon Vicente,"Bac Kan, Cao Bang, Ha Giang, Lang Son, Tuyen Quang provinces",2012,7,26,2012,7,27,,Kph
2012-0260-CHN,2012,CHN,Eastern Asia,Storm,Tropical cyclone,2012-08-08,2012-08-08,day,0,True,Tropical storm Gener (Saola),"Hubei Sheng, Fujian Sheng, Zhejiang Sheng province",2012,8,8,2012,8,8,,Kph
2012-0260-PHL,2012,PHL,South-eastern Asia,Storm,Tropical cyclone,2012-07-31,2012-07-31,day,0,True,Tropical storm Gener (Saola),"Ilocos Sur, Pangasinan districts (Region I (Ilocos region) province), Cagayan district (Region II (Cagayan Valley) province), Bataan, Bulacan, Nueva Ecija, Pampanga, Tarlac districts (Region III (Central Luzon) province), Batangas, Cavite, Laguna, Rizal district (Region IV-A (Calabarzon) province), Mindoro Occidental district (Region IV (Southern Tagalog) province), Aklan, Antique, Iloilo, Negros Occidental districts (Region VI (Western Visayas) province), Cebu district (Region VII (Central Visayas) province), Lanao del Norte, Misamis Oriental districts (Region X (Northern Mindanao) province), North Cotabato, South Cotabato districts (Region XII (Soccsksargen) province), Benguet, Ifugao, Kalinga, Mountain Province districts (Cordillera Administrative region (CAR) province), National Capital region (NCR) province",2012,7,31,2012,8,7,150,Kph
2012-0260-TWN,2012,TWN,Eastern Asia,Storm,Tropical cyclone,2012-08-02,2012-08-02,day,0,True,Tropical storm Gener (Saola),"Hualian Xian, Taibei Xian, Yilan Xian areas (Taiwan Sheng province)",2012,8,2,2012,8,2,,Kph
2012-0276-MEX,2012,MEX,Latin America and the Caribbean,Storm,Tropical cyclone,2012-08-10,2012-08-10,day,0,True,Ernesto,"Tabasco, Veracruz, Guerrero, Quintana Roo, Puebla, Oaxaca provinces",2012,8,10,2012,8,10,,Kph
2012-0282-CHN,2012,CHN,Eastern Asia,Storm,Tropical cyclone,2012-08-08,2012-08-08,day,0,True,Typhoon Haikui,"Jiangxi Sheng, Shanghai Shi, Anhui Sheng, Jiangsu Sheng, Zhejiang Sheng provinces",2012,8,8,2012,8,8,150,Kph
2012-0283-CHN,2012,CHN,Eastern Asia,Storm,Tropical cyclone,2012-08-02,2012-08-02,day,0,True,Typhoon Damrey,"Jiangsu Sheng, Shandong Sheng provinces",2012,8,2,2012,8,8,,Kph
2012-0294-CHN,2012,CHN,Eastern Asia,Storm,Tropical cyclone,2012-08-17,2012-08-17,day,0,True,TYphoon Kai-Tak,"Guangdong Sheng, Guangxi Zhuangzu Zizhiqu provinces",2012,8,17,2012,8,17,,Kph
2012-0294-PHL,2012,PHL,South-eastern Asia,Storm,Tropical cyclone,2012-08-17,2012-08-17,day,0,True,TYphoon Kai-Tak,"Cordillera Administrative region (CAR), National Capital region (NCR), Region I (Ilocos region), Region II (Cagayan Valley), Region III (Central Luzon), Region IV-A (Calabarzon) provinces",2012,8,17,2012,8,17,,Kph
2012-0294-VNM,2012,VNM,South-eastern Asia,Storm,Tropical cyclone,2012-08-17,2012-08-17,day,0,True,TYphoon Kai-Tak,"Yen Bai, Vinh Phuc, Quang Ninh, Hai Phong City provinces",2012,8,17,2012,8,17,,Kph
2012-0296-PHL,2012,PHL,South-eastern Asia,Storm,Tropical cyclone,2012-08-20,2012-08-20,day,0,True,Typhoon Igme (Tembin),La Union district (Region I (Ilocos region) province),2012,8,20,2012,8,21,165,Kph
2012-0313-CUB,2012,CUB,Latin America and the Caribbean,Storm,Tropical cyclone,2012-08-25,2012-08-25,day,0,True,Hurricane Isaac,"Gantanamo, Santiago de Cuba, Granma; Holguin, Las Tunas, Camagüey provinces",2012,8,25,2012,8,25,,Kph
2012-0313-DOM,2012,DOM,Latin America and the Caribbean,Storm,Tropical cyclone,2012-08-25,2012-08-25,day,0,True,Hurricane Isaac,"Azua, Monte Plata, Sanchez Ramirez, Barahona, San José de Ocoa provinces",2012,8,25,2012,8,25,,Kph
2012-0313-HTI,2012,HTI,Latin America and the Caribbean,Storm,Tropical cyclone,2012-08-25,2012-08-25,day,0,True,Hurricane Isaac,"Grande-Anse, Sud, Sud Est, Artibonite, Ouest provinces",2012,8,25,2012,8,29,,Kph
2012-0313-PRI,2012,PRI,Latin America and the Caribbean,Storm,Tropical cyclone,2012-08-25,2012-08-25,day,0,False,Hurricane Isaac,"Aguadilla, Arecibo, Bayamon, Guayama, Humacao, Mayaguez, Ponce, San Juan provinces",2012,8,25,2012,8,25,,Kph
2012-0313-USA,2012,USA,Northern America,Storm,Tropical cyclone,2012-08-28,2012-08-28,day,0,True,Hurricane Isaac,"Mississippi, Louisiana provinces",2012,8,28,2012,8,29,,Kph
2012-0374-PHL,2012,PHL,South-eastern Asia,Storm,Tropical cyclone,2012-09-21,2012-09-21,day,0,True,Typhoon Lawin (Jelawat),"Muntinlupa city (Metropolitan Manila district, National Capital region (NCR) province), Zamboanga del Norte district (Region IX (Zamboanga Peninsula) province)",2012,9,21,2012,9,24,210,Kph
2012-0401-MEX,2012,MEX,Latin America and the Caribbean,Storm,Tropical cyclone,2012-06-15,2012-06-15,day,0,True,Hurricane Carlotta,"Puerto Escondido city (Dist. Pochutla district, Oaxaca province)",2012,6,15,2012,6,15,150,Kph
2012-0406-CHN,2012,CHN,Eastern Asia,Storm,Tropical cyclone,2012-10-28,2012-10-28,day,0,True,Typhoon Son Tinh (Ofel),"Hainan Sheng, Guangxi Zhuangzu Zizhiqu provinces",2012,10,28,2012,10,28,,Kph
2012-0406-PHL,2012,PHL,South-eastern Asia,Storm,Tropical cyclone,2012-10-25,2012-10-25,day,0,True,Typhoon Son Tinh (Ofel),"National Capital region (NCR), Region I (Ilocos region), Region III (Central Luzon), Region IV (Southern Tagalog), Region IV-A (Calabarzon), Region V (Bicol region), Region VI (Western Visayas), Region VII (Central Visayas), Region VIII (Eastern Visayas), Region XIII (Caraga) province",2012,10,25,2012,10,25,,Kph
2012-0406-VNM,2012,VNM,South-eastern Asia,Storm,Tropical cyclone,2012-10-28,2012-10-28,day,0,True,Typhoon Son Tinh (Ofel),"Nghe An, Thanh Hoa, Ninh Binh, Nam Dinh, Thai Binh, Hai Phong City provinces",2012,10,28,2012,10,28,,Kph
2012-0410-BHS,2012,BHS,Latin America and the Caribbean,Storm,Tropical cyclone,2012-10-24,2012-10-24,day,0,True,Hurricane Sandy,,2012,10,24,2012,10,24,,Kph
2012-0410-CUB,2012,CUB,Latin America and the Caribbean,Storm,Tropical cyclone,2012-10-22,2012-10-22,day,0,True,Hurricane Sandy,"Santiago de Cuba, San Luis, Palma Soriano, Mella, Contramaestre, Segundo Frente, Tercer Frente, Songo - La Maya, Guama districts (Santiago de Cuba province), Rafael Freyre, Banes, Antilla, Baganos, Holguín, Calixto Garcia, Cacocum, Urbano Noris, Cueto, Mayari, Frank pais, Sagua de Tanamo, Moa, Jibara districts (Holguín province), Guantanamo province",2012,10,22,2012,10,22,175,Kph
2012-0410-DOM,2012,DOM,Latin America and the Caribbean,Storm,Tropical cyclone,2012-10-24,2012-10-24,day,0,True,Hurricane Sandy,"Azua, Barahona, San Cristobal, Santo Domingo, Duarte, Monte Plata, Peravia, San Juan, San José de Ocoa, Distrito Nacional provinces",2012,10,24,2012,10,24,,Kph
2012-0410-HTI,2012,HTI,Latin America and the Caribbean,Storm,Tropical cyclone,2012-10-24,2012-10-24,day,0,True,Hurricane Sandy,"Ouest, Sud, Grande Anse, Nippes, Sud Est, Artibonite provinces",2012,10,24,2012,10,26,,Kph
2012-0410-JAM,2012,JAM,Latin America and the Caribbean,Storm,Tropical cyclone,2012-10-24,2012-10-24,day,0,True,Hurricane Sandy,"Clarendon, Hanover, Manchester, Portland, Saint Andrew And Kingston, Saint Ann, Saint Catherine, Saint Elizabeth, Saint Mary, Saint Thomas, Trelawny, Westmoreland provinces",2012,10,24,2012,10,24,,Kph
2012-0410-USA,2012,USA,Northern America,Storm,Tropical cyclone,2012-10-28,2012-10-28,day,0,True,Hurricane Sandy,"New York, New Jersey, Pennsylvania, Connecticut, Ohio, Delaware, Rhode Island, Maryland, Massachusetts, Maine, New Hampshire, North Carolina, Vermont, Virginia, District of Columbia, West Virginia provinces",2012,10,28,2012,10,28,,Kph
2012-0414-JPN,2012,JPN,Eastern Asia,Storm,Tropical cyclone,2012-08-25,2012-08-25,day,0,False,Typhoon Bolaven,"Okinawa, Kagosima province",2012,8,25,2012,8,25,,Kph
2012-0414-KOR,2012,KOR,Eastern Asia,Storm,Tropical cyclone,2012-08-28,2012-08-28,day,0,True,Typhoon Bolaven,"Cheju-do, Chollabuk-do, Chollanam-do, Chungchongbuk-do, Chungchongnam-do, Inchon, Kang-won-do, Kwangju, Kyonggi-do, Kyongsangbuk-do, Kyongsangnam-do, Pusan, Seoul, Taegu, Taejon provinces",2012,8,28,2012,8,28,,Kph
2012-0414-PRK,2012,PRK,Eastern Asia,Storm,Tropical cyclone,2012-08-28,2012-08-28,day,0,True,Typhoon Bolaven,"Hamgyong-bukto, Hamgyong-namdo, Hwanghae-bukto, Hwanghae-namdo, Kangwon-do, Yanggang-do provinces",2012,8,28,2012,8,30,,Kph
2012-0425-IND,2012,IND,Southern Asia,Storm,Tropical cyclone,2012-11-04,2012-11-04,day,0,True,Cyclone Nilam,"Andhra Pradesh, Tamil Nadu provinces",2012,11,4,2012,11,8,,Kph
2012-0425-LKA,2012,LKA,Southern Asia,Storm,Tropical cyclone,2012-10-29,2012-10-29,day,0,False,Cyclone Nilam,"Central, Eastern, North Central, North Western, Northern, Sabaragamuwa, Southern, Uva, Western provinces",2012,10,29,2012,10,31,,Kph
2012-0434-PHL,2012,PHL,South-eastern Asia,Storm,Tropical cyclone,2012-09-13,2012-09-13,day,0,True,Typhoon Karen,"National Capital region (NCR), Region III (Central Luzon) provinces",2012,9,13,2012,9,14,,Kph
2012-0451-JPN,2012,JPN,Eastern Asia,Storm,Tropical cyclone,2012-09-29,2012-09-29,day,0,True,Typhoon Jelawat,"Okinawa, Kagosima, Mie provinces",2012,9,29,2012,9,30,126,Kph
2012-0463-PHL,2012,PHL,South-eastern Asia,Storm,Tropical cyclone,2012-10-03,2012-10-03,day,0,False,Tropical Storm Marce (Gaemi),"Zambales district (Region III (Central Luzon) province), Mindoro Occidental district (Region IV (Southern Tagalog) province)",2012,10,3,2012,10,3,80,Kph
2012-0498-FJI,2012,FJI,Melanesia,Storm,Tropical cyclone,2012-12-16,2012-12-16,day,0,True,Cyclone Evan,"Bua, Macuata, Cakaudrove districts (Northern province), Ba, Nadroga & Navosa, Ra districts (Western province)",2012,12,16,2012,12,18,,Kph
2012-0498-WLF,2012,WLF,Polynesia,Storm,Tropical cyclone,2012-12-15,2012-12-15,day,0,False,Cyclone Evan,Wallis and Futuna province,2012,12,15,2012,12,15,156,Kph
2012-0498-WSM,2012,WSM,Polynesia,Storm,Tropical cyclone,2012-12-13,2012-12-13,day,0,True,Cyclone Evan,Samoa province,2012,12,13,2012,12,13,,Kph
2012-0500-PHL,2012,PHL,South-eastern Asia,Storm,Tropical cyclone,2012-12-04,2012-12-04,day,1,True,Typhoon Bopha,Region XI (Davao Region) province,2012,12,4,2012,12,4,260,Kph
2012-0500-PLW,2012,PLW,Micronesia,Storm,Tropical cyclone,2012-12-02,2012-12-02,day,0,False,Typhoon Bopha,"Angaur, Peleliu, Babaldaob",2012,12,2,2012,12,2,,Kph
2012-0540-PHL,2012,PHL,South-eastern Asia,Storm,Tropical cyclone,2012-12-25,2012-12-25,day,0,True,Tropical storm Wukong (Quinta),"Region IV (Southern Tagalog), Region V (Bicol region), Region VI (Western Visayas), Region VII (Central Visayas), Region VIII (Eastern Visayas) provinces",2012,12,25,2012,12,27,,Kph
2012-0585-KOR,2012,KOR,Eastern Asia,Storm,Tropical cyclone,2012-08-30,2012-08-30,day,0,True,Typhoon Tembin,"Cheju-do, Chollabuk-do, Chollanam-do, Chungchongbuk-do, Kwangju, Kyongsangbuk-do, Kyongsangnam-do, Pusan, Taegu provinces",2012,8,30,2012,8,30,,Kph
2012-0585-TWN,2012,TWN,Eastern Asia,Storm,Tropical cyclone,2012-08-24,2012-08-24,day,0,True,Typhoon Tembin,Pingdong Shi area (Taiwan Sheng province),2012,8,24,2012,8,24,,Kph
2012-0588-JPN,2012,JPN,Eastern Asia,Storm,Tropical cyclone,2012-09-15,2012-09-15,day,0,False,Typhoon Sanba,Okinawa province,2012,9,15,2012,9,17,,Kph
2012-0588-KOR,2012,KOR,Eastern Asia,Storm,Tropical cyclone,2012-09-15,2012-09-15,day,0,False,Typhoon Sanba,Cheju-do province,2012,9,15,2012,9,17,,Kph
2013-0008-AUS,2013,AUS,Australia and New Zealand,Storm,Tropical cyclone,2013-01-23,2013-01-23,day,0,True,Ex-Tropical cyclone Oswald,"Brisbane, Ipswich, Bundaberg, Rockhampton districts (Queensland province), New South Wales province",2013,1,23,2013,1,30,,Kph
2013-0026-MDG,2013,MDG,Sub-Saharan Africa,Storm,Tropical cyclone,2013-01-30,2013-01-30,day,0,True,Topical Depression Feleng,"Analanjirofo, Atsimo Atsinanana, Atsinanana, Sava, Vatovavy Fitovinanay provinces",2013,1,30,2013,2,2,,Kph
2013-0026-SYC,2013,SYC,Sub-Saharan Africa,Storm,Tropical cyclone,2013-02-07,2013-02-07,day,0,False,Topical Depression Feleng,"Anse Aux Pins, Au Cap, Pointe Larue provinces",2013,2,7,2013,2,7,,Kph
2013-0032-MDG,2013,MDG,Sub-Saharan Africa,Storm,Tropical cyclone,2013-02-22,2013-02-22,day,0,True,Tropical cyclone Haruna,"Morombe, Toliary-I, Toliary-II, Sakaraha districts (Atsimo Andrefana province), Menabe, Analamanga provinces",2013,2,22,2013,2,22,177,Kph
2013-0036-PHL,2013,PHL,South-eastern Asia,Storm,Tropical cyclone,2013-01-03,2013-01-03,day,0,True,Tropcal storm Auring,"Palawan, Mindoro Oriental districts (Region IV (Southern Tagalog) province), Zamboanga Del Norte district (Region IX (Zamboanga Peninsula) province), Compostela, Davao del Norte districts (Region XI (Davao Region) province)",2013,1,3,2013,1,10,,Kph
2013-0138-BGD,2013,BGD,Southern Asia,Storm,Tropical cyclone,2013-05-16,2013-05-16,day,0,True,Tropical cyclone Mahasen,"Patuakhali, Bhola, Barguna districts (Barisal province)",2013,5,16,2013,5,16,,Kph
2013-0138-IND,2013,IND,Southern Asia,Storm,Tropical cyclone,2013-05-16,2013-05-16,day,0,True,Tropical cyclone Mahasen,Andhra Pradesh province,2013,5,16,2013,5,16,,Kph
2013-0138-LKA,2013,LKA,Southern Asia,Storm,Tropical cyclone,2013-05-13,2013-05-13,day,0,True,Tropical cyclone Mahasen,"Central, Eastern, North Central, North Western, Northern, Sabaragamuwa, Southern, Uva, Western provinces",2013,5,13,2013,5,16,,Kph
2013-0188-MEX,2013,MEX,Latin America and the Caribbean,Storm,Tropical cyclone,2013-05-29,2013-05-29,day,0,True,Hurricane Barbara,"Chiapas, Oaxaca provinces",2013,5,29,2013,5,29,,Kph
2013-0249-CHN,2013,CHN,Eastern Asia,Storm,Tropical cyclone,2013-07-14,2013-07-14,day,0,True,Typhoon Soulik,"Guangdong Sheng, Fujian Sheng, Zhejiang Sheng, Jiangxi Sheng, Anhui Sheng provinces",2013,7,14,2013,7,14,120,Kph
2013-0249-TWN,2013,TWN,Eastern Asia,Storm,Tropical cyclone,2013-07-14,2013-07-14,day,0,True,Typhoon Soulik,"Bailan village (Xinzhu Xian area, Taiwan Sheng province)",2013,7,14,2013,7,14,220,Kph
2013-0258-CHN,2013,CHN,Eastern Asia,Storm,Tropical cyclone,2013-07-01,2013-07-01,day,0,True,Typhoon Rumbia,"Guangxi Zhuangzu Zizhiqu, Yunnan Sheng provinces",2013,7,1,2013,7,1,110,Kph
2013-0258-PHL,2013,PHL,South-eastern Asia,Storm,Tropical cyclone,2013-06-30,2013-06-30,day,0,True,Typhoon Rumbia,"Region III (Central Luzon), Region VI (Western Visayas), Region VII (Central Visayas), Region VIII (Eastern Visayas) provinces",2013,6,30,2013,6,30,,Kph
2013-0261-CHN,2013,CHN,Eastern Asia,Storm,Tropical cyclone,2013-07-13,2013-07-13,day,0,True,Tropical storm Ciramon,"Guangdong Sheng, Zheijiang Sheng, Fujian Sheng provinces",2013,7,13,2013,7,15,,Kph
2013-0272-CHN,2013,CHN,Eastern Asia,Storm,Tropical cyclone,2013-08-15,2013-08-15,day,0,True,Tropical storm Utor (Labuyo),"Hunan Sheng, Guangxi Zhuangzu Zizhiqu, Guangdong Sheng, Hainan Sheng provinces",2013,8,15,2013,8,21,,Kph
2013-0272-PHL,2013,PHL,South-eastern Asia,Storm,Tropical cyclone,2013-08-12,2013-08-12,day,0,True,Tropical storm Utor (Labuyo),"Region I (Ilocos region), Region II (Cagayan Valley), Region III (Central Luzon) provinces",2013,8,12,2013,8,15,,Kph
2013-0306-CHN,2013,CHN,Eastern Asia,Storm,Tropical cyclone,2013-08-22,2013-08-22,day,0,False,Typhoon Trami (Maring),"Fuqing Shi, Fuzhou Shi areas (Fuzhou district, Fujian Sheng province), Ningde, Putian, Sanming district (Fujian Sheng province)",2013,8,22,2013,8,22,,Kph
2013-0306-TWN,2013,TWN,Eastern Asia,Storm,Tropical cyclone,2013-08-22,2013-08-22,day,0,True,Typhoon Trami (Maring),Taiwan Sheng province,2013,8,22,2013,8,22,,Kph
2013-0335-MEX,2013,MEX,Latin America and the Caribbean,Storm,Tropical cyclone,2013-08-25,2013-08-25,day,0,True,Tropical storm Fernand,"Yecuatla, Tuxpan, Atzalan districts (Veracruz province), Oaxaca province",2013,8,25,2013,8,26,,Kph
2013-0341-CHN,2013,CHN,Eastern Asia,Storm,Tropical cyclone,2013-08-02,2013-08-02,day,0,False,Tropical storm Jebi,Hainan Sheng province,2013,8,2,2013,8,3,,Kph
2013-0341-VNM,2013,VNM,South-eastern Asia,Storm,Tropical cyclone,2013-08-02,2013-08-02,day,0,True,Tropical storm Jebi,"Bac Giang, Bac Kan, Bac Ninh, Cao Bang, Dien Bien, Ha Giang, Ha Nam, Ha Noi City, Ha Tay, Hai Duong, Hai Phong City, Hoa Binh, Hung Yen, Lai Chau, Lang Son, Lao Cai, Nam Dinh, Ninh Binh, Phu Tho, Quang Ninh, Son La, Thai Binh, Thai Nguyen, Thanh Hoa, Tuyen Quang, Vinh Phuc, Yen Bai provinces",2013,8,2,2013,8,3,,Kph
2013-0358-MEX,2013,MEX,Latin America and the Caribbean,Storm,Tropical cyclone,2013-09-13,2013-09-13,day,1,True,Hurricane Manuel,"Guerrero, Oaxaca, Jalisco, Michoacan, Sinaloa provinces",2013,9,13,2013,9,20,,Kph
2013-0373-CHN,2013,CHN,Eastern Asia,Storm,Tropical cyclone,2013-09-22,2013-09-22,day,0,True,Typhoon Usagi (Odette),Guangdong Sheng province,2013,9,22,2013,9,22,,Kph
2013-0373-PHL,2013,PHL,South-eastern Asia,Storm,Tropical cyclone,2013-09-21,2013-09-21,day,0,True,Typhoon Usagi (Odette),"Cordillera Administrative region (CAR), Region I (Ilocos region), Region II (Cagayan Valley), Region III (Central Luzon), Region IV-A (Calabarzon), Region IV (Southern Tagalog), Region V (Bicol region), Region VI (Western Visayas) provinces",2013,9,21,2013,9,22,,Kph
2013-0373-TWN,2013,TWN,Eastern Asia,Storm,Tropical cyclone,2013-09-22,2013-09-22,day,0,False,Typhoon Usagi (Odette),Taiwan Sheng province,2013,9,22,2013,9,22,,Kph
2013-0378-PHL,2013,PHL,South-eastern Asia,Storm,Tropical cyclone,2013-02-20,2013-02-20,day,0,True,Tropical depression Crising (Shanshan),"Mindoro Oriental district (Region IV (Southern Tagalog) province), Leyte district (Region VIII (Eastern Visayas) province), Zamboanga del Norte district (Region IX (Zamboanga Peninsula) province), Bukidnon, Lanao del Norte districts (Region X (Northern Mindanao) province), North Cotabato, South Cotabato districts (Region XII (Soccsksargen) province), Agusan del Norte district (Region XIII (Caraga) province), Maguindanao district (Autonomous region in Muslim Mindanao (ARMM) province), Region VII (Central Visayas), Region XI (Davao Region) provinces",2013,2,20,2013,2,21,,Kph
2013-0396-JPN,2013,JPN,Eastern Asia,Storm,Tropical cyclone,2013-10-14,2013-10-14,day,0,True,Typhoon Wipha,"Tookyoo, Saitama, Ibaraki, Totigi, Hokkaidoo, Tiba, Kagosima provinces",2013,10,14,2013,10,16,,Kph
2013-0401-IND,2013,IND,Southern Asia,Storm,Tropical cyclone,2013-10-12,2013-10-12,day,0,True,Cyclone Phailin,"Orissa, Andhra Pradesh, Jharkhand, Bihar, West Bengal, Chhattisgarh provinces",2013,10,12,2013,10,14,200,Kph
2013-0406-MEX,2013,MEX,Latin America and the Caribbean,Storm,Tropical cyclone,2013-09-12,2013-09-12,day,0,True,Hurricane Ingrid,"Veracruz, Hidalgo, Puebla provinces",2013,9,12,2013,9,17,,Kph
2013-0413-JPN,2013,JPN,Eastern Asia,Storm,Tropical cyclone,2013-09-04,2013-09-04,day,0,True,Tropical storm Toraji,Kagosima province,2013,9,4,2013,9,4,,Kph
2013-0415-JPN,2013,JPN,Eastern Asia,Storm,Tropical cyclone,2013-09-16,2013-09-16,day,0,True,Tropical storm Man-Yi,"Aiti, Kyooto provinces",2013,9,16,2013,9,16,,Kph
2013-0419-CHN,2013,CHN,Eastern Asia,Storm,Tropical cyclone,2013-09-30,2013-09-30,day,0,True,Typhoon Wutip,"Hainan Sheng, Guangdong Sheng provinces",2013,9,30,2013,9,30,,Kph
2013-0419-VNM,2013,VNM,South-eastern Asia,Storm,Tropical cyclone,2013-09-30,2013-09-30,day,0,True,Typhoon Wutip,"Binh Dinh, Quang Binh, Quang Nam, Quang Ngai, Ha Tinh, Quang Tri, Thua Thien - Hue, Khanh Hoa, Nghe An, Da Nang City, Phu Yen, Thanh Hoa provinces",2013,9,30,2013,10,15,194,Kph
2013-0429-CHN,2013,CHN,Eastern Asia,Storm,Tropical cyclone,2013-10-07,2013-10-07,day,0,True,Tropical storm Fitow,"Fujian Sheng, Zhejiang Sheng, Shanghai Shi provinces",2013,10,7,2013,10,8,160,Kph
2013-0429-JPN,2013,JPN,Eastern Asia,Storm,Tropical cyclone,2013-10-07,2013-10-07,day,0,False,Tropical storm Fitow,Okinawa province,2013,10,7,2013,10,7,,Kph
2013-0430-PHL,2013,PHL,South-eastern Asia,Storm,Tropical cyclone,2013-10-12,2013-10-12,day,0,True,Tropical storm Nari (SAnti),"Nueva Vizcaya district (Region II (Cagayan Valley) province), Pangasinan district (Region I (Ilocos region) province), Region III (Central Luzon) province",2013,10,12,2013,10,14,,Kph
2013-0430-VNM,2013,VNM,South-eastern Asia,Storm,Tropical cyclone,2013-10-10,2013-10-10,day,0,True,Tropical storm Nari (SAnti),"Da Nang City, Quang Nam, Thua Thien - Hue, Quang Ngai provinces",2013,10,10,2013,10,15,133,Kph
2013-0433-CHN,2013,CHN,Eastern Asia,Storm,Tropical cyclone,2013-11-11,2013-11-11,day,0,True,Typhoon Haiyan (Yolanda),Hainan Sheng province,2013,11,11,2013,11,11,118,Kph
2013-0433-PHL,2013,PHL,South-eastern Asia,Storm,Tropical cyclone,2013-11-08,2013-11-08,day,1,True,Typhoon Haiyan (Yolanda),"Samar, Leyte districts (Region VIII (Eastern Visayas) province), Cebu district (Region VII (Central Visayas) province), Iloilo, Capiz, Aklan districts (Region VI (Western Visayas) province), Palawan district (Region IV (Southern Tagalog) province)",2013,11,8,2013,11,8,315,Kph
2013-0433-PLW,2013,PLW,Micronesia,Storm,Tropical cyclone,2013-11-07,2013-11-07,day,0,False,Typhoon Haiyan (Yolanda),"Ngercelong, Ngaraard, Ngardmau, Koror, Airai, Aimelick, Ngatpang, Ngiwal, Melekeok, Ngchesar, Ngeramlengu areas (Palau province)",2013,11,7,2013,11,7,160,Kph
2013-0433-VNM,2013,VNM,South-eastern Asia,Storm,Tropical cyclone,2013-11-11,2013-11-11,day,0,True,Typhoon Haiyan (Yolanda),"Quang Ninh, Hai Phong City, Bac Giang, Quang Ngai, Thanh Hoa, Nghe An, Ha Tinh, Quang Tri, Thua Thien - Hue, Da Nang City, Quang Nam provinces",2013,11,11,2013,11,11,102,Kph
2013-0437-PHL,2013,PHL,South-eastern Asia,Storm,Tropical cyclone,2013-10-31,2013-10-31,day,0,True,Typhoon Krosa (Vinta),"Ilocos Norte district (Region I (Ilocos region) province), Cagayan district (Region II (Cagayan Valley) province), Apayao district (Cordillera Administrative region (CAR) province)",2013,10,31,2013,10,31,,Kph
2013-0438-SOM,2013,SOM,Sub-Saharan Africa,Storm,Tropical cyclone,2013-11-08,2013-11-08,day,1,True,Cyclone 3A,"Bandarbeyla, Caluula, Qandala, Qardho, Iskushuban districts (Baria province), Eyl, Garoowe districts (Nugaal province)",2013,11,8,2013,11,19,,Kph
2013-0515-IND,2013,IND,Southern Asia,Storm,Tropical cyclone,2013-11-22,2013-11-22,day,0,True,Helen,"Krishna, Guntur, East Godavari, West Godavari, Vishakhapatnam districts (Andhra Pradesh province)",2013,11,22,2013,11,22,65,Kph
2014-0001-TON,2014,TON,Polynesia,Storm,Tropical cyclone,2014-01-06,2014-01-06,day,0,True,Ian,"Mo'unga'one, Ha'ano, Foa, Lifuka, Lofanga, Uiha islands (Ha'apai island group, Tonga province), Vava'u island group (Tonga province)",2014,1,6,2014,1,11,270,Kph
2014-0016-REU,2014,REU,Sub-Saharan Africa,Storm,Tropical cyclone,2014-01-02,2014-01-02,day,0,True,Cyclone Beisja,"Arrondissement du vent, Arrondissement sous le vent provinces",2014,1,2,2014,1,2,151,Kph
2014-0020-PHL,2014,PHL,South-eastern Asia,Storm,Tropical cyclone,2014-01-19,2014-01-19,day,0,True,Tropical Depression Agaton ( (Lingling),"North Cotabato, South Cotabato districts (Region XII (Soccsksargen) province), Autonomous region in Muslim Mindanao (ARMM), Region X (Northern Mindanao), Region XI (Davao Region), Region XIII (Caraga) provinces",2014,1,19,2014,1,20,,Kph
2014-0055-PHL,2014,PHL,South-eastern Asia,Storm,Tropical cyclone,2014-01-31,2014-01-31,day,0,True,Topical storm Basyang (Kajiki),"Antique, Negros Occidental districts (Region VI (Western Visayas) province), Cebu (Region VII (Central Visayas) province), Biliran, Leyte, Southern Leyte districts (Region VIII (Eastern Visayas) province), Agusan del Norte, Dinagat, Surigao del Norte districts (Region XIII (Caraga) province)",2014,1,31,2014,2,1,,Kph
2014-0092-COM,2014,COM,Sub-Saharan Africa,Storm,Tropical cyclone,2014-03-27,2014-03-27,day,0,False,Cyclone Helen,"Ngazidja, Moheli, Anjouan provinces",2014,3,27,2014,3,29,100,Kph
2014-0092-MDG,2014,MDG,Sub-Saharan Africa,Storm,Tropical cyclone,2014-03-29,2014-03-29,day,0,True,Cyclone Helen,"Betsiboka, Boeny, Diana, Melaky, Sofia provinces",2014,3,29,2014,4,1,240,Kph
2014-0096-VUT,2014,VUT,Melanesia,Storm,Tropical cyclone,2014-03-09,2014-03-09,day,0,True,Tropical cylone Lusi,"Western Pentecost, East Ambae, Maewo areas (Penama province), Western Ambrym area (Malampa province), South Santo area (Sanma province), Gaua, Vanua Lava areas (Torba province), Shepherd area (Shefa province)",2014,3,9,2014,3,12,140,Kph
2014-0183-GTM,2014,GTM,Latin America and the Caribbean,Storm,Tropical cyclone,2014-05-30,2014-05-30,day,0,True,Boris,"Alta Verapaz, Huehuetenango, Petén, Quiché, San Marcos provinces",2014,5,30,2014,6,6,,Kph
2014-0183-MEX,2014,MEX,Latin America and the Caribbean,Storm,Tropical cyclone,2014-05-30,2014-05-30,day,0,False,Boris,"Chiapas, Oaxaca provinces",2014,5,30,2014,6,6,40,Kph
2014-0213-CHN,2014,CHN,Eastern Asia,Storm,Tropical cyclone,2014-06-14,2014-06-14,day,0,False,Hagibis,"Shantou district (Guangdong Sheng province), Fujian Sheng province",2014,6,14,2014,6,16,80,Kph
2014-0227-CHN,2014,CHN,Eastern Asia,Storm,Tropical cyclone,2014-07-18,2014-07-18,day,0,True,Typhoon Rammasun (Glenda),"Hainan Sheng, Guangdong Sheng, Guangxi Zhuangzu Zizhiqu, Yunnan Sheng provinces",2014,7,18,2014,7,19,200,Kph
2014-0227-PHL,2014,PHL,South-eastern Asia,Storm,Tropical cyclone,2014-07-15,2014-07-15,day,1,True,Typhoon Rammasun (Glenda),"National Capital region (NCR), Region III (Central Luzon), Region IV-A (Calabarzon), Region IV (Southern Tagalog), Region V (Bicol region), Region VIII (Eastern Visayas) provinces",2014,7,15,2014,7,15,150,Kph
2014-0227-VNM,2014,VNM,South-eastern Asia,Storm,Tropical cyclone,2014-07-19,2014-07-19,day,0,True,Typhoon Rammasun (Glenda),Mong Cai Township district (Quang Ninh province),2014,7,19,2014,7,20,,Kph
2014-0236-JPN,2014,JPN,Eastern Asia,Storm,Tropical cyclone,2014-07-07,2014-07-07,day,0,True,Typhoon Neoguri,"Ehime, Kagawa, Kooti, Tokusima, Hukuoka, Kagosima, Kumamoto, Miyazaki, Nagasaki, Ooita, Saga, Hukusima, Nagano, Hokkaidoo provinces",2014,7,7,2014,7,10,130,Kph
2014-0240-CHN,2014,CHN,Eastern Asia,Storm,Tropical cyclone,2014-07-22,2014-07-22,day,0,True,Typhoon Henry (Matmo),"Fujian Sheng, Jiangxi Sheng, Shandong Sheng provinces",2014,7,22,2014,7,24,120,Kph
2014-0240-PHL,2014,PHL,South-eastern Asia,Storm,Tropical cyclone,2014-07-22,2014-07-22,day,0,True,Typhoon Henry (Matmo),"Region II, Region IV-A, Region IV provinces",2014,7,22,2014,7,23,,Kph
2014-0240-TWN,2014,TWN,Eastern Asia,Storm,Tropical cyclone,2014-07-22,2014-07-22,day,0,False,Typhoon Henry (Matmo),Taiwan Sheng province,2014,7,22,2014,8,24,160,Kph
2014-0310-USA,2014,USA,Northern America,Storm,Tropical cyclone,2014-08-08,2014-08-08,day,0,True,Hurricane Iselle,Hawaii province,2014,8,8,2014,8,10,95,Kph
2014-0314-JPN,2014,JPN,Eastern Asia,Storm,Tropical cyclone,2014-08-03,2014-08-03,day,0,False,Tropical storm Nakri,Kooti province,2014,8,3,2014,8,6,,Kph
2014-0314-KOR,2014,KOR,Eastern Asia,Storm,Tropical cyclone,2014-08-03,2014-08-03,day,0,True,Tropical storm Nakri,"Chungchongnam-do, Chollabuk-do provinces",2014,8,3,2014,8,6,,Kph
2014-0316-JPN,2014,JPN,Eastern Asia,Storm,Tropical cyclone,2014-08-10,2014-08-10,day,0,True,Typhoon Halong,"Ehime, Kagawa, Kooti, Tokusima provinces",2014,8,10,2014,8,12,160,Kph
2014-0325-MEX,2014,MEX,Latin America and the Caribbean,Storm,Tropical cyclone,2014-08-22,2014-08-22,day,0,True,Hurricane Marie,"Oaxaca, Guerrero provinces",2014,8,22,2014,9,2,220,Kph
2014-0330-CHN,2014,CHN,Eastern Asia,Storm,Tropical cyclone,2014-09-18,2014-09-18,day,0,False,Tropical strom Fung-Wong (Mario),Zhejiang Sheng province,2014,9,18,2014,9,24,,Kph
2014-0330-PHL,2014,PHL,South-eastern Asia,Storm,Tropical cyclone,2014-09-17,2014-09-17,day,0,True,Tropical strom Fung-Wong (Mario),"Dagupan, Lingayen areas (Pangasinan district, Region I (Ilocos region) province), Pampanga district (Region III (Central Luzon) province), Metropolitan Manila district (National Capital region (NCR) province)",2014,9,17,2014,9,22,85,Kph
2014-0330-TWN,2014,TWN,Eastern Asia,Storm,Tropical cyclone,2014-09-18,2014-09-18,day,0,False,Tropical strom Fung-Wong (Mario),Taiwan Sheng province,2014,9,18,2014,9,24,,Kph
2014-0333-MEX,2014,MEX,Latin America and the Caribbean,Storm,Tropical cyclone,2014-09-10,2014-09-10,day,0,True,Hurricane Odile,"Cabo San Lucas city (Los Cabos area, La Paz district, Baja California Sur province)",2014,9,10,2014,9,17,205,Kph
2014-0385-MEX,2014,MEX,Latin America and the Caribbean,Storm,Tropical cyclone,2014-09-04,2014-09-04,day,0,True,Tropical storm Dolly,"Tamaupilas, Veracruz provinces",2014,9,4,2014,9,8,75,Kph
2014-0386-MEX,2014,MEX,Latin America and the Caribbean,Storm,Tropical cyclone,2014-09-02,2014-09-02,day,0,True,Hurricane Norbert,"La Paz district (Bafa California Sur province), Manzanillo district (Colima province), Mazatlan district (Sinaloa province), Baja Peninsula, Chihuahua, Jalisco, Nayarit,",2014,9,2,2014,9,11,205,Kph
2014-0390-CHN,2014,CHN,Eastern Asia,Storm,Tropical cyclone,2014-09-10,2014-09-10,day,0,True,Typhoon Kalmaegi (Luis),"Hainan Sheng, Guangdong Sheng, Guangxi Zhuangzu Zizhiqu provinces",2014,9,10,2014,9,16,,Kph
2014-0390-PHL,2014,PHL,South-eastern Asia,Storm,Tropical cyclone,2014-09-10,2014-09-10,day,0,True,Typhoon Kalmaegi (Luis),"Ilocos Norte, La Union, Pangasinan districts (Region I (Ilocos region) province), Cagayan, Isabela, Nueva Vizcaya districts (Region II (Cagayan Valley) province), Negros Occidental district (Region VI (Western Visayas) province), Rizal district (Region IV-A (Calabarzon) province), Apayao, Benguet, Kalinga districts (Cordillera Administrative region (CAR) province), National Capital region (NCR), Region III (Central Luzon) provinces",2014,9,10,2014,9,16,130,Kph
2014-0390-VNM,2014,VNM,South-eastern Asia,Storm,Tropical cyclone,2014-09-16,2014-09-16,day,0,True,Typhoon Kalmaegi (Luis),"Bac Giang, Bac Kan, Bac Ninh, Cao Bang, Dien Bien, Ha Giang, Ha Nam, Ha Noi City, Ha Tay, Ha Tinh, Hai Duong, Hai Phong City, Hoa Binh, Hung Yen, Lai Chau, Lang Son, Lao Cai, Nam Dinh, Nghe An, Ninh Binh, Phu Tho, Quang Ninh, Son La, Thai Binh, Thai Nguyen, Thanh Hoa, Tuyen Quang, Vinh Phuc, Yen Bai provinces",2014,9,16,2014,9,16,130,Kph
2014-0392-IND,2014,IND,Southern Asia,Storm,Tropical cyclone,2014-10-12,2014-10-12,day,0,True,Cyclone Hudhud,"Vishakhapatnam, Gangavaram towns (Vishakhapatnam district, Andhra Pradesh province), Baragarh, Bolangir, Boudh, Gajapati, Ganjam, Kalahandi, Kandhamal, Khordha, Koraput, Malkangiri, Nabarangpur, Nayagarh, Nuapada, Puri, Rayagada, Sonepur districts (Orissa province), Chhattisgarh province",2014,10,12,2014,10,12,215,Kph
2014-0396-JPN,2014,JPN,Eastern Asia,Storm,Tropical cyclone,2014-10-12,2014-10-12,day,0,True,Typhoon Vongfong,"Makurazakisi, Kagosimasi districts (Kagosima province), Okinawa, Sizuoka provinces",2014,10,12,2014,10,13,290,Kph
2014-0397-JPN,2014,JPN,Eastern Asia,Storm,Tropical cyclone,2014-10-06,2014-10-06,day,0,True,Typhoon Phanfone,"Okinawa, Sizuoka, Aiti, Kanagawa provinces",2014,10,6,2014,10,6,110,Kph
2014-0417-MEX,2014,MEX,Latin America and the Caribbean,Storm,Tropical cyclone,2014-10-18,2014-10-18,day,0,True,Tropical storm Trudy,"Tlacoachistlahuaca, Huamuxtitlan, Tlalixtaquilla, Malinaltepec districts (Guerrero province), Oaxaca province",2014,10,18,2014,10,20,,Kph
2014-0423-PNG,2014,PNG,Melanesia,Storm,Tropical cyclone,2014-04-07,2014-04-07,day,0,False,Cyclone Ita,Milne Bay province,2014,4,7,2014,4,9,,Kph
2014-0474-PHL,2014,PHL,South-eastern Asia,Storm,Tropical cyclone,2014-11-27,2014-11-27,day,0,True,Tropical storm 'Sinlaku' (Queenie),"Palawan district (Region IV (Southern Tagalog) province), Negros Occidental district (Region VI (Western Visayas) province), Bohol, Cebu, Negros Oriental districts (Region VII (Central Visayas) province), Southern Leyte district (Region VIII (Eastern Visayas) province), Misamis Occidental, Misamis Oriental districts (Region X (Northern Mindanao) province), Davao del Sur district (Region XI (Davao Region) province), Dinagat, Surigao del Norte, Surigao del Sur districts (Region XIII (Caraga) province)",2014,11,27,2014,11,28,,Kph
2014-0474-VNM,2014,VNM,South-eastern Asia,Storm,Tropical cyclone,2014-11-30,2014-11-30,day,0,False,Tropical storm 'Sinlaku' (Queenie),"Phu Yen, Binh Dinh provinces",2014,11,30,2014,11,30,,Kph
2014-0479-PHL,2014,PHL,South-eastern Asia,Storm,Tropical cyclone,2014-12-12,2014-12-12,day,0,True,Typhoon 'Hagupit' (Ruby),"Bataan district (Region III (Central Luzon) province), Agusan Del Norte, Agusan Del Sur, Surigao Del Sur, Surigao Del Norte districts (Region XIII (Caraga) province), National Capital region (NCR), Region IV (Southern Tagalog), Region IV-A (Calabarzon), Region V (Bicol region), Region VI (Western Visayas), Region VII (Central Visayas), Region VIII (Eastern Visayas) provinces",2014,12,12,2014,12,12,210,Kph
2014-0497-PHL,2014,PHL,South-eastern Asia,Storm,Tropical cyclone,2014-12-28,2014-12-28,day,0,True,Tropical storm 'Jangmi' (Seniang),"Palawan district (Region IV (Southern Tagalog) province), Antique, Capiz, Negros Occidental districts (Region VI (Western Visayas) province), Bohol, Cebu, Siquijor districts (Region VII (Central Visayas) province), Leyte, Samar, Southern Leyte districts (Region VIII (Eastern Visayas) province), Zamboanga Del Sur district (Region IX (Zamboanga Peninsula) province), Bukidnon, Camiguin, Lanao del Norte, Misamis Oriental districts (Region X (Northern Mindanao) province), Compostela, Davao del Norte, Davao Oriental districts (Region XI (Davao Region) province), Region XIII (Caraga) province",2014,12,28,2014,12,31,210,Kph
2015-0016-MDG,2015,MDG,Sub-Saharan Africa,Storm,Tropical cyclone,2015-01-16,2015-01-16,day,0,True,Tropical storm 'Chedza',"Ambatondrazaka district (Alaotra Mangoro province), Ambatofinandrahana district (Amoron I Mania province), Ambohidratrimo, Andramasina, Ankazobe, Antananarivo Avaradrano, Antananarivo Atsimondrano, Antananarivo I, Antananarivo II, Antananarivo III, Antananarivo IV, Antananarivo V; Antananarivo VI districts (Analamanga province), Maevatanana district (Betsiboka province), Ambato Boeni, Mahajanga II districts (Boeny province), Tsiroanomandidy district (Bongolava province), Ambanja district (Diana province), Ambalavao, Ambohimahasoa, Fianarantsoa I, Vohibato, Lalangina districts (Haute Matsiatra province), Soavinandriana district (Itasy province), Besalampy district (Melaky province), Belo Sur Tsiribihina, Mahabo, Miandrivazo, Morondava districts (Menabe province), Mampikony district (Sofia province) Farafangana, Vangaindrano, Vondrozo districts (Atsimo Atsinanana province), Antanifotsy distrcit (Vakinankaratra province), Ikongo, Manakara Atsimo, Mananjary, Nosy-Varika, Vohipeno districts (Vatovavy Fitovianny)",2015,1,16,2015,1,17,,Kph
2015-0017-PHL,2015,PHL,South-eastern Asia,Storm,Tropical cyclone,2015-01-19,2015-01-19,day,0,True,Tropical storm 'Amang' (Mekkhala),"Albay, Camarines Norte, Catanduanes, Sorsogon districts (Region V (Bicol region) province), Cebu district (Region VII (Central Visayas) province), Eastern Samar, Samar districts (Region VIII (Eastern Visayas) province)",2015,1,19,2015,1,19,,Kph
2015-0053-AUS,2015,AUS,Australia and New Zealand,Storm,Tropical cyclone,2015-02-20,2015-02-20,day,0,False,Cyclone Lam,"Northern Territory, Western Australia provinces",2015,2,20,2015,2,20,185,Kph
2015-0074-MDG,2015,MDG,Sub-Saharan Africa,Storm,Tropical cyclone,2015-02-07,2015-02-07,day,0,True,Tropical storm 'Fundi',"Androy, Anosy, Atsimo Andrefana, Menabe provinces",2015,2,7,2015,2,8,,Kph
2015-0079-AUS,2015,AUS,Australia and New Zealand,Storm,Tropical cyclone,2015-02-22,2015-02-22,day,0,True,Cyclone 'Marcia',"Queensland, New South Wales provinces",2015,2,22,2015,2,24,210,Kph
2015-0093-KIR,2015,KIR,Micronesia,Storm,Tropical cyclone,2015-03-12,2015-03-12,day,0,False,Cyclone 'Pam',"Tarawa, Arorae, Tamana, Onotoa areas (Kiribati province)",2015,3,12,2015,3,13,,Kph
2015-0093-PNG,2015,PNG,Melanesia,Storm,Tropical cyclone,2015-03-13,2015-03-13,day,0,False,Cyclone 'Pam',"West New Britain, Madang provinces",2015,3,13,2015,3,13,,Kph
2015-0093-SLB,2015,SLB,Melanesia,Storm,Tropical cyclone,2015-03-06,2015-03-06,day,0,False,Cyclone 'Pam',"Temotu, Malaita areas (Solomon Islands province)",2015,3,6,2015,3,6,,Kph
2015-0093-TUV,2015,TUV,Polynesia,Storm,Tropical cyclone,2015-03-10,2015-03-10,day,0,False,Cyclone 'Pam',"Nanumea, Nanumaga, Niutao, Nui, Vaitupu, Nukufetau, Nukulaelae atolls (Tuvalu province)",2015,3,10,2015,3,11,,Kph
2015-0093-VUT,2015,VUT,Melanesia,Storm,Tropical cyclone,2015-03-12,2015-03-12,day,0,True,Cyclone 'Pam',"Torba, Penama, Sanma, Malampa, Shefa, Tafea provinces",2015,3,12,2015,3,14,250,Kph
2015-0105-CHN,2015,CHN,Eastern Asia,Storm,Tropical cyclone,2015-04-04,2015-04-04,day,0,True,Typhoon' Maysak',"Hunan Sheng, Jiangxi Sheng provinces",2015,4,4,2015,4,15,,Kph
2015-0105-FSM,2015,FSM,Micronesia,Storm,Tropical cyclone,2015-03-27,2015-03-27,day,0,True,Typhoon' Maysak',"Chuuk, Ulithi Atoll, Yap areas (Micronesia province)",2015,3,27,2015,3,30,260,Kph
2015-0105-PHL,2015,PHL,South-eastern Asia,Storm,Tropical cyclone,2015-04-06,2015-04-06,day,0,False,Typhoon' Maysak',"Isabela district (Region II (Cagayan Valley) province), Aurora district (Region III (Central Luzon) province)",2015,4,6,2015,4,6,200,Kph
2015-0135-AUS,2015,AUS,Australia and New Zealand,Storm,Tropical cyclone,2015-03-12,2015-03-12,day,0,False,Cyclone 'Olwyn',"Carnarvon, Ashburton, Upper Gascoyne, Geraldton-Greenough, Irwin districts (Western Australia province)",2015,3,12,2015,3,15,160,Kph
2015-0176-JPN,2015,JPN,Eastern Asia,Storm,Tropical cyclone,2015-05-12,2015-05-12,day,0,False,Typhoon Noul (Dodong),"Amagityoo, Isentyoo, Kasarityoo, Nazesi, Setootityoo, Sumiyooson, Tatugootyoo, Tokunosimatyoo, Ukenson, Yamatoson districts (Kagosima province), Okinawa province",2015,5,12,2015,5,12,180,Kph
2015-0176-PHL,2015,PHL,South-eastern Asia,Storm,Tropical cyclone,2015-05-11,2015-05-11,day,0,True,Typhoon Noul (Dodong),"Benito Soliven, Dinapigue, Dilvilacan, Maconacon, Palanan areas (Isabela district, Region II (Cagayan Valley) province), Aparri, Buguey, Calayan, Gonzaga, Santa Ana, Santa Teresita areas (Cagayan district, Region II (Cagayan Valley) province)",2015,5,11,2015,5,11,220,Kph
2015-0244-CHN,2015,CHN,Eastern Asia,Storm,Tropical cyclone,2015-07-11,2015-07-11,day,0,False,Typhoon Chan-Home,Zhejiang Sheng province,2015,7,11,2015,7,12,,Kph
2015-0244-JPN,2015,JPN,Eastern Asia,Storm,Tropical cyclone,2015-07-09,2015-07-09,day,0,True,Typhoon Chan-Home,Okinawa province,2015,7,9,2015,7,11,250,Kph
2015-0244-PHL,2015,PHL,South-eastern Asia,Storm,Tropical cyclone,2015-07-12,2015-07-12,day,0,True,Typhoon Chan-Home,"Cordillera Administrative region (CAR), Region I (Ilocos region), Region II (Cagayan Valley) provinces",2015,7,12,2015,7,12,,Kph
2015-0244-TWN,2015,TWN,Eastern Asia,Storm,Tropical cyclone,2015-07-12,2015-07-12,day,0,False,Typhoon Chan-Home,Taiwan Sheng province,2015,7,12,2015,7,12,,Kph
2015-0252-CHN,2015,CHN,Eastern Asia,Storm,Tropical cyclone,2015-06-22,2015-06-22,day,0,False,Tropical storm Kujira,Hainan Sheng province,2015,6,22,2015,6,22,,Kph
2015-0252-VNM,2015,VNM,South-eastern Asia,Storm,Tropical cyclone,2015-06-24,2015-06-24,day,0,True,Tropical storm Kujira,Son La province,2015,6,24,2015,6,29,,Kph
2015-0261-JPN,2015,JPN,Eastern Asia,Storm,Tropical cyclone,2015-07-16,2015-07-16,day,0,True,Typhoon Nangka,"Aiti, Akita, Aomori, Gifu, Gunma, Hirosima, Hukui, Hukusima, Hyoogo, Ibaraki, Iwate, Kanagawa, Kyooto, Mie, Miyagi, Nagano, Nara, Niigata, Okayama, Okinawa, Oosaka, Saitama, Siga, Simane, Sizuoka, Tiba, Tookyoo, Totigi, Tottori, Toyama, Wakayama, Yamagata, Yamaguti, Yamanasi, Ehime, Kagawa, Kooti, Tokusima provinces",2015,7,16,2015,7,17,185,Kph
2015-0278-CHN,2015,CHN,Eastern Asia,Storm,Tropical cyclone,2015-07-09,2015-07-09,day,0,False,Tropical cyclone Linfa (Egay),Guangdong Sheng province,2015,7,9,2015,7,9,,Kph
2015-0278-PHL,2015,PHL,South-eastern Asia,Storm,Tropical cyclone,2015-07-04,2015-07-04,day,0,False,Tropical cyclone Linfa (Egay),"Ilocos Norte, Ilocos Sur, La Union districts (Region I (Ilocos region) province), Palawan district (Region IV (Southern Tagalog) province), Benguet, Abra, Kalinga districts (Cordillera Administrative region (CAR) province)",2015,7,4,2015,7,5,,Kph
2015-0281-SLB,2015,SLB,Melanesia,Storm,Tropical cyclone,2015-07-05,2015-07-05,day,0,True,Tropical cylone Raquel,Solomon Islands province,2015,7,5,2015,7,6,,Kph
2015-0309-BGD,2015,BGD,Southern Asia,Storm,Tropical cyclone,2015-07-29,2015-07-29,day,0,True,Cyclone 'Komen',"Cox's Bazar, Chittagong, Noakhali, Feni, Bandarban districts (Chittagong province), Patuakhali, Bhola, Barguna districts (Barisla province)",2015,7,29,2015,7,30,,Kph
2015-0339-CHN,2015,CHN,Eastern Asia,Storm,Tropical cyclone,2015-08-09,2015-08-09,day,0,True,Typhoon 'Soudelor' (Hanna),"Zheijiang Sheng, Fujian Sheng, Jiangxi Sheng, Anhui Sheng provinces",2015,8,9,2015,8,9,230,Kph
2015-0339-MNP,2015,MNP,Micronesia,Storm,Tropical cyclone,2015-08-01,2015-08-01,day,0,False,Typhoon 'Soudelor' (Hanna),Saipan island (Northern Mariana Islands province),2015,8,1,2015,8,2,170,Kph
2015-0339-PHL,2015,PHL,South-eastern Asia,Storm,Tropical cyclone,2015-08-05,2015-08-05,day,0,False,Typhoon 'Soudelor' (Hanna),"Janiuary area (Iloilo district, Region VI (Western Visayas) province), Valladolid area (Negros Occidental district, Region VI (Western Visayas) province), San Lorenzo area (Guimaras district, Region VI (Western Visayas) province), Bayawan, Siaton areas (Negros Oriental district, Region VII (Central Visayas) province), Kapatagan, Laia, Sapad areas (Lanao Del Norte district, Region X (Northern Mindanao) province)",2015,8,5,2015,8,5,,Kph
2015-0339-TWN,2015,TWN,Eastern Asia,Storm,Tropical cyclone,2015-08-08,2015-08-08,day,0,True,Typhoon 'Soudelor' (Hanna),Taiwan Sheng province,2015,8,8,2015,8,9,,Kph
2015-0371-JPN,2015,JPN,Eastern Asia,Storm,Tropical cyclone,2015-08-25,2015-08-25,day,0,False,Typhoon Goni (Ineng),Kumamoto province,2015,8,25,2015,8,25,198,Kph
2015-0371-PHL,2015,PHL,South-eastern Asia,Storm,Tropical cyclone,2015-08-22,2015-08-22,day,0,True,Typhoon Goni (Ineng),"Ilocos Norte, Ilocos Sur districts (Region I (Ilocos region) province), Region II (Cagayan Valley), Cordillera Administrative region (CAR) provinces",2015,8,22,2015,8,22,252,Kph
2015-0375-DMA,2015,DMA,Latin America and the Caribbean,Storm,Tropical cyclone,2015-08-27,2015-08-27,day,0,True,Hurricane Erika,"Petite Savanne, Pichelin villages (St. Patrick province), Good Hope, Petite Soufriere villages (St. David province), Bath Estate village (St. George province), Dubique village (St. Andrew province), Campbell village (St. Paul province), Coulibistrie village (St. Joseph province)",2015,8,27,2015,8,27,,Kph
2015-0375-DOM,2015,DOM,Latin America and the Caribbean,Storm,Tropical cyclone,2015-08-28,2015-08-28,day,0,False,Hurricane Erika,"Azua, Baoruco, Barahona, Dajabon, Distrito Nacional, Duarte, El Seibo, Elias Pina, Espaillat, Hato Mayor, Independencia, La Altagracia, La Romana, La Vega, Maria Trinidad Sanches, Monsenor Nouel, Monte Cristi, Monte Plata, Pedernales, Peravia, Puerto Plata, Salcedo, Samana, San Cristobal, San José de Ocoa, San Juan, San Pedro de Macoris, Sanchez Ramirez, Santiago, Santiago Rodriguez, Santo Domingo, Valverde provinces",2015,8,28,2015,8,28,,Kph
2015-0375-HTI,2015,HTI,Latin America and the Caribbean,Storm,Tropical cyclone,2015-08-29,2015-08-29,day,0,True,Hurricane Erika,"Ganthier village (Croix-Des-Bouquets district, Sud province), Port-au-Prince district (Ouest province), Gonaïves district (Artibonite province)",2015,8,29,2015,8,30,,Kph
2015-0456-JPN,2015,JPN,Eastern Asia,Storm,Tropical cyclone,2015-09-08,2015-09-08,day,0,True,Tropical Storm Etau,"Ibaraki, Totigi, Miyagi provinces",2015,9,8,2015,9,10,,Kph
2015-0458-CHN,2015,CHN,Eastern Asia,Storm,Tropical cyclone,2015-09-28,2015-09-28,day,0,False,Typhoon Dujuan,"Fujian Sheng, Zhejiang Sheng provinces",2015,9,28,2015,9,28,,Kph
2015-0458-JPN,2015,JPN,Eastern Asia,Storm,Tropical cyclone,2015-09-28,2015-09-28,day,0,False,Typhoon Dujuan,Okinawa province,2015,9,28,2015,9,28,,Kph
2015-0458-TWN,2015,TWN,Eastern Asia,Storm,Tropical cyclone,2015-09-28,2015-09-28,day,0,True,Typhoon Dujuan,Taiwan Sheng province,2015,9,28,2015,9,28,,Kph
2015-0459-USA,2015,USA,Northern America,Storm,Tropical cyclone,2015-10-01,2015-10-01,day,0,True,Joaquin,"South Carolina, North Carolina",2015,10,1,2015,10,13,,Kph
2015-0462-PHL,2015,PHL,South-eastern Asia,Storm,Tropical cyclone,2015-10-14,2015-10-14,day,0,True,Typhoon Koppu (Lando),"Camarines Norte, Catanduanes districts (Region V (Bicol region) province), Cordillera Administrative region (CAR), National Capital region (NCR) province, Region I (Ilocos region), Region II (Cagayan Valley), Region III (Central Luzon), Region IV-A (Calabarzon) provinces",2015,10,14,2015,10,20,210,Kph
2015-0470-MEX,2015,MEX,Latin America and the Caribbean,Storm,Tropical cyclone,2015-10-22,2015-10-22,day,0,True,Hurricane Patricia,"Manzanillo district (Colima province), Coahuila, Nuevo leon, Tamaulipas provinces",2015,10,22,2015,10,28,270,Kph
2015-0473-CPV,2015,CPV,Sub-Saharan Africa,Storm,Tropical cyclone,2015-08-31,2015-08-31,day,0,True,Hurricane 'Fred',"Boa Vista, Brava, Cima, Fogo, Ilheu Branco, Ilheu Raso, Maio, Rombo, Sal, Santa Luzia, Santiago, Santo Antao, Sao Nicolau, Sao Vicente provinces",2015,8,31,2015,8,31,140,Kph
2015-0479-BHS,2015,BHS,Latin America and the Caribbean,Storm,Tropical cyclone,2015-10-01,2015-10-01,day,0,True,Hurricane 'Joaquin',"Exuma, Long Island, Mayaguana, Rum Cay, San Salvador, Samana Cay, Crooked Isl., Ragged Islands (Administrative unit not available)",2015,10,1,2015,10,4,,Kph
2015-0484-SOM,2015,SOM,Sub-Saharan Africa,Storm,Tropical cyclone,2015-11-02,2015-11-02,day,0,False,Cyclone Chapala,"Baargsaal, Bander, Bareeda, Butiyaal, Caluula, Murcanyo, Qandalla, Xaabo villages (Bossaso district, Bari province), Biycad, Bulahar, Ceelsheik, Shacable villages (Berbera district, Woqooyi Galbeed province)",2015,11,2,2015,11,2,,Kph
2015-0484-YEM,2015,YEM,Western Asia,Storm,Tropical cyclone,2015-11-03,2015-11-03,day,0,True,Cyclone Chapala,"Abyan, Hadramaut, Shabwah provinces",2015,11,3,2015,11,4,,Kph
2015-0490-CHN,2015,CHN,Eastern Asia,Storm,Tropical cyclone,2015-10-04,2015-10-04,day,0,True,Typhoon Mujigae,"Guangxi Zhuangzu Zizhiqu, Guangdong Sheng, Hainan Sheng provinces",2015,10,4,2015,10,4,,Kph
2015-0490-PHL,2015,PHL,South-eastern Asia,Storm,Tropical cyclone,2015-10-02,2015-10-02,day,0,True,Typhoon Mujigae,"Benguet district (Cordillera Administrative region (CAR) province), La Union, Pangasinan districts (Region I (Ilocos region) province), Aurora, Bulacan, Nueva Ecija districts (Region III (Central Luzon) province)",2015,10,2,2015,10,2,,Kph
2015-0494-SOM,2015,SOM,Sub-Saharan Africa,Storm,Tropical cyclone,2015-11-08,2015-11-08,day,0,False,Cyclone Megh,Bari province,2015,11,8,2015,11,8,,Kph
2015-0494-YEM,2015,YEM,Western Asia,Storm,Tropical cyclone,2015-11-08,2015-11-08,day,0,True,Cyclone Megh,"Hidaybu, Qulensya Wa Abd Al Kuri districts (Hadramaut province), Aden province",2015,11,8,2015,11,10,,Kph
2015-0543-PHL,2015,PHL,South-eastern Asia,Storm,Tropical cyclone,2015-12-14,2015-12-14,day,0,True,Typhoon Melor (Nona),"Nueva Vizcaya district (Region II (Cagayan Valley) province), Quezon, Batangas districts (Region IV-A (Calabarzon) province), Marinduque, Mindoro Oriental, Mindoro Occidental, Romblon districts (Region IV (Southern Tagalog) province), Catanduanes, Albay, Masbate, Sorsogon districts (Region V (Bicol region) province), Biliran districts (Region VII (Central Visayas) province), Samar, Northern Samar districts (Region VIII (Eastern Visayas) province), Quezon City area (Metropolitan Manila district, National Capital region (NCR) province)",2015,12,14,2015,12,15,185,Kph
2015-0620-KHM,2015,KHM,South-eastern Asia,Storm,Tropical cyclone,2015-09-19,2015-09-19,day,0,False,Cyclone Vamco,Battambang province,2015,9,19,2015,9,20,,Kph
2015-0620-THA,2015,THA,South-eastern Asia,Storm,Tropical cyclone,2015-09-15,2015-09-15,day,0,True,Cyclone Vamco,"Rayong (Muang, Bang Chang districts), Chonburi, Phang-nga, Chumphon, Trat, Saraburi, Ranong, Satun, Tak, Chanthaburi, Surin, Si Sa Ket, Trang, Chachoengsao, Nakhon Nayok, Krabi, Phatthlung, Nakhon Si Thammarat, Prachuap Khiri Khan, Prachinburi, Surat Thani, Phetchaburi (Ban Laem district), Sa Kaeo Provinces",2015,9,15,2015,9,21,65,Kph
2015-0620-VNM,2015,VNM,South-eastern Asia,Storm,Tropical cyclone,2015-09-14,2015-09-14,day,0,True,Cyclone Vamco,"Da Nang, Quang Nam (Duy Xuyen, Nong Son districts), Quand Ngai (Ly Son District), Thanh Hoa",2015,9,14,2015,9,14,,Kph
2016-0004-TON,2016,TON,Polynesia,Storm,Tropical cyclone,2016-01-02,2016-01-02,day,0,False,Cyclone Ulla,"Vava'u, Ha'apai islands (Administrative unit not available)",2016,1,2,2016,1,2,150,Kph
2016-0041-FJI,2016,FJI,Melanesia,Storm,Tropical cyclone,2016-02-20,2016-02-20,day,0,True,Cyclone Winston,"Savusavu (Cakaudrove district, Northern province, Vanua Levu Isl. and Taveuni Isl.), Bua, Macuata districts (Northern province, Vanua Levu Isl.), Western, Central provinces (Viti Levu, Yasawa, Mamanuca Isl.), Lau district (Eastern province, Vanua Balavu, Nayau Isl.), Lomaiviti district (Eastern province, Koro Isl.)",2016,2,20,2016,2,21,,Kph
2016-0041-TON,2016,TON,Polynesia,Storm,Tropical cyclone,2016-02-19,2016-02-19,day,0,False,Cyclone Winston,Vava’u Isl.,2016,2,19,2016,2,19,,Kph
2016-0141-FJI,2016,FJI,Melanesia,Storm,Tropical cyclone,2016-04-04,2016-04-04,day,0,True,Tropical cyclone Zena,"Central, Western provinces (Viti Levu Isl.)",2016,4,4,2016,4,7,,Kph
2016-0141-TON,2016,TON,Polynesia,Storm,Tropical cyclone,2016-04-07,2016-04-07,day,0,False,Tropical cyclone Zena,"Eua, Tongatapu, Ha'apai, Tongatapu, 'Eua, Vava'u islands (Administrative unit not available)",2016,4,7,2016,4,7,,Kph
2016-0175-BGD,2016,BGD,Southern Asia,Storm,Tropical cyclone,2016-05-21,2016-05-21,day,0,True,Cyclone Roanu,"Barisal; Noakhali, Lakshmipur, Chandpur (Chittagong); Cox’s Bazar, Bhola, Barguna, Patuakhali",2016,5,21,2016,5,21,,Kph
2016-0256-CHN,2016,CHN,Eastern Asia,Storm,Tropical cyclone,2016-07-09,2016-07-09,day,0,True,Typhoon Butchoy (Nepartak),Fujian Sheng province,2016,7,9,2016,7,9,,Kph
2016-0256-PHL,2016,PHL,South-eastern Asia,Storm,Tropical cyclone,2016-07-08,2016-07-08,day,0,True,Typhoon Butchoy (Nepartak),"Zambales, Battan (Region III); Rizal, Batangas (Region IV)",2016,7,8,2016,7,8,,Kph
2016-0256-TWN,2016,TWN,Eastern Asia,Storm,Tropical cyclone,2016-07-09,2016-07-09,day,0,True,Typhoon Butchoy (Nepartak),,2016,7,9,2016,7,9,,Kph
2016-0268-VNM,2016,VNM,South-eastern Asia,Storm,Tropical cyclone,2016-07-28,2016-07-28,day,0,True,Storm Mirinae,"Nam Dinh, Thai Binh and Ninh Binh provinces",2016,7,28,2016,7,28,88,Kph
2016-0284-BLZ,2016,BLZ,Latin America and the Caribbean,Storm,Tropical cyclone,2016-08-04,2016-08-04,day,0,False,Tropical storm 'Earl',"San Pedro, Caye Caulker, Belize city, Ladyville, (Belize province), Orange Walk province, Belmopan (Cayo province)",2016,8,4,2016,8,4,110,Kph
2016-0284-GTM,2016,GTM,Latin America and the Caribbean,Storm,Tropical cyclone,2016-08-06,2016-08-06,day,0,False,Tropical storm 'Earl',"Petén, Izabal provinces",2016,8,6,2016,8,6,,Kph
2016-0284-HND,2016,HND,Latin America and the Caribbean,Storm,Tropical cyclone,2016-08-06,2016-08-06,day,0,True,Tropical storm 'Earl',"Islas De Bahía, Colon, Gracias A Dios, Cortés",2016,8,6,2016,8,6,,Kph
2016-0284-MEX,2016,MEX,Latin America and the Caribbean,Storm,Tropical cyclone,2016-08-06,2016-08-06,day,0,True,Tropical storm 'Earl',"Puebla, Veracruz provinces",2016,8,6,2016,8,7,,Kph
2016-0319-MEX,2016,MEX,Latin America and the Caribbean,Storm,Tropical cyclone,2016-09-06,2016-09-06,day,0,True,Hurricane Newton,"Cabo San Lucas city (La Paz district, Baja California Sur province), Oaxaca, Colima, Jalisco provinces",2016,9,6,2016,9,7,,Kph
2016-0322-USA,2016,USA,Northern America,Storm,Tropical cyclone,2016-09-01,2016-09-01,day,0,True,Hurricane Hermine,"Georgia, Florida, South Carolina, New York, New Jersey; Cedar Key, Florida, Aurora (North Carolina); Virginia Tidewater region",2016,9,1,2016,9,6,85,Kph
2016-0324-JPN,2016,JPN,Eastern Asia,Storm,Tropical cyclone,2016-09-04,2016-09-04,day,0,True,Typhoon Lionrock,Iwate,2016,9,4,2016,9,4,,Kph
2016-0342-CHN,2016,CHN,Eastern Asia,Storm,Tropical cyclone,2016-09-15,2016-09-15,day,0,False,Typhoon Ferdie (Meranti),Fujian Sheng province,2016,9,15,2016,9,15,,Kph
2016-0342-PHL,2016,PHL,South-eastern Asia,Storm,Tropical cyclone,2016-09-16,2016-09-16,day,0,False,Typhoon Ferdie (Meranti),"Ilocos Norte district (Region I (Ilocos region) province), Batanes, Cagayan districts (Region II (Cagayan valley) province)",2016,9,16,2016,9,16,,Kph
2016-0342-TWN,2016,TWN,Eastern Asia,Storm,Tropical cyclone,2016-09-14,2016-09-14,day,0,False,Typhoon Ferdie (Meranti),,2016,9,14,2016,9,14,305,Kph
2016-0350-CHN,2016,CHN,Eastern Asia,Storm,Tropical cyclone,2016-09-28,2016-09-28,day,0,True,Typhoon Megi,"Quanzhou district (Fujian Sheng province), Sucun village (Quzhou district, Zhejiang Sheng province), Baofeng village (Lishui district, Zhejiang Sheng province)",2016,9,28,2016,9,28,119,Kph
2016-0350-TWN,2016,TWN,Eastern Asia,Storm,Tropical cyclone,2016-09-27,2016-09-27,day,0,True,Typhoon Megi,,2016,9,27,2016,9,27,,Kph
2016-0355-BHS,2016,BHS,Latin America and the Caribbean,Storm,Tropical cyclone,2016-09-28,2016-09-28,day,0,False,Hurricane 'Matthew',"New Providence, Nassau",2016,9,28,2016,10,10,,Kph
2016-0355-CUB,2016,CUB,Latin America and the Caribbean,Storm,Tropical cyclone,2016-09-28,2016-09-28,day,0,False,Hurricane 'Matthew',"Baracoa, Imias, Maisi, San Antonio del Sur districts (Guantanamo province)",2016,9,28,2016,10,7,,Kph
2016-0355-DOM,2016,DOM,Latin America and the Caribbean,Storm,Tropical cyclone,2016-10-03,2016-10-03,day,0,True,Hurricane 'Matthew',"Azua, San José de Ocoa, San Juan de la Maguana, Pedernales, Barahona, Independencia, Dajabon, Monte Cristi, Bahoruco, Elias Pina, San Cristobal, Peravia, Santiago Rodriguez, Puerto Plata, Valverde, Santo Domingo, Distrito Nacional, Monsenor Noel, Sanchez Ramirez, Monte Plata, La Vega",2016,10,3,2016,10,4,,Kph
2016-0355-HTI,2016,HTI,Latin America and the Caribbean,Storm,Tropical cyclone,2016-09-28,2016-09-28,day,1,True,Hurricane 'Matthew',"Grand’Anse (Jérémie), South (Les Cayes, Les Anglais and Tiburon municipalities), Nippes, South East, West (Leogane, Port-au-Prince) and North West departments, Les Cayes",2016,9,28,2016,10,7,,Kph
2016-0355-JAM,2016,JAM,Latin America and the Caribbean,Storm,Tropical cyclone,2016-09-27,2016-09-27,day,0,False,Hurricane 'Matthew',St. Thomas and Portland,2016,9,27,2016,10,3,,Kph
2016-0355-LCA,2016,LCA,Latin America and the Caribbean,Storm,Tropical cyclone,2016-09-28,2016-09-28,day,0,False,Hurricane 'Matthew',"Gros-Islet (Region Number 1 province), Castries, Bexon, Marc, (Region Number 8 province), Dennery (Region Number 3 province), Laborie, Vieux- Fort (Region Number 5 province), Micoud (Region Number 4 province), Choiseul (Region Number 6 province)",2016,9,28,2016,9,28,,Kph
2016-0355-USA,2016,USA,Northern America,Storm,Tropical cyclone,2016-10-08,2016-10-08,day,0,True,Hurricane 'Matthew',"Florida, Georgia, South Carolina, North Carolina, Virginia provinces",2016,10,8,2016,10,12,,Kph
2016-0355-VCT,2016,VCT,Latin America and the Caribbean,Storm,Tropical cyclone,2016-09-28,2016-09-28,day,0,True,Hurricane 'Matthew',Layou (Saint Andrew),2016,9,28,2016,9,29,,Kph
2016-0361-JPN,2016,JPN,Eastern Asia,Storm,Tropical cyclone,2016-10-05,2016-10-05,day,0,False,Typhoon Chaba (Chyba?),Hokkaidoo province (Hokkaido island),2016,10,5,2016,10,6,,Kph
2016-0361-KOR,2016,KOR,Eastern Asia,Storm,Tropical cyclone,2016-10-05,2016-10-05,day,0,True,Typhoon Chaba (Chyba?),"Busan city (Pusan province), Ulsan city (Kyongsangnam-do province), Cheju-do province (Jeju island), Chollanam-do province, Gyeongju city (Kyongsangbuk-do province)",2016,10,5,2016,10,12,,Kph
2016-0362-VNM,2016,VNM,South-eastern Asia,Storm,Tropical cyclone,2016-10-13,2016-10-13,day,0,True,Tropical storm Aere,"Thua Thien-Hue, Quang Tri, Quang Binh, Ha Tinh, Nghe An provinces",2016,10,13,2016,10,15,,Kph
2016-0363-CHN,2016,CHN,Eastern Asia,Storm,Tropical cyclone,2016-10-16,2016-10-16,day,0,False,Typhoon Karen (Sarika),"Hainan Sheng, Guangdong Sheng, Guangxi Zhuangzu Zizhiqu provinces",2016,10,16,2016,10,19,,Kph
2016-0363-PHL,2016,PHL,South-eastern Asia,Storm,Tropical cyclone,2016-10-16,2016-10-16,day,0,False,Typhoon Karen (Sarika),"Pangasinan district (Region I (Ilocos region) province), Nueva Vizcaya, Quirino, Isabela districts (Region II (Cagayan valley) province), Aurora, Bulacan, Nueva Ecija, Zambales districts (Region III (Central Luzon) province), Quezon, Rizal, Laguna, Cavite, Batangas districts (Region IV-A (Calabarzon) province), Albay, Catanduanes, Camarines Sur, Camarines Norte, Sorsogon districts (Region V (Bicol region) province)",2016,10,16,2016,10,19,210,Kph
2016-0364-CHN,2016,CHN,Eastern Asia,Storm,Tropical cyclone,2016-10-19,2016-10-19,day,0,False,Typhoon Lawin (Haima),Guangdong Sheng province,2016,10,19,2016,10,21,,Kph
2016-0364-PHL,2016,PHL,South-eastern Asia,Storm,Tropical cyclone,2016-10-19,2016-10-19,day,0,True,Typhoon Lawin (Haima),"Ilocos Norte, Ilocos Sur, La Union, Pangasinan districts (Region I (Ilocos region) province), Cagayan, Isabela, Nueva Vizcaya, Quirino districts (Region II (Cagayan valley) province), Aurora, Bataan, Bulacan, Nueva Ecija, Pampanga, Tarlac, Zambales districts (Region III (Central Luzon) province), Batangas, Quezon, Rizal districts (Regio IV-A (Calabarzon) province), Camarines Norte, Sorgoson (Region V (Bicol region) province)), Abra, Apayao, Benguet, Ifugao, Kalinga, Mountain province (Cordillera Administrative region (CAR))",2016,10,19,2016,10,21,215,Kph
2016-0379-CHN,2016,CHN,Eastern Asia,Storm,Tropical cyclone,2016-08-18,2016-08-18,day,0,False,Tropical storm Dianmu,"Zhanjiang district (Guangdong Sheng province), Hainan Sheng province",2016,8,18,2016,8,19,,Kph
2016-0379-VNM,2016,VNM,South-eastern Asia,Storm,Tropical cyclone,2016-08-18,2016-08-18,day,0,True,Tropical storm Dianmu,"Hai Phong City, Quang Ninh, Yen Bai, Phu Tho, Lai Chau, Dien Bien, Son La, Hoa Binh, Than Hoa, Lao Cai, Bac Giang, Nghe An provinces",2016,8,18,2016,8,21,,Kph
2016-0382-JPN,2016,JPN,Eastern Asia,Storm,Tropical cyclone,2016-08-22,2016-08-22,day,0,True,Tropical storm Mindulle,"Saitama, Hokkaidoo, Tookyoo, Tiba provinces",2016,8,22,2016,8,22,,Kph
2016-0390-JPN,2016,JPN,Eastern Asia,Storm,Tropical cyclone,2016-09-20,2016-09-20,day,0,True,Typhoon Malakas,"Hyogoo, Miyazaki, Oosaka province",2016,9,20,2016,9,20,185,Kph
2016-0433-CRI,2016,CRI,Latin America and the Caribbean,Storm,Tropical cyclone,2016-11-23,2016-11-23,day,0,True,Tropical storm Otto,"Upala, Bagaces, Osa, Golfito, Corredones",2016,11,23,2016,11,25,175,Kph
2016-0433-NIC,2016,NIC,Latin America and the Caribbean,Storm,Tropical cyclone,2016-11-17,2016-11-17,day,0,False,Tropical storm Otto,"Costa Caribe Sur, Chontales, Zelaya Central, Río San Juan",2016,11,17,2016,11,17,,Kph
2016-0433-PAN,2016,PAN,Latin America and the Caribbean,Storm,Tropical cyclone,2016-11-21,2016-11-21,day,0,True,Tropical storm Otto,"Veraguas, Chiriquí, Colón, Bocas del Toro, Panama Oeste (Capira district, Panama province); Panama, Panama Oeste",2016,11,21,2016,11,22,120,Kph
2016-0456-PHL,2016,PHL,South-eastern Asia,Storm,Tropical cyclone,2016-11-23,2016-11-23,day,0,False,Tropical storm Marce (Tokage),"Romblon, Mindoro Oriental (Region IV (Southern Tagalog) province), Antique, Capiz, Aklan, Iloilo (Region VI (Western Visayas) province), Leyte (Region VIII (Eastern Visayas) province), Surigao del Sur, Surigao del Norte, Dinagat (Region XIII (Caraga) province)",2016,11,23,2016,11,25,55,Kph
2016-0485-IND,2016,IND,Southern Asia,Storm,Tropical cyclone,2016-12-12,2016-12-12,day,0,True,Cyclone 'Vardah',Chennai district (Tamil Nadu province); Andhra Pradesh,2016,12,12,2016,12,14,140,Kph
2016-0490-PHL,2016,PHL,South-eastern Asia,Storm,Tropical cyclone,2016-09-28,2016-09-28,day,0,False,Typhoon Helen (Megi),"Meycauayan city, Marilao, Sta. Maria (Bulacan province)",2016,9,28,2016,9,28,,Kph
2016-0503-PHL,2016,PHL,South-eastern Asia,Storm,Tropical cyclone,2016-12-25,2016-12-25,day,0,True,Typhoon 'Nina' (Nock-Ten),"Batangas, Cavite, Laguna, Quezon, Rizal (Calabarzon); Mariduque, Mindoro Occidental (Mimaropa); Albay, Camarines Norte, Camarines Sur, Catanduanes , Masbate, Sorsogon (Region V, Bicol region); Northern Samar (Region VIII, Eastern Visayas)",2016,12,25,2016,12,26,185,Kph
2017-0051-MOZ,2017,MOZ,Sub-Saharan Africa,Storm,Tropical cyclone,2017-02-15,2017-02-15,day,0,True,Cyclone 'Dineo',"Vilankulo, Massinga, Maxixe, Jangamo, Morrumbene Inhambane City, Funhalouro, Homoine, Jangamo, Inharrime, Panda, Zavala (Inhambane province); Chibuto, Guja, Chokwe districts (Gaza province)",2017,2,15,2017,2,15,100,Kph
2017-0075-MDG,2017,MDG,Sub-Saharan Africa,Storm,Tropical cyclone,2017-03-07,2017-03-07,day,0,True,Cyclone 'Enawo',"Antalaha district (Sava province), Analanjirofo, Alaotra Mangoro, Atsinanana, Analamanga, Vakinankaratra, Bongolava, Itasy, Ihorombe, Amoron I Mania, Haute Matsiatra, Vatovavy Fitovinany provinces",2017,3,7,2017,3,10,300,Kph
2017-0091-ZWE,2017,ZWE,Sub-Saharan Africa,Storm,Tropical cyclone,2017-01-01,2017-01-31,month,1,True,Tropical depression 'Ex-Dineo',"Chitungwiza (Harare), Makoni, Nyanga (Manicaland), Bindura, Centenary, Mazowe, Rushinga, Shamva, Mbire (Mashonaland Central), Goromonzi, Hwedza, Mudzi, Murehwa, Seke, Uzumba-Maramba-Pfungwe, Chikomba (Mashonaland East), Chegutu, Kadoma, Makonde, Kariba (Mashonaland West), Gutu, Zaka, Chiredzi, Mwenezi, Chivi (Masvingo), Tsholotsho, Bubi, Chipinge, Umguza (Matabeleland North), Matobo, Bulilima, Gwanda, Mangwe, Insiza (Matabeleland South), Chirumhanzu, Gweru, Kwekwe, Shurugwi, Zvishavane, Gokwe, Mberengwa (Midlands)",2017,1,,2017,3,,,Kph
2017-0105-AUS,2017,AUS,Australia and New Zealand,Storm,Tropical cyclone,2017-03-27,2017-03-27,day,0,True,Debbie,"Logan region; Queensland; Nouvelle-Galles du Sud, au sud du Queensland, Sydney; Bowen (Whitsunday), Mackay, Proserpine (Whitsunday), Airlie beach (Whitsunday Isl.)",2017,3,27,2017,4,6,263,Kph
2017-0142-PHL,2017,PHL,South-eastern Asia,Storm,Tropical cyclone,2017-04-15,2017-04-15,day,0,True,Tropical depression 02W (Crising),"Cebu Isl. (Carmen, Danao City)",2017,4,15,2017,4,15,,Kph
2017-0152-BGD,2017,BGD,Southern Asia,Storm,Tropical cyclone,2017-05-30,2017-05-30,day,0,True,Cyclone Mora,"Swandip, Anwara, Lohogara, Bashkhali, Sitakunda, Mirsarai, Chandanaish, Karnaphuli Thana (Chittagong district); Cohokoria, Teknaf, Moheshkhali, Kutubdia, Pekua, Ramu, Ukhiya, Shah Parir Dwip, Saint Martin’s island (Cox's Bazar district); Rangamati district (All upazillas); Nikonchori (Bandarban district); Bhola district. Khagrachhari, Feni, Noakhali districts",2017,5,30,2017,5,30,135,Kph
2017-0152-IND,2017,IND,Southern Asia,Storm,Tropical cyclone,2017-05-30,2017-05-30,day,0,False,Cyclone Mora,"Manipur, Mizoram",2017,5,30,2017,5,31,,Kph
2017-0152-MMR,2017,MMR,South-eastern Asia,Storm,Tropical cyclone,2017-06-01,2017-06-01,day,0,False,Cyclone Mora,"Chin, Ayeyarwady, Magway, Sagaing, Rakhine (worst is Buthidaung, Maungdaw-Arakan ) state",2017,6,1,2017,6,9,,Kph
2017-0168-MEX,2017,MEX,Latin America and the Caribbean,Storm,Tropical cyclone,2017-06-01,2017-06-01,day,0,True,Beatriz,"Sierra Madre del Sur, Sierra Madre de Chiapas Mountain ranges, Oaxaca State, San Francisco Ozolotepec, San Marcial Ozolotepec, San Pedro Quiatoni, San Carlos Yautepec, Jamiltepec, Juquila, and Pochutla, Tehuantepec in Istmo Region, Juchitan district, San Pablo Topiltepec",2017,6,1,2017,6,3,65,Kph
2017-0231-VUT,2017,VUT,Melanesia,Storm,Tropical cyclone,2017-05-07,2017-05-07,day,0,False,Tropical cyclone 'Donna',"Torba, Malampa, Sanma provinces",2017,5,7,2017,5,12,215,Kph
2017-0281-CHN,2017,CHN,Eastern Asia,Storm,Tropical cyclone,2017-07-16,2017-07-16,day,0,False,Tropical Storm Talas,Hainan Island,2017,7,16,2017,7,17,,Kph
2017-0281-LAO,2017,LAO,South-eastern Asia,Storm,Tropical cyclone,2017-07-17,2017-07-17,day,0,False,Tropical Storm Talas,"Borikhamxay province (Thongsaen, Napae villages)",2017,7,17,2017,7,19,,Kph
2017-0281-THA,2017,THA,South-eastern Asia,Storm,Tropical cyclone,2017-07-17,2017-07-17,day,0,False,Tropical Storm Talas,Nan (Mae Charim district),2017,7,17,2017,7,19,,Kph
2017-0281-VNM,2017,VNM,South-eastern Asia,Storm,Tropical cyclone,2017-07-17,2017-07-17,day,0,True,Tropical Storm Talas,"Thanh Hoa, Nghe An (Hon Ngu beach, Cua Lo district), Ha Tinh, Ha Noi city (Nhà Xanh Market in Câu Giây District)",2017,7,17,2017,7,18,95,Kph
2017-0326-CHN,2017,CHN,Eastern Asia,Storm,Tropical cyclone,2017-08-03,2017-08-03,day,0,False,Typhoon Nesat & Haitang,Fujian province,2017,8,3,2017,8,3,,Kph
2017-0326-PHL,2017,PHL,South-eastern Asia,Storm,Tropical cyclone,2017-07-25,2017-07-25,day,0,False,Typhoon Nesat & Haitang,"National Capital Region (Valenzuela, Quezon, Manila, Malabon, Paranaque, Makati), Ilocos (Pangasinan, La Union, Ilocos Norte, Ilocos Sur), Central Luzon (Balagtas, Meycauayan, Marilao-Bulacan, MacabebeBrgy. Sto. Rosario - City of San Fernando -Pampanga), Calabarzon (Cavite, Rizal), Cordillera Administrative Region (CAR) (Benguet, Baguio city, Abra,Mt Province, Ifugao)",2017,7,25,2017,7,27,,Kph
2017-0326-TWN,2017,TWN,Eastern Asia,Storm,Tropical cyclone,2017-07-29,2017-07-29,day,0,True,Typhoon Nesat & Haitang,"Kaohsiung City, New Taipei City",2017,7,29,2017,7,31,150,Kph
2017-0327-JPN,2017,JPN,Eastern Asia,Storm,Tropical cyclone,2017-08-05,2017-08-05,day,0,True,Typhoon 'Noru',"Wakayama prefecture; Mie region, Kagoshima (Yakushima, Minami-ko towns), Miyazaki, Oita, Fukuoka Prefectures, Hyogo Prefecture",2017,8,5,2017,8,7,120,Kph
2017-0334-MEX,2017,MEX,Latin America and the Caribbean,Storm,Tropical cyclone,2017-08-07,2017-08-07,day,0,False,Hurricane 'Franklin',"Quintana Roo State (Yucatan Peninsula); Campeche, Tabasco and Chiapas, Lechuguillas (Veracruz state); Puebla, Hidalgo states",2017,8,7,2017,8,7,140,Kph
2017-0352-CHN,2017,CHN,Eastern Asia,Storm,Tropical cyclone,2017-08-24,2017-08-24,day,0,True,Typhoon 'Hato',"Southern, Guangdong, Guangxi Zhuang, and Fujian Provinces (Guanghai, Guangdong towns, Zhuhai, Shenzhen), Guizhou and Yunnan",2017,8,24,2017,8,24,,Kph
2017-0352-HKG,2017,HKG,Eastern Asia,Storm,Tropical cyclone,2017-08-24,2017-08-24,day,0,False,Typhoon 'Hato',"Tai O, on Lantau Island",2017,8,24,2017,8,24,,Kph
2017-0352-MAC,2017,MAC,Eastern Asia,Storm,Tropical cyclone,2017-08-24,2017-08-24,day,0,True,Typhoon 'Hato',Fai Chi Kei,2017,8,24,2017,8,24,,Kph
2017-0352-VNM,2017,VNM,South-eastern Asia,Storm,Tropical cyclone,2017-08-24,2017-08-24,day,0,True,Typhoon 'Hato',Lao Cai (Sa Pa district),2017,8,24,2017,8,24,,Kph
2017-0362-USA,2017,USA,Northern America,Storm,Tropical cyclone,2017-08-25,2017-08-25,day,0,True,Hurricane Harvey,"Eastern Texas (Rockport, Corpus Chrsti, Port Lavaca, Cypress area of Houston, Houston metro area, Beaumont, Port Arthur, Angelina, Aransas, Atascosa, Austin, Bastrop, Bee, Bexar, Brazoria, Brazos, Burleson, Caldwell, Calhoun, Cameron, Chambers, Colorado, Comal, DeWitt, Fayette, Fort Bend, Galveston, Goliad, Gonzales, Grimes, Guadalupe, Hardin, Harris, Jackson, Jasper, Jefferson, Jim Wells, Karnes, Kerr, Kleberg, Lavaca, Lee, Leon, Liberty, Live Oak, Madison, Matagorda, Montgomery, Newton, Nueces, Orange, Polk, Refugio, Sabine, San Jacinto, San Patricio, Trinity, Tyler, Victoria, Walker, Waller, Washington, Wharton, Willacy, Wilson, San Augustine), Southwestern Louisiana (Acadia, Forrest, Iberia, Lafayette, Vernon, Beauregard, Calcasieu, Cameron (Hackberry), Jefferson Davis, Vermillion, Allen, Natchitoches, Rapides, Sabine)",2017,8,25,2017,8,29,215,Kph
2017-0376-MEX,2017,MEX,Latin America and the Caribbean,Storm,Tropical cyclone,2017-08-30,2017-08-30,day,0,True,Tropical storm 'Lidia',"Cabo San Lucas, San Jose del Cabo (Baja California Sur), Comondu, Mulege, La Paz, Los Cabos, Loreto",2017,8,30,2017,9,2,,Kph
2017-0381-AIA,2017,AIA,Latin America and the Caribbean,Storm,Tropical cyclone,2017-09-06,2017-09-06,day,0,True,Hurricane 'Irma',,2017,9,6,2017,9,6,,Kph
2017-0381-ATG,2017,ATG,Latin America and the Caribbean,Storm,Tropical cyclone,2017-09-06,2017-09-06,day,0,True,Hurricane 'Irma',"Barbuda, St John and St George districts (Crosbies, Fort Road, Clare Hall, Grays Farm, Pigotts) (Antigua)",2017,9,6,2017,9,6,295,Kph
2017-0381-BHS,2017,BHS,Latin America and the Caribbean,Storm,Tropical cyclone,2017-09-08,2017-09-08,day,0,False,Hurricane 'Irma',"Inagua, Mayaguana, Crooked Island, Acklins, Long Cay, Ragged Island, San Salvador, Bimini",2017,9,8,2017,9,9,,Kph
2017-0381-BLM,2017,BLM,Latin America and the Caribbean,Storm,Tropical cyclone,2017-09-08,2017-09-08,day,0,True,Hurricane 'Irma',,2017,9,8,2017,9,9,,Kph
2017-0381-BRB,2017,BRB,Latin America and the Caribbean,Storm,Tropical cyclone,2017-09-08,2017-09-08,day,0,True,Hurricane 'Irma',"St. David's Christ Church, Weston St. James, Cattlewash St Joseph",2017,9,8,2017,9,9,,Kph
2017-0381-CUB,2017,CUB,Latin America and the Caribbean,Storm,Tropical cyclone,2017-09-08,2017-09-08,day,0,True,Hurricane 'Irma',"Habana del Este, Habana Vieja, Centro Habana, Plaza, Playa municipalities (Habana province); Sierra de Cúbitas, Florida, Nuevitas, Esmeralda municipalities (Camagüey province); Martí, Cárdenas, Matanzas, Los Arabos Unión de Reyes municipalities (Matanzas province); Jobabo, Manatí, Jesús Mendez, Puerto Padre municipalities (Las Tunas province); Gibara, Frank Paí, Banes, Mayarí, Rafael Freyre municipalities (Holguin province); Encrucijada Caibaríen, Sagüa la Grande, Santo Domingo, Santa Clara municipalities (Villa Clara province); Bolivia, Moron, Chambas, Venezuela municipalities (Ciego Avila province), Pinar del Rio, Matanzas, Artemisa, Mayabeque, Cienfuegos, Sancti Spiritus, Granma, Guantamo",2017,9,8,2017,9,10,,Kph
2017-0381-DOM,2017,DOM,Latin America and the Caribbean,Storm,Tropical cyclone,2017-09-06,2017-09-06,day,0,False,Hurricane 'Irma',"Veron, Higuey (La Altagracia), Samaná (Galera), La Romana, Puerto Plata (Motellano, Sabaneta de yasica); San Cristobal, Peravia, San José de Ocoa, Azua, Santiago (Santiago), Valverde (Mao, Esperanza), Monte cristi (Montecristi), Dajabón, Espaillat (Gaspar Hernandez), Maria Trinidad Sanchez",2017,9,6,2017,9,6,285,Kph
2017-0381-HTI,2017,HTI,Latin America and the Caribbean,Storm,Tropical cyclone,2017-09-07,2017-09-07,day,0,True,Hurricane 'Irma',"Caracol (Trou du Nord), Feroer, Malfety (Fort Liberte), Ouanaminthe, Cap Haitien; Port de Paix, St. Louis de Nord, Anse-a-Foleur, Jean Rabel, Baie-de-Henne, Detipotpe, Ile de la Tortue, Bassin Blue, Chansolme, Mole St. Nicolas which were supported",2017,9,7,2017,9,8,,Kph
2017-0381-KNA,2017,KNA,Latin America and the Caribbean,Storm,Tropical cyclone,2017-09-06,2017-09-06,day,0,False,Hurricane 'Irma',,2017,9,6,2017,9,6,,Kph
2017-0381-MAF,2017,MAF,Latin America and the Caribbean,Storm,Tropical cyclone,2017-09-08,2017-09-08,day,0,True,Hurricane 'Irma',,2017,9,8,2017,9,9,,Kph
2017-0381-PRI,2017,PRI,Latin America and the Caribbean,Storm,Tropical cyclone,2017-09-06,2017-09-06,day,0,True,Hurricane 'Irma',North. Culebra and Vieques Islands,2017,9,6,2017,9,7,,Kph
2017-0381-SXM,2017,SXM,Latin America and the Caribbean,Storm,Tropical cyclone,2017-09-08,2017-09-08,day,0,True,Hurricane 'Irma',,2017,9,8,2017,9,9,,Kph
2017-0381-TCA,2017,TCA,Latin America and the Caribbean,Storm,Tropical cyclone,2017-09-08,2017-09-08,day,0,False,Hurricane 'Irma',"South Caicos, Salt Cay, Grand Turks, Provo (Five keys)",2017,9,8,2017,9,9,,Kph
2017-0381-USA,2017,USA,Northern America,Storm,Tropical cyclone,2017-09-10,2017-09-10,day,0,True,Hurricane 'Irma',"Keys islands, Monroe, South Florida, Jacksonville (Duval), Marco Island, Naples (Collier), Fort Lauderdale (Broward), Lakeland (Polk), Orlando (Orange), Clay (Florida), Savannah, Tybee Island (Chatham), Brunswick, St. Simons Island (Glynn), McIntosh, Camden (Georgia), Charleston, Folly Beach, the Isle of Palms, Sullivan’s Island (Charleston) Hilton Head, Beaufort, Edisto Beach (Colleton) (South Carolina)",2017,9,10,2017,9,28,300,Kph
2017-0381-VGB,2017,VGB,Latin America and the Caribbean,Storm,Tropical cyclone,2017-09-08,2017-09-08,day,0,True,Hurricane 'Irma',"Anagoda, Tortola, Necker Island (Virgin Gorda)",2017,9,8,2017,9,9,,Kph
2017-0381-VIR,2017,VIR,Latin America and the Caribbean,Storm,Tropical cyclone,2017-09-07,2017-09-07,day,0,True,Hurricane 'Irma',"St. John, St. Thomas, most of St. Croix",2017,9,7,2017,9,7,,Kph
2017-0383-DMA,2017,DMA,Latin America and the Caribbean,Storm,Tropical cyclone,2017-09-18,2017-09-18,day,0,True,Hurricane 'Maria',All island,2017,9,18,2017,9,19,260,Kph
2017-0383-DOM,2017,DOM,Latin America and the Caribbean,Storm,Tropical cyclone,2017-09-20,2017-09-20,day,0,True,Hurricane 'Maria',"La Altagracia, El Seibo, Hato Mayor, Samaná, Espaillat, María Trinidad Sánchez, Puerto Plata, Santiago, Sánchez Ramírez, Monseñor Nouel, La Romana, Montecristi, Duarte, San Juan, Valverde, Dajabón, Santiago Rodríguez, San Pedro de Macorís, Hermanas Mirabal (Salcedo), La Vega",2017,9,20,2017,9,20,,Kph
2017-0383-GLP,2017,GLP,Latin America and the Caribbean,Storm,Tropical cyclone,2017-09-20,2017-09-20,day,0,True,Hurricane 'Maria',La Desirade Island,2017,9,20,2017,9,20,,Kph
2017-0383-HTI,2017,HTI,Latin America and the Caribbean,Storm,Tropical cyclone,2017-09-21,2017-09-21,day,0,True,Hurricane 'Maria',"Limbe, Cornillon (Croix des Bouquets), Saint Marc (Bocozel), Grand Saline (Artibonite), Saint Rafael (North)",2017,9,21,2017,9,21,,Kph
2017-0383-MTQ,2017,MTQ,Latin America and the Caribbean,Storm,Tropical cyclone,2017-09-18,2017-09-18,day,0,False,Hurricane 'Maria',"Le Morne-rouge, Le Carbet (St Pierre), Le Marigot, Gros-Morne (La Trinité), Northern coast, Fort-de-France, Schoelcher (Fort de France)",2017,9,18,2017,9,18,,Kph
2017-0383-PRI,2017,PRI,Latin America and the Caribbean,Storm,Tropical cyclone,2017-09-19,2017-09-19,day,0,True,Hurricane 'Maria',"Humacao town, San Juan, Bayamon, Guajataca (north-west), Tao Baja, Culebra island, Vieques,Naguabo, Fajardo , Juncos, San Lorenzo, Ceiba cities (Humacao), Arecibo, Yabucoa Caguas towns (Guyama), Cataño (Bayamon), Aguada (Aguadilla)",2017,9,19,2017,9,21,240,Kph
2017-0383-USA,2017,USA,Northern America,Storm,Tropical cyclone,2017-09-26,2017-09-26,day,0,True,Hurricane 'Maria',"Jersey shore, Seaside Park, Point Pleasant Beach (Ocean), Long Branch (Monmouth) (New Jersey), Fernandina beach (Nassau-Florida)",2017,9,26,2017,9,27,,Kph
2017-0383-VGB,2017,VGB,Latin America and the Caribbean,Storm,Tropical cyclone,2017-09-20,2017-09-20,day,0,False,Hurricane 'Maria',,2017,9,20,2017,9,20,,Kph
2017-0383-VIR,2017,VIR,Latin America and the Caribbean,Storm,Tropical cyclone,2017-09-20,2017-09-20,day,0,True,Hurricane 'Maria',"St Thomas, St John, St Croix, Water Island (St Thomas), Estate Frenchman's Bay",2017,9,20,2017,9,20,,Kph
2017-0392-MEX,2017,MEX,Latin America and the Caribbean,Storm,Tropical cyclone,2017-09-07,2017-09-07,day,0,True,Hurricane Katia,"Tecolutla, Xalapa, Jalcomulco",2017,9,7,2017,9,8,,Kph
2017-0406-PHL,2017,PHL,South-eastern Asia,Storm,Tropical cyclone,2017-09-11,2017-09-11,day,0,True,Typhoon 'Doksuri',"Central Luzon, Calabarzon (Laguna, Quezon, Cavite, Rizal), the National Capital region (Metro Manila)",2017,9,11,2017,9,15,,Kph
2017-0406-THA,2017,THA,South-eastern Asia,Storm,Tropical cyclone,2017-09-17,2017-09-17,day,0,False,Typhoon 'Doksuri',"Uthai Thani, Phitsanulok, Phrae, Chaiyaphum, Chiang Rai, Kalasin, Lampang, Loei, Phangnga, Phetchabun, Sakon Nakhon, Satun, Uttaradit",2017,9,17,2017,9,17,,Kph
2017-0406-VNM,2017,VNM,South-eastern Asia,Storm,Tropical cyclone,2017-09-15,2017-09-15,day,0,True,Typhoon 'Doksuri',"Nghe An, Ha Tinh, Thanh Hoa, Quang Binh, Quang Tri, Thua Thien-Hue, Hoa Binh",2017,9,15,2017,9,16,185,Kph
2017-0410-COL,2017,COL,Latin America and the Caribbean,Storm,Tropical cyclone,2017-10-04,2017-10-04,day,0,False,Tropical depression'16/Hurricane 'Nate',"San Andres, Providencia and Santa Catalina",2017,10,4,2017,10,4,,Kph
2017-0410-CRI,2017,CRI,Latin America and the Caribbean,Storm,Tropical cyclone,2017-09-04,2017-09-04,day,0,True,Tropical depression'16/Hurricane 'Nate',"South Pacific, Region 8- South Zone – Central Pacific: Region 6- Puntarenas (Parrita)- North Pacific: Region 5- Guanacaste (Hojancha, Sardinal de Carrillo)- Huetar Norte: Region 9- North Zone- Central Valley: Region 1, Cartago (Llano Grande de Cartago), Alajuela (Sarchí de Valverde Vega,Athens, ), San Jose (Puriscal,San Marcos de Tarrazú), Esperanza de Santa Cruz, Mollejones de Cabagra",2017,9,4,2017,10,6,,Kph
2017-0410-GTM,2017,GTM,Latin America and the Caribbean,Storm,Tropical cyclone,2017-10-05,2017-10-05,day,0,True,Tropical depression'16/Hurricane 'Nate',"Ixcan, San Luis and Coban communities",2017,10,5,2017,10,5,,Kph
2017-0410-HND,2017,HND,Latin America and the Caribbean,Storm,Tropical cyclone,2017-10-05,2017-10-05,day,0,True,Tropical depression'16/Hurricane 'Nate',"Ocotepeque, Copán, Lempira, Intibucá, Santa Bárbara, Comayagua departements, Francisco Morazan (San Ignacio), Atlantida (El Porvenir), El Paraiso (Trojes), Valle (San Lorenzo, Nacaome Paso Hondo in Goascoran)",2017,10,5,2017,10,6,,Kph
2017-0410-NIC,2017,NIC,Latin America and the Caribbean,Storm,Tropical cyclone,2017-10-05,2017-10-05,day,0,True,Tropical depression'16/Hurricane 'Nate',"Rivas, Chontales, Madriz, Boaco, Rio San Juan, Nueva Segovia, Carazo, Granada and North Caribbean (Bilwi, Waspam, Prinzapolka, Siuna, Rosita, Bonanza)",2017,10,5,2017,10,6,,Kph
2017-0410-PAN,2017,PAN,Latin America and the Caribbean,Storm,Tropical cyclone,2017-10-06,2017-10-06,day,0,True,Tropical depression'16/Hurricane 'Nate',"Ngäbe-Buglé, Veraguas and Chiriqui, Panama Bay, Panama West, Cerro Hacha",2017,10,6,2017,10,6,,Kph
2017-0410-SLV,2017,SLV,Latin America and the Caribbean,Storm,Tropical cyclone,2017-10-05,2017-10-05,day,0,True,Tropical depression'16/Hurricane 'Nate',"Chalatenango, La Libertad",2017,10,5,2017,10,6,,Kph
2017-0410-USA,2017,USA,Northern America,Storm,Tropical cyclone,2017-10-07,2017-10-07,day,0,False,Tropical depression'16/Hurricane 'Nate',"Mexico Gulf, Louisiania, Mississippi (coastal areas, Biloxi), Alabama (Dauphin Island, Autauga, Chilton, Lowndes Counties), Florida, South Carolina (Pickens, Laurens, Spartanburg, Newberry, Greenville, Union), North Carolina (Polk, Wilkes, Ashe )",2017,10,7,2017,10,8,140,Kph
2017-0422-PHL,2017,PHL,South-eastern Asia,Storm,Tropical cyclone,2017-11-01,2017-11-01,day,0,True,Typhoon 'Damrey' / 'Ramil',"southern Luzon: Batangas (San Juan town), Palawan (Busuanga town), Camarines Sur (Barangay Sibaguan near Sagnay town, Lagonoy), Albay, Camarines Norte (Vinzons, Mercedes), Oriental Mindoro (Calapan city), Laguna - Calabarzon, Mimaropa, and Bicol Regions",2017,11,1,2017,11,3,75,Kph
2017-0422-VNM,2017,VNM,South-eastern Asia,Storm,Tropical cyclone,2017-11-04,2017-11-04,day,1,True,Typhoon 'Damrey' / 'Ramil',"Khanh Hoa, Phu Yên, Binh Dinh, Dak Lak, Gia Lai, Dak Nông, Lâm Dông, Quang Nam, Quang Ngai, Kon Tum",2017,11,4,2017,11,5,130,Kph
2017-0432-JPN,2017,JPN,Eastern Asia,Storm,Tropical cyclone,2017-10-22,2017-10-22,day,0,True,Typhoon 'Lan'/'Paolo',"Honshu Island: Fukuoka, Mie, Osaka, Toyama, Wakayama, Ibaraki, Nagano, Hokkaido",2017,10,22,2017,10,22,216,Kph
2017-0432-PHL,2017,PHL,South-eastern Asia,Storm,Tropical cyclone,2017-10-18,2017-10-18,day,0,True,Typhoon 'Lan'/'Paolo',"Mimaropa (Puerto Princesa City, Palawan), Western Visayas (Negros occidental), Central Visayas (Negros oriental, Siquijor), Zamboanga peninsula (Zamboanga city, Zamboanga del Norte, Zamboanga del Sur, Zamboanga del Sibugay), Caraga (Agusan del Norte), the Autonomous Region of Muslim Mindanao (Maguindanao), Soccksargen (Sultan Kudarat) regions",2017,10,18,2017,10,20,250,Kph
2017-0468-JPN,2017,JPN,Eastern Asia,Storm,Tropical cyclone,2017-09-17,2017-09-17,day,0,True,Typhoon 'Talim',"Oita (Bungo-ono), Kagawa (Mitoyo city), Okayama, Ehime, Kochi, Kyoto, Miyazaki, Hyogo",2017,9,17,2017,9,19,160,Kph
2017-0485-CHN,2017,CHN,Eastern Asia,Storm,Tropical cyclone,2017-08-27,2017-08-27,day,0,True,Tropical storm 'Pakhar'/'Jolina',"Guangdong, Fujian, Guangxi Zhuang, Hainan, Yunnan",2017,8,27,2017,8,27,,Kph
2017-0485-HKG,2017,HKG,Eastern Asia,Storm,Tropical cyclone,2017-08-27,2017-08-27,day,0,True,Tropical storm 'Pakhar'/'Jolina',,2017,8,27,2017,8,27,126,Kph
2017-0485-MAC,2017,MAC,Eastern Asia,Storm,Tropical cyclone,2017-08-27,2017-08-27,day,0,False,Tropical storm 'Pakhar'/'Jolina',,2017,8,27,2017,8,27,,Kph
2017-0485-PHL,2017,PHL,South-eastern Asia,Storm,Tropical cyclone,2017-08-25,2017-08-25,day,0,False,Tropical storm 'Pakhar'/'Jolina',"Ilocos, Cagayan Valley, Central Luzon, Cordillera Regions",2017,8,25,2017,8,26,65,Kph
2017-0508-IND,2017,IND,Southern Asia,Storm,Tropical cyclone,2017-12-02,2017-12-02,day,1,True,Cyclone 'Ockhi',"Kerala (Thiruvananthapuram, Kozhikode,Ernakulam),Tamil Nadu (Kanyakumari-Munchirai, Thiruvattar,Killiyur, Kurunthancode, Rajakkamangalam-, Tirunelveli, Tuticorin districts), Andhra Pradesh (Chittoor and Nellore), Lakshadweep Islands",2017,12,2,2017,12,2,130,Kph
2017-0508-LKA,2017,LKA,Southern Asia,Storm,Tropical cyclone,2017-11-29,2017-11-29,day,0,True,Cyclone 'Ockhi',"Galle, Matara (Southern), Colombo, Badulla (Uva), Gampaha, Kalutara (Western), Nuwara Eliya (Central)",2017,11,29,2017,12,1,130,Kph
2017-0515-IDN,2017,IDN,South-eastern Asia,Storm,Tropical cyclone,2017-11-28,2017-11-28,day,0,True,Cyclone 'Cempaka',"East Java’s Pacitan Regency (Klesem village in the Kebonagung Sub-district, Sidomulyo Village in Ngadirojo Sub-district)",2017,11,28,2017,11,29,65,Kph
2018-0004-PHL,2018,PHL,South-eastern Asia,Storm,Tropical cyclone,2018-01-01,2018-01-01,day,0,True,Agaton (01W),"Aklan, Capiz (Region VI); Bohol, Cebu (Region VII); Camiguin, Lanao del NOrte, Misamis Oriental (Region X); Agusan del NOrte, Dinagat Isl., Surigao del Norte , Surigao del Sur (Caraga)",2018,1,1,2018,1,3,,Kph
2018-0008-MDG,2018,MDG,Sub-Saharan Africa,Storm,Tropical cyclone,2018-01-05,2018-01-05,day,0,True,Cyclone 'Ava',"Antananarivo Atsimondrano, Antananarivo Avaradrano, Antananarivo Renivohitra (Analamanga); Fenerive Eet, Manama, Maroantsetra, Sainte Marie, Soanierana Ivongo (Analanjirofo), Befotaka, Faraganga, Vaingaindrano (Astimo Atsinanana); Antanamabo Manampotsy, Brickaville, Mahanoro, Toasmasina I et II, Vatomandry (Atsinanana); Mahanja (Boeny); Miandrivazo (Menabe); Ambohimahaso (Haute Matsiatra); Antalaha, Sambava, Andapa, Vohemar (SAVA); Mampikony (Sofia); Ifanadiana, Manakara, Mananjary, Nosy Varika, Vohipeno (Vatovavy Fitovanmay)",2018,1,5,2018,1,8,165,Kph
2018-0029-MUS,2018,MUS,Sub-Saharan Africa,Storm,Tropical cyclone,2018-01-15,2018-01-15,day,0,False,Tropical storm 'Berguitta',"Rodrigues island, Rivière du Rempart, Pamplemousse, Port Louis, Flacq, Plaines Wilhems, Black River",2018,1,15,2018,1,21,120,Kph
2018-0029-REU,2018,REU,Sub-Saharan Africa,Storm,Tropical cyclone,2018-01-18,2018-01-18,day,0,False,Tropical storm 'Berguitta',Saint-Pierre,2018,1,18,2018,1,18,,Kph
2018-0042-TON,2018,TON,Polynesia,Storm,Tropical cyclone,2018-02-12,2018-02-12,day,0,False,Cyclone Gita,"Tongatapu, Ha’apai and Eua islands",2018,2,12,2018,2,13,285,Kph
2018-0042-WSM,2018,WSM,Polynesia,Storm,Tropical cyclone,2018-02-12,2018-02-12,day,0,False,Cyclone Gita,,2018,2,12,2018,2,12,,Kph
2018-0044-PHL,2018,PHL,South-eastern Asia,Storm,Tropical cyclone,2018-02-12,2018-02-12,day,0,False,Tropical storm 'Basyang' (Sanba),"Palawan (Mimaropa); Capiz, Iloilo, Negros occidental (Region IV - Western Visayas); Bohol, Cebu, Negros Oriental, Siquijor (Region VII - Central Visayas); Biliran, Eastern Samar, Leyte, Samar, Southern Leyte (Region VII - Eastern Visayas); Agusan del Norte, Dinagat Isl., Surigao del Norte, Surigao del Sur (REgion XIII - Caraga)",2018,2,12,2018,2,16,75,Kph
2018-0086-MDG,2018,MDG,Sub-Saharan Africa,Storm,Tropical cyclone,2018-03-14,2018-03-14,day,0,True,Tropical storm 'Eliakim',"Mandritsara, Soanierana Ivongo, Masoala, SAVA, Analanjirofo, Sofia,Alaotra Mangoro, Antsinana, Diana, Vatovavy Fitovinany regions",2018,3,14,2018,3,20,105,Kph
2018-0101-FJI,2018,FJI,Melanesia,Storm,Tropical cyclone,2018-04-02,2018-04-02,day,0,True,Cyclone 'Josie',Nadi,2018,4,2,2018,4,2,100,Kph
2018-0145-DJI,2018,DJI,Sub-Saharan Africa,Storm,Tropical cyclone,2018-05-20,2018-05-20,day,0,True,Cyclone 'Sagar',,2018,5,20,2018,5,21,,Kph
2018-0145-SOM,2018,SOM,Sub-Saharan Africa,Storm,Tropical cyclone,2018-05-21,2018-05-21,day,0,True,Cyclone 'Sagar',"Somaliland, Puntland",2018,5,21,2018,5,21,,Kph
2018-0170-CUB,2018,CUB,Latin America and the Caribbean,Storm,Tropical cyclone,2018-05-29,2018-05-29,day,0,True,Tropical storm 'Alberto',"Ciego de Avila, Sancti Spiritus et Villa Clara, Matanzas, Pinar del Rio, Cienfuegos",2018,5,29,2018,6,2,,Kph
2018-0170-USA,2018,USA,Northern America,Storm,Tropical cyclone,2018-05-27,2018-05-27,day,0,True,Tropical storm 'Alberto',Southeast,2018,5,27,2018,5,30,,Kph
2018-0177-OMN,2018,OMN,Western Asia,Storm,Tropical cyclone,2018-05-23,2018-05-23,day,0,True,Cyclone 'Mekunu',,2018,5,23,2018,5,23,,Kph
2018-0177-YEM,2018,YEM,Western Asia,Storm,Tropical cyclone,2018-05-23,2018-05-23,day,0,True,Cyclone 'Mekunu',Socotra Isl.,2018,5,23,2018,5,23,,Kph
2018-0194-FJI,2018,FJI,Melanesia,Storm,Tropical cyclone,2018-04-09,2018-04-09,day,0,False,Tropical cyclone 'Keni',"Sigatoka, Nadi, Lautoka, Ba, Tavua, Rakiraki, Nalawa, Labasa, Suva- Kadavu, Levuka, Savusavu",2018,4,9,2018,4,11,,Kph
2018-0201-CHN,2018,CHN,Eastern Asia,Storm,Tropical cyclone,2018-07-19,2018-07-19,day,0,True,Tropical storm 'Ewiniar',"Guangdong, Jiangxi, Fujian, and Zhejiang provinces, Hainan Island",2018,7,19,2018,7,19,,Kph
2018-0201-VNM,2018,VNM,South-eastern Asia,Storm,Tropical cyclone,2018-06-06,2018-06-06,day,0,True,Tropical storm 'Ewiniar',,2018,6,6,2018,6,19,,Kph
2018-0227-LAO,2018,LAO,South-eastern Asia,Storm,Tropical cyclone,2018-07-18,2018-07-18,day,0,False,Tyhoon 'Son Tinh',13 villages across Sanamxay district,2018,7,18,2018,7,19,,Kph
2018-0227-PHL,2018,PHL,South-eastern Asia,Storm,Tropical cyclone,2018-07-17,2018-07-17,day,0,True,Tyhoon 'Son Tinh',,2018,7,17,2018,7,31,,Kph
2018-0227-VNM,2018,VNM,South-eastern Asia,Storm,Tropical cyclone,2018-07-18,2018-07-18,day,0,True,Tyhoon 'Son Tinh',Chuong My,2018,7,18,2018,7,22,,Kph
2018-0280-DOM,2018,DOM,Latin America and the Caribbean,Storm,Tropical cyclone,2018-07-09,2018-07-09,day,0,False,Hurricane 'Beryl',San Cristóbal and Santo Domingo provinces,2018,7,9,2018,7,11,,Kph
2018-0280-PRI,2018,PRI,Latin America and the Caribbean,Storm,Tropical cyclone,2018-07-09,2018-07-09,day,0,False,Hurricane 'Beryl',,2018,7,9,2018,7,11,,Kph
2018-0285-CHN,2018,CHN,Eastern Asia,Storm,Tropical cyclone,2018-07-10,2018-07-10,day,0,False,Typhoon 'Maria' (Gardo),Fujian province,2018,7,10,2018,7,11,,Kph
2018-0287-CHN,2018,CHN,Eastern Asia,Storm,Tropical cyclone,2018-07-22,2018-07-22,day,0,True,Tropical storm 'Ampil' (Inday),"Shangai, iJiangsu, Zhejiang, Shandong, Hebei",2018,7,22,2018,7,22,,Kph
2018-0305-CHN,2018,CHN,Eastern Asia,Storm,Tropical cyclone,2018-08-15,2018-08-15,day,0,True,Typhoon 'Bebinca',"Guangdong, Hainan Provinces",2018,8,15,2018,8,15,,Kph
2018-0305-LAO,2018,LAO,South-eastern Asia,Storm,Tropical cyclone,2018-08-13,2018-08-13,day,0,False,Typhoon 'Bebinca',"Attapeu, Khammouane, Savannakhet, Champasak and Oudomxay",2018,8,13,2018,8,16,,Kph
2018-0305-VNM,2018,VNM,South-eastern Asia,Storm,Tropical cyclone,2018-08-17,2018-08-17,day,0,True,Typhoon 'Bebinca',"Nghe An,Son La, Thanh Hóa, Yên Bái,Bac Giang provinces",2018,8,17,2018,8,19,,Kph
2018-0309-CHN,2018,CHN,Eastern Asia,Storm,Tropical cyclone,2018-08-22,2018-08-22,day,0,False,Typhoon 'Soulik',,2018,8,22,2018,8,23,,Kph
2018-0309-PRK,2018,PRK,Eastern Asia,Storm,Tropical cyclone,2018-08-23,2018-08-23,day,0,True,Typhoon 'Soulik',"Kangwon, South Hamgyong provinces",2018,8,23,2018,8,24,,Kph
2018-0313-TWN,2018,TWN,Eastern Asia,Storm,Tropical cyclone,2018-08-23,2018-08-23,day,0,True,,"Chiayi, Kaohsiung, Tainan counties",2018,8,23,2018,8,26,,Kph
2018-0326-JPN,2018,JPN,Eastern Asia,Storm,Tropical cyclone,2018-09-04,2018-09-04,day,0,True,Typhoon Jebi,"Osaka, Wakayama, Hyogo",2018,9,4,2018,9,5,220,Kph
2018-0341-CHN,2018,CHN,Eastern Asia,Storm,Tropical cyclone,2018-09-10,2018-09-10,day,0,False,Typhoon Mangkut (Ompong),Shenzhen,2018,9,10,2018,9,18,,Kph
2018-0341-HKG,2018,HKG,Eastern Asia,Storm,Tropical cyclone,2018-09-17,2018-09-17,day,0,False,Typhoon Mangkut (Ompong),,2018,9,17,2018,9,17,240,Kph
2018-0341-PHL,2018,PHL,South-eastern Asia,Storm,Tropical cyclone,2018-09-16,2018-09-16,day,0,True,Typhoon Mangkut (Ompong),"Apayao, Benguet, Cagayan, Kalinga, Isabela, Abra, Ilocos Norte and Ilocos Sur",2018,9,16,2018,9,16,240,Kph
2018-0342-USA,2018,USA,Northern America,Storm,Tropical cyclone,2018-09-12,2018-09-12,day,0,True,Hurricane Florence,"South and North Carolina, Virginia",2018,9,12,2018,9,18,,Kph
2018-0347-CHN,2018,CHN,Eastern Asia,Storm,Tropical cyclone,2018-08-12,2018-08-12,day,0,True,Tropical Storm Yagi,"Zhejiang, Anhui, Jiangsu, Shandong provinces",2018,8,12,2018,8,12,,Kph
2018-0347-PHL,2018,PHL,South-eastern Asia,Storm,Tropical cyclone,2018-09-19,2018-09-19,day,0,True,Tropical Storm Yagi,"I, III, CAR, NCR, and CALABARZON",2018,9,19,2018,9,19,,Kph
2018-0348-CHN,2018,CHN,Eastern Asia,Storm,Tropical cyclone,2018-08-15,2018-08-15,day,0,True,Tropical storm Rumbia,"Shanghai, Jiangsu, Zhejiang, Anhui, Shandong, Henan",2018,8,15,2018,8,17,,Kph
2018-0353-JPN,2018,JPN,Eastern Asia,Storm,Tropical cyclone,2018-09-28,2018-09-28,day,0,True,Typhoon Trami,"Tokyo, Okinawa, Wakayama",2018,9,28,2018,10,1,216,Kph
2018-0373-CUB,2018,CUB,Latin America and the Caribbean,Storm,Tropical cyclone,2018-10-10,2018-10-10,day,0,False,Hurricane Michael,"Sandino, San Juan municipalities (Pinar del Rio province)",2018,10,10,2018,10,11,,Kph
2018-0373-USA,2018,USA,Northern America,Storm,Tropical cyclone,2018-10-10,2018-10-10,day,0,True,Hurricane Michael,"Florida, Georgia, Alabama, North Carolina, Virginia, Maryland",2018,10,10,2018,10,11,250,Kph
2018-0376-PRT,2018,PRT,Southern Europe,Storm,Tropical cyclone,2018-10-13,2018-10-13,day,0,True,Storm 'Leslie',"Coimbra, Leiria dsitricts",2018,10,13,2018,10,13,190,Kph
2018-0385-IND,2018,IND,Southern Asia,Storm,Tropical cyclone,2018-10-11,2018-10-11,day,0,True,Tropical storm 'Titli',"Mandasa, Godalpur, Gajapati, Ganjam, Rayagada, Puri, Kandhamal (Andhra Pradesh & Odisha)",2018,10,11,2018,10,12,126,Kph
2018-0394-OMN,2018,OMN,Western Asia,Storm,Tropical cyclone,2018-10-14,2018-10-14,day,0,False,Cyclone 'Luban',"Dhofar, Al-Wusta Governorates",2018,10,14,2018,10,14,,Kph
2018-0394-YEM,2018,YEM,Western Asia,Storm,Tropical cyclone,2018-10-14,2018-10-14,day,0,True,Cyclone 'Luban',Al Maharah governorate,2018,10,14,2018,10,15,,Kph
2018-0399-MNP,2018,MNP,Micronesia,Storm,Tropical cyclone,2018-10-25,2018-10-25,day,0,True,Typhoon 'Yutu' (Rosita),"Tinian, Saipan",2018,10,25,2018,10,25,290,Kph
2018-0399-PHL,2018,PHL,South-eastern Asia,Storm,Tropical cyclone,2018-10-30,2018-10-30,day,0,True,Typhoon 'Yutu' (Rosita),"Ilocos norte, Ilocos Sur, la Union, Pangasinan (Region 1 - Ilocos); Cagayan, Isabela, Nueva Vizcaya, Quirino (Region II - Cagayan Valley); Aurora, Nueva Ecija, Tarlac, Zambales (Region III - Central Luzon); Northern Samar (REgion VIII - Eastern Visayas); Abra, Apayao, Benguet, Ifugao, Kalinga, Mountain province (CAR)",2018,10,30,2018,10,30,210,Kph
2018-0406-MEX,2018,MEX,Latin America and the Caribbean,Storm,Tropical cyclone,2018-10-23,2018-10-23,day,0,True,Hurricane Willa,"Sinaloa, Nayarit, Jalisco, Durango, Zacatec",2018,10,23,2018,10,23,195,Kph
2018-0421-MEX,2018,MEX,Latin America and the Caribbean,Storm,Tropical cyclone,2018-10-19,2018-10-19,day,0,True,Tropical storm 'Vicente',Michoacán and Oaxaca,2018,10,19,2018,10,23,,Kph
2018-0424-JPN,2018,JPN,Eastern Asia,Storm,Tropical cyclone,2018-10-06,2018-10-06,day,0,True,Typhoon 'Kong-Rey',,2018,10,6,2018,10,7,,Kph
2018-0431-IND,2018,IND,Southern Asia,Storm,Tropical cyclone,2018-11-16,2018-11-16,day,0,True,Cyclone 'Gaja',"Tamil Nadu, Nagapattinam, Tiruvarur, Thanjavur, Pudukottai, Dindigul and Ramnad, Chennai, Sivaganga, Theni, Madurai districts",2018,11,16,2018,11,16,120,Kph
2018-0455-PHL,2018,PHL,South-eastern Asia,Storm,Tropical cyclone,2018-12-28,2018-12-28,day,1,True,Tropical depression 'Usman',"Regions IV-A (Calabarzon), IV-B (Mimaropa), V (Bicol), and VIII (Eastern Visayas)",2018,12,28,2018,12,31,,Kph
2018-0469-MHL,2019,MHL,Micronesia,Storm,Tropical cyclone,2019-01-05,2019-01-05,day,0,False,Tropical cyclone 'Penny',,2019,1,5,2019,1,5,,Kph
2018-0469-SLB,2018,SLB,Melanesia,Storm,Tropical cyclone,2018-12-29,2018-12-29,day,0,False,Tropical cyclone 'Penny',"Malaita, Western, Guadalcana, Isabel, Makita provinces",2018,12,29,2018,12,29,,Kph
2018-0473-IND,2018,IND,Southern Asia,Storm,Tropical cyclone,2018-12-17,2018-12-17,day,0,True,Tropical storm 'Phethai',"Andhra Pradesh, Odisha",2018,12,17,2018,12,19,100,Kph
2018-0484-VNM,2018,VNM,South-eastern Asia,Storm,Tropical cyclone,2018-11-17,2018-11-17,day,0,True,Tropical depression 'Toraji',Khanh Hoa province,2018,11,17,2018,11,18,,Kph
2019-0009-THA,2019,THA,South-eastern Asia,Storm,Tropical cyclone,2019-01-04,2019-01-04,day,0,True,Tropical cylone 'Pabuk',"Nakhon Si Thammarat, Surat Thani provinces",2019,1,4,2019,1,4,,Kph
2019-0021-PHL,2019,PHL,South-eastern Asia,Storm,Tropical cyclone,2019-01-18,2019-01-18,day,0,False,Tropical depression 'Amang' (01W),"Agusan del Norte, Agisan del Sur, Dinaga Isl., Surigao del Norte, Surigao del Sur (Region XIII - Caraga)",2019,1,18,2019,1,25,,Kph
2019-0110-MDG,2019,MDG,Sub-Saharan Africa,Storm,Tropical cyclone,2019-03-15,2019-03-15,day,0,True,Cyclone 'Idai',Besalampy (Melaky),2019,3,15,2019,3,15,,Kph
2019-0110-MOZ,2019,MOZ,Sub-Saharan Africa,Storm,Tropical cyclone,2019-03-14,2019-03-14,day,1,True,Cyclone 'Idai',"Beira (Sofala province); Zambezia, Manica and Inhambane provinces",2019,3,14,2019,3,15,140,Kph
2019-0110-ZWE,2019,ZWE,Sub-Saharan Africa,Storm,Tropical cyclone,2019-03-14,2019-03-14,day,1,True,Cyclone 'Idai',"Chikomba, Mudzi, Mutoko, UMP districts (Mash East pronvince); Chipinge, Chimanimani, Buhera, Mutare (Manicaland); Gutu, Bikita, Zaka, Masvingo (Masvingo); Murambinda, Nyanga, Mutasa, Checheche, Biriwiri, Chibuwe, Chakohwa, Nyanyadzi, Berzely Bridge, Mutimurefu, Ngundu, , Mutasa",2019,3,14,2019,3,14,,Kph
2019-0124-FSM,2019,FSM,Micronesia,Storm,Tropical cyclone,2019-02-19,2019-02-19,day,0,False,Cyclone 'Wutip',"Chuuk, Pohnpei, Yap Isl.",2019,2,19,2019,2,22,100,Kph
2019-0164-BGD,2019,BGD,Southern Asia,Storm,Tropical cyclone,2019-05-04,2019-05-04,day,0,True,Cyclone 'Fani',"Barguna, Kishoreganj,Noakhali, Laxmipur, Feni, Chandpur, Bhola, Patuakhali, Barishal, Pirozpur, Jhalokathi, Bagherhat, Khulna, Satkhira districts",2019,5,4,2019,5,4,200,Kph
2019-0164-IND,2019,IND,Southern Asia,Storm,Tropical cyclone,2019-05-03,2019-05-03,day,0,True,Cyclone 'Fani',Odisha province,2019,5,3,2019,5,3,,Kph
2019-0165-COM,2019,COM,Sub-Saharan Africa,Storm,Tropical cyclone,2019-04-24,2019-04-24,day,0,True,Cyclone 'Kenneth',"Grande Comore, Moheli, Anjouan islands",2019,4,24,2019,4,25,185,Kph
2019-0165-MOZ,2019,MOZ,Sub-Saharan Africa,Storm,Tropical cyclone,2019-04-25,2019-04-25,day,0,True,Cyclone 'Kenneth',Cabo Delgado,2019,4,25,2019,4,25,300,Kph
2019-0165-TZA,2019,TZA,Sub-Saharan Africa,Storm,Tropical cyclone,2019-04-26,2019-04-26,day,0,False,Cyclone 'Kenneth',"Mtwara, Lindi",2019,4,26,2019,4,26,,Kph
2019-0335-USA,2019,USA,Northern America,Storm,Tropical cyclone,2019-07-13,2019-07-13,day,0,True,Tropical cylone 'Barry',"Louisiana, Mississippi, Arkansas, Oklahoma, Great Lakes region",2019,7,13,2019,7,15,,Kph
2019-0349-PHL,2019,PHL,South-eastern Asia,Storm,Tropical cyclone,2019-07-18,2019-07-18,day,0,True,Tropical cyclone 'Danas',"Cordillera Administrative Region, Ilocos, Cagayan Valley",2019,7,18,2019,7,18,,Kph
2019-0387-CHN,2019,CHN,Eastern Asia,Storm,Tropical cyclone,2019-08-10,2019-08-10,day,0,True,Tropical cyclone Lekima (Hanna),Zhejiang and Shandong provinces,2019,8,10,2019,8,12,175,Kph
2019-0387-TWN,2019,TWN,Eastern Asia,Storm,Tropical cyclone,2019-08-10,2019-08-10,day,0,True,Tropical cyclone Lekima (Hanna),,2019,8,10,2019,8,10,175,Kph
2019-0412-BHS,2019,BHS,Latin America and the Caribbean,Storm,Tropical cyclone,2019-09-01,2019-09-01,day,1,True,Tropical cyclone 'Dorian',"Great Abaco, Grand Bahama",2019,9,1,2019,9,4,298,Kph
2019-0412-USA,2019,USA,Northern America,Storm,Tropical cyclone,2019-08-28,2019-08-28,day,0,True,Tropical cyclone 'Dorian',"Florida, Georgia, South Carolina, North Carolina, Virginia",2019,8,28,2019,9,6,150,Kph
2019-0417-USA,2019,USA,Northern America,Storm,Tropical cyclone,2019-09-17,2019-09-17,day,0,True,Tropical storm ' Imelda',Texas,2019,9,17,2019,9,21,65,Kph
2019-0418-MEX,2019,MEX,Latin America and the Caribbean,Storm,Tropical cyclone,2019-09-20,2019-09-20,day,0,True,Tropical cyclone 'Lorena',"Baja California Peninsula, coastal Baja California Sur, Jalisco, Sinaloa, Nayarit, Michoacan, Colima States",2019,9,20,2019,9,20,130,Kph
2019-0424-CHN,2019,CHN,Eastern Asia,Storm,Tropical cyclone,2019-09-05,2019-09-05,day,0,False,Tropical cyclone 'Lingling',,2019,9,5,2019,9,8,,Kph
2019-0424-JPN,2019,JPN,Eastern Asia,Storm,Tropical cyclone,2019-09-05,2019-09-05,day,0,False,Tropical cyclone 'Lingling',"Nagano, Yamaguchi, Hiroshima, Tottori, Okayama, Okinawa and Miyazaki Prefectures",2019,9,5,2019,9,8,,Kph
2019-0424-KOR,2019,KOR,Eastern Asia,Storm,Tropical cyclone,2019-09-06,2019-09-06,day,0,True,Tropical cyclone 'Lingling',Jeju,2019,9,6,2019,9,7,,Kph
2019-0424-PRK,2019,PRK,Eastern Asia,Storm,Tropical cyclone,2019-09-06,2019-09-06,day,0,True,Tropical cyclone 'Lingling',"Yonggwang, Yodok, Jangjin Counties; Tanchon City (South Hamgyong Province)",2019,9,6,2019,9,7,,Kph
2019-0434-PHL,2019,PHL,South-eastern Asia,Storm,Tropical cyclone,2019-08-27,2019-08-27,day,0,True,Tropical cyclone 'Podul',Aurora Province,2019,8,27,2019,8,28,,Kph
2019-0443-JPN,2019,JPN,Eastern Asia,Storm,Tropical cyclone,2019-09-24,2019-09-24,day,0,False,Tropical storm 'Tapah',"Okinawa, Miyazaki Prefectures",2019,9,24,2019,9,24,,Kph
2019-0443-KOR,2019,KOR,Eastern Asia,Storm,Tropical cyclone,2019-09-24,2019-09-24,day,0,True,Tropical storm 'Tapah',Jeju Island,2019,9,24,2019,9,24,,Kph
2019-0450-MEX,2019,MEX,Latin America and the Caribbean,Storm,Tropical cyclone,2019-09-30,2019-09-30,day,0,True,Tropical storm 'Narda',Oaxaca state,2019,9,30,2019,9,30,55,Kph
2019-0472-CHN,2019,CHN,Eastern Asia,Storm,Tropical cyclone,2019-10-02,2019-10-02,day,0,True,Tropical cyclone 'Mitag',Zhoushan,2019,10,2,2019,10,2,,Kph
2019-0472-KOR,2019,KOR,Eastern Asia,Storm,Tropical cyclone,2019-10-02,2019-10-02,day,0,True,Tropical cyclone 'Mitag',South Jeolla Province,2019,10,2,2019,10,2,75,Kph
2019-0492-JPN,2019,JPN,Eastern Asia,Storm,Tropical cyclone,2019-10-12,2019-10-12,day,0,True,Tropical cylone 'Hagibis',"Tokyo, Fukushima, Miyagi, Shizuoka, Kanawanga, Nagano, Saitama, Gunma, Ibaraki, Tochigi",2019,10,12,2019,10,17,160,Kph
2019-0519-MEX,2019,MEX,Latin America and the Caribbean,Storm,Tropical cyclone,2019-09-05,2019-09-05,day,0,True,Tropical storm 'Fernand',"Coahuila, Nuevo León, Tamaulipas, San Luis Potosí states",2019,9,5,2019,9,6,,Kph
2019-0521-JPN,2019,JPN,Eastern Asia,Storm,Tropical cyclone,2019-10-08,2019-10-08,day,0,True,Typhoon 'Faxai',Chiba prefecture; Tokyo,2019,10,8,2019,10,8,170,Kph
2019-0534-VNM,2019,VNM,South-eastern Asia,Storm,Tropical cyclone,2019-11-03,2019-11-03,day,0,True,Typhoon 'Matmo',"Quang Ngai, Binh Dinh, Phu Yen, Gia Lai, Thua Thien Hue province",2019,11,3,2019,11,3,,Kph
2019-0541-PHL,2019,PHL,South-eastern Asia,Storm,Tropical cyclone,2019-11-17,2019-11-17,day,0,False,Tropical cyclone 'Kalmaegi' (Ramon),"Romblon Province (Mimaropa region), Camarines Sur Province (Bicol Region)",2019,11,17,2019,11,17,110,Kph
2019-0549-PHL,2019,PHL,South-eastern Asia,Storm,Tropical cyclone,2019-11-10,2019-11-10,day,0,True,Tropical cyclone 'Nakri',"Cagayan province, north Luzon Island",2019,11,10,2019,11,10,,Kph
2019-0549-VNM,2019,VNM,South-eastern Asia,Storm,Tropical cyclone,2019-11-12,2019-11-12,day,0,True,Tropical cyclone 'Nakri',"Phu Yen, Binh Dinh Provinces",2019,11,12,2019,11,13,,Kph
2019-0550-BGD,2019,BGD,Southern Asia,Storm,Tropical cyclone,2019-11-09,2019-11-09,day,0,True,Tropical cyclone 'Bulbul',"Satkhira, Khulna, Bhola, Bagerhat,Patuakhlai, Barguna, Pirojpur districts",2019,11,9,2019,11,10,130,Kph
2019-0550-IND,2019,IND,Southern Asia,Storm,Tropical cyclone,2019-11-09,2019-11-09,day,0,True,Tropical cyclone 'Bulbul',"South Assam, Meghalaya, Tripura, Mizoram, West Begal, Odisha state",2019,11,9,2019,11,10,,Kph
2019-0573-PHL,2019,PHL,South-eastern Asia,Storm,Tropical cyclone,2019-12-02,2019-12-02,day,0,True,Tropical cyclone 'Kammuri' (Tisoy),"Aurora, Pampanga, Bataan, Bulacan, Zambales (Region III); Batangas, Cavite, Laguna, Quezon (Calanarzon); Marinduqe, Oriental Mindoro, Occidental Mindoro, Romblon (Mimaropa); Albay, Camarines Norte, Camarines Sur, Catanduanes, Masbate, Sorgoson (Region V); Northern Samar, Eastern Samar, Western Samar, (Region VIII); Surigao del Sur (Caraga); Mountain province (CAR)",2019,12,2,2019,12,3,210,Kph
2019-0600-SOM,2019,SOM,Sub-Saharan Africa,Storm,Tropical cyclone,2019-12-07,2019-12-07,day,0,True,Tropical Storm 'Pawan',"Las Qoray (Sanaag Region); Nugal, Bari provinces",2019,12,7,2019,12,10,,Kph
2019-0601-COM,2019,COM,Sub-Saharan Africa,Storm,Tropical cyclone,2019-12-05,2019-12-05,day,0,False,Cyclone 'Belna',,2019,12,5,2019,12,8,,Kph
2019-0601-MDG,2019,MDG,Sub-Saharan Africa,Storm,Tropical cyclone,2019-12-09,2019-12-09,day,0,True,Cyclone 'Belna',"Mahanjanga, Soalala districts (Boeny); Diego I district (Diana); Besalampy district (Melaky); Morondava district (Menabe",2019,12,9,2019,12,10,180,Kph
2019-0634-PHL,2019,PHL,South-eastern Asia,Storm,Tropical cyclone,2019-12-24,2019-12-24,day,0,True,Tropical cyclone 'Phanfone' (Ursula),"Salcedo, Eastern Samar; Tacloban City, Leyte; Gigantes Islands, Carles, Iloilo; Ibajay, Aklan; Semirara Island, Caluya, Antique; Bulalacao, Oriental Mindoro; Cabucgayan, Biliran; Cagayan Valley, Cordillera Administrative Region",2019,12,24,2019,12,28,150,Kph
2019-0642-FJI,2019,FJI,Melanesia,Storm,Tropical cyclone,2019-12-26,2019-12-26,day,0,True,Tropical cyclone 'Sarai',"Ba, Nadroga, Lau, Kadavu",2019,12,26,2019,12,26,,Kph
2020-0015-FJI,2020,FJI,Melanesia,Storm,Tropical cyclone,2020-01-17,2020-01-17,day,0,True,Cyclone 'Tino',Viti Levu Island,2020,1,17,2020,1,18,155,Kph
2020-0015-TUV,2020,TUV,Polynesia,Storm,Tropical cyclone,2020-01-18,2020-01-18,day,0,False,Cyclone 'Tino',,2020,1,18,2020,1,18,,Kph
2020-0103-MDG,2020,MDG,Sub-Saharan Africa,Storm,Tropical cyclone,2020-03-13,2020-03-13,day,0,True,Cyclone 'Herold',"Sava region, Maroantsetra (Analanjirofo), Antalaha (Sava)",2020,3,13,2020,3,17,148,Kph
2020-0132-FJI,2020,FJI,Melanesia,Storm,Tropical cyclone,2020-04-08,2020-04-08,day,0,True,Cyclone 'Harold',"Kadavvu, Southern Lau, Matuku, Vatulele",2020,4,8,2020,4,9,,Kph
2020-0132-SLB,2020,SLB,Melanesia,Storm,Tropical cyclone,2020-04-02,2020-04-02,day,0,True,Cyclone 'Harold',"Espiritu Santo, Malakula, Ambae, Pentecost, Maewo Islands; Guadalcanal, Makira-Ulawa, and Rennell and Bellona provinces",2020,4,2,2020,4,3,215,Kph
2020-0132-TON,2020,TON,Polynesia,Storm,Tropical cyclone,2020-04-06,2020-04-06,day,0,False,Cyclone 'Harold',"Tongatapu, 'Eua",2020,4,6,2020,4,9,222,Kph
2020-0132-VUT,2020,VUT,Melanesia,Storm,Tropical cyclone,2020-04-06,2020-04-06,day,0,True,Cyclone 'Harold',"Pentecost, Espiritu Santo, Penama, Sanma, Malampa, Shefa, Torba",2020,4,6,2020,4,6,252,Kph
2020-0203-PHL,2020,PHL,South-eastern Asia,Storm,Tropical cyclone,2020-05-15,2020-05-15,day,0,True,Tropical Cyclone 'Vongfong' (Ambo),"Calabazon, Eastern Visayas, Cordillera Administrative Region provinces",2020,5,15,2020,5,17,185,Kph
2020-0211-BGD,2020,BGD,Southern Asia,Storm,Tropical cyclone,2020-05-20,2020-05-20,day,0,True,Cyclone 'Amphan',"Cox's Bazar; Satkhira, Jashore, Khulna, Barguna, Bagerhat, Patuakhali, Bhola, Pirojpur districts",2020,5,20,2020,5,20,,Kph
2020-0211-IND,2020,IND,Southern Asia,Storm,Tropical cyclone,2020-05-20,2020-05-20,day,0,True,Cyclone 'Amphan',"Balasore (Baleshwar) , Bhadrak, Kendrapada and Jagatsinghpur (Odisha); East Midunapur, West Midhunapur, North24 Parganas, South24 Parganas, Nadia, Howrah, Kolkata and Hoogli (West Bengal)",2020,5,20,2020,5,20,185,Kph
2020-0211-LKA,2020,LKA,Southern Asia,Storm,Tropical cyclone,2020-05-17,2020-05-17,day,0,True,Cyclone 'Amphan',"Ratnapura district, Kegalle, Kottampitiya (Kegalle), Pelmadulla (Ratnapura), Polonnaruwa",2020,5,17,2020,5,20,,Kph
2020-0217-IND,2020,IND,Southern Asia,Storm,Tropical cyclone,2020-06-03,2020-06-03,day,0,True,Cyclone 'Nisarga',"Raigad, Pune Districts (Maharashtra State)",2020,6,3,2020,6,3,120,Kph
2020-0218-GTM,2020,GTM,Latin America and the Caribbean,Storm,Tropical cyclone,2020-05-30,2020-05-30,day,0,True,Tropical storm 'Amanda',"Chiquimula, El Progreso, Jalapa, Jutiapa, Santa Rosa",2020,5,30,2020,5,31,,Kph
2020-0218-HND,2020,HND,Latin America and the Caribbean,Storm,Tropical cyclone,2020-05-30,2020-05-30,day,0,True,Tropical storm 'Amanda',Tegucigalpa (Francisco Morazán department); Valle Department,2020,5,30,2020,5,31,,Kph
2020-0218-SLV,2020,SLV,Latin America and the Caribbean,Storm,Tropical cyclone,2020-05-31,2020-05-31,day,0,True,Tropical storm 'Amanda',"La Libertad, Santa Ana, San Salvador",2020,5,31,2020,5,31,,Kph
2020-0219-MEX,2020,MEX,Latin America and the Caribbean,Storm,Tropical cyclone,2020-06-03,2020-06-03,day,0,False,Tropical storm 'Cristobal',"Ciudad del Carmen (Campeche State); Quintana Roo, Yucatan, Tabasco, Chiapas Oaxaca, Veracruz states",2020,6,3,2020,6,3,75,Kph
2020-0219-USA,2020,USA,Northern America,Storm,Tropical cyclone,2020-06-07,2020-06-07,day,0,True,Tropical storm 'Cristobal',"errebonne, Plaquemines, Lafourche Parishes (Louisiana)",2020,6,7,2020,6,7,85,Kph
2020-0307-LAO,2020,LAO,South-eastern Asia,Storm,Tropical cyclone,2020-08-01,2020-08-01,day,0,False,Tropical cyclone 'Sinlaku',Xayaboury Province,2020,8,1,2020,8,3,75,Kph
2020-0307-THA,2020,THA,South-eastern Asia,Storm,Tropical cyclone,2020-08-01,2020-08-01,day,0,True,Tropical cyclone 'Sinlaku',Loei Province,2020,8,1,2020,8,3,75,Kph
2020-0307-VNM,2020,VNM,South-eastern Asia,Storm,Tropical cyclone,2020-07-29,2020-07-29,day,0,True,Tropical cyclone 'Sinlaku',"Hoa Binh, Quang Ninh Provinces",2020,7,29,2020,7,30,75,Kph
2020-0308-CHN,2020,CHN,Eastern Asia,Storm,Tropical cyclone,2020-08-05,2020-08-05,day,0,False,Tropical cyclone 'Hagupit' (Dindo),"Zhejiang, Jiangsu Provinces",2020,8,5,2020,8,5,130,Kph
2020-0308-KOR,2020,KOR,Eastern Asia,Storm,Tropical cyclone,2020-08-03,2020-08-03,day,0,True,Tropical cyclone 'Hagupit' (Dindo),North Chungcheong,2020,8,3,2020,8,4,130,Kph
2020-0308-TWN,2020,TWN,Eastern Asia,Storm,Tropical cyclone,2020-08-03,2020-08-03,day,0,True,Tropical cyclone 'Hagupit' (Dindo),Taipei,2020,8,3,2020,8,4,130,Kph
2020-0312-CUB,2020,CUB,Latin America and the Caribbean,Storm,Tropical cyclone,2020-07-31,2020-07-31,day,0,False,Hurricane 'Isaias',Baracoa,2020,7,31,2020,8,2,,Kph
2020-0312-DOM,2020,DOM,Latin America and the Caribbean,Storm,Tropical cyclone,2020-07-31,2020-07-31,day,0,True,Hurricane 'Isaias',"Duarte, Hato Mayor, El Seibo, Monte Plata, María Trinidad Sánchez, Samaná, San Cristóbal and San Pedro de Macorís departments",2020,7,31,2020,8,2,,Kph
2020-0312-PRI,2020,PRI,Latin America and the Caribbean,Storm,Tropical cyclone,2020-08-02,2020-08-02,day,0,True,Hurricane 'Isaias',"Yauco, Jayuya, Mayagüez cities",2020,8,2,2020,8,2,,Kph
2020-0312-USA,2020,USA,Northern America,Storm,Tropical cyclone,2020-07-31,2020-07-31,day,0,True,Hurricane 'Isaias',"North Carolina, South Carolina, New York, Maryland, Delaware, New Jersey, Connecticut, Florida, Virginia, Pennsylvania, New Hampshire",2020,7,31,2020,8,2,,Kph
2020-0316-MEX,2020,MEX,Latin America and the Caribbean,Storm,Tropical cyclone,2020-07-25,2020-07-25,day,0,True,Hurricane 'Hanna',"Coahuila, Nuevo León,Tamaulipas states",2020,7,25,2020,7,26,,Kph
2020-0316-USA,2020,USA,Northern America,Storm,Tropical cyclone,2020-07-25,2020-07-25,day,0,False,Hurricane 'Hanna',Texas,2020,7,25,2020,7,25,150,Kph
2020-0355-CHN,2020,CHN,Eastern Asia,Storm,Tropical cyclone,2020-08-10,2020-08-10,day,0,False,Tropical cyclone 'Mekkhala' (Ferdie),Zhangzhou Prefecture (Fujian province),2020,8,10,2020,8,11,,Kph
2020-0376-DOM,2020,DOM,Latin America and the Caribbean,Storm,Tropical cyclone,2020-08-26,2020-08-26,day,0,True,Hurricane 'Laura',,2020,8,26,2020,8,27,,Kph
2020-0376-HTI,2020,HTI,Latin America and the Caribbean,Storm,Tropical cyclone,2020-08-23,2020-08-23,day,0,True,Hurricane 'Laura',,2020,8,23,2020,8,23,,Kph
2020-0376-USA,2020,USA,Northern America,Storm,Tropical cyclone,2020-08-27,2020-08-27,day,0,True,Hurricane 'Laura',"Louisiana, Texas, Arkansas, Mississippi",2020,8,27,2020,8,28,240,Kph
2020-0400-JPN,2020,JPN,Eastern Asia,Storm,Tropical cyclone,2020-09-07,2020-09-07,day,0,True,Tropical cyclone 'Haishen' (Kristine),"Miyazaki Prefecture, Kyushu region, Kagoshima, Okinawa",2020,9,7,2020,9,7,185,Kph
2020-0400-KOR,2020,KOR,Eastern Asia,Storm,Tropical cyclone,2020-09-06,2020-09-06,day,0,True,Tropical cyclone 'Haishen' (Kristine),Ulsan,2020,9,6,2020,9,8,185,Kph
2020-0403-JPN,2020,JPN,Eastern Asia,Storm,Tropical cyclone,2020-09-02,2020-09-02,day,0,False,Typhoon 'Maisak' (Julian),Okinawa Prefecture,2020,9,2,2020,9,2,175,Kph
2020-0403-KOR,2020,KOR,Eastern Asia,Storm,Tropical cyclone,2020-09-03,2020-09-03,day,0,True,Typhoon 'Maisak' (Julian),"Gangwon, Jeju, South Gyeongsang, Busan",2020,9,3,2020,9,4,155,Kph
2020-0411-KHM,2020,KHM,South-eastern Asia,Storm,Tropical cyclone,2020-10-01,2020-10-01,day,0,True,Tropical storm Linfa,"Pursat, Battambang, Pailin, Kampong Speu, Kampong Chhnang, Banteay Meanchey, Kampong Thom, Phnom Penh, Kandal, Sway Rieng, Stung Treng, Takao, Siem Reap, Preah Videar, Oddar Meanchey Provinces.",2020,10,1,2020,10,24,,Kph
2020-0411-LAO,2020,LAO,South-eastern Asia,Storm,Tropical cyclone,2020-10-06,2020-10-06,day,0,True,Tropical storm Linfa,"Savannakhet, Salawan, Sekong provinces",2020,10,6,2020,10,20,,Kph
2020-0411-THA,2020,THA,South-eastern Asia,Storm,Tropical cyclone,2020-10-09,2020-10-09,day,0,True,Tropical storm Linfa,"Central and eastern Provinces, Nakhon Nayok,Trang, Satun, Songkhla,Sa Kaeo.",2020,10,9,2020,10,31,,Kph
2020-0411-VNM,2020,VNM,South-eastern Asia,Storm,Tropical cyclone,2020-10-06,2020-10-06,day,1,True,Tropical storm Linfa,"Da Nang, Ha Tinh, Quang Bình, Quang Nam, Quang Tri, Thua Thien-Hue, Nghe An, Da Nang, Quang Nam, Quang Ngai, Binh Dinh, Kon Tum, Gia Lai, Dak Lak, Lam Dong, Phu Yen provinces",2020,10,6,2020,11,3,,Kph
2020-0412-USA,2020,USA,Northern America,Storm,Tropical cyclone,2020-10-07,2020-10-07,day,0,True,Hurricane 'Delta',"Louisiana, Texas, Mississippi, Georgia, North and South Carolina",2020,10,7,2020,10,11,195,Kph
2020-0416-MEX,2020,MEX,Latin America and the Caribbean,Storm,Tropical cyclone,2020-10-02,2020-10-02,day,0,True,Tropical storm 'Gamma',"Tabasco, Quintana Roo, Yucatán, Campeche",2020,10,2,2020,10,6,56,Kph
2020-0425-CHN,2020,CHN,Eastern Asia,Storm,Tropical cyclone,2020-10-13,2020-10-13,day,0,True,Tropical storm 'Nangka' (Nika),Hainan Island (southern China),2020,10,13,2020,10,14,,Kph
2020-0425-VNM,2020,VNM,South-eastern Asia,Storm,Tropical cyclone,2020-10-13,2020-10-13,day,0,True,Tropical storm 'Nangka' (Nika),"Nam Dinh, Ninh Bình, Thanh Hóa provinces",2020,10,13,2020,10,14,85,Kph
2020-0438-USA,2020,USA,Northern America,Storm,Tropical cyclone,2020-09-11,2020-09-11,day,0,True,Hurricane 'Sally',"Alabama, Florida",2020,9,11,2020,9,18,165,Kph
2020-0452-PHL,2020,PHL,South-eastern Asia,Storm,Tropical cyclone,2020-10-13,2020-10-13,day,0,True,Tropical depression 'Ofel',"Visayas, Bicol, northern Mimaropa, southern Calabarzon Provinces",2020,10,13,2020,10,14,55,Kph
2020-0462-KHM,2020,KHM,South-eastern Asia,Storm,Tropical cyclone,2020-09-18,2020-09-18,day,0,False,Tropical storm 'Noul' (Leon),"Battambang, Preah Sihanouk and Koh Kong Provinces.",2020,9,18,2020,9,21,,Kph
2020-0462-THA,2020,THA,South-eastern Asia,Storm,Tropical cyclone,2020-09-18,2020-09-18,day,0,True,Tropical storm 'Noul' (Leon),"Mae Hong Son, Chiang Mai, Uttaradit, Sukhothai, Tak, Kamphaeng Phet, Phitsanulok, Phichit, Phetchabun (North); Chaiyaphum, Nakhon Ratchasima (NothEast); Ratchaburi, Kanchanaburi, Uthai Thani, Chai Nat, Nakhon Sawan, Lop Buri and Saraburi (Central); Nakhon Nayok, Prachin Buri, Chanthaburi, Trat (East); Phetchaburi, Prachuap Khiri Khan, Chumphon, Ranong, Phangnga, Phuket (South)",2020,9,18,2020,9,21,,Kph
2020-0462-VNM,2020,VNM,South-eastern Asia,Storm,Tropical cyclone,2020-09-18,2020-09-18,day,0,True,Tropical storm 'Noul' (Leon),Da Nang,2020,9,18,2020,9,21,85,Kph
2020-0463-PHL,2020,PHL,South-eastern Asia,Storm,Tropical cyclone,2020-10-31,2020-10-31,day,0,True,Typhoon 'Goni' (Rolly),"Calabarzon, Mimaropa, Bicol Regions; NCR, II, III, V, VIII, CAR regions",2020,10,31,2020,11,1,315,Kph
2020-0470-PHL,2020,PHL,South-eastern Asia,Storm,Tropical cyclone,2020-10-28,2020-10-28,day,0,True,Typhoon 'Molave' (Quinta),"Regions III, CALABARZON, MIMAROPA, V, VI, VII and VIII",2020,10,28,2020,10,28,155,Kph
2020-0470-VNM,2020,VNM,South-eastern Asia,Storm,Tropical cyclone,2020-10-29,2020-10-29,day,0,True,Typhoon 'Molave' (Quinta),Quang Nam,2020,10,29,2020,10,29,145,Kph
2020-0474-BLZ,2020,BLZ,Latin America and the Caribbean,Storm,Tropical cyclone,2020-11-04,2020-11-04,day,0,False,Hurricane 'Eta',"Cayo, Belize, Stann Creek, and Toledo districts",2020,11,4,2020,11,4,,Kph
2020-0474-COL,2020,COL,Latin America and the Caribbean,Storm,Tropical cyclone,2020-11-02,2020-11-02,day,0,False,Hurricane 'Eta',"Magdalena, Bolivar, Atlantico",2020,11,2,2020,11,4,,Kph
2020-0474-CRI,2020,CRI,Latin America and the Caribbean,Storm,Tropical cyclone,2020-11-03,2020-11-03,day,0,False,Hurricane 'Eta',"Nandayure, Hojancha of Guanacaste, Corredores,Coto Brus, San José, Alajuela, Heredia, Cartago, Puntarenas, Guanacaste, Limón",2020,11,3,2020,11,4,,Kph
2020-0474-GTM,2020,GTM,Latin America and the Caribbean,Storm,Tropical cyclone,2020-11-03,2020-11-03,day,1,True,Hurricane 'Eta',"Alta Verapaz,Petén, Quiché, Sololá, Izabal, Chiquimula, Zacapa, Jutiapa, El Progreso, Santa Rosa departments",2020,11,3,2020,11,4,,Kph
2020-0474-HND,2020,HND,Latin America and the Caribbean,Storm,Tropical cyclone,2020-11-03,2020-11-03,day,1,True,Hurricane 'Eta',"La Ceiba, El Progresso, Santa Barbara, Gualala, Sulaco, San Manuel, Lempira",2020,11,3,2020,11,4,,Kph
2020-0474-MEX,2020,MEX,Latin America and the Caribbean,Storm,Tropical cyclone,2020-11-02,2020-11-02,day,0,True,Hurricane 'Eta',"Chiapas, San Cristobal de Las Casas, Tabasco",2020,11,2,2020,11,4,,Kph
2020-0474-NIC,2020,NIC,Latin America and the Caribbean,Storm,Tropical cyclone,2020-11-03,2020-11-03,day,0,True,Hurricane 'Eta',"Bonanza Municipality, Bilwi, Jinotega, Yali, Wiwili, Ocotal.",2020,11,3,2020,11,4,240,Kph
2020-0474-PAN,2020,PAN,Latin America and the Caribbean,Storm,Tropical cyclone,2020-11-03,2020-11-03,day,0,True,Hurricane 'Eta',"Bocas del Toro, Chiriquí, Coclé, Colón, Comarca Ngäbe Buglé, Herrera, Veraguas",2020,11,3,2020,11,4,,Kph
2020-0474-SLV,2020,SLV,Latin America and the Caribbean,Storm,Tropical cyclone,2020-11-02,2020-11-02,day,0,False,Hurricane 'Eta',"La Union, department of La Union",2020,11,2,2020,11,4,,Kph
2020-0474-USA,2020,USA,Northern America,Storm,Tropical cyclone,2020-11-08,2020-11-08,day,0,True,Hurricane 'Eta',"Florida, North Carolina, Virginia",2020,11,8,2020,11,12,100,Kph
2020-0483-MEX,2020,MEX,Latin America and the Caribbean,Storm,Tropical cyclone,2020-10-07,2020-10-07,day,0,False,Hurricane 'Zeta',"Quintana Roo, Yucatán, Chiapas, Campeche,Tabasco",2020,10,7,2020,10,11,110,Kph
2020-0483-USA,2020,USA,Northern America,Storm,Tropical cyclone,2020-10-24,2020-10-24,day,0,True,Hurricane 'Zeta',"Louisiana, Mississippi, Alabama, northern Georgia, south and North Carolinas",2020,10,24,2020,10,30,175,Kph
2020-0487-SOM,2020,SOM,Sub-Saharan Africa,Storm,Tropical cyclone,2020-11-22,2020-11-22,day,0,True,Tropical cyclone 'Gati',"Xaaf uun, Dul Xaaf uun, Dardaare, Garan, Baarmadowe, Hurdiya, Foocaar, Afdhicin, Haluula, Kurduush, Gumbax, Taageer , Xandha (Iskushuban district, Bari Province, Puntland state)",2020,11,22,2020,11,23,165,Kph
2020-0495-COL,2020,COL,Latin America and the Caribbean,Storm,Tropical cyclone,2020-11-14,2020-11-14,day,0,True,Hurricane 'Iota',"San Andre, Providencia Islands (Caribbean Sea), Bolivar, Choco, Guajira, Santa Catalina, Sucre, Atlántico, Magdalena,La Guajira Departments",2020,11,14,2020,11,17,,Kph
2020-0495-GTM,2020,GTM,Latin America and the Caribbean,Storm,Tropical cyclone,2020-11-17,2020-11-17,day,0,True,Hurricane 'Iota',"Alta Verapaz, Baja Verapaz, Izabal, Chiquimula, Quiché, Zacapa departments",2020,11,17,2020,11,17,,Kph
2020-0495-HND,2020,HND,Latin America and the Caribbean,Storm,Tropical cyclone,2020-11-17,2020-11-17,day,0,True,Hurricane 'Iota',"Sulla Valley, San Pedro Sula, Santa Barbara, Central District, Santa Rosa de Aguan, Tocoa Copán, Choluteca (Sula Valley); Comayagua; Puerto Cortés, Yoro, Atlántida, Santa Barbara, Olancho, departments",2020,11,17,2020,11,18,,Kph
2020-0495-NIC,2020,NIC,Latin America and the Caribbean,Storm,Tropical cyclone,2020-11-17,2020-11-17,day,0,True,Hurricane 'Iota',"Waspam, Bilwi/Puerto Cabezas, Prinzapolka, La Cruz de Rio Grande, Laguna de Perlas",2020,11,17,2020,11,18,,Kph
2020-0495-PAN,2020,PAN,Latin America and the Caribbean,Storm,Tropical cyclone,2020-11-17,2020-11-17,day,0,True,Hurricane 'Iota',"Nole Duima, Soloy (Ngäbe-Buglé Comarca)",2020,11,17,2020,11,18,,Kph
2020-0495-SLV,2020,SLV,Latin America and the Caribbean,Storm,Tropical cyclone,2020-11-17,2020-11-17,day,0,True,Hurricane 'Iota',,2020,11,17,2020,11,18,,Kph
2020-0501-PHL,2020,PHL,South-eastern Asia,Storm,Tropical cyclone,2020-11-11,2020-11-11,day,1,True,Tyhoon 'Ulysses' (Vamco),"National Capital Region, Quezon, Rizal province",2020,11,11,2020,11,12,155,Kph
2020-0501-VNM,2020,VNM,South-eastern Asia,Storm,Tropical cyclone,2020-11-15,2020-11-15,day,0,False,Tyhoon 'Ulysses' (Vamco),"Ha Thinh, Quang Binh, Quang Tri, Thua Thien Hue Province",2020,11,15,2020,11,15,130,Kph
2020-0524-IND,2020,IND,Southern Asia,Storm,Tropical cyclone,2020-11-25,2020-11-25,day,0,True,Cyclone Nivar,Tamil Nadu and Puducherry,2020,11,25,2020,11,26,,Kph
2020-0542-VNM,2020,VNM,South-eastern Asia,Storm,Tropical cyclone,2020-11-10,2020-11-10,day,0,True,Tropical storm 'Etau' (Tonyo),"Quang Nam, Bình Dinh, Khánh Hòa, Phú Yên",2020,11,10,2020,11,10,85,Kph
2020-0554-FJI,2020,FJI,Melanesia,Storm,Tropical cyclone,2020-12-17,2020-12-17,day,0,True,Cyclone 'Yasa',"Lau group, Vanua Levu, Taveuni, Kadavu",2020,12,17,2020,12,18,,Kph
2020-0558-PHL,2020,PHL,South-eastern Asia,Storm,Tropical cyclone,2020-12-18,2020-12-18,day,0,True,Tropical depression 'Vicky' (Krovanh),"Mindanao Island, Leyte Province (Eastern Visayas), Cagayan Valley (north-eastern Luzon Island), Isabela Province (Luzon)",2020,12,18,2020,12,21,,Kph
2020-0558-VNM,2020,VNM,South-eastern Asia,Storm,Tropical cyclone,2020-12-21,2020-12-21,day,0,True,Tropical depression 'Vicky' (Krovanh),,2020,12,21,2020,12,21,,Kph
2021-0036-MDG,2021,MDG,Sub-Saharan Africa,Storm,Tropical cyclone,2021-01-23,2021-01-23,day,0,True,Tropical cyclone 'Eloise',"Antalaha, Maroantsetra, Vavatenina and Toamasina districts",2021,1,23,2021,1,23,,Kph
2021-0036-MOZ,2021,MOZ,Sub-Saharan Africa,Storm,Tropical cyclone,2021-01-23,2021-01-23,day,0,True,Tropical cyclone 'Eloise',"Beira, Sofala, South of Manica, North of Inhambane and Eastern Gaza",2021,1,23,2021,1,23,160,Kph
2021-0036-SWZ,2021,SWZ,Sub-Saharan Africa,Storm,Tropical cyclone,2021-01-23,2021-01-23,day,0,False,Tropical cyclone 'Eloise',,2021,1,23,2021,1,23,,Kph
2021-0036-ZAF,2021,ZAF,Sub-Saharan Africa,Storm,Tropical cyclone,2021-01-24,2021-01-24,day,0,True,Tropical cyclone 'Eloise',"Umkhanyakude, Zululand (Kwa Zulu Natal province) , Ehlanzeni, Mbombela, Bushbuckridge, Nkomazi, Thaba Chweu, Gert Sibande, Chief Albert Luthuli (Mpumalanga province); Capricorn, Lepelle-Nkump, Molemole, Mopane, Vhembe (Limpopo province)",2021,1,24,2021,1,24,,Kph
2021-0036-ZWE,2021,ZWE,Sub-Saharan Africa,Storm,Tropical cyclone,2021-01-23,2021-01-23,day,0,True,Tropical cyclone 'Eloise',"Chivi, Masvingo Rural districts (Masvingo province); Beitbridge district i(Matebeleland South province); Chipinge (Manicaland province)",2021,1,23,2021,1,23,160,Kph
2021-0070-FJI,2021,FJI,Melanesia,Storm,Tropical cyclone,2021-01-30,2021-01-30,day,0,True,Tropical cyclone 'Ana',Viti levu,2021,1,30,2021,1,31,140,Kph
2021-0091-PHL,2021,PHL,South-eastern Asia,Storm,Tropical cyclone,2021-02-21,2021-02-21,day,0,True,Tropical storm 'Dujuan' (Auring),Caraga Region (northern Mindanao) and Eastern Visayas Region,2021,2,21,2021,2,22,,Kph
2021-0125-AUS,2021,AUS,Australia and New Zealand,Storm,Tropical cyclone,2021-02-25,2021-02-25,day,0,False,Tropial cylone 'Niran',Queensland and New South Wales,2021,2,25,2021,3,4,120,Kph
2021-0125-NCL,2021,NCL,Melanesia,Storm,Tropical cyclone,2021-03-05,2021-03-05,day,0,False,Tropial cylone 'Niran',,2021,3,5,2021,3,7,,Kph
2021-0173-AUS,2021,AUS,Australia and New Zealand,Storm,Tropical cyclone,2021-04-11,2021-04-11,day,0,True,Tropical cyclone 'Seroja-21',Kalbarri and Northampton Town,2021,4,11,2021,4,11,155,Kph
2021-0173-IDN,2021,IDN,South-eastern Asia,Storm,Tropical cyclone,2021-04-02,2021-04-02,day,1,True,Tropical cyclone 'Seroja-21',East Nusa Tenggara and West Nusa Tenggar Provinces,2021,4,2,2021,4,6,85,Kph
2021-0173-TLS,2021,TLS,South-eastern Asia,Storm,Tropical cyclone,2021-04-05,2021-04-05,day,0,True,Tropical cyclone 'Seroja-21',"Dili, Aileu, Ainaro, Baucau, Bobonaro, Covalima, Liquica, Manatuto, Oecusse, Viqueque",2021,4,5,2021,4,6,102,Kph
2021-0236-PHL,2021,PHL,South-eastern Asia,Storm,Tropical cyclone,2021-04-22,2021-04-22,day,0,True,Tropical cyclone 'Surigae',"Cagayan Valley, Bicol, Eastern Visayas and Caraga Regions",2021,4,22,2021,4,22,,Kph
2021-0236-PLW,2021,PLW,Micronesia,Storm,Tropical cyclone,2021-04-13,2021-04-13,day,0,False,Tropical cyclone 'Surigae',"Anguar, Peleliu, Kayangel, Koror",2021,4,13,2021,4,16,136,Kph
2021-0252-IND,2021,IND,Southern Asia,Storm,Tropical cyclone,2021-05-14,2021-05-14,day,1,True,Tropical cyclone 'Tauktae',"Kerala, Karnataka, Goa, Maharashtra, Gujarat, Rajasthan, Delhi, Haryana, Uttar Pradesh and Uttarakhand",2021,5,14,2021,5,19,222,Kph
2021-0252-LKA,2021,LKA,Southern Asia,Storm,Tropical cyclone,2021-05-16,2021-05-16,day,0,False,Tropical cyclone 'Tauktae',"Western, Central and Southern Provinces",2021,5,16,2021,5,17,,Kph
2021-0252-MDV,2021,MDV,Southern Asia,Storm,Tropical cyclone,2021-05-16,2021-05-16,day,0,False,Tropical cyclone 'Tauktae',,2021,5,16,2021,5,17,,Kph
2021-0295-BGD,2021,BGD,Southern Asia,Storm,Tropical cyclone,2021-05-25,2021-05-25,day,0,True,Cyclone 'Yaas',"Bhola, Patuakhali, Sathkira, Bagerhat, Barguna, Khulna, Jhalokathi, Barisal and Pirojpur",2021,5,25,2021,5,29,150,Kph
2021-0295-IND,2021,IND,Southern Asia,Storm,Tropical cyclone,2021-05-25,2021-05-25,day,0,True,Cyclone 'Yaas',"Bengale occidental, Odisha",2021,5,25,2021,5,29,155,Kph
2021-0325-MEX,2021,MEX,Latin America and the Caribbean,Storm,Tropical cyclone,2021-06-18,2021-06-18,day,0,True,Tropical storm 'Dolores',"Yage municipality (Central Valley Region, Oaxaca State); Guerrero, Michoacán, Colima, and Jalisco states",2021,6,18,2021,6,20,,Kph
2021-0327-LAO,2021,LAO,South-eastern Asia,Storm,Tropical cyclone,2021-06-13,2021-06-13,day,0,False,Tropical storm 'Koguma',Xayaboury Province,2021,6,13,2021,6,13,,Kph
2021-0327-VNM,2021,VNM,South-eastern Asia,Storm,Tropical cyclone,2021-06-12,2021-06-12,day,0,True,Tropical storm 'Koguma',"Thai Binh, Ha Nam, Nam Dinh provinces",2021,6,12,2021,6,13,90,Kph
2021-0339-PHL,2021,PHL,South-eastern Asia,Storm,Tropical cyclone,2021-06-01,2021-06-01,day,0,True,Tropical storm 'Choi-Wan',,2021,6,1,2021,6,3,,Kph
2021-0339-TWN,2021,TWN,Eastern Asia,Storm,Tropical cyclone,2021-06-04,2021-06-04,day,0,False,Tropical storm 'Choi-Wan',,2021,6,4,2021,6,4,,Kph
2021-0359-MEX,2021,MEX,Latin America and the Caribbean,Storm,Tropical cyclone,2021-06-25,2021-06-25,day,0,True,Tropical storm 'Enrique',"Guerrero, Michoacán, Colima, Jalisco, and Nayarit states",2021,6,25,2021,6,30,93,Kph
2021-0373-BRB,2021,BRB,Latin America and the Caribbean,Storm,Tropical cyclone,2021-07-03,2021-07-03,day,0,False,Hurricane 'Elsa',Southern portions of Barbados,2021,7,3,2021,7,3,,Kph
2021-0373-CUB,2021,CUB,Latin America and the Caribbean,Storm,Tropical cyclone,2021-07-02,2021-07-02,day,0,False,Hurricane 'Elsa',"Matanzas, Granma Provinces",2021,7,2,2021,7,3,100,Kph
2021-0373-DOM,2021,DOM,Latin America and the Caribbean,Storm,Tropical cyclone,2021-07-03,2021-07-03,day,0,True,Hurricane 'Elsa',Bahoruco region,2021,7,3,2021,7,3,,Kph
2021-0373-HTI,2021,HTI,Latin America and the Caribbean,Storm,Tropical cyclone,2021-07-03,2021-07-03,day,0,False,Hurricane 'Elsa',"Sud-Est, Sud, Ouest, Nippes, Grande-Anse departments",2021,7,3,2021,7,3,,Kph
2021-0373-LCA,2021,LCA,Latin America and the Caribbean,Storm,Tropical cyclone,2021-07-03,2021-07-03,day,0,True,Hurricane 'Elsa',Soufrière,2021,7,3,2021,7,3,,Kph
2021-0373-USA,2021,USA,Northern America,Storm,Tropical cyclone,2021-07-02,2021-07-02,day,0,True,Hurricane 'Elsa',"California, Georgia, Florida, North Carolina, South Carolina",2021,7,2,2021,7,9,100,Kph
2021-0373-VCT,2021,VCT,Latin America and the Caribbean,Storm,Tropical cyclone,2021-07-02,2021-07-02,day,0,False,Hurricane 'Elsa',Northern half of St. Vincent,2021,7,2,2021,7,3,,Kph
2021-0498-CHN,2021,CHN,Eastern Asia,Storm,Tropical cyclone,2021-07-21,2021-07-21,day,0,True,Typoon 'In-Fa',Zhejiang Province,2021,7,21,2021,7,28,176,Kph
2021-0510-DOM,2021,DOM,Latin America and the Caribbean,Storm,Tropical cyclone,2021-08-12,2021-08-12,day,0,False,Tropical cyclone 'Fred',,2021,8,12,2021,8,13,,Kph
2021-0510-HTI,2021,HTI,Latin America and the Caribbean,Storm,Tropical cyclone,2021-08-12,2021-08-12,day,0,False,Tropical cyclone 'Fred',,2021,8,12,2021,8,13,,Kph
2021-0528-MEX,2021,MEX,Latin America and the Caribbean,Storm,Tropical cyclone,2021-08-21,2021-08-21,day,0,True,Tropical cyclone 'Grace',"Xalapa City (Veracruz State); Tamaulipas state; Huauchinango, Tlaola (Puebla state)",2021,8,21,2021,8,23,205,Kph
2021-0531-USA,2021,USA,Northern America,Storm,Tropical cyclone,2021-08-20,2021-08-20,day,0,False,Tropical depression 'Henri',"Rhode Isl., Connecticut, Vermont, New York, New Jersey states",2021,8,20,2021,8,25,120,Kph
2021-0532-USA,2021,USA,Northern America,Storm,Tropical cyclone,2021-08-17,2021-08-17,day,0,True,Tropical storm 'Fred',"Transylvania, Haywood, Swain counties (North Carolina); Florida",2021,8,17,2021,8,22,,Kph
2021-0551-CUB,2021,CUB,Latin America and the Caribbean,Storm,Tropical cyclone,2021-08-28,2021-08-28,day,0,False,Tropical storm 'Ida',Isle of Youth (Isla de la Juventud) and the Pinar del Rio Province,2021,8,28,2021,9,2,,Kph
2021-0551-USA,2021,USA,Northern America,Storm,Tropical cyclone,2021-08-28,2021-08-28,day,0,True,Tropical storm 'Ida',"Louisiana, New York, New Jersey, Maryland, Connecticut, Virginia, Pennsylvania, Delaware",2021,8,28,2021,9,2,240,Kph
2021-0552-MEX,2021,MEX,Latin America and the Caribbean,Storm,Tropical cyclone,2021-08-28,2021-08-28,day,0,True,Tropical cylone 'Nora',"Michoacan, Colima and Jalisco States",2021,8,28,2021,8,30,110,Kph
2021-0578-KOR,2021,KOR,Eastern Asia,Storm,Tropical cyclone,2021-08-23,2021-08-23,day,0,False,Tropical depression 'Omais' (Isang),"Jeju Island, South Jeolla, and South Gyeongsang Provinces",2021,8,23,2021,8,24,,Kph
2021-0583-USA,2021,USA,Northern America,Storm,Tropical cyclone,2021-09-12,2021-09-12,day,0,False,Tropical storm 'Nicholas',"Texas, Louisiana",2021,9,12,2021,9,17,,Kph
2021-0595-PHL,2021,PHL,South-eastern Asia,Storm,Tropical cyclone,2021-09-06,2021-09-06,day,0,True,Tropical cyclone 'Conson' (Jolina),"Mimaropa, Bicol, Western Visayas, Eastern Visayas, Central Luzon, Western Calabarzon, NCR",2021,9,6,2021,9,8,,Kph
2021-0595-VNM,2021,VNM,South-eastern Asia,Storm,Tropical cyclone,2021-09-12,2021-09-12,day,0,True,Tropical cyclone 'Conson' (Jolina),,2021,9,12,2021,9,12,,Kph
2021-0630-IND,2021,IND,Southern Asia,Storm,Tropical cyclone,2021-09-26,2021-09-26,day,0,True,Cyclone 'Gulab',"Srikakulam, Vizianagaram, Visakhapatnam, Kalingapatnam , Nizamabad, Hyderabad districts (Andhra Pradesh); Koraput, Malkangiri districts (Odisha); Aurangabad, Latur, Osmanabad, Parbhani, Nanded, Beed, Jalna, Hingoli districts (Maharashtra)",2021,9,26,2021,9,29,90,Kph
2021-0645-IND,2021,IND,Southern Asia,Storm,Tropical cyclone,2021-10-03,2021-10-03,day,0,True,Cyclone 'Shaheen',"Koraput and Malkangiri (Odisha); Srikakulam, Vizianagaram, Visakhapatnam districts (Andhra Pradesh); Telengana, Maharashtra, Gujarta",2021,10,3,2021,10,3,,Kph
2021-0645-IRN,2021,IRN,Southern Asia,Storm,Tropical cyclone,2021-10-01,2021-10-01,day,0,True,Cyclone 'Shaheen',Chabahar City (south Sistan-Baluchestan Province),2021,10,1,2021,10,3,,Kph
2021-0645-OMN,2021,OMN,Western Asia,Storm,Tropical cyclone,2021-10-03,2021-10-03,day,0,True,Cyclone 'Shaheen',"Al Suwayq Town (Al Batinah North Governorate); Muscat Province; Al- Dhahira, Muscat, and Al-Dakhilay Governorates",2021,10,3,2021,10,3,102,Kph
2021-0664-HKG,2021,HKG,Eastern Asia,Storm,Tropical cyclone,2021-10-08,2021-10-08,day,0,True,Tropical cyclone 'Lionrock' (Lannie),,2021,10,8,2021,10,10,,Kph
2021-0664-PHL,2021,PHL,South-eastern Asia,Storm,Tropical cyclone,2021-10-04,2021-10-04,day,0,True,Tropical cyclone 'Lionrock' (Lannie),"MIMAROPA and Western Visayas Regions, Capiz, Guimaras, Iloilo (Region VI)",2021,10,4,2021,10,6,,Kph
2021-0670-HKG,2021,HKG,Eastern Asia,Storm,Tropical cyclone,2021-10-13,2021-10-13,day,0,True,Tropical cyclone 'Kompasu' (Maring),,2021,10,13,2021,10,14,,Kph
2021-0670-PHL,2021,PHL,South-eastern Asia,Storm,Tropical cyclone,2021-10-11,2021-10-11,day,0,True,Tropical cyclone 'Kompasu' (Maring),"Sur Province (north-western Luzon), Palawan Province (central-western Philippines) Pangasinan Province (central-western Luzon); Regions I, II, III, MIMAROPA, CALABARZON, VI, VIII, CARAGA, Cordillera Administrative Region (CAR) and National Capital Region (NCR)",2021,10,11,2021,10,12,102,Kph
2021-0698-VNM,2021,VNM,South-eastern Asia,Storm,Tropical cyclone,2021-10-22,2021-10-22,day,0,True,Tropical depression 'Twe',"Binh Son district (Quang Ngai); Nui Thanh, Thang Binh and Phu Ninh districts (Quang Nam)",2021,10,22,2021,10,27,,Kph
2021-0702-MEX,2021,MEX,Latin America and the Caribbean,Storm,Tropical cyclone,2021-10-25,2021-10-25,day,0,False,Tropical cyclone 'Rick',"Guerrero, Michoacán States; Jalisco, Colima, Guanajuato, and Nayarit",2021,10,25,2021,10,26,165,Kph
2021-0777-IND,2021,IND,Southern Asia,Storm,Tropical cyclone,2021-12-04,2021-12-04,day,0,True,Tropical storm 'Jawad',"Andhra Pradesh, Odisha, south-western West Bengal, Tripura",2021,12,4,2021,12,6,100,Kph
2021-0813-PHL,2021,PHL,South-eastern Asia,Storm,Tropical cyclone,2021-12-16,2021-12-16,day,1,True,Typhoon 'Rai' (Odette),"Eastern Visayas, Northern Mindanao, Davao, Caraga, Surigao del Norte, Dinagat Islands, Southern Leyte, Bohol, Cebu, Negros Oriental, Palawan, Iliolo",2021,12,16,2021,12,17,240,Kph
2021-0813-VNM,2021,VNM,South-eastern Asia,Storm,Tropical cyclone,2021-12-19,2021-12-19,day,0,True,Typhoon 'Rai' (Odette),Quang Ngai city; Binh Duong province; Nghe An province,2021,12,19,2021,12,19,,Kph
