country_code,country_name,year,hdi,source
AFG,Afghanistan,1990,0.285,HDRO_API
AFG,Afghanistan,1991,0.291,HDRO_API
AFG,Afghanistan,1992,0.301,HDRO_API
AFG,Afghanistan,1993,0.311,HDRO_API
AFG,Afghanistan,1994,0.305,HDRO_API
AFG,Afghanistan,1995,0.329,HDRO_API
AFG,Afghanistan,1996,0.334,HDRO_API
AFG,Afghanistan,1997,0.338,HDRO_API
AFG,Afghanistan,1998,0.338,HDRO_API
AFG,Afghanistan,1999,0.347,HDRO_API
AFG,Afghanistan,2000,0.351,HDRO_API
AFG,Afghanistan,2001,0.355,HDRO_API
AFG,Afghanistan,2002,0.383,HDRO_API
AFG,Afghanistan,2003,0.392,HDRO_API
AFG,Afghanistan,2004,0.408,HDRO_API
AFG,Afghanistan,2005,0.417,HDRO_API
AFG,Afghanistan,2006,0.426,HDRO_API
AFG,Afghanistan,2007,0.442,HDRO_API
AFG,Afghanistan,2008,0.446,HDRO_API
AFG,Afghanistan,2009,0.458,HDRO_API
AFG,Afghanistan,2010,0.465,HDRO_API
AFG,Afghanistan,2011,0.474,HDRO_API
AFG,Afghanistan,2012,0.484,HDRO_API
AFG,Afghanistan,2013,0.492,HDRO_API
AFG,Afghanistan,2014,0.497,HDRO_API
AFG,Afghanistan,2015,0.496,HDRO_API
AFG,Afghanistan,2016,0.495,HDRO_API
AFG,Afghanistan,2017,0.496,HDRO_API
AFG,Afghanistan,2018,0.498,HDRO_API
AFG,Afghanistan,2019,0.507,HDRO_API
AFG,Afghanistan,2020,0.501,HDRO_API
AFG,Afghanistan,2021,0.486,HDRO_API
AFG,Afghanistan,2022,0.495,HDRO_API
AFG,Afghanistan,2023,0.496,HDRO_API
AGO,Angola,1999,0.379,HDRO_API
AGO,Angola,2000,0.391,HDRO_API
AGO,Angola,2001,0.401,HDRO_API
AGO,Angola,2002,0.417,HDRO_API
AGO,Angola,2003,0.435,HDRO_API
AGO,Angola,2004,0.448,HDRO_API
AGO,Angola,2005,0.463,HDRO_API
AGO,Angola,2006,0.475,HDRO_API
AGO,Angola,2007,0.492,HDRO_API
AGO,Angola,2008,0.504,HDRO_API
AGO,Angola,2009,0.517,HDRO_API
AGO,Angola,2010,0.528,HDRO_API
AGO,Angola,2011,0.545,HDRO_API
AGO,Angola,2012,0.557,HDRO_API
AGO,Angola,2013,0.567,HDRO_API
AGO,Angola,2014,0.577,HDRO_API
AGO,Angola,2015,0.603,HDRO_API
AGO,Angola,2016,0.609,HDRO_API
AGO,Angola,2017,0.61,HDRO_API
AGO,Angola,2018,0.611,HDRO_API
AGO,Angola,2019,0.611,HDRO_API
AGO,Angola,2020,0.61,HDRO_API
AGO,Angola,2021,0.609,HDRO_API
AGO,Angola,2022,0.615,HDRO_API
AGO,Angola,2023,0.616,HDRO_API
ALB,Albania,1990,0.654,HDRO_API
ALB,Albania,1991,0.638,HDRO_API
ALB,Albania,1992,0.622,HDRO_API
ALB,Albania,1993,0.624,HDRO_API
ALB,Albania,1994,0.629,HDRO_API
ALB,Albania,1995,0.638,HDRO_API
ALB,Albania,1996,0.647,HDRO_API
ALB,Albania,1997,0.645,HDRO_API
ALB,Albania,1998,0.659,HDRO_API
ALB,Albania,1999,0.671,HDRO_API
ALB,Albania,2000,0.682,HDRO_API
ALB,Albania,2001,0.691,HDRO_API
ALB,Albania,2002,0.697,HDRO_API
ALB,Albania,2003,0.705,HDRO_API
ALB,Albania,2004,0.71,HDRO_API
ALB,Albania,2005,0.723,HDRO_API
ALB,Albania,2006,0.732,HDRO_API
ALB,Albania,2007,0.742,HDRO_API
ALB,Albania,2008,0.749,HDRO_API
ALB,Albania,2009,0.756,HDRO_API
ALB,Albania,2010,0.769,HDRO_API
ALB,Albania,2011,0.781,HDRO_API
ALB,Albania,2012,0.79,HDRO_API
ALB,Albania,2013,0.793,HDRO_API
ALB,Albania,2014,0.797,HDRO_API
ALB,Albania,2015,0.797,HDRO_API
ALB,Albania,2016,0.797,HDRO_API
ALB,Albania,2017,0.798,HDRO_API
ALB,Albania,2018,0.801,HDRO_API
ALB,Albania,2019,0.805,HDRO_API
ALB,Albania,2020,0.794,HDRO_API
ALB,Albania,2021,0.794,HDRO_API
ALB,Albania,2022,0.806,HDRO_API
ALB,Albania,2023,0.81,HDRO_API
ARE,United Arab Emirates,1990,0.713,HDRO_API
ARE,United Arab Emirates,1991,0.724,HDRO_API
ARE,United Arab Emirates,1992,0.729,HDRO_API
ARE,United Arab Emirates,1993,0.736,HDRO_API
ARE,United Arab Emirates,1994,0.742,HDRO_API
ARE,United Arab Emirates,1995,0.747,HDRO_API
ARE,United Arab Emirates,1996,0.753,HDRO_API
ARE,United Arab Emirates,1997,0.761,HDRO_API
ARE,United Arab Emirates,1998,0.77,HDRO_API
ARE,United Arab Emirates,1999,0.78,HDRO_API
ARE,United Arab Emirates,2000,0.79,HDRO_API
ARE,United Arab Emirates,2001,0.798,HDRO_API
ARE,United Arab Emirates,2002,0.805,HDRO_API
ARE,United Arab Emirates,2003,0.81,HDRO_API
ARE,United Arab Emirates,2004,0.815,HDRO_API
ARE,United Arab Emirates,2005,0.819,HDRO_API
ARE,United Arab Emirates,2006,0.823,HDRO_API
ARE,United Arab Emirates,2007,0.827,HDRO_API
ARE,United Arab Emirates,2008,0.831,HDRO_API
ARE,United Arab Emirates,2009,0.832,HDRO_API
ARE,United Arab Emirates,2010,0.835,HDRO_API
ARE,United Arab Emirates,2011,0.839,HDRO_API
ARE,United Arab Emirates,2012,0.843,HDRO_API
ARE,United Arab Emirates,2013,0.846,HDRO_API
ARE,United Arab Emirates,2014,0.853,HDRO_API
ARE,United Arab Emirates,2015,0.857,HDRO_API
ARE,United Arab Emirates,2016,0.861,HDRO_API
ARE,United Arab Emirates,2017,0.884,HDRO_API
ARE,United Arab Emirates,2018,0.901,HDRO_API
ARE,United Arab Emirates,2019,0.915,HDRO_API
ARE,United Arab Emirates,2020,0.909,HDRO_API
ARE,United Arab Emirates,2021,0.903,HDRO_API
ARE,United Arab Emirates,2022,0.921,HDRO_API
ARE,United Arab Emirates,2023,0.94,HDRO_API
ARG,Argentina,1990,0.733,HDRO_API
ARG,Argentina,1991,0.739,HDRO_API
ARG,Argentina,1992,0.743,HDRO_API
ARG,Argentina,1993,0.748,HDRO_API
ARG,Argentina,1994,0.753,HDRO_API
ARG,Argentina,1995,0.754,HDRO_API
ARG,Argentina,1996,0.76,HDRO_API
ARG,Argentina,1997,0.768,HDRO_API
ARG,Argentina,1998,0.772,HDRO_API
ARG,Argentina,1999,0.783,HDRO_API
ARG,Argentina,2000,0.789,HDRO_API
ARG,Argentina,2001,0.795,HDRO_API
ARG,Argentina,2002,0.795,HDRO_API
ARG,Argentina,2003,0.804,HDRO_API
ARG,Argentina,2004,0.808,HDRO_API
ARG,Argentina,2005,0.812,HDRO_API
ARG,Argentina,2006,0.822,HDRO_API
ARG,Argentina,2007,0.825,HDRO_API
ARG,Argentina,2008,0.833,HDRO_API
ARG,Argentina,2009,0.835,HDRO_API
ARG,Argentina,2010,0.844,HDRO_API
ARG,Argentina,2011,0.852,HDRO_API
ARG,Argentina,2012,0.85,HDRO_API
ARG,Argentina,2013,0.852,HDRO_API
ARG,Argentina,2014,0.855,HDRO_API
ARG,Argentina,2015,0.859,HDRO_API
ARG,Argentina,2016,0.857,HDRO_API
ARG,Argentina,2017,0.861,HDRO_API
ARG,Argentina,2018,0.861,HDRO_API
ARG,Argentina,2019,0.861,HDRO_API
ARG,Argentina,2020,0.851,HDRO_API
ARG,Argentina,2021,0.847,HDRO_API
ARG,Argentina,2022,0.858,HDRO_API
ARG,Argentina,2023,0.865,HDRO_API
ARM,Armenia,1990,0.663,HDRO_API
ARM,Armenia,1991,0.652,HDRO_API
ARM,Armenia,1992,0.618,HDRO_API
ARM,Armenia,1993,0.621,HDRO_API
ARM,Armenia,1994,0.625,HDRO_API
ARM,Armenia,1995,0.631,HDRO_API
ARM,Armenia,1996,0.635,HDRO_API
ARM,Armenia,1997,0.644,HDRO_API
ARM,Armenia,1998,0.655,HDRO_API
ARM,Armenia,1999,0.661,HDRO_API
ARM,Armenia,2000,0.667,HDRO_API
ARM,Armenia,2001,0.672,HDRO_API
ARM,Armenia,2002,0.682,HDRO_API
ARM,Armenia,2003,0.692,HDRO_API
ARM,Armenia,2004,0.7,HDRO_API
ARM,Armenia,2005,0.711,HDRO_API
ARM,Armenia,2006,0.725,HDRO_API
ARM,Armenia,2007,0.739,HDRO_API
ARM,Armenia,2008,0.743,HDRO_API
ARM,Armenia,2009,0.741,HDRO_API
ARM,Armenia,2010,0.747,HDRO_API
ARM,Armenia,2011,0.752,HDRO_API
ARM,Armenia,2012,0.761,HDRO_API
ARM,Armenia,2013,0.766,HDRO_API
ARM,Armenia,2014,0.772,HDRO_API
ARM,Armenia,2015,0.777,HDRO_API
ARM,Armenia,2016,0.783,HDRO_API
ARM,Armenia,2017,0.785,HDRO_API
ARM,Armenia,2018,0.789,HDRO_API
ARM,Armenia,2019,0.796,HDRO_API
ARM,Armenia,2020,0.761,HDRO_API
ARM,Armenia,2021,0.786,HDRO_API
ARM,Armenia,2022,0.801,HDRO_API
ARM,Armenia,2023,0.811,HDRO_API
ATG,Antigua and Barbuda,2007,0.827,HDRO_API
ATG,Antigua and Barbuda,2008,0.83,HDRO_API
ATG,Antigua and Barbuda,2009,0.827,HDRO_API
ATG,Antigua and Barbuda,2010,0.828,HDRO_API
ATG,Antigua and Barbuda,2011,0.828,HDRO_API
ATG,Antigua and Barbuda,2012,0.833,HDRO_API
ATG,Antigua and Barbuda,2013,0.835,HDRO_API
ATG,Antigua and Barbuda,2014,0.837,HDRO_API
ATG,Antigua and Barbuda,2015,0.839,HDRO_API
ATG,Antigua and Barbuda,2016,0.842,HDRO_API
ATG,Antigua and Barbuda,2017,0.845,HDRO_API
ATG,Antigua and Barbuda,2018,0.85,HDRO_API
ATG,Antigua and Barbuda,2019,0.851,HDRO_API
ATG,Antigua and Barbuda,2020,0.84,HDRO_API
ATG,Antigua and Barbuda,2021,0.843,HDRO_API
ATG,Antigua and Barbuda,2022,0.848,HDRO_API
ATG,Antigua and Barbuda,2023,0.851,HDRO_API
AUS,Australia,1990,0.867,HDRO_API
AUS,Australia,1991,0.868,HDRO_API
AUS,Australia,1992,0.868,HDRO_API
AUS,Australia,1993,0.872,HDRO_API
AUS,Australia,1994,0.873,HDRO_API
AUS,Australia,1995,0.882,HDRO_API
AUS,Australia,1996,0.884,HDRO_API
AUS,Australia,1997,0.887,HDRO_API
AUS,Australia,1998,0.891,HDRO_API
AUS,Australia,1999,0.893,HDRO_API
AUS,Australia,2000,0.897,HDRO_API
AUS,Australia,2001,0.9,HDRO_API
AUS,Australia,2002,0.902,HDRO_API
AUS,Australia,2003,0.906,HDRO_API
AUS,Australia,2004,0.91,HDRO_API
AUS,Australia,2005,0.914,HDRO_API
AUS,Australia,2006,0.917,HDRO_API
AUS,Australia,2007,0.919,HDRO_API
AUS,Australia,2008,0.924,HDRO_API
AUS,Australia,2009,0.927,HDRO_API
AUS,Australia,2010,0.929,HDRO_API
AUS,Australia,2011,0.933,HDRO_API
AUS,Australia,2012,0.938,HDRO_API
AUS,Australia,2013,0.935,HDRO_API
AUS,Australia,2014,0.937,HDRO_API
AUS,Australia,2015,0.938,HDRO_API
AUS,Australia,2016,0.939,HDRO_API
AUS,Australia,2017,0.94,HDRO_API
AUS,Australia,2018,0.945,HDRO_API
AUS,Australia,2019,0.947,HDRO_API
AUS,Australia,2020,0.95,HDRO_API
AUS,Australia,2021,0.954,HDRO_API
AUS,Australia,2022,0.952,HDRO_API
AUS,Australia,2023,0.958,HDRO_API
AUT,Austria,1990,0.832,HDRO_API
AUT,Austria,1991,0.835,HDRO_API
AUT,Austria,1992,0.841,HDRO_API
AUT,Austria,1993,0.845,HDRO_API
AUT,Austria,1994,0.851,HDRO_API
AUT,Austria,1995,0.856,HDRO_API
AUT,Austria,1996,0.861,HDRO_API
AUT,Austria,1997,0.865,HDRO_API
AUT,Austria,1998,0.87,HDRO_API
AUT,Austria,1999,0.874,HDRO_API
AUT,Austria,2000,0.879,HDRO_API
AUT,Austria,2001,0.883,HDRO_API
AUT,Austria,2002,0.887,HDRO_API
AUT,Austria,2003,0.889,HDRO_API
AUT,Austria,2004,0.895,HDRO_API
AUT,Austria,2005,0.898,HDRO_API
AUT,Austria,2006,0.902,HDRO_API
AUT,Austria,2007,0.905,HDRO_API
AUT,Austria,2008,0.907,HDRO_API
AUT,Austria,2009,0.907,HDRO_API
AUT,Austria,2010,0.912,HDRO_API
AUT,Austria,2011,0.915,HDRO_API
AUT,Austria,2012,0.916,HDRO_API
AUT,Austria,2013,0.915,HDRO_API
AUT,Austria,2014,0.919,HDRO_API
AUT,Austria,2015,0.919,HDRO_API
AUT,Austria,2016,0.921,HDRO_API
AUT,Austria,2017,0.922,HDRO_API
AUT,Austria,2018,0.925,HDRO_API
AUT,Austria,2019,0.928,HDRO_API
AUT,Austria,2020,0.925,HDRO_API
AUT,Austria,2021,0.93,HDRO_API
AUT,Austria,2022,0.927,HDRO_API
AUT,Austria,2023,0.93,HDRO_API
AZE,Azerbaijan,1995,0.618,HDRO_API
AZE,Azerbaijan,1996,0.622,HDRO_API
AZE,Azerbaijan,1997,0.626,HDRO_API
AZE,Azerbaijan,1998,0.636,HDRO_API
AZE,Azerbaijan,1999,0.646,HDRO_API
AZE,Azerbaijan,2000,0.652,HDRO_API
AZE,Azerbaijan,2001,0.66,HDRO_API
AZE,Azerbaijan,2002,0.669,HDRO_API
AZE,Azerbaijan,2003,0.676,HDRO_API
AZE,Azerbaijan,2004,0.682,HDRO_API
AZE,Azerbaijan,2005,0.692,HDRO_API
AZE,Azerbaijan,2006,0.711,HDRO_API
AZE,Azerbaijan,2007,0.72,HDRO_API
AZE,Azerbaijan,2008,0.731,HDRO_API
AZE,Azerbaijan,2009,0.74,HDRO_API
AZE,Azerbaijan,2010,0.744,HDRO_API
AZE,Azerbaijan,2011,0.746,HDRO_API
AZE,Azerbaijan,2012,0.751,HDRO_API
AZE,Azerbaijan,2013,0.757,HDRO_API
AZE,Azerbaijan,2014,0.766,HDRO_API
AZE,Azerbaijan,2015,0.771,HDRO_API
AZE,Azerbaijan,2016,0.772,HDRO_API
AZE,Azerbaijan,2017,0.774,HDRO_API
AZE,Azerbaijan,2018,0.775,HDRO_API
AZE,Azerbaijan,2019,0.78,HDRO_API
AZE,Azerbaijan,2020,0.757,HDRO_API
AZE,Azerbaijan,2021,0.765,HDRO_API
AZE,Azerbaijan,2022,0.784,HDRO_API
AZE,Azerbaijan,2023,0.789,HDRO_API
BDI,Burundi,1990,0.294,HDRO_API
BDI,Burundi,1991,0.296,HDRO_API
BDI,Burundi,1992,0.294,HDRO_API
BDI,Burundi,1993,0.265,HDRO_API
BDI,Burundi,1994,0.298,HDRO_API
BDI,Burundi,1995,0.294,HDRO_API
BDI,Burundi,1996,0.292,HDRO_API
BDI,Burundi,1997,0.297,HDRO_API
BDI,Burundi,1998,0.303,HDRO_API
BDI,Burundi,1999,0.306,HDRO_API
BDI,Burundi,2000,0.308,HDRO_API
BDI,Burundi,2001,0.311,HDRO_API
BDI,Burundi,2002,0.324,HDRO_API
BDI,Burundi,2003,0.332,HDRO_API
BDI,Burundi,2004,0.344,HDRO_API
BDI,Burundi,2005,0.352,HDRO_API
BDI,Burundi,2006,0.376,HDRO_API
BDI,Burundi,2007,0.389,HDRO_API
BDI,Burundi,2008,0.401,HDRO_API
BDI,Burundi,2009,0.409,HDRO_API
BDI,Burundi,2010,0.416,HDRO_API
BDI,Burundi,2011,0.42,HDRO_API
BDI,Burundi,2012,0.425,HDRO_API
BDI,Burundi,2013,0.428,HDRO_API
BDI,Burundi,2014,0.431,HDRO_API
BDI,Burundi,2015,0.432,HDRO_API
BDI,Burundi,2016,0.436,HDRO_API
BDI,Burundi,2017,0.434,HDRO_API
BDI,Burundi,2018,0.434,HDRO_API
BDI,Burundi,2019,0.435,HDRO_API
BDI,Burundi,2020,0.435,HDRO_API
BDI,Burundi,2021,0.435,HDRO_API
BDI,Burundi,2022,0.437,HDRO_API
BDI,Burundi,2023,0.439,HDRO_API
BEL,Belgium,1990,0.824,HDRO_API
BEL,Belgium,1991,0.829,HDRO_API
BEL,Belgium,1992,0.845,HDRO_API
BEL,Belgium,1993,0.86,HDRO_API
BEL,Belgium,1994,0.868,HDRO_API
BEL,Belgium,1995,0.875,HDRO_API
BEL,Belgium,1996,0.881,HDRO_API
BEL,Belgium,1997,0.884,HDRO_API
BEL,Belgium,1998,0.886,HDRO_API
BEL,Belgium,1999,0.889,HDRO_API
BEL,Belgium,2000,0.894,HDRO_API
BEL,Belgium,2001,0.899,HDRO_API
BEL,Belgium,2002,0.901,HDRO_API
BEL,Belgium,2003,0.903,HDRO_API
BEL,Belgium,2004,0.909,HDRO_API
BEL,Belgium,2005,0.911,HDRO_API
BEL,Belgium,2006,0.913,HDRO_API
BEL,Belgium,2007,0.916,HDRO_API
BEL,Belgium,2008,0.917,HDRO_API
BEL,Belgium,2009,0.919,HDRO_API
BEL,Belgium,2010,0.921,HDRO_API
BEL,Belgium,2011,0.923,HDRO_API
BEL,Belgium,2012,0.923,HDRO_API
BEL,Belgium,2013,0.925,HDRO_API
BEL,Belgium,2014,0.93,HDRO_API
BEL,Belgium,2015,0.933,HDRO_API
BEL,Belgium,2016,0.936,HDRO_API
BEL,Belgium,2017,0.94,HDRO_API
BEL,Belgium,2018,0.942,HDRO_API
BEL,Belgium,2019,0.945,HDRO_API
BEL,Belgium,2020,0.939,HDRO_API
BEL,Belgium,2021,0.948,HDRO_API
BEL,Belgium,2022,0.945,HDRO_API
BEL,Belgium,2023,0.951,HDRO_API
BEN,Benin,1990,0.351,HDRO_API
BEN,Benin,1991,0.358,HDRO_API
BEN,Benin,1992,0.363,HDRO_API
BEN,Benin,1993,0.371,HDRO_API
BEN,Benin,1994,0.375,HDRO_API
BEN,Benin,1995,0.383,HDRO_API
BEN,Benin,1996,0.389,HDRO_API
BEN,Benin,1997,0.396,HDRO_API
BEN,Benin,1998,0.401,HDRO_API
BEN,Benin,1999,0.407,HDRO_API
BEN,Benin,2000,0.415,HDRO_API
BEN,Benin,2001,0.426,HDRO_API
BEN,Benin,2002,0.435,HDRO_API
BEN,Benin,2003,0.442,HDRO_API
BEN,Benin,2004,0.449,HDRO_API
BEN,Benin,2005,0.456,HDRO_API
BEN,Benin,2006,0.462,HDRO_API
BEN,Benin,2007,0.469,HDRO_API
BEN,Benin,2008,0.475,HDRO_API
BEN,Benin,2009,0.48,HDRO_API
BEN,Benin,2010,0.485,HDRO_API
BEN,Benin,2011,0.49,HDRO_API
BEN,Benin,2012,0.497,HDRO_API
BEN,Benin,2013,0.506,HDRO_API
BEN,Benin,2014,0.509,HDRO_API
BEN,Benin,2015,0.511,HDRO_API
BEN,Benin,2016,0.51,HDRO_API
BEN,Benin,2017,0.507,HDRO_API
BEN,Benin,2018,0.507,HDRO_API
BEN,Benin,2019,0.507,HDRO_API
BEN,Benin,2020,0.504,HDRO_API
BEN,Benin,2021,0.506,HDRO_API
BEN,Benin,2022,0.512,HDRO_API
BEN,Benin,2023,0.515,HDRO_API
BFA,Burkina Faso,2005,0.333,HDRO_API
BFA,Burkina Faso,2006,0.34,HDRO_API
BFA,Burkina Faso,2007,0.344,HDRO_API
BFA,Burkina Faso,2008,0.357,HDRO_API
BFA,Burkina Faso,2009,0.366,HDRO_API
BFA,Burkina Faso,2010,0.377,HDRO_API
BFA,Burkina Faso,2011,0.389,HDRO_API
BFA,Burkina Faso,2012,0.398,HDRO_API
BFA,Burkina Faso,2013,0.405,HDRO_API
BFA,Burkina Faso,2014,0.409,HDRO_API
BFA,Burkina Faso,2015,0.419,HDRO_API
BFA,Burkina Faso,2016,0.427,HDRO_API
BFA,Burkina Faso,2017,0.438,HDRO_API
BFA,Burkina Faso,2018,0.449,HDRO_API
BFA,Burkina Faso,2019,0.453,HDRO_API
BFA,Burkina Faso,2020,0.453,HDRO_API
BFA,Burkina Faso,2021,0.454,HDRO_API
BFA,Burkina Faso,2022,0.457,HDRO_API
BFA,Burkina Faso,2023,0.459,HDRO_API
BGD,Bangladesh,1990,0.397,HDRO_API
BGD,Bangladesh,1991,0.395,HDRO_API
BGD,Bangladesh,1992,0.411,HDRO_API
BGD,Bangladesh,1993,0.419,HDRO_API
BGD,Bangladesh,1994,0.426,HDRO_API
BGD,Bangladesh,1995,0.434,HDRO_API
BGD,Bangladesh,1996,0.442,HDRO_API
BGD,Bangladesh,1997,0.451,HDRO_API
BGD,Bangladesh,1998,0.459,HDRO_API
BGD,Bangladesh,1999,0.468,HDRO_API
BGD,Bangladesh,2000,0.477,HDRO_API
BGD,Bangladesh,2001,0.486,HDRO_API
BGD,Bangladesh,2002,0.494,HDRO_API
BGD,Bangladesh,2003,0.503,HDRO_API
BGD,Bangladesh,2004,0.511,HDRO_API
BGD,Bangladesh,2005,0.52,HDRO_API
BGD,Bangladesh,2006,0.527,HDRO_API
BGD,Bangladesh,2007,0.534,HDRO_API
BGD,Bangladesh,2008,0.538,HDRO_API
BGD,Bangladesh,2009,0.551,HDRO_API
BGD,Bangladesh,2010,0.561,HDRO_API
BGD,Bangladesh,2011,0.572,HDRO_API
BGD,Bangladesh,2012,0.583,HDRO_API
BGD,Bangladesh,2013,0.589,HDRO_API
BGD,Bangladesh,2014,0.6,HDRO_API
BGD,Bangladesh,2015,0.621,HDRO_API
BGD,Bangladesh,2016,0.632,HDRO_API
BGD,Bangladesh,2017,0.633,HDRO_API
BGD,Bangladesh,2018,0.646,HDRO_API
BGD,Bangladesh,2019,0.656,HDRO_API
BGD,Bangladesh,2020,0.663,HDRO_API
BGD,Bangladesh,2021,0.663,HDRO_API
BGD,Bangladesh,2022,0.68,HDRO_API
BGD,Bangladesh,2023,0.685,HDRO_API
BGR,Bulgaria,1990,0.706,HDRO_API
BGR,Bulgaria,1991,0.706,HDRO_API
BGR,Bulgaria,1992,0.709,HDRO_API
BGR,Bulgaria,1993,0.711,HDRO_API
BGR,Bulgaria,1994,0.713,HDRO_API
BGR,Bulgaria,1995,0.709,HDRO_API
BGR,Bulgaria,1996,0.718,HDRO_API
BGR,Bulgaria,1997,0.713,HDRO_API
BGR,Bulgaria,1998,0.723,HDRO_API
BGR,Bulgaria,1999,0.728,HDRO_API
BGR,Bulgaria,2000,0.733,HDRO_API
BGR,Bulgaria,2001,0.742,HDRO_API
BGR,Bulgaria,2002,0.753,HDRO_API
BGR,Bulgaria,2003,0.762,HDRO_API
BGR,Bulgaria,2004,0.769,HDRO_API
BGR,Bulgaria,2005,0.775,HDRO_API
BGR,Bulgaria,2006,0.779,HDRO_API
BGR,Bulgaria,2007,0.785,HDRO_API
BGR,Bulgaria,2008,0.791,HDRO_API
BGR,Bulgaria,2009,0.793,HDRO_API
BGR,Bulgaria,2010,0.799,HDRO_API
BGR,Bulgaria,2011,0.803,HDRO_API
BGR,Bulgaria,2012,0.807,HDRO_API
BGR,Bulgaria,2013,0.815,HDRO_API
BGR,Bulgaria,2014,0.819,HDRO_API
BGR,Bulgaria,2015,0.824,HDRO_API
BGR,Bulgaria,2016,0.827,HDRO_API
BGR,Bulgaria,2017,0.829,HDRO_API
BGR,Bulgaria,2018,0.832,HDRO_API
BGR,Bulgaria,2019,0.835,HDRO_API
BGR,Bulgaria,2020,0.826,HDRO_API
BGR,Bulgaria,2021,0.817,HDRO_API
BGR,Bulgaria,2022,0.835,HDRO_API
BGR,Bulgaria,2023,0.845,HDRO_API
BHR,Bahrain,1990,0.734,HDRO_API
BHR,Bahrain,1991,0.728,HDRO_API
BHR,Bahrain,1992,0.728,HDRO_API
BHR,Bahrain,1993,0.732,HDRO_API
BHR,Bahrain,1994,0.732,HDRO_API
BHR,Bahrain,1995,0.737,HDRO_API
BHR,Bahrain,1996,0.741,HDRO_API
BHR,Bahrain,1997,0.746,HDRO_API
BHR,Bahrain,1998,0.754,HDRO_API
BHR,Bahrain,1999,0.761,HDRO_API
BHR,Bahrain,2000,0.775,HDRO_API
BHR,Bahrain,2001,0.785,HDRO_API
BHR,Bahrain,2002,0.791,HDRO_API
BHR,Bahrain,2003,0.799,HDRO_API
BHR,Bahrain,2004,0.795,HDRO_API
BHR,Bahrain,2005,0.791,HDRO_API
BHR,Bahrain,2006,0.795,HDRO_API
BHR,Bahrain,2007,0.8,HDRO_API
BHR,Bahrain,2008,0.804,HDRO_API
BHR,Bahrain,2009,0.804,HDRO_API
BHR,Bahrain,2010,0.81,HDRO_API
BHR,Bahrain,2011,0.817,HDRO_API
BHR,Bahrain,2012,0.833,HDRO_API
BHR,Bahrain,2013,0.846,HDRO_API
BHR,Bahrain,2014,0.847,HDRO_API
BHR,Bahrain,2015,0.868,HDRO_API
BHR,Bahrain,2016,0.871,HDRO_API
BHR,Bahrain,2017,0.874,HDRO_API
BHR,Bahrain,2018,0.886,HDRO_API
BHR,Bahrain,2019,0.894,HDRO_API
BHR,Bahrain,2020,0.885,HDRO_API
BHR,Bahrain,2021,0.885,HDRO_API
BHR,Bahrain,2022,0.902,HDRO_API
BHR,Bahrain,2023,0.899,HDRO_API
BHS,Bahamas,1990,0.762,HDRO_API
BHS,Bahamas,1991,0.762,HDRO_API
BHS,Bahamas,1992,0.762,HDRO_API
BHS,Bahamas,1993,0.763,HDRO_API
BHS,Bahamas,1994,0.765,HDRO_API
BHS,Bahamas,1995,0.774,HDRO_API
BHS,Bahamas,1996,0.779,HDRO_API
BHS,Bahamas,1997,0.773,HDRO_API
BHS,Bahamas,1998,0.777,HDRO_API
BHS,Bahamas,1999,0.783,HDRO_API
BHS,Bahamas,2000,0.787,HDRO_API
BHS,Bahamas,2001,0.79,HDRO_API
BHS,Bahamas,2002,0.793,HDRO_API
BHS,Bahamas,2003,0.794,HDRO_API
BHS,Bahamas,2004,0.795,HDRO_API
BHS,Bahamas,2005,0.798,HDRO_API
BHS,Bahamas,2006,0.8,HDRO_API
BHS,Bahamas,2007,0.801,HDRO_API
BHS,Bahamas,2008,0.801,HDRO_API
BHS,Bahamas,2009,0.8,HDRO_API
BHS,Bahamas,2010,0.801,HDRO_API
BHS,Bahamas,2011,0.802,HDRO_API
BHS,Bahamas,2012,0.805,HDRO_API
BHS,Bahamas,2013,0.805,HDRO_API
BHS,Bahamas,2014,0.807,HDRO_API
BHS,Bahamas,2015,0.807,HDRO_API
BHS,Bahamas,2016,0.808,HDRO_API
BHS,Bahamas,2017,0.81,HDRO_API
BHS,Bahamas,2018,0.812,HDRO_API
BHS,Bahamas,2019,0.8,HDRO_API
BHS,Bahamas,2020,0.797,HDRO_API
BHS,Bahamas,2021,0.794,HDRO_API
BHS,Bahamas,2022,0.818,HDRO_API
BHS,Bahamas,2023,0.82,HDRO_API
BIH,Bosnia and Herzegovina,2000,0.674,HDRO_API
BIH,Bosnia and Herzegovina,2001,0.677,HDRO_API
BIH,Bosnia and Herzegovina,2002,0.683,HDRO_API
BIH,Bosnia and Herzegovina,2003,0.689,HDRO_API
BIH,Bosnia and Herzegovina,2004,0.694,HDRO_API
BIH,Bosnia and Herzegovina,2005,0.698,HDRO_API
BIH,Bosnia and Herzegovina,2006,0.701,HDRO_API
BIH,Bosnia and Herzegovina,2007,0.709,HDRO_API
BIH,Bosnia and Herzegovina,2008,0.719,HDRO_API
BIH,Bosnia and Herzegovina,2009,0.722,HDRO_API
BIH,Bosnia and Herzegovina,2010,0.725,HDRO_API
BIH,Bosnia and Herzegovina,2011,0.731,HDRO_API
BIH,Bosnia and Herzegovina,2012,0.742,HDRO_API
BIH,Bosnia and Herzegovina,2013,0.756,HDRO_API
BIH,Bosnia and Herzegovina,2014,0.765,HDRO_API
BIH,Bosnia and Herzegovina,2015,0.769,HDRO_API
BIH,Bosnia and Herzegovina,2016,0.776,HDRO_API
BIH,Bosnia and Herzegovina,2017,0.78,HDRO_API
BIH,Bosnia and Herzegovina,2018,0.785,HDRO_API
BIH,Bosnia and Herzegovina,2019,0.788,HDRO_API
BIH,Bosnia and Herzegovina,2020,0.783,HDRO_API
BIH,Bosnia and Herzegovina,2021,0.783,HDRO_API
BIH,Bosnia and Herzegovina,2022,0.799,HDRO_API
BIH,Bosnia and Herzegovina,2023,0.804,HDRO_API
BLR,Belarus,1995,0.692,HDRO_API
BLR,Belarus,1996,0.697,HDRO_API
BLR,Belarus,1997,0.704,HDRO_API
BLR,Belarus,1998,0.709,HDRO_API
BLR,Belarus,1999,0.716,HDRO_API
BLR,Belarus,2000,0.724,HDRO_API
BLR,Belarus,2001,0.731,HDRO_API
BLR,Belarus,2002,0.738,HDRO_API
BLR,Belarus,2003,0.747,HDRO_API
BLR,Belarus,2004,0.758,HDRO_API
BLR,Belarus,2005,0.767,HDRO_API
BLR,Belarus,2006,0.777,HDRO_API
BLR,Belarus,2007,0.786,HDRO_API
BLR,Belarus,2008,0.796,HDRO_API
BLR,Belarus,2009,0.798,HDRO_API
BLR,Belarus,2010,0.803,HDRO_API
BLR,Belarus,2011,0.812,HDRO_API
BLR,Belarus,2012,0.818,HDRO_API
BLR,Belarus,2013,0.821,HDRO_API
BLR,Belarus,2014,0.825,HDRO_API
BLR,Belarus,2015,0.825,HDRO_API
BLR,Belarus,2016,0.825,HDRO_API
BLR,Belarus,2017,0.828,HDRO_API
BLR,Belarus,2018,0.827,HDRO_API
BLR,Belarus,2019,0.826,HDRO_API
BLR,Belarus,2020,0.815,HDRO_API
BLR,Belarus,2021,0.817,HDRO_API
BLR,Belarus,2022,0.824,HDRO_API
BLR,Belarus,2023,0.824,HDRO_API
BLZ,Belize,1990,0.617,HDRO_API
BLZ,Belize,1991,0.626,HDRO_API
BLZ,Belize,1992,0.634,HDRO_API
BLZ,Belize,1993,0.64,HDRO_API
BLZ,Belize,1994,0.643,HDRO_API
BLZ,Belize,1995,0.647,HDRO_API
BLZ,Belize,1996,0.65,HDRO_API
BLZ,Belize,1997,0.654,HDRO_API
BLZ,Belize,1998,0.657,HDRO_API
BLZ,Belize,1999,0.664,HDRO_API
BLZ,Belize,2000,0.671,HDRO_API
BLZ,Belize,2001,0.676,HDRO_API
BLZ,Belize,2002,0.686,HDRO_API
BLZ,Belize,2003,0.696,HDRO_API
BLZ,Belize,2004,0.703,HDRO_API
BLZ,Belize,2005,0.7,HDRO_API
BLZ,Belize,2006,0.713,HDRO_API
BLZ,Belize,2007,0.718,HDRO_API
BLZ,Belize,2008,0.72,HDRO_API
BLZ,Belize,2009,0.724,HDRO_API
BLZ,Belize,2010,0.727,HDRO_API
BLZ,Belize,2011,0.725,HDRO_API
BLZ,Belize,2012,0.727,HDRO_API
BLZ,Belize,2013,0.724,HDRO_API
BLZ,Belize,2014,0.721,HDRO_API
BLZ,Belize,2015,0.721,HDRO_API
BLZ,Belize,2016,0.727,HDRO_API
BLZ,Belize,2017,0.722,HDRO_API
BLZ,Belize,2018,0.723,HDRO_API
BLZ,Belize,2019,0.725,HDRO_API
BLZ,Belize,2020,0.713,HDRO_API
BLZ,Belize,2021,0.713,HDRO_API
BLZ,Belize,2022,0.717,HDRO_API
BLZ,Belize,2023,0.721,HDRO_API
BOL,Bolivia (Plurinational State of),1990,0.552,HDRO_API
BOL,Bolivia (Plurinational State of),1991,0.561,HDRO_API
BOL,Bolivia (Plurinational State of),1992,0.568,HDRO_API
BOL,Bolivia (Plurinational State of),1993,0.577,HDRO_API
BOL,Bolivia (Plurinational State of),1994,0.586,HDRO_API
BOL,Bolivia (Plurinational State of),1995,0.594,HDRO_API
BOL,Bolivia (Plurinational State of),1996,0.602,HDRO_API
BOL,Bolivia (Plurinational State of),1997,0.61,HDRO_API
BOL,Bolivia (Plurinational State of),1998,0.618,HDRO_API
BOL,Bolivia (Plurinational State of),1999,0.624,HDRO_API
BOL,Bolivia (Plurinational State of),2000,0.63,HDRO_API
BOL,Bolivia (Plurinational State of),2001,0.639,HDRO_API
BOL,Bolivia (Plurinational State of),2002,0.642,HDRO_API
BOL,Bolivia (Plurinational State of),2003,0.645,HDRO_API
BOL,Bolivia (Plurinational State of),2004,0.648,HDRO_API
BOL,Bolivia (Plurinational State of),2005,0.658,HDRO_API
BOL,Bolivia (Plurinational State of),2006,0.656,HDRO_API
BOL,Bolivia (Plurinational State of),2007,0.664,HDRO_API
BOL,Bolivia (Plurinational State of),2008,0.668,HDRO_API
BOL,Bolivia (Plurinational State of),2009,0.671,HDRO_API
BOL,Bolivia (Plurinational State of),2010,0.677,HDRO_API
BOL,Bolivia (Plurinational State of),2011,0.683,HDRO_API
BOL,Bolivia (Plurinational State of),2012,0.685,HDRO_API
BOL,Bolivia (Plurinational State of),2013,0.699,HDRO_API
BOL,Bolivia (Plurinational State of),2014,0.701,HDRO_API
BOL,Bolivia (Plurinational State of),2015,0.704,HDRO_API
BOL,Bolivia (Plurinational State of),2016,0.714,HDRO_API
BOL,Bolivia (Plurinational State of),2017,0.715,HDRO_API
BOL,Bolivia (Plurinational State of),2018,0.722,HDRO_API
BOL,Bolivia (Plurinational State of),2019,0.728,HDRO_API
BOL,Bolivia (Plurinational State of),2020,0.697,HDRO_API
BOL,Bolivia (Plurinational State of),2021,0.693,HDRO_API
BOL,Bolivia (Plurinational State of),2022,0.727,HDRO_API
BOL,Bolivia (Plurinational State of),2023,0.733,HDRO_API
BRA,Brazil,1990,0.641,HDRO_API
BRA,Brazil,1991,0.645,HDRO_API
BRA,Brazil,1992,0.648,HDRO_API
BRA,Brazil,1993,0.654,HDRO_API
BRA,Brazil,1994,0.659,HDRO_API
BRA,Brazil,1995,0.666,HDRO_API
BRA,Brazil,1996,0.671,HDRO_API
BRA,Brazil,1997,0.676,HDRO_API
BRA,Brazil,1998,0.68,HDRO_API
BRA,Brazil,1999,0.684,HDRO_API
BRA,Brazil,2000,0.69,HDRO_API
BRA,Brazil,2001,0.694,HDRO_API
BRA,Brazil,2002,0.7,HDRO_API
BRA,Brazil,2003,0.705,HDRO_API
BRA,Brazil,2004,0.712,HDRO_API
BRA,Brazil,2005,0.718,HDRO_API
BRA,Brazil,2006,0.725,HDRO_API
BRA,Brazil,2007,0.732,HDRO_API
BRA,Brazil,2008,0.739,HDRO_API
BRA,Brazil,2009,0.742,HDRO_API
BRA,Brazil,2010,0.748,HDRO_API
BRA,Brazil,2011,0.753,HDRO_API
BRA,Brazil,2012,0.758,HDRO_API
BRA,Brazil,2013,0.762,HDRO_API
BRA,Brazil,2014,0.765,HDRO_API
BRA,Brazil,2015,0.764,HDRO_API
BRA,Brazil,2016,0.765,HDRO_API
BRA,Brazil,2017,0.77,HDRO_API
BRA,Brazil,2018,0.774,HDRO_API
BRA,Brazil,2019,0.776,HDRO_API
BRA,Brazil,2020,0.77,HDRO_API
BRA,Brazil,2021,0.768,HDRO_API
BRA,Brazil,2022,0.78,HDRO_API
BRA,Brazil,2023,0.786,HDRO_API
BRB,Barbados,1990,0.73,HDRO_API
BRB,Barbados,1991,0.732,HDRO_API
BRB,Barbados,1992,0.732,HDRO_API
BRB,Barbados,1993,0.735,HDRO_API
BRB,Barbados,1994,0.74,HDRO_API
BRB,Barbados,1995,0.744,HDRO_API
BRB,Barbados,1996,0.748,HDRO_API
BRB,Barbados,1997,0.752,HDRO_API
BRB,Barbados,1998,0.754,HDRO_API
BRB,Barbados,1999,0.756,HDRO_API
BRB,Barbados,2000,0.762,HDRO_API
BRB,Barbados,2001,0.763,HDRO_API
BRB,Barbados,2002,0.767,HDRO_API
BRB,Barbados,2003,0.771,HDRO_API
BRB,Barbados,2004,0.775,HDRO_API
BRB,Barbados,2005,0.779,HDRO_API
BRB,Barbados,2006,0.783,HDRO_API
BRB,Barbados,2007,0.79,HDRO_API
BRB,Barbados,2008,0.794,HDRO_API
BRB,Barbados,2009,0.798,HDRO_API
BRB,Barbados,2010,0.797,HDRO_API
BRB,Barbados,2011,0.794,HDRO_API
BRB,Barbados,2012,0.797,HDRO_API
BRB,Barbados,2013,0.798,HDRO_API
BRB,Barbados,2014,0.799,HDRO_API
BRB,Barbados,2015,0.8,HDRO_API
BRB,Barbados,2016,0.803,HDRO_API
BRB,Barbados,2017,0.804,HDRO_API
BRB,Barbados,2018,0.806,HDRO_API
BRB,Barbados,2019,0.808,HDRO_API
BRB,Barbados,2020,0.803,HDRO_API
BRB,Barbados,2021,0.803,HDRO_API
BRB,Barbados,2022,0.807,HDRO_API
BRB,Barbados,2023,0.811,HDRO_API
BTN,Bhutan,2010,0.593,HDRO_API
BTN,Bhutan,2011,0.603,HDRO_API
BTN,Bhutan,2012,0.609,HDRO_API
BTN,Bhutan,2013,0.616,HDRO_API
BTN,Bhutan,2014,0.626,HDRO_API
BTN,Bhutan,2015,0.637,HDRO_API
BTN,Bhutan,2016,0.647,HDRO_API
BTN,Bhutan,2017,0.656,HDRO_API
BTN,Bhutan,2018,0.667,HDRO_API
BTN,Bhutan,2019,0.68,HDRO_API
BTN,Bhutan,2020,0.688,HDRO_API
BTN,Bhutan,2021,0.691,HDRO_API
BTN,Bhutan,2022,0.695,HDRO_API
BTN,Bhutan,2023,0.698,HDRO_API
BWA,Botswana,1990,0.59,HDRO_API
BWA,Botswana,1991,0.59,HDRO_API
BWA,Botswana,1992,0.589,HDRO_API
BWA,Botswana,1993,0.588,HDRO_API
BWA,Botswana,1994,0.58,HDRO_API
BWA,Botswana,1995,0.583,HDRO_API
BWA,Botswana,1996,0.584,HDRO_API
BWA,Botswana,1997,0.587,HDRO_API
BWA,Botswana,1998,0.588,HDRO_API
BWA,Botswana,1999,0.592,HDRO_API
BWA,Botswana,2000,0.594,HDRO_API
BWA,Botswana,2001,0.595,HDRO_API
BWA,Botswana,2002,0.594,HDRO_API
BWA,Botswana,2003,0.602,HDRO_API
BWA,Botswana,2004,0.608,HDRO_API
BWA,Botswana,2005,0.616,HDRO_API
BWA,Botswana,2006,0.627,HDRO_API
BWA,Botswana,2007,0.64,HDRO_API
BWA,Botswana,2008,0.645,HDRO_API
BWA,Botswana,2009,0.644,HDRO_API
BWA,Botswana,2010,0.652,HDRO_API
BWA,Botswana,2011,0.661,HDRO_API
BWA,Botswana,2012,0.667,HDRO_API
BWA,Botswana,2013,0.676,HDRO_API
BWA,Botswana,2014,0.685,HDRO_API
BWA,Botswana,2015,0.69,HDRO_API
BWA,Botswana,2016,0.696,HDRO_API
BWA,Botswana,2017,0.704,HDRO_API
BWA,Botswana,2018,0.71,HDRO_API
BWA,Botswana,2019,0.718,HDRO_API
BWA,Botswana,2020,0.718,HDRO_API
BWA,Botswana,2021,0.7,HDRO_API
BWA,Botswana,2022,0.729,HDRO_API
BWA,Botswana,2023,0.731,HDRO_API
CAF,Central African Republic,1990,0.342,HDRO_API
CAF,Central African Republic,1991,0.336,HDRO_API
CAF,Central African Republic,1992,0.321,HDRO_API
CAF,Central African Republic,1993,0.321,HDRO_API
CAF,Central African Republic,1994,0.323,HDRO_API
CAF,Central African Republic,1995,0.326,HDRO_API
CAF,Central African Republic,1996,0.323,HDRO_API
CAF,Central African Republic,1997,0.325,HDRO_API
CAF,Central African Republic,1998,0.328,HDRO_API
CAF,Central African Republic,1999,0.332,HDRO_API
CAF,Central African Republic,2000,0.333,HDRO_API
CAF,Central African Republic,2001,0.335,HDRO_API
CAF,Central African Republic,2002,0.337,HDRO_API
CAF,Central African Republic,2003,0.338,HDRO_API
CAF,Central African Republic,2004,0.342,HDRO_API
CAF,Central African Republic,2005,0.346,HDRO_API
CAF,Central African Republic,2006,0.35,HDRO_API
CAF,Central African Republic,2007,0.356,HDRO_API
CAF,Central African Republic,2008,0.362,HDRO_API
CAF,Central African Republic,2010,0.358,HDRO_API
CAF,Central African Republic,2011,0.377,HDRO_API
CAF,Central African Republic,2012,0.385,HDRO_API
CAF,Central African Republic,2013,0.359,HDRO_API
CAF,Central African Republic,2014,0.319,HDRO_API
CAF,Central African Republic,2015,0.377,HDRO_API
CAF,Central African Republic,2016,0.376,HDRO_API
CAF,Central African Republic,2017,0.356,HDRO_API
CAF,Central African Republic,2018,0.391,HDRO_API
CAF,Central African Republic,2019,0.279,HDRO_API
CAF,Central African Republic,2020,0.386,HDRO_API
CAF,Central African Republic,2021,0.339,HDRO_API
CAF,Central African Republic,2023,0.414,HDRO_API
CAN,Canada,1990,0.865,HDRO_API
CAN,Canada,1991,0.868,HDRO_API
CAN,Canada,1992,0.873,HDRO_API
CAN,Canada,1993,0.871,HDRO_API
CAN,Canada,1994,0.877,HDRO_API
CAN,Canada,1995,0.881,HDRO_API
CAN,Canada,1996,0.884,HDRO_API
CAN,Canada,1997,0.884,HDRO_API
CAN,Canada,1998,0.883,HDRO_API
CAN,Canada,1999,0.888,HDRO_API
CAN,Canada,2000,0.894,HDRO_API
CAN,Canada,2001,0.897,HDRO_API
CAN,Canada,2002,0.899,HDRO_API
CAN,Canada,2003,0.902,HDRO_API
CAN,Canada,2004,0.906,HDRO_API
CAN,Canada,2005,0.909,HDRO_API
CAN,Canada,2006,0.913,HDRO_API
CAN,Canada,2007,0.914,HDRO_API
CAN,Canada,2008,0.916,HDRO_API
CAN,Canada,2009,0.915,HDRO_API
CAN,Canada,2010,0.918,HDRO_API
CAN,Canada,2011,0.921,HDRO_API
CAN,Canada,2012,0.927,HDRO_API
CAN,Canada,2013,0.93,HDRO_API
CAN,Canada,2014,0.932,HDRO_API
CAN,Canada,2015,0.932,HDRO_API
CAN,Canada,2016,0.933,HDRO_API
CAN,Canada,2017,0.935,HDRO_API
CAN,Canada,2018,0.935,HDRO_API
CAN,Canada,2019,0.937,HDRO_API
CAN,Canada,2020,0.931,HDRO_API
CAN,Canada,2021,0.937,HDRO_API
CAN,Canada,2022,0.935,HDRO_API
CAN,Canada,2023,0.939,HDRO_API
CHE,Switzerland,1990,0.858,HDRO_API
CHE,Switzerland,1991,0.86,HDRO_API
CHE,Switzerland,1992,0.863,HDRO_API
CHE,Switzerland,1993,0.867,HDRO_API
CHE,Switzerland,1994,0.87,HDRO_API
CHE,Switzerland,1995,0.872,HDRO_API
CHE,Switzerland,1996,0.875,HDRO_API
CHE,Switzerland,1997,0.88,HDRO_API
CHE,Switzerland,1998,0.886,HDRO_API
CHE,Switzerland,1999,0.889,HDRO_API
CHE,Switzerland,2000,0.892,HDRO_API
CHE,Switzerland,2001,0.895,HDRO_API
CHE,Switzerland,2002,0.896,HDRO_API
CHE,Switzerland,2003,0.901,HDRO_API
CHE,Switzerland,2004,0.906,HDRO_API
CHE,Switzerland,2005,0.909,HDRO_API
CHE,Switzerland,2006,0.918,HDRO_API
CHE,Switzerland,2007,0.926,HDRO_API
CHE,Switzerland,2008,0.934,HDRO_API
CHE,Switzerland,2009,0.942,HDRO_API
CHE,Switzerland,2010,0.945,HDRO_API
CHE,Switzerland,2011,0.946,HDRO_API
CHE,Switzerland,2012,0.949,HDRO_API
CHE,Switzerland,2013,0.952,HDRO_API
CHE,Switzerland,2014,0.956,HDRO_API
CHE,Switzerland,2015,0.957,HDRO_API
CHE,Switzerland,2016,0.959,HDRO_API
CHE,Switzerland,2017,0.96,HDRO_API
CHE,Switzerland,2018,0.962,HDRO_API
CHE,Switzerland,2019,0.965,HDRO_API
CHE,Switzerland,2020,0.963,HDRO_API
CHE,Switzerland,2021,0.968,HDRO_API
CHE,Switzerland,2022,0.966,HDRO_API
CHE,Switzerland,2023,0.97,HDRO_API
CHL,Chile,1990,0.718,HDRO_API
CHL,Chile,1991,0.723,HDRO_API
CHL,Chile,1992,0.73,HDRO_API
CHL,Chile,1993,0.725,HDRO_API
CHL,Chile,1994,0.73,HDRO_API
CHL,Chile,1995,0.739,HDRO_API
CHL,Chile,1996,0.745,HDRO_API
CHL,Chile,1997,0.752,HDRO_API
CHL,Chile,1998,0.759,HDRO_API
CHL,Chile,1999,0.766,HDRO_API
CHL,Chile,2000,0.771,HDRO_API
CHL,Chile,2001,0.778,HDRO_API
CHL,Chile,2002,0.784,HDRO_API
CHL,Chile,2003,0.789,HDRO_API
CHL,Chile,2004,0.797,HDRO_API
CHL,Chile,2005,0.804,HDRO_API
CHL,Chile,2006,0.804,HDRO_API
CHL,Chile,2007,0.812,HDRO_API
CHL,Chile,2008,0.82,HDRO_API
CHL,Chile,2009,0.819,HDRO_API
CHL,Chile,2010,0.823,HDRO_API
CHL,Chile,2011,0.823,HDRO_API
CHL,Chile,2012,0.832,HDRO_API
CHL,Chile,2013,0.845,HDRO_API
CHL,Chile,2014,0.849,HDRO_API
CHL,Chile,2015,0.855,HDRO_API
CHL,Chile,2016,0.859,HDRO_API
CHL,Chile,2017,0.862,HDRO_API
CHL,Chile,2018,0.866,HDRO_API
CHL,Chile,2019,0.867,HDRO_API
CHL,Chile,2020,0.856,HDRO_API
CHL,Chile,2021,0.865,HDRO_API
CHL,Chile,2022,0.869,HDRO_API
CHL,Chile,2023,0.878,HDRO_API
CHN,China,1990,0.491,HDRO_API
CHN,China,1991,0.499,HDRO_API
CHN,China,1992,0.511,HDRO_API
CHN,China,1993,0.522,HDRO_API
CHN,China,1994,0.532,HDRO_API
CHN,China,1995,0.543,HDRO_API
CHN,China,1996,0.555,HDRO_API
CHN,China,1997,0.566,HDRO_API
CHN,China,1998,0.576,HDRO_API
CHN,China,1999,0.587,HDRO_API
CHN,China,2000,0.598,HDRO_API
CHN,China,2001,0.608,HDRO_API
CHN,China,2002,0.619,HDRO_API
CHN,China,2003,0.63,HDRO_API
CHN,China,2004,0.642,HDRO_API
CHN,China,2005,0.654,HDRO_API
CHN,China,2006,0.666,HDRO_API
CHN,China,2007,0.68,HDRO_API
CHN,China,2008,0.689,HDRO_API
CHN,China,2009,0.7,HDRO_API
CHN,China,2010,0.71,HDRO_API
CHN,China,2011,0.717,HDRO_API
CHN,China,2012,0.725,HDRO_API
CHN,China,2013,0.733,HDRO_API
CHN,China,2014,0.742,HDRO_API
CHN,China,2015,0.75,HDRO_API
CHN,China,2016,0.758,HDRO_API
CHN,China,2017,0.765,HDRO_API
CHN,China,2018,0.774,HDRO_API
CHN,China,2019,0.781,HDRO_API
CHN,China,2020,0.786,HDRO_API
CHN,China,2021,0.794,HDRO_API
CHN,China,2022,0.796,HDRO_API
CHN,China,2023,0.797,HDRO_API
CIV,Côte d'Ivoire,1990,0.389,HDRO_API
CIV,Côte d'Ivoire,1991,0.39,HDRO_API
CIV,Côte d'Ivoire,1992,0.392,HDRO_API
CIV,Côte d'Ivoire,1993,0.393,HDRO_API
CIV,Côte d'Ivoire,1994,0.396,HDRO_API
CIV,Côte d'Ivoire,1995,0.399,HDRO_API
CIV,Côte d'Ivoire,1996,0.403,HDRO_API
CIV,Côte d'Ivoire,1997,0.409,HDRO_API
CIV,Côte d'Ivoire,1998,0.413,HDRO_API
CIV,Côte d'Ivoire,1999,0.416,HDRO_API
CIV,Côte d'Ivoire,2000,0.419,HDRO_API
CIV,Côte d'Ivoire,2001,0.422,HDRO_API
CIV,Côte d'Ivoire,2002,0.424,HDRO_API
CIV,Côte d'Ivoire,2003,0.425,HDRO_API
CIV,Côte d'Ivoire,2004,0.43,HDRO_API
CIV,Côte d'Ivoire,2005,0.435,HDRO_API
CIV,Côte d'Ivoire,2006,0.44,HDRO_API
CIV,Côte d'Ivoire,2007,0.445,HDRO_API
CIV,Côte d'Ivoire,2008,0.452,HDRO_API
CIV,Côte d'Ivoire,2009,0.458,HDRO_API
CIV,Côte d'Ivoire,2010,0.465,HDRO_API
CIV,Côte d'Ivoire,2011,0.469,HDRO_API
CIV,Côte d'Ivoire,2012,0.478,HDRO_API
CIV,Côte d'Ivoire,2013,0.487,HDRO_API
CIV,Côte d'Ivoire,2014,0.511,HDRO_API
CIV,Côte d'Ivoire,2015,0.519,HDRO_API
CIV,Côte d'Ivoire,2016,0.53,HDRO_API
CIV,Côte d'Ivoire,2017,0.539,HDRO_API
CIV,Côte d'Ivoire,2018,0.545,HDRO_API
CIV,Côte d'Ivoire,2019,0.552,HDRO_API
CIV,Côte d'Ivoire,2020,0.553,HDRO_API
CIV,Côte d'Ivoire,2021,0.557,HDRO_API
CIV,Côte d'Ivoire,2022,0.565,HDRO_API
CIV,Côte d'Ivoire,2023,0.582,HDRO_API
CMR,Cameroon,1990,0.448,HDRO_API
CMR,Cameroon,1991,0.445,HDRO_API
CMR,Cameroon,1992,0.442,HDRO_API
CMR,Cameroon,1993,0.436,HDRO_API
CMR,Cameroon,1994,0.434,HDRO_API
CMR,Cameroon,1995,0.433,HDRO_API
CMR,Cameroon,1996,0.432,HDRO_API
CMR,Cameroon,1997,0.432,HDRO_API
CMR,Cameroon,1998,0.433,HDRO_API
CMR,Cameroon,1999,0.434,HDRO_API
CMR,Cameroon,2000,0.439,HDRO_API
CMR,Cameroon,2001,0.458,HDRO_API
CMR,Cameroon,2002,0.458,HDRO_API
CMR,Cameroon,2003,0.465,HDRO_API
CMR,Cameroon,2004,0.47,HDRO_API
CMR,Cameroon,2005,0.472,HDRO_API
CMR,Cameroon,2006,0.473,HDRO_API
CMR,Cameroon,2007,0.485,HDRO_API
CMR,Cameroon,2008,0.501,HDRO_API
CMR,Cameroon,2009,0.516,HDRO_API
CMR,Cameroon,2010,0.529,HDRO_API
CMR,Cameroon,2011,0.538,HDRO_API
CMR,Cameroon,2012,0.549,HDRO_API
CMR,Cameroon,2013,0.558,HDRO_API
CMR,Cameroon,2014,0.566,HDRO_API
CMR,Cameroon,2015,0.575,HDRO_API
CMR,Cameroon,2016,0.579,HDRO_API
CMR,Cameroon,2017,0.581,HDRO_API
CMR,Cameroon,2018,0.582,HDRO_API
CMR,Cameroon,2019,0.582,HDRO_API
CMR,Cameroon,2020,0.579,HDRO_API
CMR,Cameroon,2021,0.574,HDRO_API
CMR,Cameroon,2022,0.581,HDRO_API
CMR,Cameroon,2023,0.588,HDRO_API
COD,Congo (Democratic Republic of the),1990,0.388,HDRO_API
COD,Congo (Democratic Republic of the),1991,0.389,HDRO_API
COD,Congo (Democratic Republic of the),1992,0.387,HDRO_API
COD,Congo (Democratic Republic of the),1993,0.385,HDRO_API
COD,Congo (Democratic Republic of the),1994,0.382,HDRO_API
COD,Congo (Democratic Republic of the),1995,0.385,HDRO_API
COD,Congo (Democratic Republic of the),1996,0.386,HDRO_API
COD,Congo (Democratic Republic of the),1997,0.388,HDRO_API
COD,Congo (Democratic Republic of the),1998,0.385,HDRO_API
COD,Congo (Democratic Republic of the),1999,0.383,HDRO_API
COD,Congo (Democratic Republic of the),2000,0.391,HDRO_API
COD,Congo (Democratic Republic of the),2001,0.389,HDRO_API
COD,Congo (Democratic Republic of the),2002,0.392,HDRO_API
COD,Congo (Democratic Republic of the),2003,0.398,HDRO_API
COD,Congo (Democratic Republic of the),2004,0.403,HDRO_API
COD,Congo (Democratic Republic of the),2005,0.408,HDRO_API
COD,Congo (Democratic Republic of the),2006,0.413,HDRO_API
COD,Congo (Democratic Republic of the),2007,0.417,HDRO_API
COD,Congo (Democratic Republic of the),2008,0.426,HDRO_API
COD,Congo (Democratic Republic of the),2009,0.431,HDRO_API
COD,Congo (Democratic Republic of the),2010,0.44,HDRO_API
COD,Congo (Democratic Republic of the),2011,0.447,HDRO_API
COD,Congo (Democratic Republic of the),2012,0.451,HDRO_API
COD,Congo (Democratic Republic of the),2013,0.456,HDRO_API
COD,Congo (Democratic Republic of the),2014,0.467,HDRO_API
COD,Congo (Democratic Republic of the),2015,0.477,HDRO_API
COD,Congo (Democratic Republic of the),2016,0.487,HDRO_API
COD,Congo (Democratic Republic of the),2017,0.491,HDRO_API
COD,Congo (Democratic Republic of the),2018,0.497,HDRO_API
COD,Congo (Democratic Republic of the),2019,0.501,HDRO_API
COD,Congo (Democratic Republic of the),2020,0.506,HDRO_API
COD,Congo (Democratic Republic of the),2021,0.508,HDRO_API
COD,Congo (Democratic Republic of the),2022,0.514,HDRO_API
COD,Congo (Democratic Republic of the),2023,0.522,HDRO_API
COG,Congo,1990,0.573,HDRO_API
COG,Congo,1991,0.571,HDRO_API
COG,Congo,1992,0.572,HDRO_API
COG,Congo,1993,0.566,HDRO_API
COG,Congo,1994,0.561,HDRO_API
COG,Congo,1995,0.551,HDRO_API
COG,Congo,1996,0.55,HDRO_API
COG,Congo,1997,0.516,HDRO_API
COG,Congo,1998,0.542,HDRO_API
COG,Congo,1999,0.544,HDRO_API
COG,Congo,2000,0.545,HDRO_API
COG,Congo,2001,0.55,HDRO_API
COG,Congo,2002,0.552,HDRO_API
COG,Congo,2003,0.553,HDRO_API
COG,Congo,2004,0.557,HDRO_API
COG,Congo,2005,0.569,HDRO_API
COG,Congo,2006,0.582,HDRO_API
COG,Congo,2007,0.583,HDRO_API
COG,Congo,2008,0.591,HDRO_API
COG,Congo,2009,0.602,HDRO_API
COG,Congo,2010,0.609,HDRO_API
COG,Congo,2011,0.613,HDRO_API
COG,Congo,2012,0.624,HDRO_API
COG,Congo,2013,0.63,HDRO_API
COG,Congo,2014,0.639,HDRO_API
COG,Congo,2015,0.643,HDRO_API
COG,Congo,2016,0.64,HDRO_API
COG,Congo,2017,0.635,HDRO_API
COG,Congo,2018,0.64,HDRO_API
COG,Congo,2019,0.634,HDRO_API
COG,Congo,2020,0.643,HDRO_API
COG,Congo,2021,0.643,HDRO_API
COG,Congo,2022,0.644,HDRO_API
COG,Congo,2023,0.649,HDRO_API
COL,Colombia,1990,0.623,HDRO_API
COL,Colombia,1991,0.63,HDRO_API
COL,Colombia,1992,0.639,HDRO_API
COL,Colombia,1993,0.645,HDRO_API
COL,Colombia,1994,0.65,HDRO_API
COL,Colombia,1995,0.655,HDRO_API
COL,Colombia,1996,0.663,HDRO_API
COL,Colombia,1997,0.67,HDRO_API
COL,Colombia,1998,0.676,HDRO_API
COL,Colombia,1999,0.673,HDRO_API
COL,Colombia,2000,0.679,HDRO_API
COL,Colombia,2001,0.681,HDRO_API
COL,Colombia,2002,0.684,HDRO_API
COL,Colombia,2003,0.691,HDRO_API
COL,Colombia,2004,0.699,HDRO_API
COL,Colombia,2005,0.711,HDRO_API
COL,Colombia,2006,0.712,HDRO_API
COL,Colombia,2007,0.724,HDRO_API
COL,Colombia,2008,0.731,HDRO_API
COL,Colombia,2009,0.736,HDRO_API
COL,Colombia,2010,0.741,HDRO_API
COL,Colombia,2011,0.747,HDRO_API
COL,Colombia,2012,0.748,HDRO_API
COL,Colombia,2013,0.76,HDRO_API
COL,Colombia,2014,0.763,HDRO_API
COL,Colombia,2015,0.767,HDRO_API
COL,Colombia,2016,0.772,HDRO_API
COL,Colombia,2017,0.774,HDRO_API
COL,Colombia,2018,0.775,HDRO_API
COL,Colombia,2019,0.777,HDRO_API
COL,Colombia,2020,0.764,HDRO_API
COL,Colombia,2021,0.762,HDRO_API
COL,Colombia,2022,0.782,HDRO_API
COL,Colombia,2023,0.788,HDRO_API
COM,Comoros,2000,0.461,HDRO_API
COM,Comoros,2001,0.47,HDRO_API
COM,Comoros,2002,0.477,HDRO_API
COM,Comoros,2003,0.485,HDRO_API
COM,Comoros,2004,0.492,HDRO_API
COM,Comoros,2005,0.499,HDRO_API
COM,Comoros,2006,0.506,HDRO_API
COM,Comoros,2007,0.512,HDRO_API
COM,Comoros,2008,0.519,HDRO_API
COM,Comoros,2009,0.526,HDRO_API
COM,Comoros,2010,0.534,HDRO_API
COM,Comoros,2011,0.541,HDRO_API
COM,Comoros,2012,0.548,HDRO_API
COM,Comoros,2013,0.556,HDRO_API
COM,Comoros,2014,0.56,HDRO_API
COM,Comoros,2015,0.565,HDRO_API
COM,Comoros,2016,0.571,HDRO_API
COM,Comoros,2017,0.577,HDRO_API
COM,Comoros,2018,0.584,HDRO_API
COM,Comoros,2019,0.589,HDRO_API
COM,Comoros,2020,0.592,HDRO_API
COM,Comoros,2021,0.594,HDRO_API
COM,Comoros,2022,0.602,HDRO_API
COM,Comoros,2023,0.603,HDRO_API
CPV,Cabo Verde,2000,0.585,HDRO_API
CPV,Cabo Verde,2001,0.591,HDRO_API
CPV,Cabo Verde,2002,0.6,HDRO_API
CPV,Cabo Verde,2003,0.606,HDRO_API
CPV,Cabo Verde,2004,0.61,HDRO_API
CPV,Cabo Verde,2005,0.616,HDRO_API
CPV,Cabo Verde,2006,0.631,HDRO_API
CPV,Cabo Verde,2007,0.636,HDRO_API
CPV,Cabo Verde,2008,0.643,HDRO_API
CPV,Cabo Verde,2009,0.644,HDRO_API
CPV,Cabo Verde,2010,0.648,HDRO_API
CPV,Cabo Verde,2011,0.654,HDRO_API
CPV,Cabo Verde,2012,0.655,HDRO_API
CPV,Cabo Verde,2013,0.66,HDRO_API
CPV,Cabo Verde,2014,0.659,HDRO_API
CPV,Cabo Verde,2015,0.658,HDRO_API
CPV,Cabo Verde,2016,0.661,HDRO_API
CPV,Cabo Verde,2017,0.663,HDRO_API
CPV,Cabo Verde,2018,0.663,HDRO_API
CPV,Cabo Verde,2019,0.667,HDRO_API
CPV,Cabo Verde,2020,0.647,HDRO_API
CPV,Cabo Verde,2021,0.651,HDRO_API
CPV,Cabo Verde,2022,0.664,HDRO_API
CPV,Cabo Verde,2023,0.668,HDRO_API
CRI,Costa Rica,1990,0.677,HDRO_API
CRI,Costa Rica,1991,0.682,HDRO_API
CRI,Costa Rica,1992,0.691,HDRO_API
CRI,Costa Rica,1993,0.696,HDRO_API
CRI,Costa Rica,1994,0.701,HDRO_API
CRI,Costa Rica,1995,0.706,HDRO_API
CRI,Costa Rica,1996,0.707,HDRO_API
CRI,Costa Rica,1997,0.712,HDRO_API
CRI,Costa Rica,1998,0.714,HDRO_API
CRI,Costa Rica,1999,0.717,HDRO_API
CRI,Costa Rica,2000,0.72,HDRO_API
CRI,Costa Rica,2001,0.726,HDRO_API
CRI,Costa Rica,2002,0.73,HDRO_API
CRI,Costa Rica,2003,0.736,HDRO_API
CRI,Costa Rica,2004,0.741,HDRO_API
CRI,Costa Rica,2005,0.748,HDRO_API
CRI,Costa Rica,2006,0.755,HDRO_API
CRI,Costa Rica,2007,0.76,HDRO_API
CRI,Costa Rica,2008,0.769,HDRO_API
CRI,Costa Rica,2009,0.773,HDRO_API
CRI,Costa Rica,2010,0.776,HDRO_API
CRI,Costa Rica,2011,0.783,HDRO_API
CRI,Costa Rica,2012,0.789,HDRO_API
CRI,Costa Rica,2013,0.795,HDRO_API
CRI,Costa Rica,2014,0.802,HDRO_API
CRI,Costa Rica,2015,0.803,HDRO_API
CRI,Costa Rica,2016,0.805,HDRO_API
CRI,Costa Rica,2017,0.809,HDRO_API
CRI,Costa Rica,2018,0.813,HDRO_API
CRI,Costa Rica,2019,0.821,HDRO_API
CRI,Costa Rica,2020,0.819,HDRO_API
CRI,Costa Rica,2021,0.817,HDRO_API
CRI,Costa Rica,2022,0.823,HDRO_API
CRI,Costa Rica,2023,0.833,HDRO_API
CUB,Cuba,1990,0.687,HDRO_API
CUB,Cuba,1991,0.681,HDRO_API
CUB,Cuba,1992,0.674,HDRO_API
CUB,Cuba,1993,0.665,HDRO_API
CUB,Cuba,1994,0.662,HDRO_API
CUB,Cuba,1995,0.664,HDRO_API
CUB,Cuba,1996,0.675,HDRO_API
CUB,Cuba,1997,0.679,HDRO_API
CUB,Cuba,1998,0.683,HDRO_API
CUB,Cuba,1999,0.69,HDRO_API
CUB,Cuba,2000,0.697,HDRO_API
CUB,Cuba,2001,0.705,HDRO_API
CUB,Cuba,2002,0.711,HDRO_API
CUB,Cuba,2003,0.721,HDRO_API
CUB,Cuba,2004,0.734,HDRO_API
CUB,Cuba,2005,0.747,HDRO_API
CUB,Cuba,2006,0.766,HDRO_API
CUB,Cuba,2007,0.78,HDRO_API
CUB,Cuba,2008,0.788,HDRO_API
CUB,Cuba,2009,0.788,HDRO_API
CUB,Cuba,2010,0.783,HDRO_API
CUB,Cuba,2011,0.781,HDRO_API
CUB,Cuba,2012,0.777,HDRO_API
CUB,Cuba,2013,0.771,HDRO_API
CUB,Cuba,2014,0.77,HDRO_API
CUB,Cuba,2015,0.769,HDRO_API
CUB,Cuba,2016,0.767,HDRO_API
CUB,Cuba,2017,0.767,HDRO_API
CUB,Cuba,2018,0.769,HDRO_API
CUB,Cuba,2019,0.769,HDRO_API
CUB,Cuba,2020,0.762,HDRO_API
CUB,Cuba,2021,0.745,HDRO_API
CUB,Cuba,2022,0.764,HDRO_API
CUB,Cuba,2023,0.762,HDRO_API
CYP,Cyprus,1990,0.749,HDRO_API
CYP,Cyprus,1991,0.754,HDRO_API
CYP,Cyprus,1992,0.761,HDRO_API
CYP,Cyprus,1993,0.764,HDRO_API
CYP,Cyprus,1994,0.771,HDRO_API
CYP,Cyprus,1995,0.777,HDRO_API
CYP,Cyprus,1996,0.782,HDRO_API
CYP,Cyprus,1997,0.788,HDRO_API
CYP,Cyprus,1998,0.798,HDRO_API
CYP,Cyprus,1999,0.802,HDRO_API
CYP,Cyprus,2000,0.808,HDRO_API
CYP,Cyprus,2001,0.815,HDRO_API
CYP,Cyprus,2002,0.827,HDRO_API
CYP,Cyprus,2003,0.835,HDRO_API
CYP,Cyprus,2004,0.84,HDRO_API
CYP,Cyprus,2005,0.844,HDRO_API
CYP,Cyprus,2006,0.85,HDRO_API
CYP,Cyprus,2007,0.855,HDRO_API
CYP,Cyprus,2008,0.862,HDRO_API
CYP,Cyprus,2009,0.867,HDRO_API
CYP,Cyprus,2010,0.869,HDRO_API
CYP,Cyprus,2011,0.872,HDRO_API
CYP,Cyprus,2012,0.872,HDRO_API
CYP,Cyprus,2013,0.873,HDRO_API
CYP,Cyprus,2014,0.875,HDRO_API
CYP,Cyprus,2015,0.882,HDRO_API
CYP,Cyprus,2016,0.888,HDRO_API
CYP,Cyprus,2017,0.897,HDRO_API
CYP,Cyprus,2018,0.902,HDRO_API
CYP,Cyprus,2019,0.907,HDRO_API
CYP,Cyprus,2020,0.905,HDRO_API
CYP,Cyprus,2021,0.907,HDRO_API
CYP,Cyprus,2022,0.908,HDRO_API
CYP,Cyprus,2023,0.913,HDRO_API
CZE,Czechia,1990,0.753,HDRO_API
CZE,Czechia,1991,0.751,HDRO_API
CZE,Czechia,1992,0.752,HDRO_API
CZE,Czechia,1993,0.76,HDRO_API
CZE,Czechia,1994,0.771,HDRO_API
CZE,Czechia,1995,0.781,HDRO_API
CZE,Czechia,1996,0.793,HDRO_API
CZE,Czechia,1997,0.797,HDRO_API
CZE,Czechia,1998,0.802,HDRO_API
CZE,Czechia,1999,0.806,HDRO_API
CZE,Czechia,2000,0.817,HDRO_API
CZE,Czechia,2001,0.828,HDRO_API
CZE,Czechia,2002,0.835,HDRO_API
CZE,Czechia,2003,0.842,HDRO_API
CZE,Czechia,2004,0.848,HDRO_API
CZE,Czechia,2005,0.856,HDRO_API
CZE,Czechia,2006,0.864,HDRO_API
CZE,Czechia,2007,0.87,HDRO_API
CZE,Czechia,2008,0.873,HDRO_API
CZE,Czechia,2009,0.875,HDRO_API
CZE,Czechia,2010,0.88,HDRO_API
CZE,Czechia,2011,0.883,HDRO_API
CZE,Czechia,2012,0.885,HDRO_API
CZE,Czechia,2013,0.892,HDRO_API
CZE,Czechia,2014,0.898,HDRO_API
CZE,Czechia,2015,0.9,HDRO_API
CZE,Czechia,2016,0.902,HDRO_API
CZE,Czechia,2017,0.904,HDRO_API
CZE,Czechia,2018,0.901,HDRO_API
CZE,Czechia,2019,0.903,HDRO_API
CZE,Czechia,2020,0.898,HDRO_API
CZE,Czechia,2021,0.901,HDRO_API
CZE,Czechia,2022,0.911,HDRO_API
CZE,Czechia,2023,0.915,HDRO_API
DEU,Germany,1990,0.834,HDRO_API
DEU,Germany,1991,0.841,HDRO_API
DEU,Germany,1992,0.849,HDRO_API
DEU,Germany,1993,0.859,HDRO_API
DEU,Germany,1994,0.865,HDRO_API
DEU,Germany,1995,0.87,HDRO_API
DEU,Germany,1996,0.875,HDRO_API
DEU,Germany,1997,0.881,HDRO_API
DEU,Germany,1998,0.887,HDRO_API
DEU,Germany,1999,0.892,HDRO_API
DEU,Germany,2000,0.897,HDRO_API
DEU,Germany,2001,0.904,HDRO_API
DEU,Germany,2002,0.909,HDRO_API
DEU,Germany,2003,0.914,HDRO_API
DEU,Germany,2004,0.923,HDRO_API
DEU,Germany,2005,0.923,HDRO_API
DEU,Germany,2006,0.927,HDRO_API
DEU,Germany,2007,0.931,HDRO_API
DEU,Germany,2008,0.933,HDRO_API
DEU,Germany,2009,0.933,HDRO_API
DEU,Germany,2010,0.936,HDRO_API
DEU,Germany,2011,0.942,HDRO_API
DEU,Germany,2012,0.944,HDRO_API
DEU,Germany,2013,0.945,HDRO_API
DEU,Germany,2014,0.949,HDRO_API
DEU,Germany,2015,0.948,HDRO_API
DEU,Germany,2016,0.949,HDRO_API
DEU,Germany,2017,0.951,HDRO_API
DEU,Germany,2018,0.952,HDRO_API
DEU,Germany,2019,0.957,HDRO_API
DEU,Germany,2020,0.955,HDRO_API
DEU,Germany,2021,0.958,HDRO_API
DEU,Germany,2022,0.955,HDRO_API
DEU,Germany,2023,0.959,HDRO_API
DJI,Djibouti,1995,0.318,HDRO_API
DJI,Djibouti,1996,0.32,HDRO_API
DJI,Djibouti,1997,0.324,HDRO_API
DJI,Djibouti,1998,0.327,HDRO_API
DJI,Djibouti,1999,0.333,HDRO_API
DJI,Djibouti,2000,0.337,HDRO_API
DJI,Djibouti,2001,0.342,HDRO_API
DJI,Djibouti,2002,0.349,HDRO_API
DJI,Djibouti,2003,0.36,HDRO_API
DJI,Djibouti,2004,0.368,HDRO_API
DJI,Djibouti,2005,0.375,HDRO_API
DJI,Djibouti,2006,0.385,HDRO_API
DJI,Djibouti,2007,0.392,HDRO_API
DJI,Djibouti,2008,0.4,HDRO_API
DJI,Djibouti,2009,0.411,HDRO_API
DJI,Djibouti,2010,0.421,HDRO_API
DJI,Djibouti,2011,0.432,HDRO_API
DJI,Djibouti,2012,0.442,HDRO_API
DJI,Djibouti,2013,0.45,HDRO_API
DJI,Djibouti,2014,0.459,HDRO_API
DJI,Djibouti,2015,0.469,HDRO_API
DJI,Djibouti,2016,0.477,HDRO_API
DJI,Djibouti,2017,0.484,HDRO_API
DJI,Djibouti,2018,0.492,HDRO_API
DJI,Djibouti,2019,0.497,HDRO_API
DJI,Djibouti,2020,0.499,HDRO_API
DJI,Djibouti,2021,0.501,HDRO_API
DJI,Djibouti,2022,0.51,HDRO_API
DJI,Djibouti,2023,0.513,HDRO_API
DMA,Dominica,2000,0.721,HDRO_API
DMA,Dominica,2001,0.725,HDRO_API
DMA,Dominica,2002,0.724,HDRO_API
DMA,Dominica,2003,0.728,HDRO_API
DMA,Dominica,2004,0.73,HDRO_API
DMA,Dominica,2005,0.732,HDRO_API
DMA,Dominica,2006,0.737,HDRO_API
DMA,Dominica,2007,0.74,HDRO_API
DMA,Dominica,2008,0.745,HDRO_API
DMA,Dominica,2009,0.746,HDRO_API
DMA,Dominica,2010,0.747,HDRO_API
DMA,Dominica,2011,0.745,HDRO_API
DMA,Dominica,2012,0.745,HDRO_API
DMA,Dominica,2013,0.745,HDRO_API
DMA,Dominica,2014,0.748,HDRO_API
DMA,Dominica,2015,0.741,HDRO_API
DMA,Dominica,2016,0.751,HDRO_API
DMA,Dominica,2017,0.735,HDRO_API
DMA,Dominica,2018,0.755,HDRO_API
DMA,Dominica,2019,0.758,HDRO_API
DMA,Dominica,2020,0.753,HDRO_API
DMA,Dominica,2021,0.749,HDRO_API
DMA,Dominica,2022,0.759,HDRO_API
DMA,Dominica,2023,0.761,HDRO_API
DNK,Denmark,1990,0.844,HDRO_API
DNK,Denmark,1991,0.848,HDRO_API
DNK,Denmark,1992,0.85,HDRO_API
DNK,Denmark,1993,0.853,HDRO_API
DNK,Denmark,1994,0.859,HDRO_API
DNK,Denmark,1995,0.862,HDRO_API
DNK,Denmark,1996,0.87,HDRO_API
DNK,Denmark,1997,0.876,HDRO_API
DNK,Denmark,1998,0.883,HDRO_API
DNK,Denmark,1999,0.894,HDRO_API
DNK,Denmark,2000,0.896,HDRO_API
DNK,Denmark,2001,0.902,HDRO_API
DNK,Denmark,2002,0.902,HDRO_API
DNK,Denmark,2003,0.907,HDRO_API
DNK,Denmark,2004,0.912,HDRO_API
DNK,Denmark,2005,0.917,HDRO_API
DNK,Denmark,2006,0.917,HDRO_API
DNK,Denmark,2007,0.918,HDRO_API
DNK,Denmark,2008,0.922,HDRO_API
DNK,Denmark,2009,0.915,HDRO_API
DNK,Denmark,2010,0.92,HDRO_API
DNK,Denmark,2011,0.934,HDRO_API
DNK,Denmark,2012,0.938,HDRO_API
DNK,Denmark,2013,0.941,HDRO_API
DNK,Denmark,2014,0.939,HDRO_API
DNK,Denmark,2015,0.943,HDRO_API
DNK,Denmark,2016,0.951,HDRO_API
DNK,Denmark,2017,0.951,HDRO_API
DNK,Denmark,2018,0.95,HDRO_API
DNK,Denmark,2019,0.953,HDRO_API
DNK,Denmark,2020,0.954,HDRO_API
DNK,Denmark,2021,0.958,HDRO_API
DNK,Denmark,2022,0.959,HDRO_API
DNK,Denmark,2023,0.962,HDRO_API
DOM,Dominican Republic,1990,0.589,HDRO_API
DOM,Dominican Republic,1991,0.594,HDRO_API
DOM,Dominican Republic,1992,0.604,HDRO_API
DOM,Dominican Republic,1993,0.611,HDRO_API
DOM,Dominican Republic,1994,0.617,HDRO_API
DOM,Dominican Republic,1995,0.624,HDRO_API
DOM,Dominican Republic,1996,0.631,HDRO_API
DOM,Dominican Republic,1997,0.639,HDRO_API
DOM,Dominican Republic,1998,0.645,HDRO_API
DOM,Dominican Republic,1999,0.652,HDRO_API
DOM,Dominican Republic,2000,0.658,HDRO_API
DOM,Dominican Republic,2001,0.663,HDRO_API
DOM,Dominican Republic,2002,0.668,HDRO_API
DOM,Dominican Republic,2003,0.67,HDRO_API
DOM,Dominican Republic,2004,0.673,HDRO_API
DOM,Dominican Republic,2005,0.683,HDRO_API
DOM,Dominican Republic,2006,0.691,HDRO_API
DOM,Dominican Republic,2007,0.698,HDRO_API
DOM,Dominican Republic,2008,0.704,HDRO_API
DOM,Dominican Republic,2009,0.707,HDRO_API
DOM,Dominican Republic,2010,0.715,HDRO_API
DOM,Dominican Republic,2011,0.721,HDRO_API
DOM,Dominican Republic,2012,0.727,HDRO_API
DOM,Dominican Republic,2013,0.731,HDRO_API
DOM,Dominican Republic,2014,0.737,HDRO_API
DOM,Dominican Republic,2015,0.747,HDRO_API
DOM,Dominican Republic,2016,0.766,HDRO_API
DOM,Dominican Republic,2017,0.77,HDRO_API
DOM,Dominican Republic,2018,0.773,HDRO_API
DOM,Dominican Republic,2019,0.771,HDRO_API
DOM,Dominican Republic,2020,0.767,HDRO_API
DOM,Dominican Republic,2021,0.762,HDRO_API
DOM,Dominican Republic,2022,0.778,HDRO_API
DOM,Dominican Republic,2023,0.776,HDRO_API
DZA,Algeria,1990,0.595,HDRO_API
DZA,Algeria,1991,0.596,HDRO_API
DZA,Algeria,1992,0.601,HDRO_API
DZA,Algeria,1993,0.603,HDRO_API
DZA,Algeria,1994,0.603,HDRO_API
DZA,Algeria,1995,0.608,HDRO_API
DZA,Algeria,1996,0.615,HDRO_API
DZA,Algeria,1997,0.624,HDRO_API
DZA,Algeria,1998,0.634,HDRO_API
DZA,Algeria,1999,0.643,HDRO_API
DZA,Algeria,2000,0.651,HDRO_API
DZA,Algeria,2001,0.659,HDRO_API
DZA,Algeria,2002,0.669,HDRO_API
DZA,Algeria,2003,0.677,HDRO_API
DZA,Algeria,2004,0.685,HDRO_API
DZA,Algeria,2005,0.692,HDRO_API
DZA,Algeria,2006,0.698,HDRO_API
DZA,Algeria,2007,0.704,HDRO_API
DZA,Algeria,2008,0.711,HDRO_API
DZA,Algeria,2009,0.714,HDRO_API
DZA,Algeria,2010,0.718,HDRO_API
DZA,Algeria,2011,0.718,HDRO_API
DZA,Algeria,2012,0.723,HDRO_API
DZA,Algeria,2013,0.727,HDRO_API
DZA,Algeria,2014,0.732,HDRO_API
DZA,Algeria,2015,0.737,HDRO_API
DZA,Algeria,2016,0.743,HDRO_API
DZA,Algeria,2017,0.746,HDRO_API
DZA,Algeria,2018,0.749,HDRO_API
DZA,Algeria,2019,0.753,HDRO_API
DZA,Algeria,2020,0.742,HDRO_API
DZA,Algeria,2021,0.755,HDRO_API
DZA,Algeria,2022,0.761,HDRO_API
DZA,Algeria,2023,0.763,HDRO_API
ECU,Ecuador,1990,0.646,HDRO_API
ECU,Ecuador,1991,0.649,HDRO_API
ECU,Ecuador,1992,0.654,HDRO_API
ECU,Ecuador,1993,0.66,HDRO_API
ECU,Ecuador,1994,0.667,HDRO_API
ECU,Ecuador,1995,0.672,HDRO_API
ECU,Ecuador,1996,0.677,HDRO_API
ECU,Ecuador,1997,0.682,HDRO_API
ECU,Ecuador,1998,0.684,HDRO_API
ECU,Ecuador,1999,0.682,HDRO_API
ECU,Ecuador,2000,0.683,HDRO_API
ECU,Ecuador,2001,0.691,HDRO_API
ECU,Ecuador,2002,0.698,HDRO_API
ECU,Ecuador,2003,0.703,HDRO_API
ECU,Ecuador,2004,0.709,HDRO_API
ECU,Ecuador,2005,0.714,HDRO_API
ECU,Ecuador,2006,0.718,HDRO_API
ECU,Ecuador,2007,0.722,HDRO_API
ECU,Ecuador,2008,0.729,HDRO_API
ECU,Ecuador,2009,0.731,HDRO_API
ECU,Ecuador,2010,0.737,HDRO_API
ECU,Ecuador,2011,0.743,HDRO_API
ECU,Ecuador,2012,0.75,HDRO_API
ECU,Ecuador,2013,0.755,HDRO_API
ECU,Ecuador,2014,0.76,HDRO_API
ECU,Ecuador,2015,0.764,HDRO_API
ECU,Ecuador,2016,0.761,HDRO_API
ECU,Ecuador,2017,0.764,HDRO_API
ECU,Ecuador,2018,0.767,HDRO_API
ECU,Ecuador,2019,0.765,HDRO_API
ECU,Ecuador,2020,0.74,HDRO_API
ECU,Ecuador,2021,0.753,HDRO_API
ECU,Ecuador,2022,0.773,HDRO_API
ECU,Ecuador,2023,0.777,HDRO_API
EGY,Egypt,1990,0.572,HDRO_API
EGY,Egypt,1991,0.578,HDRO_API
EGY,Egypt,1992,0.586,HDRO_API
EGY,Egypt,1993,0.593,HDRO_API
EGY,Egypt,1994,0.601,HDRO_API
EGY,Egypt,1995,0.609,HDRO_API
EGY,Egypt,1996,0.617,HDRO_API
EGY,Egypt,1997,0.623,HDRO_API
EGY,Egypt,1998,0.629,HDRO_API
EGY,Egypt,1999,0.634,HDRO_API
EGY,Egypt,2000,0.639,HDRO_API
EGY,Egypt,2001,0.642,HDRO_API
EGY,Egypt,2002,0.643,HDRO_API
EGY,Egypt,2003,0.643,HDRO_API
EGY,Egypt,2004,0.645,HDRO_API
EGY,Egypt,2005,0.648,HDRO_API
EGY,Egypt,2006,0.651,HDRO_API
EGY,Egypt,2007,0.658,HDRO_API
EGY,Egypt,2008,0.665,HDRO_API
EGY,Egypt,2009,0.671,HDRO_API
EGY,Egypt,2010,0.677,HDRO_API
EGY,Egypt,2011,0.68,HDRO_API
EGY,Egypt,2012,0.689,HDRO_API
EGY,Egypt,2013,0.695,HDRO_API
EGY,Egypt,2014,0.699,HDRO_API
EGY,Egypt,2015,0.706,HDRO_API
EGY,Egypt,2016,0.713,HDRO_API
EGY,Egypt,2017,0.72,HDRO_API
EGY,Egypt,2018,0.728,HDRO_API
EGY,Egypt,2019,0.736,HDRO_API
EGY,Egypt,2020,0.736,HDRO_API
EGY,Egypt,2021,0.738,HDRO_API
EGY,Egypt,2022,0.751,HDRO_API
EGY,Egypt,2023,0.754,HDRO_API
ERI,Eritrea,2005,0.474,HDRO_API
ERI,Eritrea,2006,0.473,HDRO_API
ERI,Eritrea,2007,0.472,HDRO_API
ERI,Eritrea,2008,0.457,HDRO_API
ERI,Eritrea,2009,0.462,HDRO_API
ERI,Eritrea,2010,0.465,HDRO_API
ERI,Eritrea,2011,0.48,HDRO_API
ERI,Eritrea,2012,0.483,HDRO_API
ERI,Eritrea,2013,0.479,HDRO_API
ERI,Eritrea,2014,0.497,HDRO_API
ERI,Eritrea,2015,0.48,HDRO_API
ERI,Eritrea,2016,0.485,HDRO_API
ERI,Eritrea,2017,0.48,HDRO_API
ERI,Eritrea,2018,0.49,HDRO_API
ERI,Eritrea,2019,0.495,HDRO_API
ERI,Eritrea,2020,0.495,HDRO_API
ERI,Eritrea,2021,0.496,HDRO_API
ERI,Eritrea,2022,0.499,HDRO_API
ERI,Eritrea,2023,0.503,HDRO_API
ESP,Spain,1990,0.766,HDRO_API
ESP,Spain,1991,0.774,HDRO_API
ESP,Spain,1992,0.781,HDRO_API
ESP,Spain,1993,0.789,HDRO_API
ESP,Spain,1994,0.798,HDRO_API
ESP,Spain,1995,0.804,HDRO_API
ESP,Spain,1996,0.811,HDRO_API
ESP,Spain,1997,0.816,HDRO_API
ESP,Spain,1998,0.821,HDRO_API
ESP,Spain,1999,0.825,HDRO_API
ESP,Spain,2000,0.833,HDRO_API
ESP,Spain,2001,0.839,HDRO_API
ESP,Spain,2002,0.844,HDRO_API
ESP,Spain,2003,0.846,HDRO_API
ESP,Spain,2004,0.852,HDRO_API
ESP,Spain,2005,0.857,HDRO_API
ESP,Spain,2006,0.862,HDRO_API
ESP,Spain,2007,0.864,HDRO_API
ESP,Spain,2008,0.865,HDRO_API
ESP,Spain,2009,0.867,HDRO_API
ESP,Spain,2010,0.875,HDRO_API
ESP,Spain,2011,0.879,HDRO_API
ESP,Spain,2012,0.881,HDRO_API
ESP,Spain,2013,0.886,HDRO_API
ESP,Spain,2014,0.89,HDRO_API
ESP,Spain,2015,0.895,HDRO_API
ESP,Spain,2016,0.9,HDRO_API
ESP,Spain,2017,0.902,HDRO_API
ESP,Spain,2018,0.905,HDRO_API
ESP,Spain,2019,0.91,HDRO_API
ESP,Spain,2020,0.901,HDRO_API
ESP,Spain,2021,0.912,HDRO_API
ESP,Spain,2022,0.911,HDRO_API
ESP,Spain,2023,0.918,HDRO_API
EST,Estonia,1990,0.738,HDRO_API
EST,Estonia,1991,0.734,HDRO_API
EST,Estonia,1992,0.722,HDRO_API
EST,Estonia,1993,0.713,HDRO_API
EST,Estonia,1994,0.711,HDRO_API
EST,Estonia,1995,0.725,HDRO_API
EST,Estonia,1996,0.746,HDRO_API
EST,Estonia,1997,0.759,HDRO_API
EST,Estonia,1998,0.767,HDRO_API
EST,Estonia,1999,0.776,HDRO_API
EST,Estonia,2000,0.793,HDRO_API
EST,Estonia,2001,0.802,HDRO_API
EST,Estonia,2002,0.813,HDRO_API
EST,Estonia,2003,0.824,HDRO_API
EST,Estonia,2004,0.834,HDRO_API
EST,Estonia,2005,0.847,HDRO_API
EST,Estonia,2006,0.855,HDRO_API
EST,Estonia,2007,0.859,HDRO_API
EST,Estonia,2008,0.864,HDRO_API
EST,Estonia,2009,0.863,HDRO_API
EST,Estonia,2010,0.868,HDRO_API
EST,Estonia,2011,0.877,HDRO_API
EST,Estonia,2012,0.88,HDRO_API
EST,Estonia,2013,0.887,HDRO_API
EST,Estonia,2014,0.885,HDRO_API
EST,Estonia,2015,0.888,HDRO_API
EST,Estonia,2016,0.89,HDRO_API
EST,Estonia,2017,0.894,HDRO_API
EST,Estonia,2018,0.897,HDRO_API
EST,Estonia,2019,0.901,HDRO_API
EST,Estonia,2020,0.901,HDRO_API
EST,Estonia,2021,0.899,HDRO_API
EST,Estonia,2022,0.902,HDRO_API
EST,Estonia,2023,0.905,HDRO_API
ETH,Ethiopia,2000,0.293,HDRO_API
ETH,Ethiopia,2001,0.307,HDRO_API
ETH,Ethiopia,2002,0.314,HDRO_API
ETH,Ethiopia,2003,0.317,HDRO_API
ETH,Ethiopia,2004,0.331,HDRO_API
ETH,Ethiopia,2005,0.35,HDRO_API
ETH,Ethiopia,2006,0.366,HDRO_API
ETH,Ethiopia,2007,0.383,HDRO_API
ETH,Ethiopia,2008,0.398,HDRO_API
ETH,Ethiopia,2009,0.405,HDRO_API
ETH,Ethiopia,2010,0.415,HDRO_API
ETH,Ethiopia,2011,0.425,HDRO_API
ETH,Ethiopia,2012,0.433,HDRO_API
ETH,Ethiopia,2013,0.441,HDRO_API
ETH,Ethiopia,2014,0.449,HDRO_API
ETH,Ethiopia,2015,0.456,HDRO_API
ETH,Ethiopia,2016,0.463,HDRO_API
ETH,Ethiopia,2017,0.47,HDRO_API
ETH,Ethiopia,2018,0.476,HDRO_API
ETH,Ethiopia,2019,0.482,HDRO_API
ETH,Ethiopia,2020,0.486,HDRO_API
ETH,Ethiopia,2021,0.487,HDRO_API
ETH,Ethiopia,2022,0.494,HDRO_API
ETH,Ethiopia,2023,0.497,HDRO_API
FIN,Finland,1990,0.823,HDRO_API
FIN,Finland,1991,0.827,HDRO_API
FIN,Finland,1992,0.833,HDRO_API
FIN,Finland,1993,0.838,HDRO_API
FIN,Finland,1994,0.85,HDRO_API
FIN,Finland,1995,0.856,HDRO_API
FIN,Finland,1996,0.863,HDRO_API
FIN,Finland,1997,0.871,HDRO_API
FIN,Finland,1998,0.88,HDRO_API
FIN,Finland,1999,0.889,HDRO_API
FIN,Finland,2000,0.898,HDRO_API
FIN,Finland,2001,0.908,HDRO_API
FIN,Finland,2002,0.912,HDRO_API
FIN,Finland,2003,0.915,HDRO_API
FIN,Finland,2004,0.911,HDRO_API
FIN,Finland,2005,0.914,HDRO_API
FIN,Finland,2006,0.917,HDRO_API
FIN,Finland,2007,0.92,HDRO_API
FIN,Finland,2008,0.921,HDRO_API
FIN,Finland,2009,0.916,HDRO_API
FIN,Finland,2010,0.92,HDRO_API
FIN,Finland,2011,0.924,HDRO_API
FIN,Finland,2012,0.924,HDRO_API
FIN,Finland,2013,0.934,HDRO_API
FIN,Finland,2014,0.936,HDRO_API
FIN,Finland,2015,0.938,HDRO_API
FIN,Finland,2016,0.94,HDRO_API
FIN,Finland,2017,0.942,HDRO_API
FIN,Finland,2018,0.945,HDRO_API
FIN,Finland,2019,0.947,HDRO_API
FIN,Finland,2020,0.947,HDRO_API
FIN,Finland,2021,0.949,HDRO_API
FIN,Finland,2022,0.946,HDRO_API
FIN,Finland,2023,0.948,HDRO_API
FJI,Fiji,1990,0.629,HDRO_API
FJI,Fiji,1991,0.633,HDRO_API
FJI,Fiji,1992,0.637,HDRO_API
FJI,Fiji,1993,0.642,HDRO_API
FJI,Fiji,1994,0.648,HDRO_API
FJI,Fiji,1995,0.653,HDRO_API
FJI,Fiji,1996,0.657,HDRO_API
FJI,Fiji,1997,0.658,HDRO_API
FJI,Fiji,1998,0.66,HDRO_API
FJI,Fiji,1999,0.667,HDRO_API
FJI,Fiji,2000,0.668,HDRO_API
FJI,Fiji,2001,0.67,HDRO_API
FJI,Fiji,2002,0.67,HDRO_API
FJI,Fiji,2003,0.673,HDRO_API
FJI,Fiji,2004,0.679,HDRO_API
FJI,Fiji,2005,0.681,HDRO_API
FJI,Fiji,2006,0.684,HDRO_API
FJI,Fiji,2007,0.686,HDRO_API
FJI,Fiji,2008,0.69,HDRO_API
FJI,Fiji,2009,0.693,HDRO_API
FJI,Fiji,2010,0.697,HDRO_API
FJI,Fiji,2011,0.701,HDRO_API
FJI,Fiji,2012,0.698,HDRO_API
FJI,Fiji,2013,0.708,HDRO_API
FJI,Fiji,2014,0.712,HDRO_API
FJI,Fiji,2015,0.715,HDRO_API
FJI,Fiji,2016,0.719,HDRO_API
FJI,Fiji,2017,0.725,HDRO_API
FJI,Fiji,2018,0.728,HDRO_API
FJI,Fiji,2019,0.727,HDRO_API
FJI,Fiji,2020,0.718,HDRO_API
FJI,Fiji,2021,0.705,HDRO_API
FJI,Fiji,2022,0.726,HDRO_API
FJI,Fiji,2023,0.731,HDRO_API
FRA,France,1990,0.798,HDRO_API
FRA,France,1991,0.807,HDRO_API
FRA,France,1992,0.814,HDRO_API
FRA,France,1993,0.818,HDRO_API
FRA,France,1994,0.832,HDRO_API
FRA,France,1995,0.837,HDRO_API
FRA,France,1996,0.842,HDRO_API
FRA,France,1997,0.847,HDRO_API
FRA,France,1998,0.851,HDRO_API
FRA,France,1999,0.856,HDRO_API
FRA,France,2000,0.852,HDRO_API
FRA,France,2001,0.855,HDRO_API
FRA,France,2002,0.858,HDRO_API
FRA,France,2003,0.862,HDRO_API
FRA,France,2004,0.869,HDRO_API
FRA,France,2005,0.877,HDRO_API
FRA,France,2006,0.881,HDRO_API
FRA,France,2007,0.884,HDRO_API
FRA,France,2008,0.884,HDRO_API
FRA,France,2009,0.883,HDRO_API
FRA,France,2010,0.888,HDRO_API
FRA,France,2011,0.892,HDRO_API
FRA,France,2012,0.893,HDRO_API
FRA,France,2013,0.896,HDRO_API
FRA,France,2014,0.9,HDRO_API
FRA,France,2015,0.901,HDRO_API
FRA,France,2016,0.905,HDRO_API
FRA,France,2017,0.908,HDRO_API
FRA,France,2018,0.911,HDRO_API
FRA,France,2019,0.914,HDRO_API
FRA,France,2020,0.909,HDRO_API
FRA,France,2021,0.915,HDRO_API
FRA,France,2022,0.916,HDRO_API
FRA,France,2023,0.92,HDRO_API
FSM,Micronesia (Federated States of),2000,0.596,HDRO_API
FSM,Micronesia (Federated States of),2001,0.599,HDRO_API
FSM,Micronesia (Federated States of),2002,0.596,HDRO_API
FSM,Micronesia (Federated States of),2003,0.601,HDRO_API
FSM,Micronesia (Federated States of),2004,0.6,HDRO_API
FSM,Micronesia (Federated States of),2005,0.601,HDRO_API
FSM,Micronesia (Federated States of),2006,0.602,HDRO_API
FSM,Micronesia (Federated States of),2007,0.601,HDRO_API
FSM,Micronesia (Federated States of),2008,0.6,HDRO_API
FSM,Micronesia (Federated States of),2009,0.601,HDRO_API
FSM,Micronesia (Federated States of),2010,0.603,HDRO_API
FSM,Micronesia (Federated States of),2011,0.605,HDRO_API
FSM,Micronesia (Federated States of),2012,0.605,HDRO_API
FSM,Micronesia (Federated States of),2013,0.603,HDRO_API
FSM,Micronesia (Federated States of),2014,0.602,HDRO_API
FSM,Micronesia (Federated States of),2015,0.604,HDRO_API
FSM,Micronesia (Federated States of),2016,0.606,HDRO_API
FSM,Micronesia (Federated States of),2017,0.607,HDRO_API
FSM,Micronesia (Federated States of),2018,0.608,HDRO_API
FSM,Micronesia (Federated States of),2019,0.611,HDRO_API
FSM,Micronesia (Federated States of),2020,0.609,HDRO_API
FSM,Micronesia (Federated States of),2021,0.611,HDRO_API
FSM,Micronesia (Federated States of),2022,0.614,HDRO_API
FSM,Micronesia (Federated States of),2023,0.615,HDRO_API
GAB,Gabon,1990,0.621,HDRO_API
GAB,Gabon,1991,0.627,HDRO_API
GAB,Gabon,1992,0.628,HDRO_API
GAB,Gabon,1993,0.631,HDRO_API
GAB,Gabon,1994,0.636,HDRO_API
GAB,Gabon,1995,0.64,HDRO_API
GAB,Gabon,1996,0.644,HDRO_API
GAB,Gabon,1997,0.648,HDRO_API
GAB,Gabon,1998,0.654,HDRO_API
GAB,Gabon,1999,0.653,HDRO_API
GAB,Gabon,2000,0.652,HDRO_API
GAB,Gabon,2001,0.657,HDRO_API
GAB,Gabon,2002,0.661,HDRO_API
GAB,Gabon,2003,0.664,HDRO_API
GAB,Gabon,2004,0.665,HDRO_API
GAB,Gabon,2005,0.671,HDRO_API
GAB,Gabon,2006,0.67,HDRO_API
GAB,Gabon,2007,0.674,HDRO_API
GAB,Gabon,2008,0.675,HDRO_API
GAB,Gabon,2009,0.681,HDRO_API
GAB,Gabon,2010,0.684,HDRO_API
GAB,Gabon,2011,0.69,HDRO_API
GAB,Gabon,2012,0.699,HDRO_API
GAB,Gabon,2013,0.707,HDRO_API
GAB,Gabon,2014,0.716,HDRO_API
GAB,Gabon,2015,0.72,HDRO_API
GAB,Gabon,2016,0.724,HDRO_API
GAB,Gabon,2017,0.726,HDRO_API
GAB,Gabon,2018,0.727,HDRO_API
GAB,Gabon,2019,0.73,HDRO_API
GAB,Gabon,2020,0.732,HDRO_API
GAB,Gabon,2021,0.72,HDRO_API
GAB,Gabon,2022,0.73,HDRO_API
GAB,Gabon,2023,0.733,HDRO_API
GBR,United Kingdom,1990,0.812,HDRO_API
GBR,United Kingdom,1991,0.816,HDRO_API
GBR,United Kingdom,1992,0.824,HDRO_API
GBR,United Kingdom,1993,0.827,HDRO_API
GBR,United Kingdom,1994,0.836,HDRO_API
GBR,United Kingdom,1995,0.835,HDRO_API
GBR,United Kingdom,1996,0.841,HDRO_API
GBR,United Kingdom,1997,0.849,HDRO_API
GBR,United Kingdom,1998,0.856,HDRO_API
GBR,United Kingdom,1999,0.862,HDRO_API
GBR,United Kingdom,2000,0.87,HDRO_API
GBR,United Kingdom,2001,0.876,HDRO_API
GBR,United Kingdom,2002,0.881,HDRO_API
GBR,United Kingdom,2003,0.886,HDRO_API
GBR,United Kingdom,2004,0.897,HDRO_API
GBR,United Kingdom,2005,0.903,HDRO_API
GBR,United Kingdom,2006,0.902,HDRO_API
GBR,United Kingdom,2007,0.905,HDRO_API
GBR,United Kingdom,2008,0.91,HDRO_API
GBR,United Kingdom,2009,0.915,HDRO_API
GBR,United Kingdom,2010,0.921,HDRO_API
GBR,United Kingdom,2011,0.916,HDRO_API
GBR,United Kingdom,2012,0.917,HDRO_API
GBR,United Kingdom,2013,0.931,HDRO_API
GBR,United Kingdom,2014,0.932,HDRO_API
GBR,United Kingdom,2015,0.931,HDRO_API
GBR,United Kingdom,2016,0.934,HDRO_API
GBR,United Kingdom,2017,0.937,HDRO_API
GBR,United Kingdom,2018,0.936,HDRO_API
GBR,United Kingdom,2019,0.941,HDRO_API
GBR,United Kingdom,2020,0.93,HDRO_API
GBR,United Kingdom,2021,0.941,HDRO_API
GBR,United Kingdom,2022,0.946,HDRO_API
GBR,United Kingdom,2023,0.946,HDRO_API
GEO,Georgia,2000,0.705,HDRO_API
GEO,Georgia,2001,0.712,HDRO_API
GEO,Georgia,2002,0.719,HDRO_API
GEO,Georgia,2003,0.733,HDRO_API
GEO,Georgia,2004,0.737,HDRO_API
GEO,Georgia,2005,0.744,HDRO_API
GEO,Georgia,2006,0.75,HDRO_API
GEO,Georgia,2007,0.76,HDRO_API
GEO,Georgia,2008,0.757,HDRO_API
GEO,Georgia,2009,0.76,HDRO_API
GEO,Georgia,2010,0.77,HDRO_API
GEO,Georgia,2011,0.78,HDRO_API
GEO,Georgia,2012,0.789,HDRO_API
GEO,Georgia,2013,0.796,HDRO_API
GEO,Georgia,2014,0.802,HDRO_API
GEO,Georgia,2015,0.807,HDRO_API
GEO,Georgia,2016,0.809,HDRO_API
GEO,Georgia,2017,0.816,HDRO_API
GEO,Georgia,2018,0.824,HDRO_API
GEO,Georgia,2019,0.83,HDRO_API
GEO,Georgia,2020,0.822,HDRO_API
GEO,Georgia,2021,0.819,HDRO_API
GEO,Georgia,2022,0.838,HDRO_API
GEO,Georgia,2023,0.844,HDRO_API
GHA,Ghana,1990,0.432,HDRO_API
GHA,Ghana,1991,0.438,HDRO_API
GHA,Ghana,1992,0.444,HDRO_API
GHA,Ghana,1993,0.45,HDRO_API
GHA,Ghana,1994,0.453,HDRO_API
GHA,Ghana,1995,0.459,HDRO_API
GHA,Ghana,1996,0.465,HDRO_API
GHA,Ghana,1997,0.469,HDRO_API
GHA,Ghana,1998,0.475,HDRO_API
GHA,Ghana,1999,0.48,HDRO_API
GHA,Ghana,2000,0.487,HDRO_API
GHA,Ghana,2001,0.486,HDRO_API
GHA,Ghana,2002,0.493,HDRO_API
GHA,Ghana,2003,0.495,HDRO_API
GHA,Ghana,2004,0.503,HDRO_API
GHA,Ghana,2005,0.515,HDRO_API
GHA,Ghana,2006,0.524,HDRO_API
GHA,Ghana,2007,0.534,HDRO_API
GHA,Ghana,2008,0.546,HDRO_API
GHA,Ghana,2009,0.551,HDRO_API
GHA,Ghana,2010,0.558,HDRO_API
GHA,Ghana,2011,0.568,HDRO_API
GHA,Ghana,2012,0.575,HDRO_API
GHA,Ghana,2013,0.582,HDRO_API
GHA,Ghana,2014,0.58,HDRO_API
GHA,Ghana,2015,0.588,HDRO_API
GHA,Ghana,2016,0.59,HDRO_API
GHA,Ghana,2017,0.594,HDRO_API
GHA,Ghana,2018,0.6,HDRO_API
GHA,Ghana,2019,0.609,HDRO_API
GHA,Ghana,2020,0.614,HDRO_API
GHA,Ghana,2021,0.618,HDRO_API
GHA,Ghana,2022,0.625,HDRO_API
GHA,Ghana,2023,0.628,HDRO_API
GIN,Guinea,1990,0.282,HDRO_API
GIN,Guinea,1991,0.287,HDRO_API
GIN,Guinea,1992,0.293,HDRO_API
GIN,Guinea,1993,0.3,HDRO_API
GIN,Guinea,1994,0.307,HDRO_API
GIN,Guinea,1995,0.314,HDRO_API
GIN,Guinea,1996,0.323,HDRO_API
GIN,Guinea,1997,0.332,HDRO_API
GIN,Guinea,1998,0.342,HDRO_API
GIN,Guinea,1999,0.351,HDRO_API
GIN,Guinea,2000,0.359,HDRO_API
GIN,Guinea,2001,0.366,HDRO_API
GIN,Guinea,2002,0.377,HDRO_API
GIN,Guinea,2003,0.384,HDRO_API
GIN,Guinea,2004,0.391,HDRO_API
GIN,Guinea,2005,0.401,HDRO_API
GIN,Guinea,2006,0.409,HDRO_API
GIN,Guinea,2007,0.416,HDRO_API
GIN,Guinea,2008,0.422,HDRO_API
GIN,Guinea,2009,0.424,HDRO_API
GIN,Guinea,2010,0.43,HDRO_API
GIN,Guinea,2011,0.436,HDRO_API
GIN,Guinea,2012,0.44,HDRO_API
GIN,Guinea,2013,0.445,HDRO_API
GIN,Guinea,2014,0.451,HDRO_API
GIN,Guinea,2015,0.465,HDRO_API
GIN,Guinea,2016,0.482,HDRO_API
GIN,Guinea,2017,0.482,HDRO_API
GIN,Guinea,2018,0.479,HDRO_API
GIN,Guinea,2019,0.486,HDRO_API
GIN,Guinea,2020,0.488,HDRO_API
GIN,Guinea,2021,0.49,HDRO_API
GIN,Guinea,2022,0.498,HDRO_API
GIN,Guinea,2023,0.5,HDRO_API
GMB,Gambia,1990,0.331,HDRO_API
GMB,Gambia,1991,0.339,HDRO_API
GMB,Gambia,1992,0.347,HDRO_API
GMB,Gambia,1993,0.355,HDRO_API
GMB,Gambia,1994,0.362,HDRO_API
GMB,Gambia,1995,0.37,HDRO_API
GMB,Gambia,1996,0.377,HDRO_API
GMB,Gambia,1997,0.381,HDRO_API
GMB,Gambia,1998,0.389,HDRO_API
GMB,Gambia,1999,0.396,HDRO_API
GMB,Gambia,2000,0.403,HDRO_API
GMB,Gambia,2001,0.41,HDRO_API
GMB,Gambia,2002,0.415,HDRO_API
GMB,Gambia,2003,0.422,HDRO_API
GMB,Gambia,2004,0.432,HDRO_API
GMB,Gambia,2005,0.436,HDRO_API
GMB,Gambia,2006,0.441,HDRO_API
GMB,Gambia,2007,0.447,HDRO_API
GMB,Gambia,2008,0.455,HDRO_API
GMB,Gambia,2009,0.459,HDRO_API
GMB,Gambia,2010,0.463,HDRO_API
GMB,Gambia,2011,0.463,HDRO_API
GMB,Gambia,2012,0.469,HDRO_API
GMB,Gambia,2013,0.474,HDRO_API
GMB,Gambia,2014,0.477,HDRO_API
GMB,Gambia,2015,0.482,HDRO_API
GMB,Gambia,2016,0.487,HDRO_API
GMB,Gambia,2017,0.493,HDRO_API
GMB,Gambia,2018,0.5,HDRO_API
GMB,Gambia,2019,0.508,HDRO_API
GMB,Gambia,2020,0.512,HDRO_API
GMB,Gambia,2021,0.513,HDRO_API
GMB,Gambia,2022,0.519,HDRO_API
GMB,Gambia,2023,0.524,HDRO_API
GNB,Guinea-Bissau,2005,0.412,HDRO_API
GNB,Guinea-Bissau,2006,0.424,HDRO_API
GNB,Guinea-Bissau,2007,0.431,HDRO_API
GNB,Guinea-Bissau,2008,0.436,HDRO_API
GNB,Guinea-Bissau,2009,0.444,HDRO_API
GNB,Guinea-Bissau,2010,0.452,HDRO_API
GNB,Guinea-Bissau,2011,0.46,HDRO_API
GNB,Guinea-Bissau,2012,0.462,HDRO_API
GNB,Guinea-Bissau,2013,0.469,HDRO_API
GNB,Guinea-Bissau,2014,0.476,HDRO_API
GNB,Guinea-Bissau,2015,0.481,HDRO_API
GNB,Guinea-Bissau,2016,0.486,HDRO_API
GNB,Guinea-Bissau,2017,0.491,HDRO_API
GNB,Guinea-Bissau,2018,0.493,HDRO_API
GNB,Guinea-Bissau,2019,0.501,HDRO_API
GNB,Guinea-Bissau,2020,0.498,HDRO_API
GNB,Guinea-Bissau,2021,0.502,HDRO_API
GNB,Guinea-Bissau,2022,0.511,HDRO_API
GNB,Guinea-Bissau,2023,0.514,HDRO_API
GNQ,Equatorial Guinea,2000,0.508,HDRO_API
GNQ,Equatorial Guinea,2001,0.521,HDRO_API
GNQ,Equatorial Guinea,2002,0.536,HDRO_API
GNQ,Equatorial Guinea,2003,0.541,HDRO_API
GNQ,Equatorial Guinea,2004,0.552,HDRO_API
GNQ,Equatorial Guinea,2005,0.566,HDRO_API
GNQ,Equatorial Guinea,2006,0.591,HDRO_API
GNQ,Equatorial Guinea,2007,0.603,HDRO_API
GNQ,Equatorial Guinea,2008,0.613,HDRO_API
GNQ,Equatorial Guinea,2009,0.615,HDRO_API
GNQ,Equatorial Guinea,2010,0.612,HDRO_API
GNQ,Equatorial Guinea,2011,0.624,HDRO_API
GNQ,Equatorial Guinea,2012,0.635,HDRO_API
GNQ,Equatorial Guinea,2013,0.644,HDRO_API
GNQ,Equatorial Guinea,2014,0.652,HDRO_API
GNQ,Equatorial Guinea,2015,0.656,HDRO_API
GNQ,Equatorial Guinea,2016,0.659,HDRO_API
GNQ,Equatorial Guinea,2017,0.661,HDRO_API
GNQ,Equatorial Guinea,2018,0.663,HDRO_API
GNQ,Equatorial Guinea,2019,0.667,HDRO_API
GNQ,Equatorial Guinea,2020,0.668,HDRO_API
GNQ,Equatorial Guinea,2021,0.671,HDRO_API
GNQ,Equatorial Guinea,2022,0.677,HDRO_API
GNQ,Equatorial Guinea,2023,0.674,HDRO_API
GRC,Greece,1990,0.77,HDRO_API
GRC,Greece,1991,0.78,HDRO_API
GRC,Greece,1992,0.782,HDRO_API
GRC,Greece,1993,0.784,HDRO_API
GRC,Greece,1994,0.79,HDRO_API
GRC,Greece,1995,0.792,HDRO_API
GRC,Greece,1996,0.796,HDRO_API
GRC,Greece,1997,0.803,HDRO_API
GRC,Greece,1998,0.813,HDRO_API
GRC,Greece,1999,0.816,HDRO_API
GRC,Greece,2000,0.828,HDRO_API
GRC,Greece,2001,0.837,HDRO_API
GRC,Greece,2002,0.836,HDRO_API
GRC,Greece,2003,0.842,HDRO_API
GRC,Greece,2004,0.851,HDRO_API
GRC,Greece,2005,0.863,HDRO_API
GRC,Greece,2006,0.871,HDRO_API
GRC,Greece,2007,0.866,HDRO_API
GRC,Greece,2008,0.871,HDRO_API
GRC,Greece,2009,0.874,HDRO_API
GRC,Greece,2010,0.876,HDRO_API
GRC,Greece,2011,0.874,HDRO_API
GRC,Greece,2012,0.874,HDRO_API
GRC,Greece,2013,0.879,HDRO_API
GRC,Greece,2014,0.886,HDRO_API
GRC,Greece,2015,0.888,HDRO_API
GRC,Greece,2016,0.884,HDRO_API
GRC,Greece,2017,0.887,HDRO_API
GRC,Greece,2018,0.893,HDRO_API
GRC,Greece,2019,0.896,HDRO_API
GRC,Greece,2020,0.896,HDRO_API
GRC,Greece,2021,0.897,HDRO_API
GRC,Greece,2022,0.897,HDRO_API
GRC,Greece,2023,0.908,HDRO_API
GRD,Grenada,2002,0.744,HDRO_API
GRD,Grenada,2003,0.751,HDRO_API
GRD,Grenada,2004,0.746,HDRO_API
GRD,Grenada,2005,0.764,HDRO_API
GRD,Grenada,2006,0.764,HDRO_API
GRD,Grenada,2007,0.768,HDRO_API
GRD,Grenada,2008,0.771,HDRO_API
GRD,Grenada,2009,0.767,HDRO_API
GRD,Grenada,2010,0.771,HDRO_API
GRD,Grenada,2011,0.773,HDRO_API
GRD,Grenada,2012,0.774,HDRO_API
GRD,Grenada,2013,0.777,HDRO_API
GRD,Grenada,2014,0.779,HDRO_API
GRD,Grenada,2015,0.782,HDRO_API
GRD,Grenada,2016,0.784,HDRO_API
GRD,Grenada,2017,0.784,HDRO_API
GRD,Grenada,2018,0.788,HDRO_API
GRD,Grenada,2019,0.789,HDRO_API
GRD,Grenada,2020,0.782,HDRO_API
GRD,Grenada,2021,0.782,HDRO_API
GRD,Grenada,2022,0.789,HDRO_API
GRD,Grenada,2023,0.791,HDRO_API
GTM,Guatemala,1990,0.499,HDRO_API
GTM,Guatemala,1991,0.503,HDRO_API
GTM,Guatemala,1992,0.506,HDRO_API
GTM,Guatemala,1993,0.51,HDRO_API
GTM,Guatemala,1994,0.515,HDRO_API
GTM,Guatemala,1995,0.522,HDRO_API
GTM,Guatemala,1996,0.53,HDRO_API
GTM,Guatemala,1997,0.539,HDRO_API
GTM,Guatemala,1998,0.548,HDRO_API
GTM,Guatemala,1999,0.556,HDRO_API
GTM,Guatemala,2000,0.563,HDRO_API
GTM,Guatemala,2001,0.567,HDRO_API
GTM,Guatemala,2002,0.572,HDRO_API
GTM,Guatemala,2003,0.577,HDRO_API
GTM,Guatemala,2004,0.58,HDRO_API
GTM,Guatemala,2005,0.583,HDRO_API
GTM,Guatemala,2006,0.59,HDRO_API
GTM,Guatemala,2007,0.601,HDRO_API
GTM,Guatemala,2008,0.609,HDRO_API
GTM,Guatemala,2009,0.616,HDRO_API
GTM,Guatemala,2010,0.623,HDRO_API
GTM,Guatemala,2011,0.628,HDRO_API
GTM,Guatemala,2012,0.631,HDRO_API
GTM,Guatemala,2013,0.633,HDRO_API
GTM,Guatemala,2014,0.65,HDRO_API
GTM,Guatemala,2015,0.638,HDRO_API
GTM,Guatemala,2016,0.642,HDRO_API
GTM,Guatemala,2017,0.647,HDRO_API
GTM,Guatemala,2018,0.649,HDRO_API
GTM,Guatemala,2019,0.653,HDRO_API
GTM,Guatemala,2020,0.645,HDRO_API
GTM,Guatemala,2021,0.639,HDRO_API
GTM,Guatemala,2022,0.655,HDRO_API
GTM,Guatemala,2023,0.662,HDRO_API
GUY,Guyana,1990,0.494,HDRO_API
GUY,Guyana,1991,0.491,HDRO_API
GUY,Guyana,1992,0.507,HDRO_API
GUY,Guyana,1993,0.521,HDRO_API
GUY,Guyana,1994,0.531,HDRO_API
GUY,Guyana,1995,0.536,HDRO_API
GUY,Guyana,1996,0.546,HDRO_API
GUY,Guyana,1997,0.552,HDRO_API
GUY,Guyana,1998,0.557,HDRO_API
GUY,Guyana,1999,0.562,HDRO_API
GUY,Guyana,2000,0.567,HDRO_API
GUY,Guyana,2001,0.575,HDRO_API
GUY,Guyana,2002,0.58,HDRO_API
GUY,Guyana,2003,0.587,HDRO_API
GUY,Guyana,2004,0.6,HDRO_API
GUY,Guyana,2005,0.61,HDRO_API
GUY,Guyana,2006,0.619,HDRO_API
GUY,Guyana,2007,0.626,HDRO_API
GUY,Guyana,2008,0.632,HDRO_API
GUY,Guyana,2009,0.637,HDRO_API
GUY,Guyana,2010,0.647,HDRO_API
GUY,Guyana,2011,0.659,HDRO_API
GUY,Guyana,2012,0.664,HDRO_API
GUY,Guyana,2013,0.669,HDRO_API
GUY,Guyana,2014,0.678,HDRO_API
GUY,Guyana,2015,0.683,HDRO_API
GUY,Guyana,2016,0.69,HDRO_API
GUY,Guyana,2017,0.696,HDRO_API
GUY,Guyana,2018,0.702,HDRO_API
GUY,Guyana,2019,0.709,HDRO_API
GUY,Guyana,2020,0.722,HDRO_API
GUY,Guyana,2021,0.713,HDRO_API
GUY,Guyana,2022,0.763,HDRO_API
GUY,Guyana,2023,0.776,HDRO_API
HKG,"Hong Kong, China (SAR)",1990,0.755,HDRO_API
HKG,"Hong Kong, China (SAR)",1991,0.764,HDRO_API
HKG,"Hong Kong, China (SAR)",1992,0.773,HDRO_API
HKG,"Hong Kong, China (SAR)",1993,0.784,HDRO_API
HKG,"Hong Kong, China (SAR)",1994,0.793,HDRO_API
HKG,"Hong Kong, China (SAR)",1995,0.8,HDRO_API
HKG,"Hong Kong, China (SAR)",1996,0.808,HDRO_API
HKG,"Hong Kong, China (SAR)",1997,0.817,HDRO_API
HKG,"Hong Kong, China (SAR)",1998,0.823,HDRO_API
HKG,"Hong Kong, China (SAR)",1999,0.83,HDRO_API
HKG,"Hong Kong, China (SAR)",2000,0.839,HDRO_API
HKG,"Hong Kong, China (SAR)",2001,0.847,HDRO_API
HKG,"Hong Kong, China (SAR)",2002,0.854,HDRO_API
HKG,"Hong Kong, China (SAR)",2003,0.861,HDRO_API
HKG,"Hong Kong, China (SAR)",2004,0.866,HDRO_API
HKG,"Hong Kong, China (SAR)",2005,0.872,HDRO_API
HKG,"Hong Kong, China (SAR)",2006,0.879,HDRO_API
HKG,"Hong Kong, China (SAR)",2007,0.891,HDRO_API
HKG,"Hong Kong, China (SAR)",2008,0.907,HDRO_API
HKG,"Hong Kong, China (SAR)",2009,0.909,HDRO_API
HKG,"Hong Kong, China (SAR)",2010,0.912,HDRO_API
HKG,"Hong Kong, China (SAR)",2011,0.918,HDRO_API
HKG,"Hong Kong, China (SAR)",2012,0.923,HDRO_API
HKG,"Hong Kong, China (SAR)",2013,0.928,HDRO_API
HKG,"Hong Kong, China (SAR)",2014,0.932,HDRO_API
HKG,"Hong Kong, China (SAR)",2015,0.937,HDRO_API
HKG,"Hong Kong, China (SAR)",2016,0.94,HDRO_API
HKG,"Hong Kong, China (SAR)",2017,0.946,HDRO_API
HKG,"Hong Kong, China (SAR)",2018,0.952,HDRO_API
HKG,"Hong Kong, China (SAR)",2019,0.952,HDRO_API
HKG,"Hong Kong, China (SAR)",2020,0.95,HDRO_API
HKG,"Hong Kong, China (SAR)",2021,0.961,HDRO_API
HKG,"Hong Kong, China (SAR)",2022,0.95,HDRO_API
HKG,"Hong Kong, China (SAR)",2023,0.955,HDRO_API
HND,Honduras,1990,0.516,HDRO_API
HND,Honduras,1991,0.519,HDRO_API
HND,Honduras,1992,0.523,HDRO_API
HND,Honduras,1993,0.529,HDRO_API
HND,Honduras,1994,0.532,HDRO_API
HND,Honduras,1995,0.537,HDRO_API
HND,Honduras,1996,0.541,HDRO_API
HND,Honduras,1997,0.547,HDRO_API
HND,Honduras,1998,0.529,HDRO_API
HND,Honduras,1999,0.552,HDRO_API
HND,Honduras,2000,0.558,HDRO_API
HND,Honduras,2001,0.561,HDRO_API
HND,Honduras,2002,0.564,HDRO_API
HND,Honduras,2003,0.568,HDRO_API
HND,Honduras,2004,0.573,HDRO_API
HND,Honduras,2005,0.578,HDRO_API
HND,Honduras,2006,0.582,HDRO_API
HND,Honduras,2007,0.587,HDRO_API
HND,Honduras,2008,0.592,HDRO_API
HND,Honduras,2009,0.594,HDRO_API
HND,Honduras,2010,0.596,HDRO_API
HND,Honduras,2011,0.598,HDRO_API
HND,Honduras,2012,0.597,HDRO_API
HND,Honduras,2013,0.601,HDRO_API
HND,Honduras,2014,0.604,HDRO_API
HND,Honduras,2015,0.61,HDRO_API
HND,Honduras,2016,0.616,HDRO_API
HND,Honduras,2017,0.618,HDRO_API
HND,Honduras,2018,0.619,HDRO_API
HND,Honduras,2019,0.632,HDRO_API
HND,Honduras,2020,0.625,HDRO_API
HND,Honduras,2021,0.628,HDRO_API
HND,Honduras,2022,0.643,HDRO_API
HND,Honduras,2023,0.645,HDRO_API
HRV,Croatia,1995,0.713,HDRO_API
HRV,Croatia,1996,0.725,HDRO_API
HRV,Croatia,1997,0.734,HDRO_API
HRV,Croatia,1998,0.744,HDRO_API
HRV,Croatia,1999,0.753,HDRO_API
HRV,Croatia,2000,0.769,HDRO_API
HRV,Croatia,2001,0.785,HDRO_API
HRV,Croatia,2002,0.792,HDRO_API
HRV,Croatia,2003,0.798,HDRO_API
HRV,Croatia,2004,0.807,HDRO_API
HRV,Croatia,2005,0.814,HDRO_API
HRV,Croatia,2006,0.819,HDRO_API
HRV,Croatia,2007,0.825,HDRO_API
HRV,Croatia,2008,0.827,HDRO_API
HRV,Croatia,2009,0.826,HDRO_API
HRV,Croatia,2010,0.831,HDRO_API
HRV,Croatia,2011,0.836,HDRO_API
HRV,Croatia,2012,0.839,HDRO_API
HRV,Croatia,2013,0.846,HDRO_API
HRV,Croatia,2014,0.848,HDRO_API
HRV,Croatia,2015,0.852,HDRO_API
HRV,Croatia,2016,0.856,HDRO_API
HRV,Croatia,2017,0.862,HDRO_API
HRV,Croatia,2018,0.867,HDRO_API
HRV,Croatia,2019,0.872,HDRO_API
HRV,Croatia,2020,0.867,HDRO_API
HRV,Croatia,2021,0.876,HDRO_API
HRV,Croatia,2022,0.886,HDRO_API
HRV,Croatia,2023,0.889,HDRO_API
HTI,Haiti,1990,0.461,HDRO_API
HTI,Haiti,1991,0.464,HDRO_API
HTI,Haiti,1992,0.466,HDRO_API
HTI,Haiti,1993,0.467,HDRO_API
HTI,Haiti,1994,0.463,HDRO_API
HTI,Haiti,1995,0.473,HDRO_API
HTI,Haiti,1996,0.479,HDRO_API
HTI,Haiti,1997,0.484,HDRO_API
HTI,Haiti,1998,0.488,HDRO_API
HTI,Haiti,1999,0.493,HDRO_API
HTI,Haiti,2000,0.497,HDRO_API
HTI,Haiti,2001,0.5,HDRO_API
HTI,Haiti,2002,0.504,HDRO_API
HTI,Haiti,2003,0.508,HDRO_API
HTI,Haiti,2004,0.505,HDRO_API
HTI,Haiti,2005,0.516,HDRO_API
HTI,Haiti,2006,0.52,HDRO_API
HTI,Haiti,2007,0.524,HDRO_API
HTI,Haiti,2008,0.528,HDRO_API
HTI,Haiti,2009,0.534,HDRO_API
HTI,Haiti,2010,0.452,HDRO_API
HTI,Haiti,2011,0.536,HDRO_API
HTI,Haiti,2012,0.54,HDRO_API
HTI,Haiti,2013,0.545,HDRO_API
HTI,Haiti,2014,0.549,HDRO_API
HTI,Haiti,2015,0.552,HDRO_API
HTI,Haiti,2016,0.555,HDRO_API
HTI,Haiti,2017,0.559,HDRO_API
HTI,Haiti,2018,0.561,HDRO_API
HTI,Haiti,2019,0.56,HDRO_API
HTI,Haiti,2020,0.555,HDRO_API
HTI,Haiti,2021,0.548,HDRO_API
HTI,Haiti,2022,0.552,HDRO_API
HTI,Haiti,2023,0.554,HDRO_API
HUN,Hungary,1990,0.73,HDRO_API
HUN,Hungary,1991,0.724,HDRO_API
HUN,Hungary,1992,0.722,HDRO_API
HUN,Hungary,1993,0.729,HDRO_API
HUN,Hungary,1994,0.739,HDRO_API
HUN,Hungary,1995,0.744,HDRO_API
HUN,Hungary,1996,0.752,HDRO_API
HUN,Hungary,1997,0.758,HDRO_API
HUN,Hungary,1998,0.764,HDRO_API
HUN,Hungary,1999,0.771,HDRO_API
HUN,Hungary,2000,0.781,HDRO_API
HUN,Hungary,2001,0.791,HDRO_API
HUN,Hungary,2002,0.8,HDRO_API
HUN,Hungary,2003,0.807,HDRO_API
HUN,Hungary,2004,0.811,HDRO_API
HUN,Hungary,2005,0.816,HDRO_API
HUN,Hungary,2006,0.823,HDRO_API
HUN,Hungary,2007,0.826,HDRO_API
HUN,Hungary,2008,0.833,HDRO_API
HUN,Hungary,2009,0.834,HDRO_API
HUN,Hungary,2010,0.838,HDRO_API
HUN,Hungary,2011,0.841,HDRO_API
HUN,Hungary,2012,0.841,HDRO_API
HUN,Hungary,2013,0.85,HDRO_API
HUN,Hungary,2014,0.848,HDRO_API
HUN,Hungary,2015,0.847,HDRO_API
HUN,Hungary,2016,0.851,HDRO_API
HUN,Hungary,2017,0.853,HDRO_API
HUN,Hungary,2018,0.857,HDRO_API
HUN,Hungary,2019,0.861,HDRO_API
HUN,Hungary,2020,0.857,HDRO_API
HUN,Hungary,2021,0.852,HDRO_API
HUN,Hungary,2022,0.867,HDRO_API
HUN,Hungary,2023,0.87,HDRO_API
IDN,Indonesia,1990,0.531,HDRO_API
IDN,Indonesia,1991,0.538,HDRO_API
IDN,Indonesia,1992,0.545,HDRO_API
IDN,Indonesia,1993,0.555,HDRO_API
IDN,Indonesia,1994,0.565,HDRO_API
IDN,Indonesia,1995,0.575,HDRO_API
IDN,Indonesia,1996,0.585,HDRO_API
IDN,Indonesia,1997,0.595,HDRO_API
IDN,Indonesia,1998,0.591,HDRO_API
IDN,Indonesia,1999,0.595,HDRO_API
IDN,Indonesia,2000,0.6,HDRO_API
IDN,Indonesia,2001,0.608,HDRO_API
IDN,Indonesia,2002,0.617,HDRO_API
IDN,Indonesia,2003,0.625,HDRO_API
IDN,Indonesia,2004,0.624,HDRO_API
IDN,Indonesia,2005,0.638,HDRO_API
IDN,Indonesia,2006,0.646,HDRO_API
IDN,Indonesia,2007,0.649,HDRO_API
IDN,Indonesia,2008,0.653,HDRO_API
IDN,Indonesia,2009,0.663,HDRO_API
IDN,Indonesia,2010,0.67,HDRO_API
IDN,Indonesia,2011,0.678,HDRO_API
IDN,Indonesia,2012,0.686,HDRO_API
IDN,Indonesia,2013,0.69,HDRO_API
IDN,Indonesia,2014,0.693,HDRO_API
IDN,Indonesia,2015,0.701,HDRO_API
IDN,Indonesia,2016,0.705,HDRO_API
IDN,Indonesia,2017,0.712,HDRO_API
IDN,Indonesia,2018,0.715,HDRO_API
IDN,Indonesia,2019,0.714,HDRO_API
IDN,Indonesia,2020,0.71,HDRO_API
IDN,Indonesia,2021,0.707,HDRO_API
IDN,Indonesia,2022,0.726,HDRO_API
IDN,Indonesia,2023,0.728,HDRO_API
IND,India,1990,0.446,HDRO_API
IND,India,1991,0.448,HDRO_API
IND,India,1992,0.453,HDRO_API
IND,India,1993,0.458,HDRO_API
IND,India,1994,0.463,HDRO_API
IND,India,1995,0.469,HDRO_API
IND,India,1996,0.476,HDRO_API
IND,India,1997,0.482,HDRO_API
IND,India,1998,0.488,HDRO_API
IND,India,1999,0.496,HDRO_API
IND,India,2000,0.501,HDRO_API
IND,India,2001,0.511,HDRO_API
IND,India,2002,0.516,HDRO_API
IND,India,2003,0.529,HDRO_API
IND,India,2004,0.538,HDRO_API
IND,India,2005,0.547,HDRO_API
IND,India,2006,0.557,HDRO_API
IND,India,2007,0.566,HDRO_API
IND,India,2008,0.574,HDRO_API
IND,India,2009,0.579,HDRO_API
IND,India,2010,0.59,HDRO_API
IND,India,2011,0.603,HDRO_API
IND,India,2012,0.609,HDRO_API
IND,India,2013,0.615,HDRO_API
IND,India,2014,0.625,HDRO_API
IND,India,2015,0.633,HDRO_API
IND,India,2016,0.644,HDRO_API
IND,India,2017,0.649,HDRO_API
IND,India,2018,0.648,HDRO_API
IND,India,2019,0.651,HDRO_API
IND,India,2020,0.652,HDRO_API
IND,India,2021,0.647,HDRO_API
IND,India,2022,0.676,HDRO_API
IND,India,2023,0.685,HDRO_API
IRL,Ireland,1990,0.776,HDRO_API
IRL,Ireland,1991,0.78,HDRO_API
IRL,Ireland,1992,0.787,HDRO_API
IRL,Ireland,1993,0.794,HDRO_API
IRL,Ireland,1994,0.805,HDRO_API
IRL,Ireland,1995,0.809,HDRO_API
IRL,Ireland,1996,0.816,HDRO_API
IRL,Ireland,1997,0.823,HDRO_API
IRL,Ireland,1998,0.855,HDRO_API
IRL,Ireland,1999,0.858,HDRO_API
IRL,Ireland,2000,0.869,HDRO_API
IRL,Ireland,2001,0.876,HDRO_API
IRL,Ireland,2002,0.883,HDRO_API
IRL,Ireland,2003,0.891,HDRO_API
IRL,Ireland,2004,0.899,HDRO_API
IRL,Ireland,2005,0.905,HDRO_API
IRL,Ireland,2006,0.908,HDRO_API
IRL,Ireland,2007,0.911,HDRO_API
IRL,Ireland,2008,0.907,HDRO_API
IRL,Ireland,2009,0.907,HDRO_API
IRL,Ireland,2010,0.915,HDRO_API
IRL,Ireland,2011,0.909,HDRO_API
IRL,Ireland,2012,0.911,HDRO_API
IRL,Ireland,2013,0.915,HDRO_API
IRL,Ireland,2014,0.921,HDRO_API
IRL,Ireland,2015,0.931,HDRO_API
IRL,Ireland,2016,0.936,HDRO_API
IRL,Ireland,2017,0.941,HDRO_API
IRL,Ireland,2018,0.944,HDRO_API
IRL,Ireland,2019,0.947,HDRO_API
IRL,Ireland,2020,0.948,HDRO_API
IRL,Ireland,2021,0.946,HDRO_API
IRL,Ireland,2022,0.947,HDRO_API
IRL,Ireland,2023,0.949,HDRO_API
IRN,Iran (Islamic Republic of),1990,0.626,HDRO_API
IRN,Iran (Islamic Republic of),1991,0.645,HDRO_API
IRN,Iran (Islamic Republic of),1992,0.652,HDRO_API
IRN,Iran (Islamic Republic of),1993,0.658,HDRO_API
IRN,Iran (Islamic Republic of),1994,0.664,HDRO_API
IRN,Iran (Islamic Republic of),1995,0.672,HDRO_API
IRN,Iran (Islamic Republic of),1996,0.681,HDRO_API
IRN,Iran (Islamic Republic of),1997,0.687,HDRO_API
IRN,Iran (Islamic Republic of),1998,0.695,HDRO_API
IRN,Iran (Islamic Republic of),1999,0.703,HDRO_API
IRN,Iran (Islamic Republic of),2000,0.71,HDRO_API
IRN,Iran (Islamic Republic of),2001,0.719,HDRO_API
IRN,Iran (Islamic Republic of),2002,0.727,HDRO_API
IRN,Iran (Islamic Republic of),2003,0.732,HDRO_API
IRN,Iran (Islamic Republic of),2004,0.741,HDRO_API
IRN,Iran (Islamic Republic of),2005,0.746,HDRO_API
IRN,Iran (Islamic Republic of),2006,0.757,HDRO_API
IRN,Iran (Islamic Republic of),2007,0.761,HDRO_API
IRN,Iran (Islamic Republic of),2008,0.765,HDRO_API
IRN,Iran (Islamic Republic of),2009,0.771,HDRO_API
IRN,Iran (Islamic Republic of),2010,0.778,HDRO_API
IRN,Iran (Islamic Republic of),2011,0.787,HDRO_API
IRN,Iran (Islamic Republic of),2012,0.795,HDRO_API
IRN,Iran (Islamic Republic of),2013,0.794,HDRO_API
IRN,Iran (Islamic Republic of),2014,0.795,HDRO_API
IRN,Iran (Islamic Republic of),2015,0.788,HDRO_API
IRN,Iran (Islamic Republic of),2016,0.791,HDRO_API
IRN,Iran (Islamic Republic of),2017,0.793,HDRO_API
IRN,Iran (Islamic Republic of),2018,0.79,HDRO_API
IRN,Iran (Islamic Republic of),2019,0.787,HDRO_API
IRN,Iran (Islamic Republic of),2020,0.775,HDRO_API
IRN,Iran (Islamic Republic of),2021,0.777,HDRO_API
IRN,Iran (Islamic Republic of),2022,0.793,HDRO_API
IRN,Iran (Islamic Republic of),2023,0.799,HDRO_API
IRQ,Iraq,1990,0.531,HDRO_API
IRQ,Iraq,1991,0.504,HDRO_API
IRQ,Iraq,1992,0.532,HDRO_API
IRQ,Iraq,1993,0.55,HDRO_API
IRQ,Iraq,1994,0.547,HDRO_API
IRQ,Iraq,1995,0.538,HDRO_API
IRQ,Iraq,1996,0.557,HDRO_API
IRQ,Iraq,1997,0.565,HDRO_API
IRQ,Iraq,1998,0.58,HDRO_API
IRQ,Iraq,1999,0.589,HDRO_API
IRQ,Iraq,2000,0.592,HDRO_API
IRQ,Iraq,2001,0.598,HDRO_API
IRQ,Iraq,2002,0.6,HDRO_API
IRQ,Iraq,2003,0.582,HDRO_API
IRQ,Iraq,2004,0.604,HDRO_API
IRQ,Iraq,2005,0.609,HDRO_API
IRQ,Iraq,2006,0.611,HDRO_API
IRQ,Iraq,2007,0.618,HDRO_API
IRQ,Iraq,2008,0.634,HDRO_API
IRQ,Iraq,2009,0.644,HDRO_API
IRQ,Iraq,2010,0.65,HDRO_API
IRQ,Iraq,2011,0.656,HDRO_API
IRQ,Iraq,2012,0.664,HDRO_API
IRQ,Iraq,2013,0.668,HDRO_API
IRQ,Iraq,2014,0.671,HDRO_API
IRQ,Iraq,2015,0.675,HDRO_API
IRQ,Iraq,2016,0.676,HDRO_API
IRQ,Iraq,2017,0.681,HDRO_API
IRQ,Iraq,2018,0.689,HDRO_API
IRQ,Iraq,2019,0.693,HDRO_API
IRQ,Iraq,2020,0.68,HDRO_API
IRQ,Iraq,2021,0.687,HDRO_API
IRQ,Iraq,2022,0.695,HDRO_API
IRQ,Iraq,2023,0.695,HDRO_API
ISL,Iceland,1990,0.841,HDRO_API
ISL,Iceland,1991,0.853,HDRO_API
ISL,Iceland,1992,0.86,HDRO_API
ISL,Iceland,1993,0.863,HDRO_API
ISL,Iceland,1994,0.868,HDRO_API
ISL,Iceland,1995,0.863,HDRO_API
ISL,Iceland,1996,0.873,HDRO_API
ISL,Iceland,1997,0.881,HDRO_API
ISL,Iceland,1998,0.893,HDRO_API
ISL,Iceland,1999,0.895,HDRO_API
ISL,Iceland,2000,0.902,HDRO_API
ISL,Iceland,2001,0.91,HDRO_API
ISL,Iceland,2002,0.917,HDRO_API
ISL,Iceland,2003,0.925,HDRO_API
ISL,Iceland,2004,0.928,HDRO_API
ISL,Iceland,2005,0.935,HDRO_API
ISL,Iceland,2006,0.936,HDRO_API
ISL,Iceland,2007,0.941,HDRO_API
ISL,Iceland,2008,0.935,HDRO_API
ISL,Iceland,2009,0.934,HDRO_API
ISL,Iceland,2010,0.935,HDRO_API
ISL,Iceland,2011,0.941,HDRO_API
ISL,Iceland,2012,0.946,HDRO_API
ISL,Iceland,2013,0.95,HDRO_API
ISL,Iceland,2014,0.954,HDRO_API
ISL,Iceland,2015,0.956,HDRO_API
ISL,Iceland,2016,0.959,HDRO_API
ISL,Iceland,2017,0.962,HDRO_API
ISL,Iceland,2018,0.966,HDRO_API
ISL,Iceland,2019,0.969,HDRO_API
ISL,Iceland,2020,0.965,HDRO_API
ISL,Iceland,2021,0.967,HDRO_API
ISL,Iceland,2022,0.964,HDRO_API
ISL,Iceland,2023,0.972,HDRO_API
ISR,Israel,1990,0.787,HDRO_API
ISR,Israel,1991,0.791,HDRO_API
ISR,Israel,1992,0.794,HDRO_API
ISR,Israel,1993,0.801,HDRO_API
ISR,Israel,1994,0.806,HDRO_API
ISR,Israel,1995,0.81,HDRO_API
ISR,Israel,1996,0.817,HDRO_API
ISR,Israel,1997,0.824,HDRO_API
ISR,Israel,1998,0.831,HDRO_API
ISR,Israel,1999,0.839,HDRO_API
ISR,Israel,2000,0.839,HDRO_API
ISR,Israel,2001,0.841,HDRO_API
ISR,Israel,2002,0.846,HDRO_API
ISR,Israel,2003,0.847,HDRO_API
ISR,Israel,2004,0.85,HDRO_API
ISR,Israel,2005,0.858,HDRO_API
ISR,Israel,2006,0.867,HDRO_API
ISR,Israel,2007,0.878,HDRO_API
ISR,Israel,2008,0.878,HDRO_API
ISR,Israel,2009,0.884,HDRO_API
ISR,Israel,2010,0.889,HDRO_API
ISR,Israel,2011,0.892,HDRO_API
ISR,Israel,2012,0.893,HDRO_API
ISR,Israel,2013,0.899,HDRO_API
ISR,Israel,2014,0.902,HDRO_API
ISR,Israel,2015,0.902,HDRO_API
ISR,Israel,2016,0.905,HDRO_API
ISR,Israel,2017,0.908,HDRO_API
ISR,Israel,2018,0.911,HDRO_API
ISR,Israel,2019,0.913,HDRO_API
ISR,Israel,2020,0.912,HDRO_API
ISR,Israel,2021,0.918,HDRO_API
ISR,Israel,2022,0.921,HDRO_API
ISR,Israel,2023,0.919,HDRO_API
ITA,Italy,1990,0.787,HDRO_API
ITA,Italy,1991,0.792,HDRO_API
ITA,Italy,1992,0.8,HDRO_API
ITA,Italy,1993,0.806,HDRO_API
ITA,Italy,1994,0.816,HDRO_API
ITA,Italy,1995,0.823,HDRO_API
ITA,Italy,1996,0.829,HDRO_API
ITA,Italy,1997,0.836,HDRO_API
ITA,Italy,1998,0.84,HDRO_API
ITA,Italy,1999,0.845,HDRO_API
ITA,Italy,2000,0.849,HDRO_API
ITA,Italy,2001,0.856,HDRO_API
ITA,Italy,2002,0.862,HDRO_API
ITA,Italy,2003,0.866,HDRO_API
ITA,Italy,2004,0.874,HDRO_API
ITA,Italy,2005,0.876,HDRO_API
ITA,Italy,2006,0.881,HDRO_API
ITA,Italy,2007,0.885,HDRO_API
ITA,Italy,2008,0.885,HDRO_API
ITA,Italy,2009,0.884,HDRO_API
ITA,Italy,2010,0.887,HDRO_API
ITA,Italy,2011,0.89,HDRO_API
ITA,Italy,2012,0.887,HDRO_API
ITA,Italy,2013,0.887,HDRO_API
ITA,Italy,2014,0.89,HDRO_API
ITA,Italy,2015,0.889,HDRO_API
ITA,Italy,2016,0.894,HDRO_API
ITA,Italy,2017,0.897,HDRO_API
ITA,Italy,2018,0.902,HDRO_API
ITA,Italy,2019,0.906,HDRO_API
ITA,Italy,2020,0.899,HDRO_API
ITA,Italy,2021,0.908,HDRO_API
ITA,Italy,2022,0.905,HDRO_API
ITA,Italy,2023,0.915,HDRO_API
JAM,Jamaica,1990,0.662,HDRO_API
JAM,Jamaica,1991,0.662,HDRO_API
JAM,Jamaica,1992,0.664,HDRO_API
JAM,Jamaica,1993,0.664,HDRO_API
JAM,Jamaica,1994,0.664,HDRO_API
JAM,Jamaica,1995,0.665,HDRO_API
JAM,Jamaica,1996,0.664,HDRO_API
JAM,Jamaica,1997,0.663,HDRO_API
JAM,Jamaica,1998,0.662,HDRO_API
JAM,Jamaica,1999,0.662,HDRO_API
JAM,Jamaica,2000,0.659,HDRO_API
JAM,Jamaica,2001,0.668,HDRO_API
JAM,Jamaica,2002,0.672,HDRO_API
JAM,Jamaica,2003,0.668,HDRO_API
JAM,Jamaica,2004,0.684,HDRO_API
JAM,Jamaica,2005,0.687,HDRO_API
JAM,Jamaica,2006,0.696,HDRO_API
JAM,Jamaica,2007,0.704,HDRO_API
JAM,Jamaica,2008,0.711,HDRO_API
JAM,Jamaica,2009,0.711,HDRO_API
JAM,Jamaica,2010,0.708,HDRO_API
JAM,Jamaica,2011,0.711,HDRO_API
JAM,Jamaica,2012,0.711,HDRO_API
JAM,Jamaica,2013,0.711,HDRO_API
JAM,Jamaica,2014,0.712,HDRO_API
JAM,Jamaica,2015,0.713,HDRO_API
JAM,Jamaica,2016,0.714,HDRO_API
JAM,Jamaica,2017,0.715,HDRO_API
JAM,Jamaica,2018,0.715,HDRO_API
JAM,Jamaica,2019,0.716,HDRO_API
JAM,Jamaica,2020,0.711,HDRO_API
JAM,Jamaica,2021,0.703,HDRO_API
JAM,Jamaica,2022,0.718,HDRO_API
JAM,Jamaica,2023,0.72,HDRO_API
JOR,Jordan,1990,0.619,HDRO_API
JOR,Jordan,1991,0.625,HDRO_API
JOR,Jordan,1992,0.638,HDRO_API
JOR,Jordan,1993,0.643,HDRO_API
JOR,Jordan,1994,0.647,HDRO_API
JOR,Jordan,1995,0.653,HDRO_API
JOR,Jordan,1996,0.657,HDRO_API
JOR,Jordan,1997,0.661,HDRO_API
JOR,Jordan,1998,0.664,HDRO_API
JOR,Jordan,1999,0.668,HDRO_API
JOR,Jordan,2000,0.672,HDRO_API
JOR,Jordan,2001,0.679,HDRO_API
JOR,Jordan,2002,0.686,HDRO_API
JOR,Jordan,2003,0.693,HDRO_API
JOR,Jordan,2004,0.705,HDRO_API
JOR,Jordan,2005,0.713,HDRO_API
JOR,Jordan,2006,0.719,HDRO_API
JOR,Jordan,2007,0.725,HDRO_API
JOR,Jordan,2008,0.733,HDRO_API
JOR,Jordan,2009,0.735,HDRO_API
JOR,Jordan,2010,0.732,HDRO_API
JOR,Jordan,2011,0.734,HDRO_API
JOR,Jordan,2012,0.74,HDRO_API
JOR,Jordan,2013,0.742,HDRO_API
JOR,Jordan,2014,0.742,HDRO_API
JOR,Jordan,2015,0.743,HDRO_API
JOR,Jordan,2016,0.745,HDRO_API
JOR,Jordan,2017,0.747,HDRO_API
JOR,Jordan,2018,0.747,HDRO_API
JOR,Jordan,2019,0.75,HDRO_API
JOR,Jordan,2020,0.743,HDRO_API
JOR,Jordan,2021,0.736,HDRO_API
JOR,Jordan,2022,0.751,HDRO_API
JOR,Jordan,2023,0.754,HDRO_API
JPN,Japan,1990,0.853,HDRO_API
JPN,Japan,1991,0.857,HDRO_API
JPN,Japan,1992,0.859,HDRO_API
JPN,Japan,1993,0.865,HDRO_API
JPN,Japan,1994,0.872,HDRO_API
JPN,Japan,1995,0.874,HDRO_API
JPN,Japan,1996,0.88,HDRO_API
JPN,Japan,1997,0.883,HDRO_API
JPN,Japan,1998,0.884,HDRO_API
JPN,Japan,1999,0.885,HDRO_API
JPN,Japan,2000,0.889,HDRO_API
JPN,Japan,2001,0.892,HDRO_API
JPN,Japan,2002,0.894,HDRO_API
JPN,Japan,2003,0.896,HDRO_API
JPN,Japan,2004,0.899,HDRO_API
JPN,Japan,2005,0.9,HDRO_API
JPN,Japan,2006,0.903,HDRO_API
JPN,Japan,2007,0.905,HDRO_API
JPN,Japan,2008,0.905,HDRO_API
JPN,Japan,2009,0.905,HDRO_API
JPN,Japan,2010,0.907,HDRO_API
JPN,Japan,2011,0.906,HDRO_API
JPN,Japan,2012,0.909,HDRO_API
JPN,Japan,2013,0.912,HDRO_API
JPN,Japan,2014,0.914,HDRO_API
JPN,Japan,2015,0.917,HDRO_API
JPN,Japan,2016,0.918,HDRO_API
JPN,Japan,2017,0.92,HDRO_API
JPN,Japan,2018,0.921,HDRO_API
JPN,Japan,2019,0.922,HDRO_API
JPN,Japan,2020,0.922,HDRO_API
JPN,Japan,2021,0.922,HDRO_API
JPN,Japan,2022,0.921,HDRO_API
JPN,Japan,2023,0.925,HDRO_API
KAZ,Kazakhstan,1990,0.689,HDRO_API
KAZ,Kazakhstan,1991,0.683,HDRO_API
KAZ,Kazakhstan,1992,0.68,HDRO_API
KAZ,Kazakhstan,1993,0.673,HDRO_API
KAZ,Kazakhstan,1994,0.666,HDRO_API
KAZ,Kazakhstan,1995,0.665,HDRO_API
KAZ,Kazakhstan,1996,0.669,HDRO_API
KAZ,Kazakhstan,1997,0.673,HDRO_API
KAZ,Kazakhstan,1998,0.678,HDRO_API
KAZ,Kazakhstan,1999,0.683,HDRO_API
KAZ,Kazakhstan,2000,0.692,HDRO_API
KAZ,Kazakhstan,2001,0.707,HDRO_API
KAZ,Kazakhstan,2002,0.72,HDRO_API
KAZ,Kazakhstan,2003,0.732,HDRO_API
KAZ,Kazakhstan,2004,0.743,HDRO_API
KAZ,Kazakhstan,2005,0.754,HDRO_API
KAZ,Kazakhstan,2006,0.765,HDRO_API
KAZ,Kazakhstan,2007,0.772,HDRO_API
KAZ,Kazakhstan,2008,0.771,HDRO_API
KAZ,Kazakhstan,2009,0.774,HDRO_API
KAZ,Kazakhstan,2010,0.781,HDRO_API
KAZ,Kazakhstan,2011,0.79,HDRO_API
KAZ,Kazakhstan,2012,0.799,HDRO_API
KAZ,Kazakhstan,2013,0.808,HDRO_API
KAZ,Kazakhstan,2014,0.813,HDRO_API
KAZ,Kazakhstan,2015,0.819,HDRO_API
KAZ,Kazakhstan,2016,0.82,HDRO_API
KAZ,Kazakhstan,2017,0.824,HDRO_API
KAZ,Kazakhstan,2018,0.828,HDRO_API
KAZ,Kazakhstan,2019,0.834,HDRO_API
KAZ,Kazakhstan,2020,0.826,HDRO_API
KAZ,Kazakhstan,2021,0.816,HDRO_API
KAZ,Kazakhstan,2022,0.831,HDRO_API
KAZ,Kazakhstan,2023,0.837,HDRO_API
KEN,Kenya,1990,0.485,HDRO_API
KEN,Kenya,1991,0.485,HDRO_API
KEN,Kenya,1992,0.484,HDRO_API
KEN,Kenya,1993,0.483,HDRO_API
KEN,Kenya,1994,0.484,HDRO_API
KEN,Kenya,1995,0.488,HDRO_API
KEN,Kenya,1996,0.491,HDRO_API
KEN,Kenya,1997,0.493,HDRO_API
KEN,Kenya,1998,0.496,HDRO_API
KEN,Kenya,1999,0.499,HDRO_API
KEN,Kenya,2000,0.5,HDRO_API
KEN,Kenya,2001,0.505,HDRO_API
KEN,Kenya,2002,0.504,HDRO_API
KEN,Kenya,2003,0.515,HDRO_API
KEN,Kenya,2004,0.526,HDRO_API
KEN,Kenya,2005,0.532,HDRO_API
KEN,Kenya,2006,0.541,HDRO_API
KEN,Kenya,2007,0.548,HDRO_API
KEN,Kenya,2008,0.553,HDRO_API
KEN,Kenya,2009,0.553,HDRO_API
KEN,Kenya,2010,0.552,HDRO_API
KEN,Kenya,2011,0.56,HDRO_API
KEN,Kenya,2012,0.565,HDRO_API
KEN,Kenya,2013,0.57,HDRO_API
KEN,Kenya,2014,0.576,HDRO_API
KEN,Kenya,2015,0.583,HDRO_API
KEN,Kenya,2016,0.594,HDRO_API
KEN,Kenya,2017,0.599,HDRO_API
KEN,Kenya,2018,0.605,HDRO_API
KEN,Kenya,2019,0.611,HDRO_API
KEN,Kenya,2020,0.6,HDRO_API
KEN,Kenya,2021,0.608,HDRO_API
KEN,Kenya,2022,0.626,HDRO_API
KEN,Kenya,2023,0.628,HDRO_API
KGZ,Kyrgyzstan,1990,0.649,HDRO_API
KGZ,Kyrgyzstan,1991,0.643,HDRO_API
KGZ,Kyrgyzstan,1992,0.631,HDRO_API
KGZ,Kyrgyzstan,1993,0.615,HDRO_API
KGZ,Kyrgyzstan,1994,0.595,HDRO_API
KGZ,Kyrgyzstan,1995,0.59,HDRO_API
KGZ,Kyrgyzstan,1996,0.597,HDRO_API
KGZ,Kyrgyzstan,1997,0.608,HDRO_API
KGZ,Kyrgyzstan,1998,0.613,HDRO_API
KGZ,Kyrgyzstan,1999,0.619,HDRO_API
KGZ,Kyrgyzstan,2000,0.627,HDRO_API
KGZ,Kyrgyzstan,2001,0.634,HDRO_API
KGZ,Kyrgyzstan,2002,0.635,HDRO_API
KGZ,Kyrgyzstan,2003,0.642,HDRO_API
KGZ,Kyrgyzstan,2004,0.646,HDRO_API
KGZ,Kyrgyzstan,2005,0.648,HDRO_API
KGZ,Kyrgyzstan,2006,0.652,HDRO_API
KGZ,Kyrgyzstan,2007,0.658,HDRO_API
KGZ,Kyrgyzstan,2008,0.666,HDRO_API
KGZ,Kyrgyzstan,2009,0.669,HDRO_API
KGZ,Kyrgyzstan,2010,0.668,HDRO_API
KGZ,Kyrgyzstan,2011,0.67,HDRO_API
KGZ,Kyrgyzstan,2012,0.679,HDRO_API
KGZ,Kyrgyzstan,2013,0.686,HDRO_API
KGZ,Kyrgyzstan,2014,0.691,HDRO_API
KGZ,Kyrgyzstan,2015,0.695,HDRO_API
KGZ,Kyrgyzstan,2016,0.7,HDRO_API
KGZ,Kyrgyzstan,2017,0.704,HDRO_API
KGZ,Kyrgyzstan,2018,0.708,HDRO_API
KGZ,Kyrgyzstan,2019,0.708,HDRO_API
KGZ,Kyrgyzstan,2020,0.7,HDRO_API
KGZ,Kyrgyzstan,2021,0.704,HDRO_API
KGZ,Kyrgyzstan,2022,0.717,HDRO_API
KGZ,Kyrgyzstan,2023,0.72,HDRO_API
KHM,Cambodia,1990,0.387,HDRO_API
KHM,Cambodia,1991,0.392,HDRO_API
KHM,Cambodia,1992,0.396,HDRO_API
KHM,Cambodia,1993,0.399,HDRO_API
KHM,Cambodia,1994,0.4,HDRO_API
KHM,Cambodia,1995,0.404,HDRO_API
KHM,Cambodia,1996,0.408,HDRO_API
KHM,Cambodia,1997,0.414,HDRO_API
KHM,Cambodia,1998,0.419,HDRO_API
KHM,Cambodia,1999,0.429,HDRO_API
KHM,Cambodia,2000,0.438,HDRO_API
KHM,Cambodia,2001,0.453,HDRO_API
KHM,Cambodia,2002,0.473,HDRO_API
KHM,Cambodia,2003,0.488,HDRO_API
KHM,Cambodia,2004,0.502,HDRO_API
KHM,Cambodia,2005,0.514,HDRO_API
KHM,Cambodia,2006,0.525,HDRO_API
KHM,Cambodia,2007,0.534,HDRO_API
KHM,Cambodia,2008,0.539,HDRO_API
KHM,Cambodia,2009,0.539,HDRO_API
KHM,Cambodia,2010,0.543,HDRO_API
KHM,Cambodia,2011,0.547,HDRO_API
KHM,Cambodia,2012,0.551,HDRO_API
KHM,Cambodia,2013,0.554,HDRO_API
KHM,Cambodia,2014,0.557,HDRO_API
KHM,Cambodia,2015,0.562,HDRO_API
KHM,Cambodia,2016,0.57,HDRO_API
KHM,Cambodia,2017,0.578,HDRO_API
KHM,Cambodia,2018,0.586,HDRO_API
KHM,Cambodia,2019,0.593,HDRO_API
KHM,Cambodia,2020,0.595,HDRO_API
KHM,Cambodia,2021,0.594,HDRO_API
KHM,Cambodia,2022,0.602,HDRO_API
KHM,Cambodia,2023,0.606,HDRO_API
KIR,Kiribati,2005,0.588,HDRO_API
KIR,Kiribati,2006,0.593,HDRO_API
KIR,Kiribati,2007,0.596,HDRO_API
KIR,Kiribati,2008,0.596,HDRO_API
KIR,Kiribati,2009,0.598,HDRO_API
KIR,Kiribati,2010,0.6,HDRO_API
KIR,Kiribati,2011,0.603,HDRO_API
KIR,Kiribati,2012,0.608,HDRO_API
KIR,Kiribati,2013,0.613,HDRO_API
KIR,Kiribati,2014,0.615,HDRO_API
KIR,Kiribati,2015,0.623,HDRO_API
KIR,Kiribati,2016,0.627,HDRO_API
KIR,Kiribati,2017,0.63,HDRO_API
KIR,Kiribati,2018,0.633,HDRO_API
KIR,Kiribati,2019,0.635,HDRO_API
KIR,Kiribati,2020,0.632,HDRO_API
KIR,Kiribati,2021,0.631,HDRO_API
KIR,Kiribati,2022,0.642,HDRO_API
KIR,Kiribati,2023,0.644,HDRO_API
KNA,Saint Kitts and Nevis,2005,0.758,HDRO_API
KNA,Saint Kitts and Nevis,2006,0.765,HDRO_API
KNA,Saint Kitts and Nevis,2007,0.769,HDRO_API
KNA,Saint Kitts and Nevis,2008,0.776,HDRO_API
KNA,Saint Kitts and Nevis,2009,0.783,HDRO_API
KNA,Saint Kitts and Nevis,2010,0.791,HDRO_API
KNA,Saint Kitts and Nevis,2011,0.8,HDRO_API
KNA,Saint Kitts and Nevis,2012,0.808,HDRO_API
KNA,Saint Kitts and Nevis,2013,0.818,HDRO_API
KNA,Saint Kitts and Nevis,2014,0.829,HDRO_API
KNA,Saint Kitts and Nevis,2015,0.83,HDRO_API
KNA,Saint Kitts and Nevis,2016,0.832,HDRO_API
KNA,Saint Kitts and Nevis,2017,0.834,HDRO_API
KNA,Saint Kitts and Nevis,2018,0.835,HDRO_API
KNA,Saint Kitts and Nevis,2019,0.839,HDRO_API
KNA,Saint Kitts and Nevis,2020,0.828,HDRO_API
KNA,Saint Kitts and Nevis,2021,0.818,HDRO_API
KNA,Saint Kitts and Nevis,2022,0.829,HDRO_API
KNA,Saint Kitts and Nevis,2023,0.84,HDRO_API
KOR,Korea (Republic of),1990,0.738,HDRO_API
KOR,Korea (Republic of),1991,0.749,HDRO_API
KOR,Korea (Republic of),1992,0.759,HDRO_API
KOR,Korea (Republic of),1993,0.77,HDRO_API
KOR,Korea (Republic of),1994,0.779,HDRO_API
KOR,Korea (Republic of),1995,0.789,HDRO_API
KOR,Korea (Republic of),1996,0.801,HDRO_API
KOR,Korea (Republic of),1997,0.812,HDRO_API
KOR,Korea (Republic of),1998,0.809,HDRO_API
KOR,Korea (Republic of),1999,0.821,HDRO_API
KOR,Korea (Republic of),2000,0.83,HDRO_API
KOR,Korea (Republic of),2001,0.838,HDRO_API
KOR,Korea (Republic of),2002,0.846,HDRO_API
KOR,Korea (Republic of),2003,0.852,HDRO_API
KOR,Korea (Republic of),2004,0.859,HDRO_API
KOR,Korea (Republic of),2005,0.866,HDRO_API
KOR,Korea (Republic of),2006,0.871,HDRO_API
KOR,Korea (Republic of),2007,0.876,HDRO_API
KOR,Korea (Republic of),2008,0.878,HDRO_API
KOR,Korea (Republic of),2009,0.881,HDRO_API
KOR,Korea (Republic of),2010,0.894,HDRO_API
KOR,Korea (Republic of),2011,0.899,HDRO_API
KOR,Korea (Republic of),2012,0.901,HDRO_API
KOR,Korea (Republic of),2013,0.905,HDRO_API
KOR,Korea (Republic of),2014,0.91,HDRO_API
KOR,Korea (Republic of),2015,0.914,HDRO_API
KOR,Korea (Republic of),2016,0.918,HDRO_API
KOR,Korea (Republic of),2017,0.922,HDRO_API
KOR,Korea (Republic of),2018,0.924,HDRO_API
KOR,Korea (Republic of),2019,0.927,HDRO_API
KOR,Korea (Republic of),2020,0.928,HDRO_API
KOR,Korea (Republic of),2021,0.933,HDRO_API
KOR,Korea (Republic of),2022,0.928,HDRO_API
KOR,Korea (Republic of),2023,0.937,HDRO_API
KWT,Kuwait,1990,0.698,HDRO_API
KWT,Kuwait,1991,0.685,HDRO_API
KWT,Kuwait,1992,0.699,HDRO_API
KWT,Kuwait,1993,0.704,HDRO_API
KWT,Kuwait,1994,0.734,HDRO_API
KWT,Kuwait,1995,0.763,HDRO_API
KWT,Kuwait,1996,0.769,HDRO_API
KWT,Kuwait,1997,0.765,HDRO_API
KWT,Kuwait,1998,0.77,HDRO_API
KWT,Kuwait,1999,0.773,HDRO_API
KWT,Kuwait,2000,0.778,HDRO_API
KWT,Kuwait,2001,0.777,HDRO_API
KWT,Kuwait,2002,0.783,HDRO_API
KWT,Kuwait,2003,0.795,HDRO_API
KWT,Kuwait,2004,0.798,HDRO_API
KWT,Kuwait,2005,0.798,HDRO_API
KWT,Kuwait,2006,0.799,HDRO_API
KWT,Kuwait,2007,0.801,HDRO_API
KWT,Kuwait,2008,0.805,HDRO_API
KWT,Kuwait,2009,0.809,HDRO_API
KWT,Kuwait,2010,0.812,HDRO_API
KWT,Kuwait,2011,0.817,HDRO_API
KWT,Kuwait,2012,0.822,HDRO_API
KWT,Kuwait,2013,0.814,HDRO_API
KWT,Kuwait,2014,0.818,HDRO_API
KWT,Kuwait,2015,0.832,HDRO_API
KWT,Kuwait,2016,0.836,HDRO_API
KWT,Kuwait,2017,0.838,HDRO_API
KWT,Kuwait,2018,0.84,HDRO_API
KWT,Kuwait,2019,0.843,HDRO_API
KWT,Kuwait,2020,0.837,HDRO_API
KWT,Kuwait,2021,0.839,HDRO_API
KWT,Kuwait,2022,0.845,HDRO_API
KWT,Kuwait,2023,0.852,HDRO_API
LAO,Lao People's Democratic Republic,1990,0.409,HDRO_API
LAO,Lao People's Democratic Republic,1991,0.415,HDRO_API
LAO,Lao People's Democratic Republic,1992,0.42,HDRO_API
LAO,Lao People's Democratic Republic,1993,0.426,HDRO_API
LAO,Lao People's Democratic Republic,1994,0.434,HDRO_API
LAO,Lao People's Democratic Republic,1995,0.436,HDRO_API
LAO,Lao People's Democratic Republic,1996,0.449,HDRO_API
LAO,Lao People's Democratic Republic,1997,0.455,HDRO_API
LAO,Lao People's Democratic Republic,1998,0.462,HDRO_API
LAO,Lao People's Democratic Republic,1999,0.469,HDRO_API
LAO,Lao People's Democratic Republic,2000,0.473,HDRO_API
LAO,Lao People's Democratic Republic,2001,0.479,HDRO_API
LAO,Lao People's Democratic Republic,2002,0.488,HDRO_API
LAO,Lao People's Democratic Republic,2003,0.496,HDRO_API
LAO,Lao People's Democratic Republic,2004,0.505,HDRO_API
LAO,Lao People's Democratic Republic,2005,0.514,HDRO_API
LAO,Lao People's Democratic Republic,2006,0.515,HDRO_API
LAO,Lao People's Democratic Republic,2007,0.529,HDRO_API
LAO,Lao People's Democratic Republic,2008,0.537,HDRO_API
LAO,Lao People's Democratic Republic,2009,0.548,HDRO_API
LAO,Lao People's Democratic Republic,2010,0.556,HDRO_API
LAO,Lao People's Democratic Republic,2011,0.567,HDRO_API
LAO,Lao People's Democratic Republic,2012,0.577,HDRO_API
LAO,Lao People's Democratic Republic,2013,0.587,HDRO_API
LAO,Lao People's Democratic Republic,2014,0.597,HDRO_API
LAO,Lao People's Democratic Republic,2015,0.604,HDRO_API
LAO,Lao People's Democratic Republic,2016,0.609,HDRO_API
LAO,Lao People's Democratic Republic,2017,0.612,HDRO_API
LAO,Lao People's Democratic Republic,2018,0.613,HDRO_API
LAO,Lao People's Democratic Republic,2019,0.615,HDRO_API
LAO,Lao People's Democratic Republic,2020,0.616,HDRO_API
LAO,Lao People's Democratic Republic,2021,0.613,HDRO_API
LAO,Lao People's Democratic Republic,2022,0.614,HDRO_API
LAO,Lao People's Democratic Republic,2023,0.617,HDRO_API
LBN,Lebanon,2005,0.71,HDRO_API
LBN,Lebanon,2006,0.713,HDRO_API
LBN,Lebanon,2007,0.726,HDRO_API
LBN,Lebanon,2008,0.734,HDRO_API
LBN,Lebanon,2009,0.743,HDRO_API
LBN,Lebanon,2010,0.75,HDRO_API
LBN,Lebanon,2011,0.758,HDRO_API
LBN,Lebanon,2012,0.762,HDRO_API
LBN,Lebanon,2013,0.762,HDRO_API
LBN,Lebanon,2014,0.761,HDRO_API
LBN,Lebanon,2015,0.763,HDRO_API
LBN,Lebanon,2016,0.767,HDRO_API
LBN,Lebanon,2017,0.772,HDRO_API
LBN,Lebanon,2018,0.774,HDRO_API
LBN,Lebanon,2019,0.771,HDRO_API
LBN,Lebanon,2020,0.75,HDRO_API
LBN,Lebanon,2021,0.733,HDRO_API
LBN,Lebanon,2022,0.755,HDRO_API
LBN,Lebanon,2023,0.752,HDRO_API
LBR,Liberia,1999,0.403,HDRO_API
LBR,Liberia,2000,0.443,HDRO_API
LBR,Liberia,2001,0.448,HDRO_API
LBR,Liberia,2002,0.453,HDRO_API
LBR,Liberia,2003,0.429,HDRO_API
LBR,Liberia,2004,0.442,HDRO_API
LBR,Liberia,2005,0.446,HDRO_API
LBR,Liberia,2006,0.45,HDRO_API
LBR,Liberia,2007,0.455,HDRO_API
LBR,Liberia,2008,0.459,HDRO_API
LBR,Liberia,2009,0.463,HDRO_API
LBR,Liberia,2010,0.467,HDRO_API
LBR,Liberia,2011,0.471,HDRO_API
LBR,Liberia,2012,0.475,HDRO_API
LBR,Liberia,2013,0.481,HDRO_API
LBR,Liberia,2014,0.479,HDRO_API
LBR,Liberia,2015,0.48,HDRO_API
LBR,Liberia,2016,0.485,HDRO_API
LBR,Liberia,2017,0.491,HDRO_API
LBR,Liberia,2018,0.495,HDRO_API
LBR,Liberia,2019,0.497,HDRO_API
LBR,Liberia,2020,0.498,HDRO_API
LBR,Liberia,2021,0.503,HDRO_API
LBR,Liberia,2022,0.508,HDRO_API
LBR,Liberia,2023,0.51,HDRO_API
LBY,Libya,1990,0.69,HDRO_API
LBY,Libya,1991,0.7,HDRO_API
LBY,Libya,1992,0.703,HDRO_API
LBY,Libya,1993,0.705,HDRO_API
LBY,Libya,1994,0.71,HDRO_API
LBY,Libya,1995,0.712,HDRO_API
LBY,Libya,1996,0.716,HDRO_API
LBY,Libya,1997,0.721,HDRO_API
LBY,Libya,1998,0.721,HDRO_API
LBY,Libya,1999,0.724,HDRO_API
LBY,Libya,2000,0.727,HDRO_API
LBY,Libya,2001,0.73,HDRO_API
LBY,Libya,2002,0.733,HDRO_API
LBY,Libya,2003,0.739,HDRO_API
LBY,Libya,2004,0.741,HDRO_API
LBY,Libya,2005,0.747,HDRO_API
LBY,Libya,2006,0.751,HDRO_API
LBY,Libya,2007,0.754,HDRO_API
LBY,Libya,2008,0.754,HDRO_API
LBY,Libya,2009,0.753,HDRO_API
LBY,Libya,2010,0.755,HDRO_API
LBY,Libya,2011,0.715,HDRO_API
LBY,Libya,2012,0.758,HDRO_API
LBY,Libya,2013,0.748,HDRO_API
LBY,Libya,2014,0.728,HDRO_API
LBY,Libya,2015,0.728,HDRO_API
LBY,Libya,2016,0.725,HDRO_API
LBY,Libya,2017,0.74,HDRO_API
LBY,Libya,2018,0.743,HDRO_API
LBY,Libya,2019,0.737,HDRO_API
LBY,Libya,2020,0.688,HDRO_API
LBY,Libya,2021,0.729,HDRO_API
LBY,Libya,2022,0.741,HDRO_API
LBY,Libya,2023,0.721,HDRO_API
LCA,Saint Lucia,1990,0.683,HDRO_API
LCA,Saint Lucia,1991,0.685,HDRO_API
LCA,Saint Lucia,1992,0.692,HDRO_API
LCA,Saint Lucia,1993,0.694,HDRO_API
LCA,Saint Lucia,1994,0.696,HDRO_API
LCA,Saint Lucia,1995,0.698,HDRO_API
LCA,Saint Lucia,1996,0.701,HDRO_API
LCA,Saint Lucia,1997,0.701,HDRO_API
LCA,Saint Lucia,1998,0.705,HDRO_API
LCA,Saint Lucia,1999,0.708,HDRO_API
LCA,Saint Lucia,2000,0.71,HDRO_API
LCA,Saint Lucia,2001,0.712,HDRO_API
LCA,Saint Lucia,2002,0.716,HDRO_API
LCA,Saint Lucia,2003,0.721,HDRO_API
LCA,Saint Lucia,2004,0.726,HDRO_API
LCA,Saint Lucia,2005,0.73,HDRO_API
LCA,Saint Lucia,2006,0.741,HDRO_API
LCA,Saint Lucia,2007,0.74,HDRO_API
LCA,Saint Lucia,2008,0.749,HDRO_API
LCA,Saint Lucia,2009,0.751,HDRO_API
LCA,Saint Lucia,2010,0.749,HDRO_API
LCA,Saint Lucia,2011,0.755,HDRO_API
LCA,Saint Lucia,2012,0.748,HDRO_API
LCA,Saint Lucia,2013,0.741,HDRO_API
LCA,Saint Lucia,2014,0.746,HDRO_API
LCA,Saint Lucia,2015,0.757,HDRO_API
LCA,Saint Lucia,2016,0.76,HDRO_API
LCA,Saint Lucia,2017,0.757,HDRO_API
LCA,Saint Lucia,2018,0.759,HDRO_API
LCA,Saint Lucia,2019,0.745,HDRO_API
LCA,Saint Lucia,2020,0.734,HDRO_API
LCA,Saint Lucia,2021,0.724,HDRO_API
LCA,Saint Lucia,2022,0.747,HDRO_API
LCA,Saint Lucia,2023,0.748,HDRO_API
LIE,Liechtenstein,2000,0.882,HDRO_API
LIE,Liechtenstein,2001,0.888,HDRO_API
LIE,Liechtenstein,2002,0.893,HDRO_API
LIE,Liechtenstein,2003,0.897,HDRO_API
LIE,Liechtenstein,2004,0.904,HDRO_API
LIE,Liechtenstein,2005,0.903,HDRO_API
LIE,Liechtenstein,2006,0.908,HDRO_API
LIE,Liechtenstein,2007,0.909,HDRO_API
LIE,Liechtenstein,2008,0.912,HDRO_API
LIE,Liechtenstein,2009,0.913,HDRO_API
LIE,Liechtenstein,2010,0.914,HDRO_API
LIE,Liechtenstein,2011,0.919,HDRO_API
LIE,Liechtenstein,2012,0.919,HDRO_API
LIE,Liechtenstein,2013,0.92,HDRO_API
LIE,Liechtenstein,2014,0.923,HDRO_API
LIE,Liechtenstein,2015,0.925,HDRO_API
LIE,Liechtenstein,2016,0.926,HDRO_API
LIE,Liechtenstein,2017,0.929,HDRO_API
LIE,Liechtenstein,2018,0.928,HDRO_API
LIE,Liechtenstein,2019,0.935,HDRO_API
LIE,Liechtenstein,2020,0.929,HDRO_API
LIE,Liechtenstein,2021,0.933,HDRO_API
LIE,Liechtenstein,2022,0.936,HDRO_API
LIE,Liechtenstein,2023,0.938,HDRO_API
LKA,Sri Lanka,1990,0.638,HDRO_API
LKA,Sri Lanka,1991,0.642,HDRO_API
LKA,Sri Lanka,1992,0.65,HDRO_API
LKA,Sri Lanka,1993,0.658,HDRO_API
LKA,Sri Lanka,1994,0.664,HDRO_API
LKA,Sri Lanka,1995,0.667,HDRO_API
LKA,Sri Lanka,1996,0.672,HDRO_API
LKA,Sri Lanka,1997,0.679,HDRO_API
LKA,Sri Lanka,1998,0.685,HDRO_API
LKA,Sri Lanka,1999,0.692,HDRO_API
LKA,Sri Lanka,2000,0.702,HDRO_API
LKA,Sri Lanka,2001,0.704,HDRO_API
LKA,Sri Lanka,2002,0.709,HDRO_API
LKA,Sri Lanka,2003,0.713,HDRO_API
LKA,Sri Lanka,2004,0.695,HDRO_API
LKA,Sri Lanka,2005,0.721,HDRO_API
LKA,Sri Lanka,2006,0.724,HDRO_API
LKA,Sri Lanka,2007,0.729,HDRO_API
LKA,Sri Lanka,2008,0.73,HDRO_API
LKA,Sri Lanka,2009,0.723,HDRO_API
LKA,Sri Lanka,2010,0.748,HDRO_API
LKA,Sri Lanka,2011,0.753,HDRO_API
LKA,Sri Lanka,2012,0.759,HDRO_API
LKA,Sri Lanka,2013,0.764,HDRO_API
LKA,Sri Lanka,2014,0.767,HDRO_API
LKA,Sri Lanka,2015,0.769,HDRO_API
LKA,Sri Lanka,2016,0.772,HDRO_API
LKA,Sri Lanka,2017,0.777,HDRO_API
LKA,Sri Lanka,2018,0.782,HDRO_API
LKA,Sri Lanka,2019,0.781,HDRO_API
LKA,Sri Lanka,2020,0.78,HDRO_API
LKA,Sri Lanka,2021,0.777,HDRO_API
LKA,Sri Lanka,2022,0.777,HDRO_API
LKA,Sri Lanka,2023,0.776,HDRO_API
LSO,Lesotho,1990,0.483,HDRO_API
LSO,Lesotho,1991,0.482,HDRO_API
LSO,Lesotho,1992,0.481,HDRO_API
LSO,Lesotho,1993,0.477,HDRO_API
LSO,Lesotho,1994,0.478,HDRO_API
LSO,Lesotho,1995,0.476,HDRO_API
LSO,Lesotho,1996,0.473,HDRO_API
LSO,Lesotho,1997,0.469,HDRO_API
LSO,Lesotho,1998,0.469,HDRO_API
LSO,Lesotho,1999,0.462,HDRO_API
LSO,Lesotho,2000,0.462,HDRO_API
LSO,Lesotho,2001,0.457,HDRO_API
LSO,Lesotho,2002,0.455,HDRO_API
LSO,Lesotho,2003,0.456,HDRO_API
LSO,Lesotho,2004,0.454,HDRO_API
LSO,Lesotho,2005,0.454,HDRO_API
LSO,Lesotho,2006,0.451,HDRO_API
LSO,Lesotho,2007,0.458,HDRO_API
LSO,Lesotho,2008,0.463,HDRO_API
LSO,Lesotho,2009,0.468,HDRO_API
LSO,Lesotho,2010,0.478,HDRO_API
LSO,Lesotho,2011,0.485,HDRO_API
LSO,Lesotho,2012,0.496,HDRO_API
LSO,Lesotho,2013,0.502,HDRO_API
LSO,Lesotho,2014,0.509,HDRO_API
LSO,Lesotho,2015,0.517,HDRO_API
LSO,Lesotho,2016,0.526,HDRO_API
LSO,Lesotho,2017,0.531,HDRO_API
LSO,Lesotho,2018,0.538,HDRO_API
LSO,Lesotho,2019,0.541,HDRO_API
LSO,Lesotho,2020,0.537,HDRO_API
LSO,Lesotho,2021,0.532,HDRO_API
LSO,Lesotho,2022,0.547,HDRO_API
LSO,Lesotho,2023,0.55,HDRO_API
LTU,Lithuania,1990,0.745,HDRO_API
LTU,Lithuania,1991,0.738,HDRO_API
LTU,Lithuania,1992,0.723,HDRO_API
LTU,Lithuania,1993,0.705,HDRO_API
LTU,Lithuania,1994,0.699,HDRO_API
LTU,Lithuania,1995,0.706,HDRO_API
LTU,Lithuania,1996,0.723,HDRO_API
LTU,Lithuania,1997,0.739,HDRO_API
LTU,Lithuania,1998,0.751,HDRO_API
LTU,Lithuania,1999,0.762,HDRO_API
LTU,Lithuania,2000,0.778,HDRO_API
LTU,Lithuania,2001,0.787,HDRO_API
LTU,Lithuania,2002,0.799,HDRO_API
LTU,Lithuania,2003,0.812,HDRO_API
LTU,Lithuania,2004,0.821,HDRO_API
LTU,Lithuania,2005,0.828,HDRO_API
LTU,Lithuania,2006,0.834,HDRO_API
LTU,Lithuania,2007,0.839,HDRO_API
LTU,Lithuania,2008,0.849,HDRO_API
LTU,Lithuania,2009,0.851,HDRO_API
LTU,Lithuania,2010,0.854,HDRO_API
LTU,Lithuania,2011,0.86,HDRO_API
LTU,Lithuania,2012,0.862,HDRO_API
LTU,Lithuania,2013,0.865,HDRO_API
LTU,Lithuania,2014,0.866,HDRO_API
LTU,Lithuania,2015,0.869,HDRO_API
LTU,Lithuania,2016,0.875,HDRO_API
LTU,Lithuania,2017,0.885,HDRO_API
LTU,Lithuania,2018,0.889,HDRO_API
LTU,Lithuania,2019,0.894,HDRO_API
LTU,Lithuania,2020,0.888,HDRO_API
LTU,Lithuania,2021,0.887,HDRO_API
LTU,Lithuania,2022,0.888,HDRO_API
LTU,Lithuania,2023,0.895,HDRO_API
LUX,Luxembourg,1990,0.787,HDRO_API
LUX,Luxembourg,1991,0.796,HDRO_API
LUX,Luxembourg,1992,0.801,HDRO_API
LUX,Luxembourg,1993,0.812,HDRO_API
LUX,Luxembourg,1994,0.82,HDRO_API
LUX,Luxembourg,1995,0.824,HDRO_API
LUX,Luxembourg,1996,0.832,HDRO_API
LUX,Luxembourg,1997,0.837,HDRO_API
LUX,Luxembourg,1998,0.845,HDRO_API
LUX,Luxembourg,1999,0.858,HDRO_API
LUX,Luxembourg,2000,0.861,HDRO_API
LUX,Luxembourg,2001,0.863,HDRO_API
LUX,Luxembourg,2002,0.868,HDRO_API
LUX,Luxembourg,2003,0.87,HDRO_API
LUX,Luxembourg,2004,0.878,HDRO_API
LUX,Luxembourg,2005,0.879,HDRO_API
LUX,Luxembourg,2006,0.88,HDRO_API
LUX,Luxembourg,2007,0.883,HDRO_API
LUX,Luxembourg,2008,0.896,HDRO_API
LUX,Luxembourg,2009,0.905,HDRO_API
LUX,Luxembourg,2010,0.909,HDRO_API
LUX,Luxembourg,2011,0.911,HDRO_API
LUX,Luxembourg,2012,0.914,HDRO_API
LUX,Luxembourg,2013,0.919,HDRO_API
LUX,Luxembourg,2014,0.924,HDRO_API
LUX,Luxembourg,2015,0.913,HDRO_API
LUX,Luxembourg,2016,0.916,HDRO_API
LUX,Luxembourg,2017,0.913,HDRO_API
LUX,Luxembourg,2018,0.915,HDRO_API
LUX,Luxembourg,2019,0.916,HDRO_API
LUX,Luxembourg,2020,0.916,HDRO_API
LUX,Luxembourg,2021,0.918,HDRO_API
LUX,Luxembourg,2022,0.922,HDRO_API
LUX,Luxembourg,2023,0.922,HDRO_API
LVA,Latvia,1990,0.736,HDRO_API
LVA,Latvia,1991,0.733,HDRO_API
LVA,Latvia,1992,0.709,HDRO_API
LVA,Latvia,1993,0.692,HDRO_API
LVA,Latvia,1994,0.686,HDRO_API
LVA,Latvia,1995,0.695,HDRO_API
LVA,Latvia,1996,0.714,HDRO_API
LVA,Latvia,1997,0.727,HDRO_API
LVA,Latvia,1998,0.738,HDRO_API
LVA,Latvia,1999,0.753,HDRO_API
LVA,Latvia,2000,0.764,HDRO_API
LVA,Latvia,2001,0.775,HDRO_API
LVA,Latvia,2002,0.786,HDRO_API
LVA,Latvia,2003,0.798,HDRO_API
LVA,Latvia,2004,0.809,HDRO_API
LVA,Latvia,2005,0.818,HDRO_API
LVA,Latvia,2006,0.823,HDRO_API
LVA,Latvia,2007,0.829,HDRO_API
LVA,Latvia,2008,0.837,HDRO_API
LVA,Latvia,2009,0.836,HDRO_API
LVA,Latvia,2010,0.833,HDRO_API
LVA,Latvia,2011,0.84,HDRO_API
LVA,Latvia,2012,0.843,HDRO_API
LVA,Latvia,2013,0.852,HDRO_API
LVA,Latvia,2014,0.854,HDRO_API
LVA,Latvia,2015,0.859,HDRO_API
LVA,Latvia,2016,0.864,HDRO_API
LVA,Latvia,2017,0.87,HDRO_API
LVA,Latvia,2018,0.875,HDRO_API
LVA,Latvia,2019,0.88,HDRO_API
LVA,Latvia,2020,0.879,HDRO_API
LVA,Latvia,2021,0.871,HDRO_API
LVA,Latvia,2022,0.881,HDRO_API
LVA,Latvia,2023,0.889,HDRO_API
MAR,Morocco,1990,0.451,HDRO_API
MAR,Morocco,1991,0.457,HDRO_API
MAR,Morocco,1992,0.461,HDRO_API
MAR,Morocco,1993,0.468,HDRO_API
MAR,Morocco,1994,0.48,HDRO_API
MAR,Morocco,1995,0.484,HDRO_API
MAR,Morocco,1996,0.495,HDRO_API
MAR,Morocco,1997,0.5,HDRO_API
MAR,Morocco,1998,0.507,HDRO_API
MAR,Morocco,1999,0.517,HDRO_API
MAR,Morocco,2000,0.528,HDRO_API
MAR,Morocco,2001,0.539,HDRO_API
MAR,Morocco,2002,0.55,HDRO_API
MAR,Morocco,2003,0.56,HDRO_API
MAR,Morocco,2004,0.567,HDRO_API
MAR,Morocco,2005,0.573,HDRO_API
MAR,Morocco,2006,0.579,HDRO_API
MAR,Morocco,2007,0.586,HDRO_API
MAR,Morocco,2008,0.593,HDRO_API
MAR,Morocco,2009,0.598,HDRO_API
MAR,Morocco,2010,0.607,HDRO_API
MAR,Morocco,2011,0.619,HDRO_API
MAR,Morocco,2012,0.629,HDRO_API
MAR,Morocco,2013,0.639,HDRO_API
MAR,Morocco,2014,0.648,HDRO_API
MAR,Morocco,2015,0.659,HDRO_API
MAR,Morocco,2016,0.665,HDRO_API
MAR,Morocco,2017,0.674,HDRO_API
MAR,Morocco,2018,0.68,HDRO_API
MAR,Morocco,2019,0.687,HDRO_API
MAR,Morocco,2020,0.683,HDRO_API
MAR,Morocco,2021,0.69,HDRO_API
MAR,Morocco,2022,0.704,HDRO_API
MAR,Morocco,2023,0.71,HDRO_API
MDA,Moldova (Republic of),2005,0.702,HDRO_API
MDA,Moldova (Republic of),2006,0.711,HDRO_API
MDA,Moldova (Republic of),2007,0.718,HDRO_API
MDA,Moldova (Republic of),2008,0.728,HDRO_API
MDA,Moldova (Republic of),2009,0.729,HDRO_API
MDA,Moldova (Republic of),2010,0.739,HDRO_API
MDA,Moldova (Republic of),2011,0.748,HDRO_API
MDA,Moldova (Republic of),2012,0.754,HDRO_API
MDA,Moldova (Republic of),2013,0.758,HDRO_API
MDA,Moldova (Republic of),2014,0.762,HDRO_API
MDA,Moldova (Republic of),2015,0.759,HDRO_API
MDA,Moldova (Republic of),2016,0.763,HDRO_API
MDA,Moldova (Republic of),2017,0.769,HDRO_API
MDA,Moldova (Republic of),2018,0.772,HDRO_API
MDA,Moldova (Republic of),2019,0.775,HDRO_API
MDA,Moldova (Republic of),2020,0.77,HDRO_API
MDA,Moldova (Republic of),2021,0.773,HDRO_API
MDA,Moldova (Republic of),2022,0.784,HDRO_API
MDA,Moldova (Republic of),2023,0.785,HDRO_API
MDG,Madagascar,1999,0.436,HDRO_API
MDG,Madagascar,2000,0.443,HDRO_API
MDG,Madagascar,2001,0.451,HDRO_API
MDG,Madagascar,2002,0.448,HDRO_API
MDG,Madagascar,2003,0.458,HDRO_API
MDG,Madagascar,2004,0.465,HDRO_API
MDG,Madagascar,2005,0.47,HDRO_API
MDG,Madagascar,2006,0.474,HDRO_API
MDG,Madagascar,2007,0.482,HDRO_API
MDG,Madagascar,2008,0.49,HDRO_API
MDG,Madagascar,2009,0.493,HDRO_API
MDG,Madagascar,2010,0.493,HDRO_API
MDG,Madagascar,2011,0.494,HDRO_API
MDG,Madagascar,2012,0.496,HDRO_API
MDG,Madagascar,2013,0.497,HDRO_API
MDG,Madagascar,2014,0.5,HDRO_API
MDG,Madagascar,2015,0.501,HDRO_API
MDG,Madagascar,2016,0.501,HDRO_API
MDG,Madagascar,2017,0.505,HDRO_API
MDG,Madagascar,2018,0.501,HDRO_API
MDG,Madagascar,2019,0.495,HDRO_API
MDG,Madagascar,2020,0.483,HDRO_API
MDG,Madagascar,2021,0.481,HDRO_API
MDG,Madagascar,2022,0.483,HDRO_API
MDG,Madagascar,2023,0.487,HDRO_API
MDV,Maldives,2000,0.639,HDRO_API
MDV,Maldives,2001,0.639,HDRO_API
MDV,Maldives,2002,0.645,HDRO_API
MDV,Maldives,2003,0.654,HDRO_API
MDV,Maldives,2004,0.655,HDRO_API
MDV,Maldives,2005,0.657,HDRO_API
MDV,Maldives,2006,0.672,HDRO_API
MDV,Maldives,2007,0.672,HDRO_API
MDV,Maldives,2008,0.681,HDRO_API
MDV,Maldives,2009,0.682,HDRO_API
MDV,Maldives,2010,0.689,HDRO_API
MDV,Maldives,2011,0.698,HDRO_API
MDV,Maldives,2012,0.704,HDRO_API
MDV,Maldives,2013,0.71,HDRO_API
MDV,Maldives,2014,0.718,HDRO_API
MDV,Maldives,2015,0.725,HDRO_API
MDV,Maldives,2016,0.732,HDRO_API
MDV,Maldives,2017,0.739,HDRO_API
MDV,Maldives,2018,0.744,HDRO_API
MDV,Maldives,2019,0.749,HDRO_API
MDV,Maldives,2020,0.73,HDRO_API
MDV,Maldives,2021,0.745,HDRO_API
MDV,Maldives,2022,0.764,HDRO_API
MDV,Maldives,2023,0.766,HDRO_API
MEX,Mexico,1990,0.668,HDRO_API
MEX,Mexico,1991,0.67,HDRO_API
MEX,Mexico,1992,0.672,HDRO_API
MEX,Mexico,1993,0.675,HDRO_API
MEX,Mexico,1994,0.68,HDRO_API
MEX,Mexico,1995,0.68,HDRO_API
MEX,Mexico,1996,0.687,HDRO_API
MEX,Mexico,1997,0.694,HDRO_API
MEX,Mexico,1998,0.701,HDRO_API
MEX,Mexico,1999,0.706,HDRO_API
MEX,Mexico,2000,0.712,HDRO_API
MEX,Mexico,2001,0.715,HDRO_API
MEX,Mexico,2002,0.722,HDRO_API
MEX,Mexico,2003,0.728,HDRO_API
MEX,Mexico,2004,0.732,HDRO_API
MEX,Mexico,2005,0.736,HDRO_API
MEX,Mexico,2006,0.745,HDRO_API
MEX,Mexico,2007,0.747,HDRO_API
MEX,Mexico,2008,0.75,HDRO_API
MEX,Mexico,2009,0.749,HDRO_API
MEX,Mexico,2010,0.751,HDRO_API
MEX,Mexico,2011,0.757,HDRO_API
MEX,Mexico,2012,0.764,HDRO_API
MEX,Mexico,2013,0.765,HDRO_API
MEX,Mexico,2014,0.769,HDRO_API
MEX,Mexico,2015,0.773,HDRO_API
MEX,Mexico,2016,0.778,HDRO_API
MEX,Mexico,2017,0.781,HDRO_API
MEX,Mexico,2018,0.785,HDRO_API
MEX,Mexico,2019,0.788,HDRO_API
MEX,Mexico,2020,0.763,HDRO_API
MEX,Mexico,2021,0.761,HDRO_API
MEX,Mexico,2022,0.783,HDRO_API
MEX,Mexico,2023,0.789,HDRO_API
MHL,Marshall Islands,2011,0.666,HDRO_API
MHL,Marshall Islands,2012,0.668,HDRO_API
MHL,Marshall Islands,2013,0.676,HDRO_API
MHL,Marshall Islands,2014,0.681,HDRO_API
MHL,Marshall Islands,2015,0.691,HDRO_API
MHL,Marshall Islands,2016,0.696,HDRO_API
MHL,Marshall Islands,2017,0.702,HDRO_API
MHL,Marshall Islands,2018,0.71,HDRO_API
MHL,Marshall Islands,2019,0.722,HDRO_API
MHL,Marshall Islands,2020,0.722,HDRO_API
MHL,Marshall Islands,2021,0.723,HDRO_API
MHL,Marshall Islands,2022,0.732,HDRO_API
MHL,Marshall Islands,2023,0.733,HDRO_API
MKD,North Macedonia,1990,0.644,HDRO_API
MKD,North Macedonia,1991,0.647,HDRO_API
MKD,North Macedonia,1992,0.642,HDRO_API
MKD,North Macedonia,1993,0.647,HDRO_API
MKD,North Macedonia,1994,0.648,HDRO_API
MKD,North Macedonia,1995,0.653,HDRO_API
MKD,North Macedonia,1996,0.657,HDRO_API
MKD,North Macedonia,1997,0.661,HDRO_API
MKD,North Macedonia,1998,0.666,HDRO_API
MKD,North Macedonia,1999,0.675,HDRO_API
MKD,North Macedonia,2000,0.686,HDRO_API
MKD,North Macedonia,2001,0.691,HDRO_API
MKD,North Macedonia,2002,0.694,HDRO_API
MKD,North Macedonia,2003,0.7,HDRO_API
MKD,North Macedonia,2004,0.708,HDRO_API
MKD,North Macedonia,2005,0.717,HDRO_API
MKD,North Macedonia,2006,0.726,HDRO_API
MKD,North Macedonia,2007,0.732,HDRO_API
MKD,North Macedonia,2008,0.753,HDRO_API
MKD,North Macedonia,2009,0.757,HDRO_API
MKD,North Macedonia,2010,0.765,HDRO_API
MKD,North Macedonia,2011,0.771,HDRO_API
MKD,North Macedonia,2012,0.775,HDRO_API
MKD,North Macedonia,2013,0.782,HDRO_API
MKD,North Macedonia,2014,0.788,HDRO_API
MKD,North Macedonia,2015,0.795,HDRO_API
MKD,North Macedonia,2016,0.8,HDRO_API
MKD,North Macedonia,2017,0.807,HDRO_API
MKD,North Macedonia,2018,0.814,HDRO_API
MKD,North Macedonia,2019,0.805,HDRO_API
MKD,North Macedonia,2020,0.783,HDRO_API
MKD,North Macedonia,2021,0.781,HDRO_API
MKD,North Macedonia,2022,0.811,HDRO_API
MKD,North Macedonia,2023,0.815,HDRO_API
MLI,Mali,1990,0.24,HDRO_API
MLI,Mali,1991,0.247,HDRO_API
MLI,Mali,1992,0.251,HDRO_API
MLI,Mali,1993,0.259,HDRO_API
MLI,Mali,1994,0.266,HDRO_API
MLI,Mali,1995,0.273,HDRO_API
MLI,Mali,1996,0.282,HDRO_API
MLI,Mali,1997,0.293,HDRO_API
MLI,Mali,1998,0.303,HDRO_API
MLI,Mali,1999,0.314,HDRO_API
MLI,Mali,2000,0.32,HDRO_API
MLI,Mali,2001,0.332,HDRO_API
MLI,Mali,2002,0.34,HDRO_API
MLI,Mali,2003,0.352,HDRO_API
MLI,Mali,2004,0.359,HDRO_API
MLI,Mali,2005,0.368,HDRO_API
MLI,Mali,2006,0.377,HDRO_API
MLI,Mali,2007,0.386,HDRO_API
MLI,Mali,2008,0.395,HDRO_API
MLI,Mali,2009,0.403,HDRO_API
MLI,Mali,2010,0.41,HDRO_API
MLI,Mali,2011,0.415,HDRO_API
MLI,Mali,2012,0.411,HDRO_API
MLI,Mali,2013,0.409,HDRO_API
MLI,Mali,2014,0.414,HDRO_API
MLI,Mali,2015,0.413,HDRO_API
MLI,Mali,2016,0.411,HDRO_API
MLI,Mali,2017,0.416,HDRO_API
MLI,Mali,2018,0.421,HDRO_API
MLI,Mali,2019,0.425,HDRO_API
MLI,Mali,2020,0.414,HDRO_API
MLI,Mali,2021,0.414,HDRO_API
MLI,Mali,2022,0.417,HDRO_API
MLI,Mali,2023,0.419,HDRO_API
MLT,Malta,1990,0.735,HDRO_API
MLT,Malta,1991,0.742,HDRO_API
MLT,Malta,1992,0.748,HDRO_API
MLT,Malta,1993,0.754,HDRO_API
MLT,Malta,1994,0.758,HDRO_API
MLT,Malta,1995,0.763,HDRO_API
MLT,Malta,1996,0.763,HDRO_API
MLT,Malta,1997,0.772,HDRO_API
MLT,Malta,1998,0.781,HDRO_API
MLT,Malta,1999,0.784,HDRO_API
MLT,Malta,2000,0.79,HDRO_API
MLT,Malta,2001,0.801,HDRO_API
MLT,Malta,2002,0.806,HDRO_API
MLT,Malta,2003,0.818,HDRO_API
MLT,Malta,2004,0.832,HDRO_API
MLT,Malta,2005,0.84,HDRO_API
MLT,Malta,2006,0.838,HDRO_API
MLT,Malta,2007,0.845,HDRO_API
MLT,Malta,2008,0.848,HDRO_API
MLT,Malta,2009,0.854,HDRO_API
MLT,Malta,2010,0.867,HDRO_API
MLT,Malta,2011,0.862,HDRO_API
MLT,Malta,2012,0.87,HDRO_API
MLT,Malta,2013,0.88,HDRO_API
MLT,Malta,2014,0.886,HDRO_API
MLT,Malta,2015,0.892,HDRO_API
MLT,Malta,2016,0.891,HDRO_API
MLT,Malta,2017,0.901,HDRO_API
MLT,Malta,2018,0.908,HDRO_API
MLT,Malta,2019,0.91,HDRO_API
MLT,Malta,2020,0.903,HDRO_API
MLT,Malta,2021,0.914,HDRO_API
MLT,Malta,2022,0.917,HDRO_API
MLT,Malta,2023,0.924,HDRO_API
MMR,Myanmar,1990,0.347,HDRO_API
MMR,Myanmar,1991,0.354,HDRO_API
MMR,Myanmar,1992,0.368,HDRO_API
MMR,Myanmar,1993,0.374,HDRO_API
MMR,Myanmar,1994,0.381,HDRO_API
MMR,Myanmar,1995,0.385,HDRO_API
MMR,Myanmar,1996,0.391,HDRO_API
MMR,Myanmar,1997,0.396,HDRO_API
MMR,Myanmar,1998,0.399,HDRO_API
MMR,Myanmar,1999,0.406,HDRO_API
MMR,Myanmar,2000,0.415,HDRO_API
MMR,Myanmar,2001,0.423,HDRO_API
MMR,Myanmar,2002,0.433,HDRO_API
MMR,Myanmar,2003,0.443,HDRO_API
MMR,Myanmar,2004,0.453,HDRO_API
MMR,Myanmar,2005,0.463,HDRO_API
MMR,Myanmar,2006,0.473,HDRO_API
MMR,Myanmar,2007,0.483,HDRO_API
MMR,Myanmar,2008,0.468,HDRO_API
MMR,Myanmar,2009,0.504,HDRO_API
MMR,Myanmar,2010,0.515,HDRO_API
MMR,Myanmar,2011,0.525,HDRO_API
MMR,Myanmar,2012,0.535,HDRO_API
MMR,Myanmar,2013,0.546,HDRO_API
MMR,Myanmar,2014,0.557,HDRO_API
MMR,Myanmar,2015,0.566,HDRO_API
MMR,Myanmar,2016,0.574,HDRO_API
MMR,Myanmar,2017,0.587,HDRO_API
MMR,Myanmar,2018,0.6,HDRO_API
MMR,Myanmar,2019,0.61,HDRO_API
MMR,Myanmar,2020,0.609,HDRO_API
MMR,Myanmar,2021,0.605,HDRO_API
MMR,Myanmar,2022,0.606,HDRO_API
MMR,Myanmar,2023,0.609,HDRO_API
MNE,Montenegro,2003,0.764,HDRO_API
MNE,Montenegro,2004,0.768,HDRO_API
MNE,Montenegro,2005,0.773,HDRO_API
MNE,Montenegro,2006,0.785,HDRO_API
MNE,Montenegro,2007,0.795,HDRO_API
MNE,Montenegro,2008,0.806,HDRO_API
MNE,Montenegro,2009,0.809,HDRO_API
MNE,Montenegro,2010,0.815,HDRO_API
MNE,Montenegro,2011,0.822,HDRO_API
MNE,Montenegro,2012,0.825,HDRO_API
MNE,Montenegro,2013,0.83,HDRO_API
MNE,Montenegro,2014,0.833,HDRO_API
MNE,Montenegro,2015,0.839,HDRO_API
MNE,Montenegro,2016,0.836,HDRO_API
MNE,Montenegro,2017,0.843,HDRO_API
MNE,Montenegro,2018,0.849,HDRO_API
MNE,Montenegro,2019,0.851,HDRO_API
MNE,Montenegro,2020,0.841,HDRO_API
MNE,Montenegro,2021,0.84,HDRO_API
MNE,Montenegro,2022,0.853,HDRO_API
MNE,Montenegro,2023,0.862,HDRO_API
MNG,Mongolia,1990,0.593,HDRO_API
MNG,Mongolia,1991,0.591,HDRO_API
MNG,Mongolia,1992,0.581,HDRO_API
MNG,Mongolia,1993,0.567,HDRO_API
MNG,Mongolia,1994,0.568,HDRO_API
MNG,Mongolia,1995,0.572,HDRO_API
MNG,Mongolia,1996,0.578,HDRO_API
MNG,Mongolia,1997,0.585,HDRO_API
MNG,Mongolia,1998,0.594,HDRO_API
MNG,Mongolia,1999,0.602,HDRO_API
MNG,Mongolia,2000,0.611,HDRO_API
MNG,Mongolia,2001,0.622,HDRO_API
MNG,Mongolia,2002,0.631,HDRO_API
MNG,Mongolia,2003,0.643,HDRO_API
MNG,Mongolia,2004,0.658,HDRO_API
MNG,Mongolia,2005,0.671,HDRO_API
MNG,Mongolia,2006,0.683,HDRO_API
MNG,Mongolia,2007,0.696,HDRO_API
MNG,Mongolia,2008,0.707,HDRO_API
MNG,Mongolia,2009,0.711,HDRO_API
MNG,Mongolia,2010,0.714,HDRO_API
MNG,Mongolia,2011,0.725,HDRO_API
MNG,Mongolia,2012,0.735,HDRO_API
MNG,Mongolia,2013,0.744,HDRO_API
MNG,Mongolia,2014,0.748,HDRO_API
MNG,Mongolia,2015,0.753,HDRO_API
MNG,Mongolia,2016,0.759,HDRO_API
MNG,Mongolia,2017,0.759,HDRO_API
MNG,Mongolia,2018,0.767,HDRO_API
MNG,Mongolia,2019,0.758,HDRO_API
MNG,Mongolia,2020,0.741,HDRO_API
MNG,Mongolia,2021,0.727,HDRO_API
MNG,Mongolia,2022,0.742,HDRO_API
MNG,Mongolia,2023,0.747,HDRO_API
MOZ,Mozambique,1990,0.246,HDRO_API
MOZ,Mozambique,1991,0.25,HDRO_API
MOZ,Mozambique,1992,0.245,HDRO_API
MOZ,Mozambique,1993,0.252,HDRO_API
MOZ,Mozambique,1994,0.255,HDRO_API
MOZ,Mozambique,1995,0.257,HDRO_API
MOZ,Mozambique,1996,0.269,HDRO_API
MOZ,Mozambique,1997,0.281,HDRO_API
MOZ,Mozambique,1998,0.292,HDRO_API
MOZ,Mozambique,1999,0.304,HDRO_API
MOZ,Mozambique,2000,0.311,HDRO_API
MOZ,Mozambique,2001,0.326,HDRO_API
MOZ,Mozambique,2002,0.335,HDRO_API
MOZ,Mozambique,2003,0.35,HDRO_API
MOZ,Mozambique,2004,0.36,HDRO_API
MOZ,Mozambique,2005,0.371,HDRO_API
MOZ,Mozambique,2006,0.379,HDRO_API
MOZ,Mozambique,2007,0.392,HDRO_API
MOZ,Mozambique,2008,0.403,HDRO_API
MOZ,Mozambique,2009,0.411,HDRO_API
MOZ,Mozambique,2010,0.419,HDRO_API
MOZ,Mozambique,2011,0.424,HDRO_API
MOZ,Mozambique,2012,0.431,HDRO_API
MOZ,Mozambique,2013,0.443,HDRO_API
MOZ,Mozambique,2014,0.45,HDRO_API
MOZ,Mozambique,2015,0.457,HDRO_API
MOZ,Mozambique,2016,0.46,HDRO_API
MOZ,Mozambique,2017,0.461,HDRO_API
MOZ,Mozambique,2018,0.469,HDRO_API
MOZ,Mozambique,2019,0.475,HDRO_API
MOZ,Mozambique,2020,0.477,HDRO_API
MOZ,Mozambique,2021,0.478,HDRO_API
MOZ,Mozambique,2022,0.49,HDRO_API
MOZ,Mozambique,2023,0.493,HDRO_API
MRT,Mauritania,1990,0.396,HDRO_API
MRT,Mauritania,1991,0.401,HDRO_API
MRT,Mauritania,1992,0.409,HDRO_API
MRT,Mauritania,1993,0.421,HDRO_API
MRT,Mauritania,1994,0.432,HDRO_API
MRT,Mauritania,1995,0.439,HDRO_API
MRT,Mauritania,1996,0.448,HDRO_API
MRT,Mauritania,1997,0.45,HDRO_API
MRT,Mauritania,1998,0.46,HDRO_API
MRT,Mauritania,1999,0.467,HDRO_API
MRT,Mauritania,2000,0.468,HDRO_API
MRT,Mauritania,2001,0.47,HDRO_API
MRT,Mauritania,2002,0.475,HDRO_API
MRT,Mauritania,2003,0.482,HDRO_API
MRT,Mauritania,2004,0.494,HDRO_API
MRT,Mauritania,2005,0.5,HDRO_API
MRT,Mauritania,2006,0.512,HDRO_API
MRT,Mauritania,2007,0.512,HDRO_API
MRT,Mauritania,2008,0.512,HDRO_API
MRT,Mauritania,2009,0.522,HDRO_API
MRT,Mauritania,2010,0.525,HDRO_API
MRT,Mauritania,2011,0.53,HDRO_API
MRT,Mauritania,2012,0.538,HDRO_API
MRT,Mauritania,2013,0.544,HDRO_API
MRT,Mauritania,2014,0.547,HDRO_API
MRT,Mauritania,2015,0.551,HDRO_API
MRT,Mauritania,2016,0.548,HDRO_API
MRT,Mauritania,2017,0.551,HDRO_API
MRT,Mauritania,2018,0.561,HDRO_API
MRT,Mauritania,2019,0.566,HDRO_API
MRT,Mauritania,2020,0.554,HDRO_API
MRT,Mauritania,2021,0.553,HDRO_API
MRT,Mauritania,2022,0.562,HDRO_API
MRT,Mauritania,2023,0.563,HDRO_API
MUS,Mauritius,1990,0.627,HDRO_API
MUS,Mauritius,1991,0.632,HDRO_API
MUS,Mauritius,1992,0.637,HDRO_API
MUS,Mauritius,1993,0.641,HDRO_API
MUS,Mauritius,1994,0.645,HDRO_API
MUS,Mauritius,1995,0.65,HDRO_API
MUS,Mauritius,1996,0.653,HDRO_API
MUS,Mauritius,1997,0.659,HDRO_API
MUS,Mauritius,1998,0.667,HDRO_API
MUS,Mauritius,1999,0.675,HDRO_API
MUS,Mauritius,2000,0.683,HDRO_API
MUS,Mauritius,2001,0.697,HDRO_API
MUS,Mauritius,2002,0.701,HDRO_API
MUS,Mauritius,2003,0.709,HDRO_API
MUS,Mauritius,2004,0.716,HDRO_API
MUS,Mauritius,2005,0.723,HDRO_API
MUS,Mauritius,2006,0.729,HDRO_API
MUS,Mauritius,2007,0.736,HDRO_API
MUS,Mauritius,2008,0.742,HDRO_API
MUS,Mauritius,2009,0.748,HDRO_API
MUS,Mauritius,2010,0.755,HDRO_API
MUS,Mauritius,2011,0.762,HDRO_API
MUS,Mauritius,2012,0.778,HDRO_API
MUS,Mauritius,2013,0.781,HDRO_API
MUS,Mauritius,2014,0.79,HDRO_API
MUS,Mauritius,2015,0.792,HDRO_API
MUS,Mauritius,2016,0.795,HDRO_API
MUS,Mauritius,2017,0.799,HDRO_API
MUS,Mauritius,2018,0.801,HDRO_API
MUS,Mauritius,2019,0.803,HDRO_API
MUS,Mauritius,2020,0.795,HDRO_API
MUS,Mauritius,2021,0.789,HDRO_API
MUS,Mauritius,2022,0.794,HDRO_API
MUS,Mauritius,2023,0.806,HDRO_API
MWI,Malawi,1990,0.306,HDRO_API
MWI,Malawi,1991,0.31,HDRO_API
MWI,Malawi,1992,0.318,HDRO_API
MWI,Malawi,1993,0.324,HDRO_API
MWI,Malawi,1994,0.325,HDRO_API
MWI,Malawi,1995,0.37,HDRO_API
MWI,Malawi,1996,0.375,HDRO_API
MWI,Malawi,1997,0.379,HDRO_API
MWI,Malawi,1998,0.384,HDRO_API
MWI,Malawi,1999,0.392,HDRO_API
MWI,Malawi,2000,0.394,HDRO_API
MWI,Malawi,2001,0.4,HDRO_API
MWI,Malawi,2002,0.407,HDRO_API
MWI,Malawi,2003,0.414,HDRO_API
MWI,Malawi,2004,0.421,HDRO_API
MWI,Malawi,2005,0.427,HDRO_API
MWI,Malawi,2006,0.436,HDRO_API
MWI,Malawi,2007,0.444,HDRO_API
MWI,Malawi,2008,0.455,HDRO_API
MWI,Malawi,2009,0.465,HDRO_API
MWI,Malawi,2010,0.475,HDRO_API
MWI,Malawi,2011,0.483,HDRO_API
MWI,Malawi,2012,0.488,HDRO_API
MWI,Malawi,2013,0.494,HDRO_API
MWI,Malawi,2014,0.5,HDRO_API
MWI,Malawi,2015,0.504,HDRO_API
MWI,Malawi,2016,0.506,HDRO_API
MWI,Malawi,2017,0.508,HDRO_API
MWI,Malawi,2018,0.51,HDRO_API
MWI,Malawi,2019,0.513,HDRO_API
MWI,Malawi,2020,0.512,HDRO_API
MWI,Malawi,2021,0.509,HDRO_API
MWI,Malawi,2022,0.513,HDRO_API
MWI,Malawi,2023,0.517,HDRO_API
MYS,Malaysia,1990,0.653,HDRO_API
MYS,Malaysia,1991,0.661,HDRO_API
MYS,Malaysia,1992,0.67,HDRO_API
MYS,Malaysia,1993,0.677,HDRO_API
MYS,Malaysia,1994,0.684,HDRO_API
MYS,Malaysia,1995,0.691,HDRO_API
MYS,Malaysia,1996,0.701,HDRO_API
MYS,Malaysia,1997,0.713,HDRO_API
MYS,Malaysia,1998,0.718,HDRO_API
MYS,Malaysia,1999,0.723,HDRO_API
MYS,Malaysia,2000,0.733,HDRO_API
MYS,Malaysia,2001,0.731,HDRO_API
MYS,Malaysia,2002,0.732,HDRO_API
MYS,Malaysia,2003,0.737,HDRO_API
MYS,Malaysia,2004,0.739,HDRO_API
MYS,Malaysia,2005,0.736,HDRO_API
MYS,Malaysia,2006,0.742,HDRO_API
MYS,Malaysia,2007,0.754,HDRO_API
MYS,Malaysia,2008,0.765,HDRO_API
MYS,Malaysia,2009,0.773,HDRO_API
MYS,Malaysia,2010,0.779,HDRO_API
MYS,Malaysia,2011,0.782,HDRO_API
MYS,Malaysia,2012,0.787,HDRO_API
MYS,Malaysia,2013,0.791,HDRO_API
MYS,Malaysia,2014,0.795,HDRO_API
MYS,Malaysia,2015,0.8,HDRO_API
MYS,Malaysia,2016,0.805,HDRO_API
MYS,Malaysia,2017,0.807,HDRO_API
MYS,Malaysia,2018,0.809,HDRO_API
MYS,Malaysia,2019,0.812,HDRO_API
MYS,Malaysia,2020,0.81,HDRO_API
MYS,Malaysia,2021,0.802,HDRO_API
MYS,Malaysia,2022,0.81,HDRO_API
MYS,Malaysia,2023,0.819,HDRO_API
NAM,Namibia,1990,0.597,HDRO_API
NAM,Namibia,1991,0.602,HDRO_API
NAM,Namibia,1992,0.603,HDRO_API
NAM,Namibia,1993,0.601,HDRO_API
NAM,Namibia,1994,0.6,HDRO_API
NAM,Namibia,1995,0.595,HDRO_API
NAM,Namibia,1996,0.587,HDRO_API
NAM,Namibia,1997,0.58,HDRO_API
NAM,Namibia,1998,0.574,HDRO_API
NAM,Namibia,1999,0.565,HDRO_API
NAM,Namibia,2000,0.561,HDRO_API
NAM,Namibia,2001,0.555,HDRO_API
NAM,Namibia,2002,0.555,HDRO_API
NAM,Namibia,2003,0.558,HDRO_API
NAM,Namibia,2004,0.563,HDRO_API
NAM,Namibia,2005,0.564,HDRO_API
NAM,Namibia,2006,0.569,HDRO_API
NAM,Namibia,2007,0.576,HDRO_API
NAM,Namibia,2008,0.581,HDRO_API
NAM,Namibia,2009,0.585,HDRO_API
NAM,Namibia,2010,0.591,HDRO_API
NAM,Namibia,2011,0.598,HDRO_API
NAM,Namibia,2012,0.607,HDRO_API
NAM,Namibia,2013,0.616,HDRO_API
NAM,Namibia,2014,0.624,HDRO_API
NAM,Namibia,2015,0.63,HDRO_API
NAM,Namibia,2016,0.634,HDRO_API
NAM,Namibia,2017,0.638,HDRO_API
NAM,Namibia,2018,0.642,HDRO_API
NAM,Namibia,2019,0.647,HDRO_API
NAM,Namibia,2020,0.647,HDRO_API
NAM,Namibia,2021,0.631,HDRO_API
NAM,Namibia,2022,0.649,HDRO_API
NAM,Namibia,2023,0.665,HDRO_API
NER,Niger,1990,0.215,HDRO_API
NER,Niger,1991,0.219,HDRO_API
NER,Niger,1992,0.222,HDRO_API
NER,Niger,1993,0.228,HDRO_API
NER,Niger,1994,0.233,HDRO_API
NER,Niger,1995,0.238,HDRO_API
NER,Niger,1996,0.245,HDRO_API
NER,Niger,1997,0.25,HDRO_API
NER,Niger,1998,0.258,HDRO_API
NER,Niger,1999,0.263,HDRO_API
NER,Niger,2000,0.266,HDRO_API
NER,Niger,2001,0.272,HDRO_API
NER,Niger,2002,0.278,HDRO_API
NER,Niger,2003,0.284,HDRO_API
NER,Niger,2004,0.292,HDRO_API
NER,Niger,2005,0.302,HDRO_API
NER,Niger,2006,0.309,HDRO_API
NER,Niger,2007,0.313,HDRO_API
NER,Niger,2008,0.323,HDRO_API
NER,Niger,2009,0.329,HDRO_API
NER,Niger,2010,0.339,HDRO_API
NER,Niger,2011,0.346,HDRO_API
NER,Niger,2012,0.356,HDRO_API
NER,Niger,2013,0.362,HDRO_API
NER,Niger,2014,0.369,HDRO_API
NER,Niger,2015,0.374,HDRO_API
NER,Niger,2016,0.38,HDRO_API
NER,Niger,2017,0.384,HDRO_API
NER,Niger,2018,0.391,HDRO_API
NER,Niger,2019,0.4,HDRO_API
NER,Niger,2020,0.404,HDRO_API
NER,Niger,2021,0.413,HDRO_API
NER,Niger,2022,0.414,HDRO_API
NER,Niger,2023,0.419,HDRO_API
NGA,Nigeria,1990,0.379,HDRO_API
NGA,Nigeria,1991,0.383,HDRO_API
NGA,Nigeria,1992,0.388,HDRO_API
NGA,Nigeria,1993,0.393,HDRO_API
NGA,Nigeria,1994,0.397,HDRO_API
NGA,Nigeria,1995,0.402,HDRO_API
NGA,Nigeria,1996,0.408,HDRO_API
NGA,Nigeria,1997,0.413,HDRO_API
NGA,Nigeria,1998,0.419,HDRO_API
NGA,Nigeria,1999,0.425,HDRO_API
NGA,Nigeria,2000,0.435,HDRO_API
NGA,Nigeria,2001,0.438,HDRO_API
NGA,Nigeria,2002,0.451,HDRO_API
NGA,Nigeria,2003,0.464,HDRO_API
NGA,Nigeria,2004,0.477,HDRO_API
NGA,Nigeria,2005,0.484,HDRO_API
NGA,Nigeria,2006,0.489,HDRO_API
NGA,Nigeria,2007,0.492,HDRO_API
NGA,Nigeria,2008,0.497,HDRO_API
NGA,Nigeria,2009,0.499,HDRO_API
NGA,Nigeria,2010,0.502,HDRO_API
NGA,Nigeria,2011,0.508,HDRO_API
NGA,Nigeria,2012,0.512,HDRO_API
NGA,Nigeria,2013,0.517,HDRO_API
NGA,Nigeria,2014,0.524,HDRO_API
NGA,Nigeria,2015,0.53,HDRO_API
NGA,Nigeria,2016,0.532,HDRO_API
NGA,Nigeria,2017,0.534,HDRO_API
NGA,Nigeria,2018,0.537,HDRO_API
NGA,Nigeria,2019,0.544,HDRO_API
NGA,Nigeria,2020,0.547,HDRO_API
NGA,Nigeria,2021,0.554,HDRO_API
NGA,Nigeria,2022,0.557,HDRO_API
NGA,Nigeria,2023,0.56,HDRO_API
NIC,Nicaragua,1990,0.515,HDRO_API
NIC,Nicaragua,1991,0.526,HDRO_API
NIC,Nicaragua,1992,0.531,HDRO_API
NIC,Nicaragua,1993,0.534,HDRO_API
NIC,Nicaragua,1994,0.54,HDRO_API
NIC,Nicaragua,1995,0.549,HDRO_API
NIC,Nicaragua,1996,0.559,HDRO_API
NIC,Nicaragua,1997,0.568,HDRO_API
NIC,Nicaragua,1998,0.569,HDRO_API
NIC,Nicaragua,1999,0.585,HDRO_API
NIC,Nicaragua,2000,0.593,HDRO_API
NIC,Nicaragua,2001,0.601,HDRO_API
NIC,Nicaragua,2002,0.609,HDRO_API
NIC,Nicaragua,2003,0.615,HDRO_API
NIC,Nicaragua,2004,0.623,HDRO_API
NIC,Nicaragua,2005,0.63,HDRO_API
NIC,Nicaragua,2006,0.636,HDRO_API
NIC,Nicaragua,2007,0.642,HDRO_API
NIC,Nicaragua,2008,0.646,HDRO_API
NIC,Nicaragua,2009,0.646,HDRO_API
NIC,Nicaragua,2010,0.651,HDRO_API
NIC,Nicaragua,2011,0.657,HDRO_API
NIC,Nicaragua,2012,0.664,HDRO_API
NIC,Nicaragua,2013,0.668,HDRO_API
NIC,Nicaragua,2014,0.674,HDRO_API
NIC,Nicaragua,2015,0.679,HDRO_API
NIC,Nicaragua,2016,0.684,HDRO_API
NIC,Nicaragua,2017,0.688,HDRO_API
NIC,Nicaragua,2018,0.69,HDRO_API
NIC,Nicaragua,2019,0.69,HDRO_API
NIC,Nicaragua,2020,0.676,HDRO_API
NIC,Nicaragua,2021,0.682,HDRO_API
NIC,Nicaragua,2022,0.701,HDRO_API
NIC,Nicaragua,2023,0.706,HDRO_API
NLD,Netherlands,1990,0.855,HDRO_API
NLD,Netherlands,1991,0.86,HDRO_API
NLD,Netherlands,1992,0.861,HDRO_API
NLD,Netherlands,1993,0.863,HDRO_API
NLD,Netherlands,1994,0.889,HDRO_API
NLD,Netherlands,1995,0.886,HDRO_API
NLD,Netherlands,1996,0.89,HDRO_API
NLD,Netherlands,1997,0.891,HDRO_API
NLD,Netherlands,1998,0.893,HDRO_API
NLD,Netherlands,1999,0.894,HDRO_API
NLD,Netherlands,2000,0.9,HDRO_API
NLD,Netherlands,2001,0.902,HDRO_API
NLD,Netherlands,2002,0.898,HDRO_API
NLD,Netherlands,2003,0.901,HDRO_API
NLD,Netherlands,2004,0.904,HDRO_API
NLD,Netherlands,2005,0.907,HDRO_API
NLD,Netherlands,2006,0.914,HDRO_API
NLD,Netherlands,2007,0.92,HDRO_API
NLD,Netherlands,2008,0.92,HDRO_API
NLD,Netherlands,2009,0.92,HDRO_API
NLD,Netherlands,2010,0.925,HDRO_API
NLD,Netherlands,2011,0.935,HDRO_API
NLD,Netherlands,2012,0.935,HDRO_API
NLD,Netherlands,2013,0.937,HDRO_API
NLD,Netherlands,2014,0.939,HDRO_API
NLD,Netherlands,2015,0.94,HDRO_API
NLD,Netherlands,2016,0.941,HDRO_API
NLD,Netherlands,2017,0.945,HDRO_API
NLD,Netherlands,2018,0.947,HDRO_API
NLD,Netherlands,2019,0.95,HDRO_API
NLD,Netherlands,2020,0.945,HDRO_API
NLD,Netherlands,2021,0.951,HDRO_API
NLD,Netherlands,2022,0.953,HDRO_API
NLD,Netherlands,2023,0.955,HDRO_API
NOR,Norway,1990,0.856,HDRO_API
NOR,Norway,1991,0.863,HDRO_API
NOR,Norway,1992,0.868,HDRO_API
NOR,Norway,1993,0.875,HDRO_API
NOR,Norway,1994,0.89,HDRO_API
NOR,Norway,1995,0.887,HDRO_API
NOR,Norway,1996,0.894,HDRO_API
NOR,Norway,1997,0.9,HDRO_API
NOR,Norway,1998,0.908,HDRO_API
NOR,Norway,1999,0.913,HDRO_API
NOR,Norway,2000,0.924,HDRO_API
NOR,Norway,2001,0.923,HDRO_API
NOR,Norway,2002,0.923,HDRO_API
NOR,Norway,2003,0.93,HDRO_API
NOR,Norway,2004,0.937,HDRO_API
NOR,Norway,2005,0.939,HDRO_API
NOR,Norway,2006,0.942,HDRO_API
NOR,Norway,2007,0.943,HDRO_API
NOR,Norway,2008,0.943,HDRO_API
NOR,Norway,2009,0.944,HDRO_API
NOR,Norway,2010,0.947,HDRO_API
NOR,Norway,2011,0.949,HDRO_API
NOR,Norway,2012,0.95,HDRO_API
NOR,Norway,2013,0.953,HDRO_API
NOR,Norway,2014,0.956,HDRO_API
NOR,Norway,2015,0.959,HDRO_API
NOR,Norway,2016,0.962,HDRO_API
NOR,Norway,2017,0.965,HDRO_API
NOR,Norway,2018,0.966,HDRO_API
NOR,Norway,2019,0.967,HDRO_API
NOR,Norway,2020,0.969,HDRO_API
NOR,Norway,2021,0.969,HDRO_API
NOR,Norway,2022,0.967,HDRO_API
NOR,Norway,2023,0.97,HDRO_API
NPL,Nepal,1990,0.404,HDRO_API
NPL,Nepal,1991,0.412,HDRO_API
NPL,Nepal,1992,0.42,HDRO_API
NPL,Nepal,1993,0.425,HDRO_API
NPL,Nepal,1994,0.433,HDRO_API
NPL,Nepal,1995,0.438,HDRO_API
NPL,Nepal,1996,0.447,HDRO_API
NPL,Nepal,1997,0.453,HDRO_API
NPL,Nepal,1998,0.459,HDRO_API
NPL,Nepal,1999,0.464,HDRO_API
NPL,Nepal,2000,0.471,HDRO_API
NPL,Nepal,2001,0.472,HDRO_API
NPL,Nepal,2002,0.479,HDRO_API
NPL,Nepal,2003,0.486,HDRO_API
NPL,Nepal,2004,0.493,HDRO_API
NPL,Nepal,2005,0.5,HDRO_API
NPL,Nepal,2006,0.512,HDRO_API
NPL,Nepal,2007,0.516,HDRO_API
NPL,Nepal,2008,0.526,HDRO_API
NPL,Nepal,2009,0.538,HDRO_API
NPL,Nepal,2010,0.551,HDRO_API
NPL,Nepal,2011,0.559,HDRO_API
NPL,Nepal,2012,0.565,HDRO_API
NPL,Nepal,2013,0.57,HDRO_API
NPL,Nepal,2014,0.574,HDRO_API
NPL,Nepal,2015,0.575,HDRO_API
NPL,Nepal,2016,0.58,HDRO_API
NPL,Nepal,2017,0.588,HDRO_API
NPL,Nepal,2018,0.596,HDRO_API
NPL,Nepal,2019,0.604,HDRO_API
NPL,Nepal,2020,0.599,HDRO_API
NPL,Nepal,2021,0.596,HDRO_API
NPL,Nepal,2022,0.605,HDRO_API
NPL,Nepal,2023,0.622,HDRO_API
NZL,New Zealand,1990,0.811,HDRO_API
NZL,New Zealand,1991,0.813,HDRO_API
NZL,New Zealand,1992,0.822,HDRO_API
NZL,New Zealand,1993,0.838,HDRO_API
NZL,New Zealand,1994,0.852,HDRO_API
NZL,New Zealand,1995,0.858,HDRO_API
NZL,New Zealand,1996,0.862,HDRO_API
NZL,New Zealand,1997,0.871,HDRO_API
NZL,New Zealand,1998,0.881,HDRO_API
NZL,New Zealand,1999,0.886,HDRO_API
NZL,New Zealand,2000,0.896,HDRO_API
NZL,New Zealand,2001,0.902,HDRO_API
NZL,New Zealand,2002,0.905,HDRO_API
NZL,New Zealand,2003,0.91,HDRO_API
NZL,New Zealand,2004,0.912,HDRO_API
NZL,New Zealand,2005,0.917,HDRO_API
NZL,New Zealand,2006,0.918,HDRO_API
NZL,New Zealand,2007,0.921,HDRO_API
NZL,New Zealand,2008,0.92,HDRO_API
NZL,New Zealand,2009,0.923,HDRO_API
NZL,New Zealand,2010,0.926,HDRO_API
NZL,New Zealand,2011,0.927,HDRO_API
NZL,New Zealand,2012,0.929,HDRO_API
NZL,New Zealand,2013,0.933,HDRO_API
NZL,New Zealand,2014,0.932,HDRO_API
NZL,New Zealand,2015,0.934,HDRO_API
NZL,New Zealand,2016,0.938,HDRO_API
NZL,New Zealand,2017,0.936,HDRO_API
NZL,New Zealand,2018,0.938,HDRO_API
NZL,New Zealand,2019,0.938,HDRO_API
NZL,New Zealand,2020,0.94,HDRO_API
NZL,New Zealand,2021,0.939,HDRO_API
NZL,New Zealand,2022,0.933,HDRO_API
NZL,New Zealand,2023,0.938,HDRO_API
OMN,Oman,2000,0.707,HDRO_API
OMN,Oman,2001,0.719,HDRO_API
OMN,Oman,2002,0.729,HDRO_API
OMN,Oman,2003,0.739,HDRO_API
OMN,Oman,2004,0.743,HDRO_API
OMN,Oman,2005,0.756,HDRO_API
OMN,Oman,2006,0.766,HDRO_API
OMN,Oman,2007,0.774,HDRO_API
OMN,Oman,2008,0.782,HDRO_API
OMN,Oman,2009,0.799,HDRO_API
OMN,Oman,2010,0.804,HDRO_API
OMN,Oman,2011,0.822,HDRO_API
OMN,Oman,2012,0.824,HDRO_API
OMN,Oman,2013,0.827,HDRO_API
OMN,Oman,2014,0.831,HDRO_API
OMN,Oman,2015,0.838,HDRO_API
OMN,Oman,2016,0.845,HDRO_API
OMN,Oman,2017,0.848,HDRO_API
OMN,Oman,2018,0.854,HDRO_API
OMN,Oman,2019,0.857,HDRO_API
OMN,Oman,2020,0.843,HDRO_API
OMN,Oman,2021,0.834,HDRO_API
OMN,Oman,2022,0.846,HDRO_API
OMN,Oman,2023,0.858,HDRO_API
PAK,Pakistan,1990,0.396,HDRO_API
PAK,Pakistan,1991,0.4,HDRO_API
PAK,Pakistan,1992,0.405,HDRO_API
PAK,Pakistan,1993,0.408,HDRO_API
PAK,Pakistan,1994,0.412,HDRO_API
PAK,Pakistan,1995,0.415,HDRO_API
PAK,Pakistan,1996,0.42,HDRO_API
PAK,Pakistan,1997,0.422,HDRO_API
PAK,Pakistan,1998,0.426,HDRO_API
PAK,Pakistan,1999,0.431,HDRO_API
PAK,Pakistan,2000,0.436,HDRO_API
PAK,Pakistan,2001,0.443,HDRO_API
PAK,Pakistan,2002,0.45,HDRO_API
PAK,Pakistan,2003,0.458,HDRO_API
PAK,Pakistan,2004,0.472,HDRO_API
PAK,Pakistan,2005,0.48,HDRO_API
PAK,Pakistan,2006,0.489,HDRO_API
PAK,Pakistan,2007,0.495,HDRO_API
PAK,Pakistan,2008,0.496,HDRO_API
PAK,Pakistan,2009,0.497,HDRO_API
PAK,Pakistan,2010,0.5,HDRO_API
PAK,Pakistan,2011,0.504,HDRO_API
PAK,Pakistan,2012,0.508,HDRO_API
PAK,Pakistan,2013,0.512,HDRO_API
PAK,Pakistan,2014,0.522,HDRO_API
PAK,Pakistan,2015,0.527,HDRO_API
PAK,Pakistan,2016,0.535,HDRO_API
PAK,Pakistan,2017,0.537,HDRO_API
PAK,Pakistan,2018,0.538,HDRO_API
PAK,Pakistan,2019,0.54,HDRO_API
PAK,Pakistan,2020,0.536,HDRO_API
PAK,Pakistan,2021,0.537,HDRO_API
PAK,Pakistan,2022,0.544,HDRO_API
PAK,Pakistan,2023,0.544,HDRO_API
PAN,Panama,1990,0.672,HDRO_API
PAN,Panama,1991,0.674,HDRO_API
PAN,Panama,1992,0.68,HDRO_API
PAN,Panama,1993,0.686,HDRO_API
PAN,Panama,1994,0.688,HDRO_API
PAN,Panama,1995,0.69,HDRO_API
PAN,Panama,1996,0.694,HDRO_API
PAN,Panama,1997,0.701,HDRO_API
PAN,Panama,1998,0.707,HDRO_API
PAN,Panama,1999,0.712,HDRO_API
PAN,Panama,2000,0.718,HDRO_API
PAN,Panama,2001,0.723,HDRO_API
PAN,Panama,2002,0.73,HDRO_API
PAN,Panama,2003,0.735,HDRO_API
PAN,Panama,2004,0.741,HDRO_API
PAN,Panama,2005,0.746,HDRO_API
PAN,Panama,2006,0.753,HDRO_API
PAN,Panama,2007,0.763,HDRO_API
PAN,Panama,2008,0.767,HDRO_API
PAN,Panama,2009,0.77,HDRO_API
PAN,Panama,2010,0.775,HDRO_API
PAN,Panama,2011,0.781,HDRO_API
PAN,Panama,2012,0.798,HDRO_API
PAN,Panama,2013,0.799,HDRO_API
PAN,Panama,2014,0.798,HDRO_API
PAN,Panama,2015,0.803,HDRO_API
PAN,Panama,2016,0.81,HDRO_API
PAN,Panama,2017,0.815,HDRO_API
PAN,Panama,2018,0.82,HDRO_API
PAN,Panama,2019,0.824,HDRO_API
PAN,Panama,2020,0.808,HDRO_API
PAN,Panama,2021,0.819,HDRO_API
PAN,Panama,2022,0.835,HDRO_API
PAN,Panama,2023,0.839,HDRO_API
PER,Peru,1990,0.625,HDRO_API
PER,Peru,1991,0.628,HDRO_API
PER,Peru,1992,0.629,HDRO_API
PER,Peru,1993,0.633,HDRO_API
PER,Peru,1994,0.644,HDRO_API
PER,Peru,1995,0.654,HDRO_API
PER,Peru,1996,0.658,HDRO_API
PER,Peru,1997,0.663,HDRO_API
PER,Peru,1998,0.671,HDRO_API
PER,Peru,1999,0.68,HDRO_API
PER,Peru,2000,0.682,HDRO_API
PER,Peru,2001,0.69,HDRO_API
PER,Peru,2002,0.69,HDRO_API
PER,Peru,2003,0.689,HDRO_API
PER,Peru,2004,0.694,HDRO_API
PER,Peru,2005,0.691,HDRO_API
PER,Peru,2006,0.697,HDRO_API
PER,Peru,2007,0.708,HDRO_API
PER,Peru,2008,0.714,HDRO_API
PER,Peru,2009,0.717,HDRO_API
PER,Peru,2010,0.731,HDRO_API
PER,Peru,2011,0.738,HDRO_API
PER,Peru,2012,0.748,HDRO_API
PER,Peru,2013,0.757,HDRO_API
PER,Peru,2014,0.763,HDRO_API
PER,Peru,2015,0.768,HDRO_API
PER,Peru,2016,0.775,HDRO_API
PER,Peru,2017,0.775,HDRO_API
PER,Peru,2018,0.78,HDRO_API
PER,Peru,2019,0.784,HDRO_API
PER,Peru,2020,0.769,HDRO_API
PER,Peru,2021,0.764,HDRO_API
PER,Peru,2022,0.79,HDRO_API
PER,Peru,2023,0.794,HDRO_API
PHL,Philippines,1990,0.593,HDRO_API
PHL,Philippines,1991,0.594,HDRO_API
PHL,Philippines,1992,0.599,HDRO_API
PHL,Philippines,1993,0.602,HDRO_API
PHL,Philippines,1994,0.606,HDRO_API
PHL,Philippines,1995,0.609,HDRO_API
PHL,Philippines,1996,0.619,HDRO_API
PHL,Philippines,1997,0.623,HDRO_API
PHL,Philippines,1998,0.624,HDRO_API
PHL,Philippines,1999,0.628,HDRO_API
PHL,Philippines,2000,0.632,HDRO_API
PHL,Philippines,2001,0.636,HDRO_API
PHL,Philippines,2002,0.643,HDRO_API
PHL,Philippines,2003,0.648,HDRO_API
PHL,Philippines,2004,0.655,HDRO_API
PHL,Philippines,2005,0.656,HDRO_API
PHL,Philippines,2006,0.654,HDRO_API
PHL,Philippines,2007,0.659,HDRO_API
PHL,Philippines,2008,0.662,HDRO_API
PHL,Philippines,2009,0.662,HDRO_API
PHL,Philippines,2010,0.669,HDRO_API
PHL,Philippines,2011,0.674,HDRO_API
PHL,Philippines,2012,0.681,HDRO_API
PHL,Philippines,2013,0.687,HDRO_API
PHL,Philippines,2014,0.689,HDRO_API
PHL,Philippines,2015,0.69,HDRO_API
PHL,Philippines,2016,0.69,HDRO_API
PHL,Philippines,2017,0.694,HDRO_API
PHL,Philippines,2018,0.7,HDRO_API
PHL,Philippines,2019,0.708,HDRO_API
PHL,Philippines,2020,0.699,HDRO_API
PHL,Philippines,2021,0.69,HDRO_API
PHL,Philippines,2022,0.714,HDRO_API
PHL,Philippines,2023,0.72,HDRO_API
PLW,Palau,2000,0.736,HDRO_API
PLW,Palau,2001,0.741,HDRO_API
PLW,Palau,2002,0.746,HDRO_API
PLW,Palau,2003,0.749,HDRO_API
PLW,Palau,2004,0.755,HDRO_API
PLW,Palau,2005,0.761,HDRO_API
PLW,Palau,2006,0.765,HDRO_API
PLW,Palau,2007,0.771,HDRO_API
PLW,Palau,2008,0.773,HDRO_API
PLW,Palau,2009,0.776,HDRO_API
PLW,Palau,2010,0.779,HDRO_API
PLW,Palau,2011,0.784,HDRO_API
PLW,Palau,2012,0.787,HDRO_API
PLW,Palau,2013,0.791,HDRO_API
PLW,Palau,2014,0.795,HDRO_API
PLW,Palau,2015,0.802,HDRO_API
PLW,Palau,2016,0.804,HDRO_API
PLW,Palau,2017,0.804,HDRO_API
PLW,Palau,2018,0.805,HDRO_API
PLW,Palau,2019,0.806,HDRO_API
PLW,Palau,2020,0.799,HDRO_API
PLW,Palau,2021,0.789,HDRO_API
PLW,Palau,2022,0.786,HDRO_API
PLW,Palau,2023,0.786,HDRO_API
PNG,Papua New Guinea,1990,0.403,HDRO_API
PNG,Papua New Guinea,1991,0.411,HDRO_API
PNG,Papua New Guinea,1992,0.421,HDRO_API
PNG,Papua New Guinea,1993,0.432,HDRO_API
PNG,Papua New Guinea,1994,0.439,HDRO_API
PNG,Papua New Guinea,1995,0.442,HDRO_API
PNG,Papua New Guinea,1996,0.448,HDRO_API
PNG,Papua New Guinea,1997,0.449,HDRO_API
PNG,Papua New Guinea,1998,0.446,HDRO_API
PNG,Papua New Guinea,1999,0.454,HDRO_API
PNG,Papua New Guinea,2000,0.456,HDRO_API
PNG,Papua New Guinea,2001,0.458,HDRO_API
PNG,Papua New Guinea,2002,0.461,HDRO_API
PNG,Papua New Guinea,2003,0.464,HDRO_API
PNG,Papua New Guinea,2004,0.468,HDRO_API
PNG,Papua New Guinea,2005,0.473,HDRO_API
PNG,Papua New Guinea,2006,0.479,HDRO_API
PNG,Papua New Guinea,2007,0.485,HDRO_API
PNG,Papua New Guinea,2008,0.489,HDRO_API
PNG,Papua New Guinea,2009,0.495,HDRO_API
PNG,Papua New Guinea,2010,0.503,HDRO_API
PNG,Papua New Guinea,2011,0.508,HDRO_API
PNG,Papua New Guinea,2012,0.514,HDRO_API
PNG,Papua New Guinea,2013,0.522,HDRO_API
PNG,Papua New Guinea,2014,0.534,HDRO_API
PNG,Papua New Guinea,2015,0.543,HDRO_API
PNG,Papua New Guinea,2016,0.55,HDRO_API
PNG,Papua New Guinea,2017,0.555,HDRO_API
PNG,Papua New Guinea,2018,0.559,HDRO_API
PNG,Papua New Guinea,2019,0.566,HDRO_API
PNG,Papua New Guinea,2020,0.567,HDRO_API
PNG,Papua New Guinea,2021,0.567,HDRO_API
PNG,Papua New Guinea,2022,0.572,HDRO_API
PNG,Papua New Guinea,2023,0.576,HDRO_API
POL,Poland,1990,0.722,HDRO_API
POL,Poland,1991,0.72,HDRO_API
POL,Poland,1992,0.724,HDRO_API
POL,Poland,1993,0.737,HDRO_API
POL,Poland,1994,0.747,HDRO_API
POL,Poland,1995,0.754,HDRO_API
POL,Poland,1996,0.763,HDRO_API
POL,Poland,1997,0.775,HDRO_API
POL,Poland,1998,0.784,HDRO_API
POL,Poland,1999,0.793,HDRO_API
POL,Poland,2000,0.801,HDRO_API
POL,Poland,2001,0.809,HDRO_API
POL,Poland,2002,0.816,HDRO_API
POL,Poland,2003,0.822,HDRO_API
POL,Poland,2004,0.82,HDRO_API
POL,Poland,2005,0.826,HDRO_API
POL,Poland,2006,0.831,HDRO_API
POL,Poland,2007,0.836,HDRO_API
POL,Poland,2008,0.841,HDRO_API
POL,Poland,2009,0.846,HDRO_API
POL,Poland,2010,0.852,HDRO_API
POL,Poland,2011,0.858,HDRO_API
POL,Poland,2012,0.863,HDRO_API
POL,Poland,2013,0.873,HDRO_API
POL,Poland,2014,0.873,HDRO_API
POL,Poland,2015,0.879,HDRO_API
POL,Poland,2016,0.884,HDRO_API
POL,Poland,2017,0.882,HDRO_API
POL,Poland,2018,0.884,HDRO_API
POL,Poland,2019,0.887,HDRO_API
POL,Poland,2020,0.88,HDRO_API
POL,Poland,2021,0.884,HDRO_API
POL,Poland,2022,0.902,HDRO_API
POL,Poland,2023,0.906,HDRO_API
PRT,Portugal,1990,0.707,HDRO_API
PRT,Portugal,1991,0.718,HDRO_API
PRT,Portugal,1992,0.735,HDRO_API
PRT,Portugal,1993,0.751,HDRO_API
PRT,Portugal,1994,0.765,HDRO_API
PRT,Portugal,1995,0.773,HDRO_API
PRT,Portugal,1996,0.781,HDRO_API
PRT,Portugal,1997,0.789,HDRO_API
PRT,Portugal,1998,0.795,HDRO_API
PRT,Portugal,1999,0.793,HDRO_API
PRT,Portugal,2000,0.797,HDRO_API
PRT,Portugal,2001,0.801,HDRO_API
PRT,Portugal,2002,0.804,HDRO_API
PRT,Portugal,2003,0.808,HDRO_API
PRT,Portugal,2004,0.809,HDRO_API
PRT,Portugal,2005,0.81,HDRO_API
PRT,Portugal,2006,0.815,HDRO_API
PRT,Portugal,2007,0.821,HDRO_API
PRT,Portugal,2008,0.826,HDRO_API
PRT,Portugal,2009,0.831,HDRO_API
PRT,Portugal,2010,0.836,HDRO_API
PRT,Portugal,2011,0.843,HDRO_API
PRT,Portugal,2012,0.844,HDRO_API
PRT,Portugal,2013,0.849,HDRO_API
PRT,Portugal,2014,0.854,HDRO_API
PRT,Portugal,2015,0.857,HDRO_API
PRT,Portugal,2016,0.859,HDRO_API
PRT,Portugal,2017,0.864,HDRO_API
PRT,Portugal,2018,0.866,HDRO_API
PRT,Portugal,2019,0.872,HDRO_API
PRT,Portugal,2020,0.87,HDRO_API
PRT,Portugal,2021,0.876,HDRO_API
PRT,Portugal,2022,0.883,HDRO_API
PRT,Portugal,2023,0.89,HDRO_API
PRY,Paraguay,1990,0.607,HDRO_API
PRY,Paraguay,1991,0.613,HDRO_API
PRY,Paraguay,1992,0.619,HDRO_API
PRY,Paraguay,1993,0.626,HDRO_API
PRY,Paraguay,1994,0.631,HDRO_API
PRY,Paraguay,1995,0.637,HDRO_API
PRY,Paraguay,1996,0.646,HDRO_API
PRY,Paraguay,1997,0.653,HDRO_API
PRY,Paraguay,1998,0.659,HDRO_API
PRY,Paraguay,1999,0.664,HDRO_API
PRY,Paraguay,2000,0.664,HDRO_API
PRY,Paraguay,2001,0.671,HDRO_API
PRY,Paraguay,2002,0.679,HDRO_API
PRY,Paraguay,2003,0.673,HDRO_API
PRY,Paraguay,2004,0.681,HDRO_API
PRY,Paraguay,2005,0.683,HDRO_API
PRY,Paraguay,2006,0.684,HDRO_API
PRY,Paraguay,2007,0.69,HDRO_API
PRY,Paraguay,2008,0.7,HDRO_API
PRY,Paraguay,2009,0.7,HDRO_API
PRY,Paraguay,2010,0.709,HDRO_API
PRY,Paraguay,2011,0.715,HDRO_API
PRY,Paraguay,2012,0.719,HDRO_API
PRY,Paraguay,2013,0.73,HDRO_API
PRY,Paraguay,2014,0.733,HDRO_API
PRY,Paraguay,2015,0.737,HDRO_API
PRY,Paraguay,2016,0.737,HDRO_API
PRY,Paraguay,2017,0.74,HDRO_API
PRY,Paraguay,2018,0.744,HDRO_API
PRY,Paraguay,2019,0.747,HDRO_API
PRY,Paraguay,2020,0.742,HDRO_API
PRY,Paraguay,2021,0.723,HDRO_API
PRY,Paraguay,2022,0.747,HDRO_API
PRY,Paraguay,2023,0.756,HDRO_API
PSE,"Palestine, State of",2004,0.654,HDRO_API
PSE,"Palestine, State of",2005,0.663,HDRO_API
PSE,"Palestine, State of",2006,0.664,HDRO_API
PSE,"Palestine, State of",2007,0.674,HDRO_API
PSE,"Palestine, State of",2008,0.679,HDRO_API
PSE,"Palestine, State of",2009,0.685,HDRO_API
PSE,"Palestine, State of",2010,0.691,HDRO_API
PSE,"Palestine, State of",2011,0.698,HDRO_API
PSE,"Palestine, State of",2012,0.704,HDRO_API
PSE,"Palestine, State of",2013,0.706,HDRO_API
PSE,"Palestine, State of",2014,0.7,HDRO_API
PSE,"Palestine, State of",2015,0.712,HDRO_API
PSE,"Palestine, State of",2016,0.717,HDRO_API
PSE,"Palestine, State of",2017,0.721,HDRO_API
PSE,"Palestine, State of",2018,0.725,HDRO_API
PSE,"Palestine, State of",2019,0.729,HDRO_API
PSE,"Palestine, State of",2020,0.718,HDRO_API
PSE,"Palestine, State of",2021,0.718,HDRO_API
PSE,"Palestine, State of",2022,0.733,HDRO_API
PSE,"Palestine, State of",2023,0.674,HDRO_API
QAT,Qatar,1990,0.767,HDRO_API
QAT,Qatar,1991,0.768,HDRO_API
QAT,Qatar,1992,0.77,HDRO_API
QAT,Qatar,1993,0.778,HDRO_API
QAT,Qatar,1994,0.784,HDRO_API
QAT,Qatar,1995,0.788,HDRO_API
QAT,Qatar,1996,0.791,HDRO_API
QAT,Qatar,1997,0.794,HDRO_API
QAT,Qatar,1998,0.796,HDRO_API
QAT,Qatar,1999,0.796,HDRO_API
QAT,Qatar,2000,0.795,HDRO_API
QAT,Qatar,2001,0.795,HDRO_API
QAT,Qatar,2002,0.798,HDRO_API
QAT,Qatar,2003,0.804,HDRO_API
QAT,Qatar,2004,0.807,HDRO_API
QAT,Qatar,2005,0.815,HDRO_API
QAT,Qatar,2006,0.822,HDRO_API
QAT,Qatar,2007,0.831,HDRO_API
QAT,Qatar,2008,0.839,HDRO_API
QAT,Qatar,2009,0.838,HDRO_API
QAT,Qatar,2010,0.834,HDRO_API
QAT,Qatar,2011,0.835,HDRO_API
QAT,Qatar,2012,0.846,HDRO_API
QAT,Qatar,2013,0.859,HDRO_API
QAT,Qatar,2014,0.857,HDRO_API
QAT,Qatar,2015,0.86,HDRO_API
QAT,Qatar,2016,0.861,HDRO_API
QAT,Qatar,2017,0.87,HDRO_API
QAT,Qatar,2018,0.876,HDRO_API
QAT,Qatar,2019,0.88,HDRO_API
QAT,Qatar,2020,0.872,HDRO_API
QAT,Qatar,2021,0.866,HDRO_API
QAT,Qatar,2022,0.883,HDRO_API
QAT,Qatar,2023,0.886,HDRO_API
ROU,Romania,1990,0.719,HDRO_API
ROU,Romania,1991,0.705,HDRO_API
ROU,Romania,1992,0.694,HDRO_API
ROU,Romania,1993,0.692,HDRO_API
ROU,Romania,1994,0.695,HDRO_API
ROU,Romania,1995,0.701,HDRO_API
ROU,Romania,1996,0.707,HDRO_API
ROU,Romania,1997,0.709,HDRO_API
ROU,Romania,1998,0.715,HDRO_API
ROU,Romania,1999,0.724,HDRO_API
ROU,Romania,2000,0.73,HDRO_API
ROU,Romania,2001,0.737,HDRO_API
ROU,Romania,2002,0.745,HDRO_API
ROU,Romania,2003,0.749,HDRO_API
ROU,Romania,2004,0.757,HDRO_API
ROU,Romania,2005,0.765,HDRO_API
ROU,Romania,2006,0.781,HDRO_API
ROU,Romania,2007,0.792,HDRO_API
ROU,Romania,2008,0.815,HDRO_API
ROU,Romania,2009,0.826,HDRO_API
ROU,Romania,2010,0.822,HDRO_API
ROU,Romania,2011,0.823,HDRO_API
ROU,Romania,2012,0.817,HDRO_API
ROU,Romania,2013,0.821,HDRO_API
ROU,Romania,2014,0.82,HDRO_API
ROU,Romania,2015,0.823,HDRO_API
ROU,Romania,2016,0.823,HDRO_API
ROU,Romania,2017,0.828,HDRO_API
ROU,Romania,2018,0.833,HDRO_API
ROU,Romania,2019,0.838,HDRO_API
ROU,Romania,2020,0.832,HDRO_API
ROU,Romania,2021,0.829,HDRO_API
ROU,Romania,2022,0.84,HDRO_API
ROU,Romania,2023,0.845,HDRO_API
RUS,Russian Federation,1990,0.762,HDRO_API
RUS,Russian Federation,1991,0.758,HDRO_API
RUS,Russian Federation,1992,0.744,HDRO_API
RUS,Russian Federation,1993,0.725,HDRO_API
RUS,Russian Federation,1994,0.712,HDRO_API
RUS,Russian Federation,1995,0.713,HDRO_API
RUS,Russian Federation,1996,0.723,HDRO_API
RUS,Russian Federation,1997,0.734,HDRO_API
RUS,Russian Federation,1998,0.738,HDRO_API
RUS,Russian Federation,1999,0.74,HDRO_API
RUS,Russian Federation,2000,0.75,HDRO_API
RUS,Russian Federation,2001,0.758,HDRO_API
RUS,Russian Federation,2002,0.764,HDRO_API
RUS,Russian Federation,2003,0.772,HDRO_API
RUS,Russian Federation,2004,0.777,HDRO_API
RUS,Russian Federation,2005,0.78,HDRO_API
RUS,Russian Federation,2006,0.791,HDRO_API
RUS,Russian Federation,2007,0.802,HDRO_API
RUS,Russian Federation,2008,0.807,HDRO_API
RUS,Russian Federation,2009,0.805,HDRO_API
RUS,Russian Federation,2010,0.808,HDRO_API
RUS,Russian Federation,2011,0.822,HDRO_API
RUS,Russian Federation,2012,0.825,HDRO_API
RUS,Russian Federation,2013,0.83,HDRO_API
RUS,Russian Federation,2014,0.831,HDRO_API
RUS,Russian Federation,2015,0.833,HDRO_API
RUS,Russian Federation,2016,0.835,HDRO_API
RUS,Russian Federation,2017,0.838,HDRO_API
RUS,Russian Federation,2018,0.845,HDRO_API
RUS,Russian Federation,2019,0.847,HDRO_API
RUS,Russian Federation,2020,0.818,HDRO_API
RUS,Russian Federation,2021,0.813,HDRO_API
RUS,Russian Federation,2022,0.826,HDRO_API
RUS,Russian Federation,2023,0.832,HDRO_API
RWA,Rwanda,1995,0.294,HDRO_API
RWA,Rwanda,1996,0.297,HDRO_API
RWA,Rwanda,1997,0.295,HDRO_API
RWA,Rwanda,1998,0.304,HDRO_API
RWA,Rwanda,1999,0.317,HDRO_API
RWA,Rwanda,2000,0.34,HDRO_API
RWA,Rwanda,2001,0.37,HDRO_API
RWA,Rwanda,2002,0.385,HDRO_API
RWA,Rwanda,2003,0.398,HDRO_API
RWA,Rwanda,2004,0.417,HDRO_API
RWA,Rwanda,2005,0.433,HDRO_API
RWA,Rwanda,2006,0.452,HDRO_API
RWA,Rwanda,2007,0.467,HDRO_API
RWA,Rwanda,2008,0.479,HDRO_API
RWA,Rwanda,2009,0.493,HDRO_API
RWA,Rwanda,2010,0.504,HDRO_API
RWA,Rwanda,2011,0.512,HDRO_API
RWA,Rwanda,2012,0.521,HDRO_API
RWA,Rwanda,2013,0.499,HDRO_API
RWA,Rwanda,2014,0.525,HDRO_API
RWA,Rwanda,2015,0.525,HDRO_API
RWA,Rwanda,2016,0.534,HDRO_API
RWA,Rwanda,2017,0.539,HDRO_API
RWA,Rwanda,2018,0.54,HDRO_API
RWA,Rwanda,2019,0.55,HDRO_API
RWA,Rwanda,2020,0.555,HDRO_API
RWA,Rwanda,2021,0.562,HDRO_API
RWA,Rwanda,2022,0.57,HDRO_API
RWA,Rwanda,2023,0.578,HDRO_API
SAU,Saudi Arabia,1990,0.67,HDRO_API
SAU,Saudi Arabia,1991,0.681,HDRO_API
SAU,Saudi Arabia,1992,0.688,HDRO_API
SAU,Saudi Arabia,1993,0.693,HDRO_API
SAU,Saudi Arabia,1994,0.699,HDRO_API
SAU,Saudi Arabia,1995,0.705,HDRO_API
SAU,Saudi Arabia,1996,0.711,HDRO_API
SAU,Saudi Arabia,1997,0.718,HDRO_API
SAU,Saudi Arabia,1998,0.725,HDRO_API
SAU,Saudi Arabia,1999,0.729,HDRO_API
SAU,Saudi Arabia,2000,0.737,HDRO_API
SAU,Saudi Arabia,2001,0.744,HDRO_API
SAU,Saudi Arabia,2002,0.75,HDRO_API
SAU,Saudi Arabia,2003,0.762,HDRO_API
SAU,Saudi Arabia,2004,0.773,HDRO_API
SAU,Saudi Arabia,2005,0.782,HDRO_API
SAU,Saudi Arabia,2006,0.785,HDRO_API
SAU,Saudi Arabia,2007,0.786,HDRO_API
SAU,Saudi Arabia,2008,0.792,HDRO_API
SAU,Saudi Arabia,2009,0.794,HDRO_API
SAU,Saudi Arabia,2010,0.801,HDRO_API
SAU,Saudi Arabia,2011,0.811,HDRO_API
SAU,Saudi Arabia,2012,0.819,HDRO_API
SAU,Saudi Arabia,2013,0.827,HDRO_API
SAU,Saudi Arabia,2014,0.841,HDRO_API
SAU,Saudi Arabia,2015,0.851,HDRO_API
SAU,Saudi Arabia,2016,0.86,HDRO_API
SAU,Saudi Arabia,2017,0.869,HDRO_API
SAU,Saudi Arabia,2018,0.875,HDRO_API
SAU,Saudi Arabia,2019,0.878,HDRO_API
SAU,Saudi Arabia,2020,0.875,HDRO_API
SAU,Saudi Arabia,2021,0.878,HDRO_API
SAU,Saudi Arabia,2022,0.893,HDRO_API
SAU,Saudi Arabia,2023,0.9,HDRO_API
SDN,Sudan,2008,0.456,HDRO_API
SDN,Sudan,2009,0.469,HDRO_API
SDN,Sudan,2010,0.479,HDRO_API
SDN,Sudan,2011,0.476,HDRO_API
SDN,Sudan,2012,0.482,HDRO_API
SDN,Sudan,2013,0.488,HDRO_API
SDN,Sudan,2014,0.496,HDRO_API
SDN,Sudan,2015,0.498,HDRO_API
SDN,Sudan,2016,0.502,HDRO_API
SDN,Sudan,2017,0.506,HDRO_API
SDN,Sudan,2018,0.515,HDRO_API
SDN,Sudan,2019,0.517,HDRO_API
SDN,Sudan,2020,0.513,HDRO_API
SDN,Sudan,2021,0.512,HDRO_API
SDN,Sudan,2022,0.516,HDRO_API
SDN,Sudan,2023,0.511,HDRO_API
SEN,Senegal,1990,0.377,HDRO_API
SEN,Senegal,1991,0.379,HDRO_API
SEN,Senegal,1992,0.381,HDRO_API
SEN,Senegal,1993,0.382,HDRO_API
SEN,Senegal,1994,0.382,HDRO_API
SEN,Senegal,1995,0.384,HDRO_API
SEN,Senegal,1996,0.385,HDRO_API
SEN,Senegal,1997,0.386,HDRO_API
SEN,Senegal,1998,0.389,HDRO_API
SEN,Senegal,1999,0.392,HDRO_API
SEN,Senegal,2000,0.398,HDRO_API
SEN,Senegal,2001,0.404,HDRO_API
SEN,Senegal,2002,0.409,HDRO_API
SEN,Senegal,2003,0.416,HDRO_API
SEN,Senegal,2004,0.423,HDRO_API
SEN,Senegal,2005,0.43,HDRO_API
SEN,Senegal,2006,0.438,HDRO_API
SEN,Senegal,2007,0.45,HDRO_API
SEN,Senegal,2008,0.462,HDRO_API
SEN,Senegal,2009,0.47,HDRO_API
SEN,Senegal,2010,0.477,HDRO_API
SEN,Senegal,2011,0.491,HDRO_API
SEN,Senegal,2012,0.499,HDRO_API
SEN,Senegal,2013,0.504,HDRO_API
SEN,Senegal,2014,0.508,HDRO_API
SEN,Senegal,2015,0.509,HDRO_API
SEN,Senegal,2016,0.516,HDRO_API
SEN,Senegal,2017,0.517,HDRO_API
SEN,Senegal,2018,0.522,HDRO_API
SEN,Senegal,2019,0.52,HDRO_API
SEN,Senegal,2020,0.522,HDRO_API
SEN,Senegal,2021,0.522,HDRO_API
SEN,Senegal,2022,0.526,HDRO_API
SEN,Senegal,2023,0.53,HDRO_API
SGP,Singapore,1990,0.819,HDRO_API
SGP,Singapore,1991,0.826,HDRO_API
SGP,Singapore,1992,0.833,HDRO_API
SGP,Singapore,1993,0.84,HDRO_API
SGP,Singapore,1994,0.848,HDRO_API
SGP,Singapore,1995,0.854,HDRO_API
SGP,Singapore,1996,0.859,HDRO_API
SGP,Singapore,1997,0.866,HDRO_API
SGP,Singapore,1998,0.869,HDRO_API
SGP,Singapore,1999,0.875,HDRO_API
SGP,Singapore,2000,0.882,HDRO_API
SGP,Singapore,2001,0.885,HDRO_API
SGP,Singapore,2002,0.891,HDRO_API
SGP,Singapore,2003,0.897,HDRO_API
SGP,Singapore,2004,0.905,HDRO_API
SGP,Singapore,2005,0.911,HDRO_API
SGP,Singapore,2006,0.911,HDRO_API
SGP,Singapore,2007,0.914,HDRO_API
SGP,Singapore,2008,0.924,HDRO_API
SGP,Singapore,2009,0.928,HDRO_API
SGP,Singapore,2010,0.932,HDRO_API
SGP,Singapore,2011,0.933,HDRO_API
SGP,Singapore,2012,0.933,HDRO_API
SGP,Singapore,2013,0.934,HDRO_API
SGP,Singapore,2014,0.934,HDRO_API
SGP,Singapore,2015,0.935,HDRO_API
SGP,Singapore,2016,0.934,HDRO_API
SGP,Singapore,2017,0.935,HDRO_API
SGP,Singapore,2018,0.939,HDRO_API
SGP,Singapore,2019,0.942,HDRO_API
SGP,Singapore,2020,0.944,HDRO_API
SGP,Singapore,2021,0.948,HDRO_API
SGP,Singapore,2022,0.942,HDRO_API
SGP,Singapore,2023,0.946,HDRO_API
SLB,Solomon Islands,1999,0.554,HDRO_API
SLB,Solomon Islands,2000,0.547,HDRO_API
SLB,Solomon Islands,2001,0.542,HDRO_API
SLB,Solomon Islands,2002,0.539,HDRO_API
SLB,Solomon Islands,2003,0.543,HDRO_API
SLB,Solomon Islands,2004,0.548,HDRO_API
SLB,Solomon Islands,2005,0.553,HDRO_API
SLB,Solomon Islands,2006,0.553,HDRO_API
SLB,Solomon Islands,2007,0.552,HDRO_API
SLB,Solomon Islands,2008,0.556,HDRO_API
SLB,Solomon Islands,2009,0.557,HDRO_API
SLB,Solomon Islands,2010,0.564,HDRO_API
SLB,Solomon Islands,2011,0.567,HDRO_API
SLB,Solomon Islands,2012,0.57,HDRO_API
SLB,Solomon Islands,2013,0.576,HDRO_API
SLB,Solomon Islands,2014,0.575,HDRO_API
SLB,Solomon Islands,2015,0.576,HDRO_API
SLB,Solomon Islands,2016,0.578,HDRO_API
SLB,Solomon Islands,2017,0.581,HDRO_API
SLB,Solomon Islands,2018,0.582,HDRO_API
SLB,Solomon Islands,2019,0.583,HDRO_API
SLB,Solomon Islands,2020,0.579,HDRO_API
SLB,Solomon Islands,2021,0.577,HDRO_API
SLB,Solomon Islands,2022,0.583,HDRO_API
SLB,Solomon Islands,2023,0.584,HDRO_API
SLE,Sierra Leone,1990,0.313,HDRO_API
SLE,Sierra Leone,1991,0.303,HDRO_API
SLE,Sierra Leone,1992,0.305,HDRO_API
SLE,Sierra Leone,1993,0.312,HDRO_API
SLE,Sierra Leone,1994,0.312,HDRO_API
SLE,Sierra Leone,1995,0.314,HDRO_API
SLE,Sierra Leone,1996,0.311,HDRO_API
SLE,Sierra Leone,1997,0.307,HDRO_API
SLE,Sierra Leone,1998,0.304,HDRO_API
SLE,Sierra Leone,1999,0.301,HDRO_API
SLE,Sierra Leone,2000,0.318,HDRO_API
SLE,Sierra Leone,2001,0.33,HDRO_API
SLE,Sierra Leone,2002,0.345,HDRO_API
SLE,Sierra Leone,2003,0.354,HDRO_API
SLE,Sierra Leone,2004,0.363,HDRO_API
SLE,Sierra Leone,2005,0.37,HDRO_API
SLE,Sierra Leone,2006,0.372,HDRO_API
SLE,Sierra Leone,2007,0.391,HDRO_API
SLE,Sierra Leone,2008,0.4,HDRO_API
SLE,Sierra Leone,2009,0.406,HDRO_API
SLE,Sierra Leone,2010,0.41,HDRO_API
SLE,Sierra Leone,2011,0.416,HDRO_API
SLE,Sierra Leone,2012,0.418,HDRO_API
SLE,Sierra Leone,2013,0.436,HDRO_API
SLE,Sierra Leone,2014,0.438,HDRO_API
SLE,Sierra Leone,2015,0.432,HDRO_API
SLE,Sierra Leone,2016,0.441,HDRO_API
SLE,Sierra Leone,2017,0.445,HDRO_API
SLE,Sierra Leone,2018,0.451,HDRO_API
SLE,Sierra Leone,2019,0.455,HDRO_API
SLE,Sierra Leone,2020,0.454,HDRO_API
SLE,Sierra Leone,2021,0.458,HDRO_API
SLE,Sierra Leone,2022,0.463,HDRO_API
SLE,Sierra Leone,2023,0.467,HDRO_API
SLV,El Salvador,1990,0.523,HDRO_API
SLV,El Salvador,1991,0.529,HDRO_API
SLV,El Salvador,1992,0.538,HDRO_API
SLV,El Salvador,1993,0.548,HDRO_API
SLV,El Salvador,1994,0.558,HDRO_API
SLV,El Salvador,1995,0.567,HDRO_API
SLV,El Salvador,1996,0.576,HDRO_API
SLV,El Salvador,1997,0.586,HDRO_API
SLV,El Salvador,1998,0.594,HDRO_API
SLV,El Salvador,1999,0.598,HDRO_API
SLV,El Salvador,2000,0.607,HDRO_API
SLV,El Salvador,2001,0.612,HDRO_API
SLV,El Salvador,2002,0.621,HDRO_API
SLV,El Salvador,2003,0.628,HDRO_API
SLV,El Salvador,2004,0.636,HDRO_API
SLV,El Salvador,2005,0.642,HDRO_API
SLV,El Salvador,2006,0.647,HDRO_API
SLV,El Salvador,2007,0.653,HDRO_API
SLV,El Salvador,2008,0.653,HDRO_API
SLV,El Salvador,2009,0.653,HDRO_API
SLV,El Salvador,2010,0.66,HDRO_API
SLV,El Salvador,2011,0.662,HDRO_API
SLV,El Salvador,2012,0.666,HDRO_API
SLV,El Salvador,2013,0.668,HDRO_API
SLV,El Salvador,2014,0.668,HDRO_API
SLV,El Salvador,2015,0.667,HDRO_API
SLV,El Salvador,2016,0.666,HDRO_API
SLV,El Salvador,2017,0.665,HDRO_API
SLV,El Salvador,2018,0.67,HDRO_API
SLV,El Salvador,2019,0.67,HDRO_API
SLV,El Salvador,2020,0.66,HDRO_API
SLV,El Salvador,2021,0.663,HDRO_API
SLV,El Salvador,2022,0.674,HDRO_API
SLV,El Salvador,2023,0.678,HDRO_API
SOM,Somalia,2022,0.385,HDRO_API
SOM,Somalia,2023,0.404,HDRO_API
SRB,Serbia,1995,0.686,HDRO_API
SRB,Serbia,1996,0.692,HDRO_API
SRB,Serbia,1997,0.698,HDRO_API
SRB,Serbia,1998,0.699,HDRO_API
SRB,Serbia,1999,0.685,HDRO_API
SRB,Serbia,2000,0.701,HDRO_API
SRB,Serbia,2001,0.707,HDRO_API
SRB,Serbia,2002,0.711,HDRO_API
SRB,Serbia,2003,0.72,HDRO_API
SRB,Serbia,2004,0.732,HDRO_API
SRB,Serbia,2005,0.743,HDRO_API
SRB,Serbia,2006,0.753,HDRO_API
SRB,Serbia,2007,0.763,HDRO_API
SRB,Serbia,2008,0.773,HDRO_API
SRB,Serbia,2009,0.774,HDRO_API
SRB,Serbia,2010,0.775,HDRO_API
SRB,Serbia,2011,0.785,HDRO_API
SRB,Serbia,2012,0.788,HDRO_API
SRB,Serbia,2013,0.792,HDRO_API
SRB,Serbia,2014,0.795,HDRO_API
SRB,Serbia,2015,0.802,HDRO_API
SRB,Serbia,2016,0.806,HDRO_API
SRB,Serbia,2017,0.808,HDRO_API
SRB,Serbia,2018,0.814,HDRO_API
SRB,Serbia,2019,0.817,HDRO_API
SRB,Serbia,2020,0.809,HDRO_API
SRB,Serbia,2021,0.807,HDRO_API
SRB,Serbia,2022,0.826,HDRO_API
SRB,Serbia,2023,0.833,HDRO_API
SSD,South Sudan,2010,0.42,HDRO_API
SSD,South Sudan,2011,0.422,HDRO_API
SSD,South Sudan,2012,0.389,HDRO_API
SSD,South Sudan,2013,0.391,HDRO_API
SSD,South Sudan,2014,0.343,HDRO_API
SSD,South Sudan,2015,0.317,HDRO_API
SSD,South Sudan,2016,0.297,HDRO_API
SSD,South Sudan,2017,0.292,HDRO_API
SSD,South Sudan,2018,0.371,HDRO_API
SSD,South Sudan,2019,0.403,HDRO_API
SSD,South Sudan,2020,0.398,HDRO_API
SSD,South Sudan,2021,0.393,HDRO_API
SSD,South Sudan,2022,0.388,HDRO_API
SSD,South Sudan,2023,0.388,HDRO_API
STP,Sao Tome and Principe,2005,0.535,HDRO_API
STP,Sao Tome and Principe,2006,0.546,HDRO_API
STP,Sao Tome and Principe,2007,0.552,HDRO_API
STP,Sao Tome and Principe,2008,0.557,HDRO_API
STP,Sao Tome and Principe,2009,0.561,HDRO_API
STP,Sao Tome and Principe,2010,0.564,HDRO_API
STP,Sao Tome and Principe,2011,0.569,HDRO_API
STP,Sao Tome and Principe,2012,0.574,HDRO_API
STP,Sao Tome and Principe,2013,0.585,HDRO_API
STP,Sao Tome and Principe,2014,0.596,HDRO_API
STP,Sao Tome and Principe,2015,0.608,HDRO_API
STP,Sao Tome and Principe,2016,0.613,HDRO_API
STP,Sao Tome and Principe,2017,0.617,HDRO_API
STP,Sao Tome and Principe,2018,0.621,HDRO_API
STP,Sao Tome and Principe,2019,0.625,HDRO_API
STP,Sao Tome and Principe,2020,0.628,HDRO_API
STP,Sao Tome and Principe,2021,0.631,HDRO_API
STP,Sao Tome and Principe,2022,0.636,HDRO_API
STP,Sao Tome and Principe,2023,0.637,HDRO_API
SUR,Suriname,2004,0.679,HDRO_API
SUR,Suriname,2005,0.685,HDRO_API
SUR,Suriname,2006,0.69,HDRO_API
SUR,Suriname,2007,0.697,HDRO_API
SUR,Suriname,2008,0.701,HDRO_API
SUR,Suriname,2009,0.704,HDRO_API
SUR,Suriname,2010,0.707,HDRO_API
SUR,Suriname,2011,0.708,HDRO_API
SUR,Suriname,2012,0.711,HDRO_API
SUR,Suriname,2013,0.714,HDRO_API
SUR,Suriname,2014,0.715,HDRO_API
SUR,Suriname,2015,0.718,HDRO_API
SUR,Suriname,2016,0.716,HDRO_API
SUR,Suriname,2017,0.715,HDRO_API
SUR,Suriname,2018,0.719,HDRO_API
SUR,Suriname,2019,0.72,HDRO_API
SUR,Suriname,2020,0.714,HDRO_API
SUR,Suriname,2021,0.697,HDRO_API
SUR,Suriname,2022,0.719,HDRO_API
SUR,Suriname,2023,0.722,HDRO_API
SVK,Slovakia,1990,0.698,HDRO_API
SVK,Slovakia,1991,0.697,HDRO_API
SVK,Slovakia,1992,0.702,HDRO_API
SVK,Slovakia,1993,0.71,HDRO_API
SVK,Slovakia,1994,0.72,HDRO_API
SVK,Slovakia,1995,0.729,HDRO_API
SVK,Slovakia,1996,0.74,HDRO_API
SVK,Slovakia,1997,0.747,HDRO_API
SVK,Slovakia,1998,0.758,HDRO_API
SVK,Slovakia,1999,0.765,HDRO_API
SVK,Slovakia,2000,0.774,HDRO_API
SVK,Slovakia,2001,0.781,HDRO_API
SVK,Slovakia,2002,0.79,HDRO_API
SVK,Slovakia,2003,0.796,HDRO_API
SVK,Slovakia,2004,0.806,HDRO_API
SVK,Slovakia,2005,0.815,HDRO_API
SVK,Slovakia,2006,0.824,HDRO_API
SVK,Slovakia,2007,0.834,HDRO_API
SVK,Slovakia,2008,0.842,HDRO_API
SVK,Slovakia,2009,0.845,HDRO_API
SVK,Slovakia,2010,0.851,HDRO_API
SVK,Slovakia,2011,0.856,HDRO_API
SVK,Slovakia,2012,0.856,HDRO_API
SVK,Slovakia,2013,0.858,HDRO_API
SVK,Slovakia,2014,0.859,HDRO_API
SVK,Slovakia,2015,0.861,HDRO_API
SVK,Slovakia,2016,0.864,HDRO_API
SVK,Slovakia,2017,0.865,HDRO_API
SVK,Slovakia,2018,0.868,HDRO_API
SVK,Slovakia,2019,0.871,HDRO_API
SVK,Slovakia,2020,0.867,HDRO_API
SVK,Slovakia,2021,0.859,HDRO_API
SVK,Slovakia,2022,0.873,HDRO_API
SVK,Slovakia,2023,0.88,HDRO_API
SVN,Slovenia,1990,0.734,HDRO_API
SVN,Slovenia,1991,0.736,HDRO_API
SVN,Slovenia,1992,0.741,HDRO_API
SVN,Slovenia,1993,0.746,HDRO_API
SVN,Slovenia,1994,0.756,HDRO_API
SVN,Slovenia,1995,0.768,HDRO_API
SVN,Slovenia,1996,0.778,HDRO_API
SVN,Slovenia,1997,0.789,HDRO_API
SVN,Slovenia,1998,0.802,HDRO_API
SVN,Slovenia,1999,0.82,HDRO_API
SVN,Slovenia,2000,0.829,HDRO_API
SVN,Slovenia,2001,0.845,HDRO_API
SVN,Slovenia,2002,0.855,HDRO_API
SVN,Slovenia,2003,0.865,HDRO_API
SVN,Slovenia,2004,0.87,HDRO_API
SVN,Slovenia,2005,0.876,HDRO_API
SVN,Slovenia,2006,0.883,HDRO_API
SVN,Slovenia,2007,0.888,HDRO_API
SVN,Slovenia,2008,0.894,HDRO_API
SVN,Slovenia,2009,0.894,HDRO_API
SVN,Slovenia,2010,0.896,HDRO_API
SVN,Slovenia,2011,0.897,HDRO_API
SVN,Slovenia,2012,0.897,HDRO_API
SVN,Slovenia,2013,0.907,HDRO_API
SVN,Slovenia,2014,0.907,HDRO_API
SVN,Slovenia,2015,0.909,HDRO_API
SVN,Slovenia,2016,0.914,HDRO_API
SVN,Slovenia,2017,0.918,HDRO_API
SVN,Slovenia,2018,0.922,HDRO_API
SVN,Slovenia,2019,0.923,HDRO_API
SVN,Slovenia,2020,0.918,HDRO_API
SVN,Slovenia,2021,0.924,HDRO_API
SVN,Slovenia,2022,0.926,HDRO_API
SVN,Slovenia,2023,0.931,HDRO_API
SWE,Sweden,1990,0.818,HDRO_API
SWE,Sweden,1991,0.821,HDRO_API
SWE,Sweden,1992,0.829,HDRO_API
SWE,Sweden,1993,0.85,HDRO_API
SWE,Sweden,1994,0.862,HDRO_API
SWE,Sweden,1995,0.869,HDRO_API
SWE,Sweden,1996,0.877,HDRO_API
SWE,Sweden,1997,0.888,HDRO_API
SWE,Sweden,1998,0.901,HDRO_API
SWE,Sweden,1999,0.906,HDRO_API
SWE,Sweden,2000,0.912,HDRO_API
SWE,Sweden,2001,0.915,HDRO_API
SWE,Sweden,2002,0.918,HDRO_API
SWE,Sweden,2003,0.923,HDRO_API
SWE,Sweden,2004,0.908,HDRO_API
SWE,Sweden,2005,0.911,HDRO_API
SWE,Sweden,2006,0.915,HDRO_API
SWE,Sweden,2007,0.917,HDRO_API
SWE,Sweden,2008,0.913,HDRO_API
SWE,Sweden,2009,0.912,HDRO_API
SWE,Sweden,2010,0.918,HDRO_API
SWE,Sweden,2011,0.92,HDRO_API
SWE,Sweden,2012,0.92,HDRO_API
SWE,Sweden,2013,0.94,HDRO_API
SWE,Sweden,2014,0.943,HDRO_API
SWE,Sweden,2015,0.945,HDRO_API
SWE,Sweden,2016,0.947,HDRO_API
SWE,Sweden,2017,0.949,HDRO_API
SWE,Sweden,2018,0.95,HDRO_API
SWE,Sweden,2019,0.955,HDRO_API
SWE,Sweden,2020,0.951,HDRO_API
SWE,Sweden,2021,0.958,HDRO_API
SWE,Sweden,2022,0.959,HDRO_API
SWE,Sweden,2023,0.959,HDRO_API
SWZ,Eswatini (Kingdom of),1990,0.57,HDRO_API
SWZ,Eswatini (Kingdom of),1991,0.565,HDRO_API
SWZ,Eswatini (Kingdom of),1992,0.558,HDRO_API
SWZ,Eswatini (Kingdom of),1993,0.55,HDRO_API
SWZ,Eswatini (Kingdom of),1994,0.543,HDRO_API
SWZ,Eswatini (Kingdom of),1995,0.54,HDRO_API
SWZ,Eswatini (Kingdom of),1996,0.532,HDRO_API
SWZ,Eswatini (Kingdom of),1997,0.523,HDRO_API
SWZ,Eswatini (Kingdom of),1998,0.511,HDRO_API
SWZ,Eswatini (Kingdom of),1999,0.504,HDRO_API
SWZ,Eswatini (Kingdom of),2000,0.493,HDRO_API
SWZ,Eswatini (Kingdom of),2001,0.484,HDRO_API
SWZ,Eswatini (Kingdom of),2002,0.473,HDRO_API
SWZ,Eswatini (Kingdom of),2003,0.469,HDRO_API
SWZ,Eswatini (Kingdom of),2004,0.467,HDRO_API
SWZ,Eswatini (Kingdom of),2005,0.472,HDRO_API
SWZ,Eswatini (Kingdom of),2006,0.485,HDRO_API
SWZ,Eswatini (Kingdom of),2007,0.497,HDRO_API
SWZ,Eswatini (Kingdom of),2008,0.507,HDRO_API
SWZ,Eswatini (Kingdom of),2009,0.519,HDRO_API
SWZ,Eswatini (Kingdom of),2010,0.534,HDRO_API
SWZ,Eswatini (Kingdom of),2011,0.545,HDRO_API
SWZ,Eswatini (Kingdom of),2012,0.562,HDRO_API
SWZ,Eswatini (Kingdom of),2013,0.578,HDRO_API
SWZ,Eswatini (Kingdom of),2014,0.592,HDRO_API
SWZ,Eswatini (Kingdom of),2015,0.607,HDRO_API
SWZ,Eswatini (Kingdom of),2016,0.619,HDRO_API
SWZ,Eswatini (Kingdom of),2017,0.631,HDRO_API
SWZ,Eswatini (Kingdom of),2018,0.643,HDRO_API
SWZ,Eswatini (Kingdom of),2019,0.653,HDRO_API
SWZ,Eswatini (Kingdom of),2020,0.657,HDRO_API
SWZ,Eswatini (Kingdom of),2021,0.658,HDRO_API
SWZ,Eswatini (Kingdom of),2022,0.695,HDRO_API
SWZ,Eswatini (Kingdom of),2023,0.695,HDRO_API
SYC,Seychelles,2010,0.758,HDRO_API
SYC,Seychelles,2011,0.772,HDRO_API
SYC,Seychelles,2012,0.797,HDRO_API
SYC,Seychelles,2013,0.797,HDRO_API
SYC,Seychelles,2014,0.814,HDRO_API
SYC,Seychelles,2015,0.819,HDRO_API
SYC,Seychelles,2016,0.836,HDRO_API
SYC,Seychelles,2017,0.844,HDRO_API
SYC,Seychelles,2018,0.847,HDRO_API
SYC,Seychelles,2019,0.85,HDRO_API
SYC,Seychelles,2020,0.853,HDRO_API
SYC,Seychelles,2021,0.838,HDRO_API
SYC,Seychelles,2022,0.836,HDRO_API
SYC,Seychelles,2023,0.848,HDRO_API
SYR,Syrian Arab Republic,1990,0.572,HDRO_API
SYR,Syrian Arab Republic,1991,0.577,HDRO_API
SYR,Syrian Arab Republic,1992,0.582,HDRO_API
SYR,Syrian Arab Republic,1993,0.583,HDRO_API
SYR,Syrian Arab Republic,1994,0.587,HDRO_API
SYR,Syrian Arab Republic,1995,0.587,HDRO_API
SYR,Syrian Arab Republic,1996,0.59,HDRO_API
SYR,Syrian Arab Republic,1997,0.593,HDRO_API
SYR,Syrian Arab Republic,1998,0.595,HDRO_API
SYR,Syrian Arab Republic,1999,0.595,HDRO_API
SYR,Syrian Arab Republic,2000,0.594,HDRO_API
SYR,Syrian Arab Republic,2001,0.602,HDRO_API
SYR,Syrian Arab Republic,2002,0.61,HDRO_API
SYR,Syrian Arab Republic,2003,0.621,HDRO_API
SYR,Syrian Arab Republic,2004,0.635,HDRO_API
SYR,Syrian Arab Republic,2005,0.646,HDRO_API
SYR,Syrian Arab Republic,2006,0.658,HDRO_API
SYR,Syrian Arab Republic,2007,0.665,HDRO_API
SYR,Syrian Arab Republic,2008,0.66,HDRO_API
SYR,Syrian Arab Republic,2009,0.668,HDRO_API
SYR,Syrian Arab Republic,2010,0.669,HDRO_API
SYR,Syrian Arab Republic,2011,0.664,HDRO_API
SYR,Syrian Arab Republic,2012,0.626,HDRO_API
SYR,Syrian Arab Republic,2013,0.567,HDRO_API
SYR,Syrian Arab Republic,2014,0.561,HDRO_API
SYR,Syrian Arab Republic,2015,0.549,HDRO_API
SYR,Syrian Arab Republic,2016,0.552,HDRO_API
SYR,Syrian Arab Republic,2017,0.551,HDRO_API
SYR,Syrian Arab Republic,2018,0.557,HDRO_API
SYR,Syrian Arab Republic,2019,0.569,HDRO_API
SYR,Syrian Arab Republic,2020,0.57,HDRO_API
SYR,Syrian Arab Republic,2021,0.571,HDRO_API
SYR,Syrian Arab Republic,2022,0.571,HDRO_API
SYR,Syrian Arab Republic,2023,0.564,HDRO_API
TCD,Chad,2000,0.303,HDRO_API
TCD,Chad,2001,0.313,HDRO_API
TCD,Chad,2002,0.32,HDRO_API
TCD,Chad,2003,0.32,HDRO_API
TCD,Chad,2004,0.338,HDRO_API
TCD,Chad,2005,0.339,HDRO_API
TCD,Chad,2006,0.339,HDRO_API
TCD,Chad,2007,0.35,HDRO_API
TCD,Chad,2008,0.354,HDRO_API
TCD,Chad,2009,0.369,HDRO_API
TCD,Chad,2010,0.375,HDRO_API
TCD,Chad,2011,0.384,HDRO_API
TCD,Chad,2012,0.391,HDRO_API
TCD,Chad,2013,0.396,HDRO_API
TCD,Chad,2014,0.401,HDRO_API
TCD,Chad,2015,0.396,HDRO_API
TCD,Chad,2016,0.396,HDRO_API
TCD,Chad,2017,0.397,HDRO_API
TCD,Chad,2018,0.402,HDRO_API
TCD,Chad,2019,0.406,HDRO_API
TCD,Chad,2020,0.408,HDRO_API
TCD,Chad,2021,0.408,HDRO_API
TCD,Chad,2022,0.414,HDRO_API
TCD,Chad,2023,0.416,HDRO_API
TGO,Togo,1990,0.412,HDRO_API
TGO,Togo,1991,0.415,HDRO_API
TGO,Togo,1992,0.406,HDRO_API
TGO,Togo,1993,0.404,HDRO_API
TGO,Togo,1994,0.413,HDRO_API
TGO,Togo,1995,0.425,HDRO_API
TGO,Togo,1996,0.433,HDRO_API
TGO,Togo,1997,0.441,HDRO_API
TGO,Togo,1998,0.442,HDRO_API
TGO,Togo,1999,0.446,HDRO_API
TGO,Togo,2000,0.448,HDRO_API
TGO,Togo,2001,0.452,HDRO_API
TGO,Togo,2002,0.455,HDRO_API
TGO,Togo,2003,0.46,HDRO_API
TGO,Togo,2004,0.461,HDRO_API
TGO,Togo,2005,0.46,HDRO_API
TGO,Togo,2006,0.465,HDRO_API
TGO,Togo,2007,0.458,HDRO_API
TGO,Togo,2008,0.465,HDRO_API
TGO,Togo,2009,0.473,HDRO_API
TGO,Togo,2010,0.483,HDRO_API
TGO,Togo,2011,0.495,HDRO_API
TGO,Togo,2012,0.5,HDRO_API
TGO,Togo,2013,0.507,HDRO_API
TGO,Togo,2014,0.514,HDRO_API
TGO,Togo,2015,0.523,HDRO_API
TGO,Togo,2016,0.528,HDRO_API
TGO,Togo,2017,0.534,HDRO_API
TGO,Togo,2018,0.542,HDRO_API
TGO,Togo,2019,0.549,HDRO_API
TGO,Togo,2020,0.554,HDRO_API
TGO,Togo,2021,0.56,HDRO_API
TGO,Togo,2022,0.567,HDRO_API
TGO,Togo,2023,0.571,HDRO_API
THA,Thailand,1990,0.584,HDRO_API
THA,Thailand,1991,0.593,HDRO_API
THA,Thailand,1992,0.603,HDRO_API
THA,Thailand,1993,0.612,HDRO_API
THA,Thailand,1994,0.62,HDRO_API
THA,Thailand,1995,0.628,HDRO_API
THA,Thailand,1996,0.634,HDRO_API
THA,Thailand,1997,0.639,HDRO_API
THA,Thailand,1998,0.642,HDRO_API
THA,Thailand,1999,0.65,HDRO_API
THA,Thailand,2000,0.657,HDRO_API
THA,Thailand,2001,0.667,HDRO_API
THA,Thailand,2002,0.678,HDRO_API
THA,Thailand,2003,0.69,HDRO_API
THA,Thailand,2004,0.699,HDRO_API
THA,Thailand,2005,0.707,HDRO_API
THA,Thailand,2006,0.71,HDRO_API
THA,Thailand,2007,0.721,HDRO_API
THA,Thailand,2008,0.723,HDRO_API
THA,Thailand,2009,0.725,HDRO_API
THA,Thailand,2010,0.742,HDRO_API
THA,Thailand,2011,0.747,HDRO_API
THA,Thailand,2012,0.75,HDRO_API
THA,Thailand,2013,0.752,HDRO_API
THA,Thailand,2014,0.784,HDRO_API
THA,Thailand,2015,0.788,HDRO_API
THA,Thailand,2016,0.792,HDRO_API
THA,Thailand,2017,0.794,HDRO_API
THA,Thailand,2018,0.796,HDRO_API
THA,Thailand,2019,0.8,HDRO_API
THA,Thailand,2020,0.798,HDRO_API
THA,Thailand,2021,0.8,HDRO_API
THA,Thailand,2022,0.792,HDRO_API
THA,Thailand,2023,0.798,HDRO_API
TJK,Tajikistan,1993,0.549,HDRO_API
TJK,Tajikistan,1994,0.538,HDRO_API
TJK,Tajikistan,1995,0.547,HDRO_API
TJK,Tajikistan,1996,0.528,HDRO_API
TJK,Tajikistan,1997,0.536,HDRO_API
TJK,Tajikistan,1998,0.541,HDRO_API
TJK,Tajikistan,1999,0.546,HDRO_API
TJK,Tajikistan,2000,0.554,HDRO_API
TJK,Tajikistan,2001,0.563,HDRO_API
TJK,Tajikistan,2002,0.575,HDRO_API
TJK,Tajikistan,2003,0.587,HDRO_API
TJK,Tajikistan,2004,0.598,HDRO_API
TJK,Tajikistan,2005,0.611,HDRO_API
TJK,Tajikistan,2006,0.62,HDRO_API
TJK,Tajikistan,2007,0.625,HDRO_API
TJK,Tajikistan,2008,0.634,HDRO_API
TJK,Tajikistan,2009,0.634,HDRO_API
TJK,Tajikistan,2010,0.639,HDRO_API
TJK,Tajikistan,2011,0.644,HDRO_API
TJK,Tajikistan,2012,0.649,HDRO_API
TJK,Tajikistan,2013,0.655,HDRO_API
TJK,Tajikistan,2014,0.657,HDRO_API
TJK,Tajikistan,2015,0.658,HDRO_API
TJK,Tajikistan,2016,0.661,HDRO_API
TJK,Tajikistan,2017,0.666,HDRO_API
TJK,Tajikistan,2018,0.67,HDRO_API
TJK,Tajikistan,2019,0.673,HDRO_API
TJK,Tajikistan,2020,0.664,HDRO_API
TJK,Tajikistan,2021,0.672,HDRO_API
TJK,Tajikistan,2022,0.687,HDRO_API
TJK,Tajikistan,2023,0.691,HDRO_API
TKM,Turkmenistan,2005,0.653,HDRO_API
TKM,Turkmenistan,2006,0.662,HDRO_API
TKM,Turkmenistan,2007,0.673,HDRO_API
TKM,Turkmenistan,2008,0.683,HDRO_API
TKM,Turkmenistan,2009,0.69,HDRO_API
TKM,Turkmenistan,2010,0.7,HDRO_API
TKM,Turkmenistan,2011,0.709,HDRO_API
TKM,Turkmenistan,2012,0.714,HDRO_API
TKM,Turkmenistan,2013,0.716,HDRO_API
TKM,Turkmenistan,2014,0.719,HDRO_API
TKM,Turkmenistan,2015,0.725,HDRO_API
TKM,Turkmenistan,2016,0.729,HDRO_API
TKM,Turkmenistan,2017,0.732,HDRO_API
TKM,Turkmenistan,2018,0.735,HDRO_API
TKM,Turkmenistan,2019,0.741,HDRO_API
TKM,Turkmenistan,2020,0.744,HDRO_API
TKM,Turkmenistan,2021,0.754,HDRO_API
TKM,Turkmenistan,2022,0.761,HDRO_API
TKM,Turkmenistan,2023,0.764,HDRO_API
TLS,Timor-Leste,2000,0.507,HDRO_API
TLS,Timor-Leste,2001,0.521,HDRO_API
TLS,Timor-Leste,2002,0.534,HDRO_API
TLS,Timor-Leste,2003,0.534,HDRO_API
TLS,Timor-Leste,2004,0.547,HDRO_API
TLS,Timor-Leste,2005,0.564,HDRO_API
TLS,Timor-Leste,2006,0.588,HDRO_API
TLS,Timor-Leste,2007,0.609,HDRO_API
TLS,Timor-Leste,2008,0.634,HDRO_API
TLS,Timor-Leste,2009,0.631,HDRO_API
TLS,Timor-Leste,2010,0.645,HDRO_API
TLS,Timor-Leste,2011,0.655,HDRO_API
TLS,Timor-Leste,2012,0.65,HDRO_API
TLS,Timor-Leste,2013,0.646,HDRO_API
TLS,Timor-Leste,2014,0.637,HDRO_API
TLS,Timor-Leste,2015,0.628,HDRO_API
TLS,Timor-Leste,2016,0.618,HDRO_API
TLS,Timor-Leste,2017,0.621,HDRO_API
TLS,Timor-Leste,2018,0.624,HDRO_API
TLS,Timor-Leste,2019,0.642,HDRO_API
TLS,Timor-Leste,2020,0.65,HDRO_API
TLS,Timor-Leste,2021,0.644,HDRO_API
TLS,Timor-Leste,2022,0.633,HDRO_API
TLS,Timor-Leste,2023,0.634,HDRO_API
TON,Tonga,1990,0.641,HDRO_API
TON,Tonga,1991,0.649,HDRO_API
TON,Tonga,1992,0.654,HDRO_API
TON,Tonga,1993,0.66,HDRO_API
TON,Tonga,1994,0.67,HDRO_API
TON,Tonga,1995,0.675,HDRO_API
TON,Tonga,1996,0.678,HDRO_API
TON,Tonga,1997,0.68,HDRO_API
TON,Tonga,1998,0.685,HDRO_API
TON,Tonga,1999,0.688,HDRO_API
TON,Tonga,2000,0.688,HDRO_API
TON,Tonga,2001,0.693,HDRO_API
TON,Tonga,2002,0.7,HDRO_API
TON,Tonga,2003,0.703,HDRO_API
TON,Tonga,2004,0.705,HDRO_API
TON,Tonga,2005,0.706,HDRO_API
TON,Tonga,2006,0.708,HDRO_API
TON,Tonga,2007,0.71,HDRO_API
TON,Tonga,2008,0.717,HDRO_API
TON,Tonga,2009,0.718,HDRO_API
TON,Tonga,2010,0.724,HDRO_API
TON,Tonga,2011,0.731,HDRO_API
TON,Tonga,2012,0.735,HDRO_API
TON,Tonga,2013,0.737,HDRO_API
TON,Tonga,2014,0.74,HDRO_API
TON,Tonga,2015,0.743,HDRO_API
TON,Tonga,2016,0.749,HDRO_API
TON,Tonga,2017,0.755,HDRO_API
TON,Tonga,2018,0.759,HDRO_API
TON,Tonga,2019,0.763,HDRO_API
TON,Tonga,2020,0.765,HDRO_API
TON,Tonga,2021,0.763,HDRO_API
TON,Tonga,2022,0.764,HDRO_API
TON,Tonga,2023,0.769,HDRO_API
TTO,Trinidad and Tobago,1990,0.661,HDRO_API
TTO,Trinidad and Tobago,1991,0.665,HDRO_API
TTO,Trinidad and Tobago,1992,0.665,HDRO_API
TTO,Trinidad and Tobago,1993,0.667,HDRO_API
TTO,Trinidad and Tobago,1994,0.672,HDRO_API
TTO,Trinidad and Tobago,1995,0.677,HDRO_API
TTO,Trinidad and Tobago,1996,0.684,HDRO_API
TTO,Trinidad and Tobago,1997,0.692,HDRO_API
TTO,Trinidad and Tobago,1998,0.7,HDRO_API
TTO,Trinidad and Tobago,1999,0.708,HDRO_API
TTO,Trinidad and Tobago,2000,0.714,HDRO_API
TTO,Trinidad and Tobago,2001,0.721,HDRO_API
TTO,Trinidad and Tobago,2002,0.73,HDRO_API
TTO,Trinidad and Tobago,2003,0.74,HDRO_API
TTO,Trinidad and Tobago,2004,0.75,HDRO_API
TTO,Trinidad and Tobago,2005,0.756,HDRO_API
TTO,Trinidad and Tobago,2006,0.766,HDRO_API
TTO,Trinidad and Tobago,2007,0.774,HDRO_API
TTO,Trinidad and Tobago,2008,0.782,HDRO_API
TTO,Trinidad and Tobago,2009,0.782,HDRO_API
TTO,Trinidad and Tobago,2010,0.789,HDRO_API
TTO,Trinidad and Tobago,2011,0.792,HDRO_API
TTO,Trinidad and Tobago,2012,0.796,HDRO_API
TTO,Trinidad and Tobago,2013,0.802,HDRO_API
TTO,Trinidad and Tobago,2014,0.805,HDRO_API
TTO,Trinidad and Tobago,2015,0.808,HDRO_API
TTO,Trinidad and Tobago,2016,0.806,HDRO_API
TTO,Trinidad and Tobago,2017,0.806,HDRO_API
TTO,Trinidad and Tobago,2018,0.803,HDRO_API
TTO,Trinidad and Tobago,2019,0.805,HDRO_API
TTO,Trinidad and Tobago,2020,0.8,HDRO_API
TTO,Trinidad and Tobago,2021,0.796,HDRO_API
TTO,Trinidad and Tobago,2022,0.805,HDRO_API
TTO,Trinidad and Tobago,2023,0.807,HDRO_API
TUN,Tunisia,1990,0.569,HDRO_API
TUN,Tunisia,1991,0.575,HDRO_API
TUN,Tunisia,1992,0.582,HDRO_API
TUN,Tunisia,1993,0.587,HDRO_API
TUN,Tunisia,1994,0.598,HDRO_API
TUN,Tunisia,1995,0.606,HDRO_API
TUN,Tunisia,1996,0.616,HDRO_API
TUN,Tunisia,1997,0.623,HDRO_API
TUN,Tunisia,1998,0.636,HDRO_API
TUN,Tunisia,1999,0.646,HDRO_API
TUN,Tunisia,2000,0.654,HDRO_API
TUN,Tunisia,2001,0.661,HDRO_API
TUN,Tunisia,2002,0.667,HDRO_API
TUN,Tunisia,2003,0.673,HDRO_API
TUN,Tunisia,2004,0.683,HDRO_API
TUN,Tunisia,2005,0.69,HDRO_API
TUN,Tunisia,2006,0.697,HDRO_API
TUN,Tunisia,2007,0.703,HDRO_API
TUN,Tunisia,2008,0.709,HDRO_API
TUN,Tunisia,2009,0.713,HDRO_API
TUN,Tunisia,2010,0.717,HDRO_API
TUN,Tunisia,2011,0.718,HDRO_API
TUN,Tunisia,2012,0.72,HDRO_API
TUN,Tunisia,2013,0.722,HDRO_API
TUN,Tunisia,2014,0.725,HDRO_API
TUN,Tunisia,2015,0.728,HDRO_API
TUN,Tunisia,2016,0.733,HDRO_API
TUN,Tunisia,2017,0.737,HDRO_API
TUN,Tunisia,2018,0.742,HDRO_API
TUN,Tunisia,2019,0.74,HDRO_API
TUN,Tunisia,2020,0.733,HDRO_API
TUN,Tunisia,2021,0.728,HDRO_API
TUN,Tunisia,2022,0.745,HDRO_API
TUN,Tunisia,2023,0.746,HDRO_API
TUR,Türkiye,1990,0.598,HDRO_API
TUR,Türkiye,1991,0.602,HDRO_API
TUR,Türkiye,1992,0.608,HDRO_API
TUR,Türkiye,1993,0.615,HDRO_API
TUR,Türkiye,1994,0.616,HDRO_API
TUR,Türkiye,1995,0.623,HDRO_API
TUR,Türkiye,1996,0.63,HDRO_API
TUR,Türkiye,1997,0.638,HDRO_API
TUR,Türkiye,1998,0.649,HDRO_API
TUR,Türkiye,1999,0.652,HDRO_API
TUR,Türkiye,2000,0.669,HDRO_API
TUR,Türkiye,2001,0.675,HDRO_API
TUR,Türkiye,2002,0.685,HDRO_API
TUR,Türkiye,2003,0.691,HDRO_API
TUR,Türkiye,2004,0.696,HDRO_API
TUR,Türkiye,2005,0.701,HDRO_API
TUR,Türkiye,2006,0.711,HDRO_API
TUR,Türkiye,2007,0.719,HDRO_API
TUR,Türkiye,2008,0.721,HDRO_API
TUR,Türkiye,2009,0.728,HDRO_API
TUR,Türkiye,2010,0.75,HDRO_API
TUR,Türkiye,2011,0.764,HDRO_API
TUR,Türkiye,2012,0.772,HDRO_API
TUR,Türkiye,2013,0.802,HDRO_API
TUR,Türkiye,2014,0.813,HDRO_API
TUR,Türkiye,2015,0.821,HDRO_API
TUR,Türkiye,2016,0.826,HDRO_API
TUR,Türkiye,2017,0.833,HDRO_API
TUR,Türkiye,2018,0.838,HDRO_API
TUR,Türkiye,2019,0.841,HDRO_API
TUR,Türkiye,2020,0.838,HDRO_API
TUR,Türkiye,2021,0.841,HDRO_API
TUR,Türkiye,2022,0.853,HDRO_API
TUR,Türkiye,2023,0.853,HDRO_API
TUV,Tuvalu,1990,0.566,HDRO_API
TUV,Tuvalu,1991,0.57,HDRO_API
TUV,Tuvalu,1992,0.566,HDRO_API
TUV,Tuvalu,1993,0.579,HDRO_API
TUV,Tuvalu,1994,0.586,HDRO_API
TUV,Tuvalu,1995,0.587,HDRO_API
TUV,Tuvalu,1996,0.587,HDRO_API
TUV,Tuvalu,1997,0.595,HDRO_API
TUV,Tuvalu,1998,0.605,HDRO_API
TUV,Tuvalu,1999,0.608,HDRO_API
TUV,Tuvalu,2000,0.61,HDRO_API
TUV,Tuvalu,2001,0.613,HDRO_API
TUV,Tuvalu,2002,0.621,HDRO_API
TUV,Tuvalu,2003,0.621,HDRO_API
TUV,Tuvalu,2004,0.621,HDRO_API
TUV,Tuvalu,2005,0.621,HDRO_API
TUV,Tuvalu,2006,0.625,HDRO_API
TUV,Tuvalu,2007,0.63,HDRO_API
TUV,Tuvalu,2008,0.636,HDRO_API
TUV,Tuvalu,2009,0.635,HDRO_API
TUV,Tuvalu,2010,0.636,HDRO_API
TUV,Tuvalu,2011,0.641,HDRO_API
TUV,Tuvalu,2012,0.642,HDRO_API
TUV,Tuvalu,2013,0.647,HDRO_API
TUV,Tuvalu,2014,0.65,HDRO_API
TUV,Tuvalu,2015,0.658,HDRO_API
TUV,Tuvalu,2016,0.664,HDRO_API
TUV,Tuvalu,2017,0.668,HDRO_API
TUV,Tuvalu,2018,0.672,HDRO_API
TUV,Tuvalu,2019,0.681,HDRO_API
TUV,Tuvalu,2020,0.681,HDRO_API
TUV,Tuvalu,2021,0.681,HDRO_API
TUV,Tuvalu,2022,0.686,HDRO_API
TUV,Tuvalu,2023,0.689,HDRO_API
TZA,Tanzania (United Republic of),1990,0.381,HDRO_API
TZA,Tanzania (United Republic of),1991,0.382,HDRO_API
TZA,Tanzania (United Republic of),1992,0.381,HDRO_API
TZA,Tanzania (United Republic of),1993,0.382,HDRO_API
TZA,Tanzania (United Republic of),1994,0.38,HDRO_API
TZA,Tanzania (United Republic of),1995,0.38,HDRO_API
TZA,Tanzania (United Republic of),1996,0.383,HDRO_API
TZA,Tanzania (United Republic of),1997,0.388,HDRO_API
TZA,Tanzania (United Republic of),1998,0.396,HDRO_API
TZA,Tanzania (United Republic of),1999,0.404,HDRO_API
TZA,Tanzania (United Republic of),2000,0.414,HDRO_API
TZA,Tanzania (United Republic of),2001,0.422,HDRO_API
TZA,Tanzania (United Republic of),2002,0.433,HDRO_API
TZA,Tanzania (United Republic of),2003,0.444,HDRO_API
TZA,Tanzania (United Republic of),2004,0.455,HDRO_API
TZA,Tanzania (United Republic of),2005,0.465,HDRO_API
TZA,Tanzania (United Republic of),2006,0.477,HDRO_API
TZA,Tanzania (United Republic of),2007,0.486,HDRO_API
TZA,Tanzania (United Republic of),2008,0.495,HDRO_API
TZA,Tanzania (United Republic of),2009,0.504,HDRO_API
TZA,Tanzania (United Republic of),2010,0.513,HDRO_API
TZA,Tanzania (United Republic of),2011,0.516,HDRO_API
TZA,Tanzania (United Republic of),2012,0.519,HDRO_API
TZA,Tanzania (United Republic of),2013,0.521,HDRO_API
TZA,Tanzania (United Republic of),2014,0.521,HDRO_API
TZA,Tanzania (United Republic of),2015,0.52,HDRO_API
TZA,Tanzania (United Republic of),2016,0.52,HDRO_API
TZA,Tanzania (United Republic of),2017,0.528,HDRO_API
TZA,Tanzania (United Republic of),2018,0.537,HDRO_API
TZA,Tanzania (United Republic of),2019,0.546,HDRO_API
TZA,Tanzania (United Republic of),2020,0.554,HDRO_API
TZA,Tanzania (United Republic of),2021,0.548,HDRO_API
TZA,Tanzania (United Republic of),2022,0.554,HDRO_API
TZA,Tanzania (United Republic of),2023,0.555,HDRO_API
UGA,Uganda,1990,0.342,HDRO_API
UGA,Uganda,1991,0.345,HDRO_API
UGA,Uganda,1992,0.339,HDRO_API
UGA,Uganda,1993,0.347,HDRO_API
UGA,Uganda,1994,0.35,HDRO_API
UGA,Uganda,1995,0.356,HDRO_API
UGA,Uganda,1996,0.367,HDRO_API
UGA,Uganda,1997,0.376,HDRO_API
UGA,Uganda,1998,0.386,HDRO_API
UGA,Uganda,1999,0.398,HDRO_API
UGA,Uganda,2000,0.407,HDRO_API
UGA,Uganda,2001,0.418,HDRO_API
UGA,Uganda,2002,0.432,HDRO_API
UGA,Uganda,2003,0.446,HDRO_API
UGA,Uganda,2004,0.461,HDRO_API
UGA,Uganda,2005,0.47,HDRO_API
UGA,Uganda,2006,0.481,HDRO_API
UGA,Uganda,2007,0.492,HDRO_API
UGA,Uganda,2008,0.502,HDRO_API
UGA,Uganda,2009,0.509,HDRO_API
UGA,Uganda,2010,0.514,HDRO_API
UGA,Uganda,2011,0.522,HDRO_API
UGA,Uganda,2012,0.526,HDRO_API
UGA,Uganda,2013,0.532,HDRO_API
UGA,Uganda,2014,0.539,HDRO_API
UGA,Uganda,2015,0.547,HDRO_API
UGA,Uganda,2016,0.553,HDRO_API
UGA,Uganda,2017,0.557,HDRO_API
UGA,Uganda,2018,0.563,HDRO_API
UGA,Uganda,2019,0.569,HDRO_API
UGA,Uganda,2020,0.571,HDRO_API
UGA,Uganda,2021,0.573,HDRO_API
UGA,Uganda,2022,0.578,HDRO_API
UGA,Uganda,2023,0.582,HDRO_API
UKR,Ukraine,1990,0.75,HDRO_API
UKR,Ukraine,1991,0.743,HDRO_API
UKR,Ukraine,1992,0.733,HDRO_API
UKR,Ukraine,1993,0.721,HDRO_API
UKR,Ukraine,1994,0.706,HDRO_API
UKR,Ukraine,1995,0.702,HDRO_API
UKR,Ukraine,1996,0.701,HDRO_API
UKR,Ukraine,1997,0.706,HDRO_API
UKR,Ukraine,1998,0.71,HDRO_API
UKR,Ukraine,1999,0.714,HDRO_API
UKR,Ukraine,2000,0.716,HDRO_API
UKR,Ukraine,2001,0.728,HDRO_API
UKR,Ukraine,2002,0.736,HDRO_API
UKR,Ukraine,2003,0.745,HDRO_API
UKR,Ukraine,2004,0.751,HDRO_API
UKR,Ukraine,2005,0.757,HDRO_API
UKR,Ukraine,2006,0.762,HDRO_API
UKR,Ukraine,2007,0.77,HDRO_API
UKR,Ukraine,2008,0.776,HDRO_API
UKR,Ukraine,2009,0.773,HDRO_API
UKR,Ukraine,2010,0.782,HDRO_API
UKR,Ukraine,2011,0.786,HDRO_API
UKR,Ukraine,2012,0.789,HDRO_API
UKR,Ukraine,2013,0.789,HDRO_API
UKR,Ukraine,2014,0.788,HDRO_API
UKR,Ukraine,2015,0.778,HDRO_API
UKR,Ukraine,2016,0.78,HDRO_API
UKR,Ukraine,2017,0.785,HDRO_API
UKR,Ukraine,2018,0.784,HDRO_API
UKR,Ukraine,2019,0.789,HDRO_API
UKR,Ukraine,2020,0.783,HDRO_API
UKR,Ukraine,2021,0.772,HDRO_API
UKR,Ukraine,2022,0.772,HDRO_API
UKR,Ukraine,2023,0.779,HDRO_API
URY,Uruguay,1990,0.713,HDRO_API
URY,Uruguay,1991,0.717,HDRO_API
URY,Uruguay,1992,0.719,HDRO_API
URY,Uruguay,1993,0.722,HDRO_API
URY,Uruguay,1994,0.727,HDRO_API
URY,Uruguay,1995,0.729,HDRO_API
URY,Uruguay,1996,0.736,HDRO_API
URY,Uruguay,1997,0.747,HDRO_API
URY,Uruguay,1998,0.757,HDRO_API
URY,Uruguay,1999,0.76,HDRO_API
URY,Uruguay,2000,0.764,HDRO_API
URY,Uruguay,2001,0.771,HDRO_API
URY,Uruguay,2002,0.775,HDRO_API
URY,Uruguay,2003,0.78,HDRO_API
URY,Uruguay,2004,0.779,HDRO_API
URY,Uruguay,2005,0.778,HDRO_API
URY,Uruguay,2006,0.777,HDRO_API
URY,Uruguay,2007,0.78,HDRO_API
URY,Uruguay,2008,0.783,HDRO_API
URY,Uruguay,2009,0.787,HDRO_API
URY,Uruguay,2010,0.796,HDRO_API
URY,Uruguay,2011,0.801,HDRO_API
URY,Uruguay,2012,0.804,HDRO_API
URY,Uruguay,2013,0.812,HDRO_API
URY,Uruguay,2014,0.816,HDRO_API
URY,Uruguay,2015,0.818,HDRO_API
URY,Uruguay,2016,0.821,HDRO_API
URY,Uruguay,2017,0.827,HDRO_API
URY,Uruguay,2018,0.826,HDRO_API
URY,Uruguay,2019,0.83,HDRO_API
URY,Uruguay,2020,0.837,HDRO_API
URY,Uruguay,2021,0.837,HDRO_API
URY,Uruguay,2022,0.852,HDRO_API
URY,Uruguay,2023,0.862,HDRO_API
USA,United States,1990,0.878,HDRO_API
USA,United States,1991,0.878,HDRO_API
USA,United States,1992,0.882,HDRO_API
USA,United States,1993,0.884,HDRO_API
USA,United States,1994,0.887,HDRO_API
USA,United States,1995,0.888,HDRO_API
USA,United States,1996,0.89,HDRO_API
USA,United States,1997,0.893,HDRO_API
USA,United States,1998,0.895,HDRO_API
USA,United States,1999,0.895,HDRO_API
USA,United States,2000,0.895,HDRO_API
USA,United States,2001,0.897,HDRO_API
USA,United States,2002,0.898,HDRO_API
USA,United States,2003,0.9,HDRO_API
USA,United States,2004,0.905,HDRO_API
USA,United States,2005,0.907,HDRO_API
USA,United States,2006,0.911,HDRO_API
USA,United States,2007,0.914,HDRO_API
USA,United States,2008,0.914,HDRO_API
USA,United States,2009,0.915,HDRO_API
USA,United States,2010,0.919,HDRO_API
USA,United States,2011,0.92,HDRO_API
USA,United States,2012,0.923,HDRO_API
USA,United States,2013,0.925,HDRO_API
USA,United States,2014,0.926,HDRO_API
USA,United States,2015,0.928,HDRO_API
USA,United States,2016,0.929,HDRO_API
USA,United States,2017,0.931,HDRO_API
USA,United States,2018,0.934,HDRO_API
USA,United States,2019,0.936,HDRO_API
USA,United States,2020,0.925,HDRO_API
USA,United States,2021,0.921,HDRO_API
USA,United States,2022,0.93,HDRO_API
USA,United States,2023,0.938,HDRO_API
UZB,Uzbekistan,2000,0.603,HDRO_API
UZB,Uzbekistan,2001,0.61,HDRO_API
UZB,Uzbekistan,2002,0.618,HDRO_API
UZB,Uzbekistan,2003,0.625,HDRO_API
UZB,Uzbekistan,2004,0.632,HDRO_API
UZB,Uzbekistan,2005,0.638,HDRO_API
UZB,Uzbekistan,2006,0.644,HDRO_API
UZB,Uzbekistan,2007,0.658,HDRO_API
UZB,Uzbekistan,2008,0.663,HDRO_API
UZB,Uzbekistan,2009,0.672,HDRO_API
UZB,Uzbekistan,2010,0.681,HDRO_API
UZB,Uzbekistan,2011,0.686,HDRO_API
UZB,Uzbekistan,2012,0.692,HDRO_API
UZB,Uzbekistan,2013,0.698,HDRO_API
UZB,Uzbekistan,2014,0.703,HDRO_API
UZB,Uzbekistan,2015,0.707,HDRO_API
UZB,Uzbekistan,2016,0.714,HDRO_API
UZB,Uzbekistan,2017,0.719,HDRO_API
UZB,Uzbekistan,2018,0.725,HDRO_API
UZB,Uzbekistan,2019,0.73,HDRO_API
UZB,Uzbekistan,2020,0.723,HDRO_API
UZB,Uzbekistan,2021,0.727,HDRO_API
UZB,Uzbekistan,2022,0.737,HDRO_API
UZB,Uzbekistan,2023,0.74,HDRO_API
VCT,Saint Vincent and the Grenadines,2000,0.7,HDRO_API
VCT,Saint Vincent and the Grenadines,2001,0.704,HDRO_API
VCT,Saint Vincent and the Grenadines,2002,0.71,HDRO_API
VCT,Saint Vincent and the Grenadines,2003,0.715,HDRO_API
VCT,Saint Vincent and the Grenadines,2004,0.719,HDRO_API
VCT,Saint Vincent and the Grenadines,2005,0.724,HDRO_API
VCT,Saint Vincent and the Grenadines,2006,0.731,HDRO_API
VCT,Saint Vincent and the Grenadines,2007,0.737,HDRO_API
VCT,Saint Vincent and the Grenadines,2008,0.741,HDRO_API
VCT,Saint Vincent and the Grenadines,2009,0.745,HDRO_API
VCT,Saint Vincent and the Grenadines,2010,0.746,HDRO_API
VCT,Saint Vincent and the Grenadines,2011,0.749,HDRO_API
VCT,Saint Vincent and the Grenadines,2012,0.753,HDRO_API
VCT,Saint Vincent and the Grenadines,2013,0.755,HDRO_API
VCT,Saint Vincent and the Grenadines,2014,0.759,HDRO_API
VCT,Saint Vincent and the Grenadines,2015,0.765,HDRO_API
VCT,Saint Vincent and the Grenadines,2016,0.771,HDRO_API
VCT,Saint Vincent and the Grenadines,2017,0.778,HDRO_API
VCT,Saint Vincent and the Grenadines,2018,0.783,HDRO_API
VCT,Saint Vincent and the Grenadines,2019,0.787,HDRO_API
VCT,Saint Vincent and the Grenadines,2020,0.781,HDRO_API
VCT,Saint Vincent and the Grenadines,2021,0.781,HDRO_API
VCT,Saint Vincent and the Grenadines,2022,0.794,HDRO_API
VCT,Saint Vincent and the Grenadines,2023,0.798,HDRO_API
VEN,Venezuela (Bolivarian Republic of),1990,0.658,HDRO_API
VEN,Venezuela (Bolivarian Republic of),1991,0.669,HDRO_API
VEN,Venezuela (Bolivarian Republic of),1992,0.676,HDRO_API
VEN,Venezuela (Bolivarian Republic of),1993,0.68,HDRO_API
VEN,Venezuela (Bolivarian Republic of),1994,0.681,HDRO_API
VEN,Venezuela (Bolivarian Republic of),1995,0.687,HDRO_API
VEN,Venezuela (Bolivarian Republic of),1996,0.69,HDRO_API
VEN,Venezuela (Bolivarian Republic of),1997,0.698,HDRO_API
VEN,Venezuela (Bolivarian Republic of),1998,0.7,HDRO_API
VEN,Venezuela (Bolivarian Republic of),1999,0.698,HDRO_API
VEN,Venezuela (Bolivarian Republic of),2000,0.703,HDRO_API
VEN,Venezuela (Bolivarian Republic of),2001,0.708,HDRO_API
VEN,Venezuela (Bolivarian Republic of),2002,0.716,HDRO_API
VEN,Venezuela (Bolivarian Republic of),2003,0.707,HDRO_API
VEN,Venezuela (Bolivarian Republic of),2004,0.718,HDRO_API
VEN,Venezuela (Bolivarian Republic of),2005,0.728,HDRO_API
VEN,Venezuela (Bolivarian Republic of),2006,0.736,HDRO_API
VEN,Venezuela (Bolivarian Republic of),2007,0.753,HDRO_API
VEN,Venezuela (Bolivarian Republic of),2008,0.759,HDRO_API
VEN,Venezuela (Bolivarian Republic of),2009,0.76,HDRO_API
VEN,Venezuela (Bolivarian Republic of),2010,0.764,HDRO_API
VEN,Venezuela (Bolivarian Republic of),2011,0.77,HDRO_API
VEN,Venezuela (Bolivarian Republic of),2012,0.772,HDRO_API
VEN,Venezuela (Bolivarian Republic of),2013,0.773,HDRO_API
VEN,Venezuela (Bolivarian Republic of),2014,0.77,HDRO_API
VEN,Venezuela (Bolivarian Republic of),2015,0.768,HDRO_API
VEN,Venezuela (Bolivarian Republic of),2016,0.761,HDRO_API
VEN,Venezuela (Bolivarian Republic of),2017,0.749,HDRO_API
VEN,Venezuela (Bolivarian Republic of),2018,0.741,HDRO_API
VEN,Venezuela (Bolivarian Republic of),2019,0.724,HDRO_API
VEN,Venezuela (Bolivarian Republic of),2020,0.699,HDRO_API
VEN,Venezuela (Bolivarian Republic of),2021,0.696,HDRO_API
VEN,Venezuela (Bolivarian Republic of),2022,0.706,HDRO_API
VEN,Venezuela (Bolivarian Republic of),2023,0.709,HDRO_API
VNM,Viet Nam,1990,0.499,HDRO_API
VNM,Viet Nam,1991,0.509,HDRO_API
VNM,Viet Nam,1992,0.521,HDRO_API
VNM,Viet Nam,1993,0.531,HDRO_API
VNM,Viet Nam,1994,0.543,HDRO_API
VNM,Viet Nam,1995,0.556,HDRO_API
VNM,Viet Nam,1996,0.567,HDRO_API
VNM,Viet Nam,1997,0.578,HDRO_API
VNM,Viet Nam,1998,0.588,HDRO_API
VNM,Viet Nam,1999,0.596,HDRO_API
VNM,Viet Nam,2000,0.604,HDRO_API
VNM,Viet Nam,2001,0.612,HDRO_API
VNM,Viet Nam,2002,0.621,HDRO_API
VNM,Viet Nam,2003,0.63,HDRO_API
VNM,Viet Nam,2004,0.638,HDRO_API
VNM,Viet Nam,2005,0.647,HDRO_API
VNM,Viet Nam,2006,0.656,HDRO_API
VNM,Viet Nam,2007,0.664,HDRO_API
VNM,Viet Nam,2008,0.672,HDRO_API
VNM,Viet Nam,2009,0.679,HDRO_API
VNM,Viet Nam,2010,0.686,HDRO_API
VNM,Viet Nam,2011,0.693,HDRO_API
VNM,Viet Nam,2012,0.698,HDRO_API
VNM,Viet Nam,2013,0.704,HDRO_API
VNM,Viet Nam,2014,0.711,HDRO_API
VNM,Viet Nam,2015,0.717,HDRO_API
VNM,Viet Nam,2016,0.723,HDRO_API
VNM,Viet Nam,2017,0.729,HDRO_API
VNM,Viet Nam,2018,0.737,HDRO_API
VNM,Viet Nam,2019,0.744,HDRO_API
VNM,Viet Nam,2020,0.755,HDRO_API
VNM,Viet Nam,2021,0.754,HDRO_API
VNM,Viet Nam,2022,0.764,HDRO_API
VNM,Viet Nam,2023,0.766,HDRO_API
VUT,Vanuatu,2005,0.561,HDRO_API
VUT,Vanuatu,2006,0.567,HDRO_API
VUT,Vanuatu,2007,0.57,HDRO_API
VUT,Vanuatu,2008,0.578,HDRO_API
VUT,Vanuatu,2009,0.579,HDRO_API
VUT,Vanuatu,2010,0.582,HDRO_API
VUT,Vanuatu,2011,0.587,HDRO_API
VUT,Vanuatu,2012,0.587,HDRO_API
VUT,Vanuatu,2013,0.592,HDRO_API
VUT,Vanuatu,2014,0.597,HDRO_API
VUT,Vanuatu,2015,0.599,HDRO_API
VUT,Vanuatu,2016,0.603,HDRO_API
VUT,Vanuatu,2017,0.607,HDRO_API
VUT,Vanuatu,2018,0.612,HDRO_API
VUT,Vanuatu,2019,0.622,HDRO_API
VUT,Vanuatu,2020,0.617,HDRO_API
VUT,Vanuatu,2021,0.615,HDRO_API
VUT,Vanuatu,2022,0.621,HDRO_API
VUT,Vanuatu,2023,0.621,HDRO_API
WSM,Samoa,1995,0.655,HDRO_API
WSM,Samoa,1996,0.663,HDRO_API
WSM,Samoa,1997,0.665,HDRO_API
WSM,Samoa,1998,0.669,HDRO_API
WSM,Samoa,1999,0.672,HDRO_API
WSM,Samoa,2000,0.676,HDRO_API
WSM,Samoa,2001,0.683,HDRO_API
WSM,Samoa,2002,0.682,HDRO_API
WSM,Samoa,2003,0.687,HDRO_API
WSM,Samoa,2004,0.691,HDRO_API
WSM,Samoa,2005,0.694,HDRO_API
WSM,Samoa,2006,0.697,HDRO_API
WSM,Samoa,2007,0.701,HDRO_API
WSM,Samoa,2008,0.702,HDRO_API
WSM,Samoa,2009,0.694,HDRO_API
WSM,Samoa,2010,0.708,HDRO_API
WSM,Samoa,2011,0.711,HDRO_API
WSM,Samoa,2012,0.707,HDRO_API
WSM,Samoa,2013,0.706,HDRO_API
WSM,Samoa,2014,0.706,HDRO_API
WSM,Samoa,2015,0.708,HDRO_API
WSM,Samoa,2016,0.712,HDRO_API
WSM,Samoa,2017,0.712,HDRO_API
WSM,Samoa,2018,0.711,HDRO_API
WSM,Samoa,2019,0.708,HDRO_API
WSM,Samoa,2020,0.708,HDRO_API
WSM,Samoa,2021,0.706,HDRO_API
WSM,Samoa,2022,0.703,HDRO_API
WSM,Samoa,2023,0.708,HDRO_API
YEM,Yemen,1990,0.359,HDRO_API
YEM,Yemen,1991,0.364,HDRO_API
YEM,Yemen,1992,0.37,HDRO_API
YEM,Yemen,1993,0.377,HDRO_API
YEM,Yemen,1994,0.382,HDRO_API
YEM,Yemen,1995,0.393,HDRO_API
YEM,Yemen,1996,0.405,HDRO_API
YEM,Yemen,1997,0.413,HDRO_API
YEM,Yemen,1998,0.423,HDRO_API
YEM,Yemen,1999,0.429,HDRO_API
YEM,Yemen,2000,0.439,HDRO_API
YEM,Yemen,2001,0.449,HDRO_API
YEM,Yemen,2002,0.458,HDRO_API
YEM,Yemen,2003,0.467,HDRO_API
YEM,Yemen,2004,0.475,HDRO_API
YEM,Yemen,2005,0.481,HDRO_API
YEM,Yemen,2006,0.486,HDRO_API
YEM,Yemen,2007,0.489,HDRO_API
YEM,Yemen,2008,0.492,HDRO_API
YEM,Yemen,2009,0.497,HDRO_API
YEM,Yemen,2010,0.502,HDRO_API
YEM,Yemen,2011,0.501,HDRO_API
YEM,Yemen,2012,0.503,HDRO_API
YEM,Yemen,2013,0.507,HDRO_API
YEM,Yemen,2014,0.502,HDRO_API
YEM,Yemen,2015,0.475,HDRO_API
YEM,Yemen,2016,0.467,HDRO_API
YEM,Yemen,2017,0.459,HDRO_API
YEM,Yemen,2018,0.454,HDRO_API
YEM,Yemen,2019,0.458,HDRO_API
YEM,Yemen,2020,0.459,HDRO_API
YEM,Yemen,2021,0.458,HDRO_API
YEM,Yemen,2022,0.466,HDRO_API
YEM,Yemen,2023,0.47,HDRO_API
ZAF,South Africa,1990,0.633,HDRO_API
ZAF,South Africa,1991,0.641,HDRO_API
ZAF,South Africa,1992,0.645,HDRO_API
ZAF,South Africa,1993,0.65,HDRO_API
ZAF,South Africa,1994,0.654,HDRO_API
ZAF,South Africa,1995,0.654,HDRO_API
ZAF,South Africa,1996,0.649,HDRO_API
ZAF,South Africa,1997,0.642,HDRO_API
ZAF,South Africa,1998,0.634,HDRO_API
ZAF,South Africa,1999,0.626,HDRO_API
ZAF,South Africa,2000,0.618,HDRO_API
ZAF,South Africa,2001,0.613,HDRO_API
ZAF,South Africa,2002,0.614,HDRO_API
ZAF,South Africa,2003,0.61,HDRO_API
ZAF,South Africa,2004,0.613,HDRO_API
ZAF,South Africa,2005,0.616,HDRO_API
ZAF,South Africa,2006,0.622,HDRO_API
ZAF,South Africa,2007,0.632,HDRO_API
ZAF,South Africa,2008,0.643,HDRO_API
ZAF,South Africa,2009,0.657,HDRO_API
ZAF,South Africa,2010,0.669,HDRO_API
ZAF,South Africa,2011,0.683,HDRO_API
ZAF,South Africa,2012,0.696,HDRO_API
ZAF,South Africa,2013,0.705,HDRO_API
ZAF,South Africa,2014,0.713,HDRO_API
ZAF,South Africa,2015,0.722,HDRO_API
ZAF,South Africa,2016,0.722,HDRO_API
ZAF,South Africa,2017,0.726,HDRO_API
ZAF,South Africa,2018,0.732,HDRO_API
ZAF,South Africa,2019,0.742,HDRO_API
ZAF,South Africa,2020,0.724,HDRO_API
ZAF,South Africa,2021,0.721,HDRO_API
ZAF,South Africa,2022,0.737,HDRO_API
ZAF,South Africa,2023,0.741,HDRO_API
ZMB,Zambia,1990,0.422,HDRO_API
ZMB,Zambia,1991,0.416,HDRO_API
ZMB,Zambia,1992,0.414,HDRO_API
ZMB,Zambia,1993,0.417,HDRO_API
ZMB,Zambia,1994,0.413,HDRO_API
ZMB,Zambia,1995,0.413,HDRO_API
ZMB,Zambia,1996,0.415,HDRO_API
ZMB,Zambia,1997,0.418,HDRO_API
ZMB,Zambia,1998,0.418,HDRO_API
ZMB,Zambia,1999,0.423,HDRO_API
ZMB,Zambia,2000,0.429,HDRO_API
ZMB,Zambia,2001,0.437,HDRO_API
ZMB,Zambia,2002,0.445,HDRO_API
ZMB,Zambia,2003,0.458,HDRO_API
ZMB,Zambia,2004,0.468,HDRO_API
ZMB,Zambia,2005,0.48,HDRO_API
ZMB,Zambia,2006,0.492,HDRO_API
ZMB,Zambia,2007,0.504,HDRO_API
ZMB,Zambia,2008,0.514,HDRO_API
ZMB,Zambia,2009,0.526,HDRO_API
ZMB,Zambia,2010,0.533,HDRO_API
ZMB,Zambia,2011,0.538,HDRO_API
ZMB,Zambia,2012,0.551,HDRO_API
ZMB,Zambia,2013,0.557,HDRO_API
ZMB,Zambia,2014,0.559,HDRO_API
ZMB,Zambia,2015,0.565,HDRO_API
ZMB,Zambia,2016,0.565,HDRO_API
ZMB,Zambia,2017,0.57,HDRO_API
ZMB,Zambia,2018,0.575,HDRO_API
ZMB,Zambia,2019,0.578,HDRO_API
ZMB,Zambia,2020,0.578,HDRO_API
ZMB,Zambia,2021,0.574,HDRO_API
ZMB,Zambia,2022,0.589,HDRO_API
ZMB,Zambia,2023,0.595,HDRO_API
ZWE,Zimbabwe,1990,0.5,HDRO_API
ZWE,Zimbabwe,1991,0.502,HDRO_API
ZWE,Zimbabwe,1992,0.487,HDRO_API
ZWE,Zimbabwe,1993,0.483,HDRO_API
ZWE,Zimbabwe,1994,0.482,HDRO_API
ZWE,Zimbabwe,1995,0.477,HDRO_API
ZWE,Zimbabwe,1996,0.472,HDRO_API
ZWE,Zimbabwe,1997,0.472,HDRO_API
ZWE,Zimbabwe,1998,0.467,HDRO_API
ZWE,Zimbabwe,1999,0.462,HDRO_API
ZWE,Zimbabwe,2000,0.458,HDRO_API
ZWE,Zimbabwe,2001,0.456,HDRO_API
ZWE,Zimbabwe,2002,0.459,HDRO_API
ZWE,Zimbabwe,2003,0.45,HDRO_API
ZWE,Zimbabwe,2004,0.453,HDRO_API
ZWE,Zimbabwe,2005,0.455,HDRO_API
ZWE,Zimbabwe,2006,0.457,HDRO_API
ZWE,Zimbabwe,2007,0.459,HDRO_API
ZWE,Zimbabwe,2008,0.456,HDRO_API
ZWE,Zimbabwe,2009,0.488,HDRO_API
ZWE,Zimbabwe,2010,0.512,HDRO_API
ZWE,Zimbabwe,2011,0.529,HDRO_API
ZWE,Zimbabwe,2012,0.545,HDRO_API
ZWE,Zimbabwe,2013,0.554,HDRO_API
ZWE,Zimbabwe,2014,0.56,HDRO_API
ZWE,Zimbabwe,2015,0.567,HDRO_API
ZWE,Zimbabwe,2016,0.57,HDRO_API
ZWE,Zimbabwe,2017,0.575,HDRO_API
ZWE,Zimbabwe,2018,0.586,HDRO_API
ZWE,Zimbabwe,2019,0.584,HDRO_API
ZWE,Zimbabwe,2020,0.582,HDRO_API
ZWE,Zimbabwe,2021,0.581,HDRO_API
ZWE,Zimbabwe,2022,0.594,HDRO_API
ZWE,Zimbabwe,2023,0.598,HDRO_API
