country_code,time_batch,interval_start,interval_end,event_count
AFG,2000-01,2000-01-01,2000-01-31,1
AFG,2000-05,2000-05-01,2000-05-31,2
AFG,2000-08,2000-08-01,2000-08-31,1
AFG,2000-09,2000-09-01,2000-09-30,1
AFG,2000-09-29,2000-09-29,2000-09-29,1
AFG,2001-01-31,2001-01-31,2001-01-31,1
AFG,2001-06-01,2001-06-01,2001-06-01,2
AFG,2001-11,2001-11-01,2001-11-30,1
AFG,2001-12-01,2001-12-01,2001-12-01,1
AFG,2001-12-08,2001-12-08,2001-12-08,1
AFG,2002-01,2002-01-01,2002-01-31,1
AFG,2002-02-06,2002-02-06,2002-02-06,1
AFG,2002-03,2002-03-01,2002-03-31,1
AFG,2002-03-03,2002-03-03,2002-03-03,1
AFG,2002-03-22,2002-03-22,2002-03-22,1
AFG,2002-03-25,2002-03-25,2002-03-25,1
AFG,2002-03-28,2002-03-28,2002-03-28,1
AFG,2002-04-04,2002-04-04,2002-04-04,1
AFG,2002-04-10,2002-04-10,2002-04-10,1
AFG,2002-04-12,2002-04-12,2002-04-12,1
AFG,2002-04-23,2002-04-23,2002-04-23,1
AFG,2002-06-08,2002-06-08,2002-06-08,1
AFG,2002-07-01,2002-07-01,2002-07-01,1
AFG,2002-07,2002-07-01,2002-07-31,1
AFG,2002-07-20,2002-07-20,2002-07-20,1
AFG,2002-08-06,2002-08-06,2002-08-06,1
AFG,2002-08-09,2002-08-09,2002-08-09,1
AFG,2002-08-28,2002-08-28,2002-08-28,1
AFG,2002-09-01,2002-09-01,2002-09-01,1
AFG,2002-10-24,2002-10-24,2002-10-24,1
AFG,2003-01,2003-01-01,2003-01-31,1
AFG,2003-03-17,2003-03-17,2003-03-17,1
AFG,2003-04-10,2003-04-10,2003-04-10,1
AFG,2003-04-18,2003-04-18,2003-04-18,1
AFG,2003-05-26,2003-05-26,2003-05-26,1
AFG,2003-06-16,2003-06-16,2003-06-16,1
AFG,2003-07-09,2003-07-09,2003-07-09,1
AFG,2003-07-12,2003-07-12,2003-07-12,1
AFG,2003-07-29,2003-07-29,2003-07-29,1
AFG,2003-08-04,2003-08-04,2003-08-04,1
AFG,2004-01-15,2004-01-15,2004-01-15,1
AFG,2004-03-20,2004-03-20,2004-03-20,1
AFG,2004-05-02,2004-05-02,2004-05-02,1
AFG,2004-07-13,2004-07-13,2004-07-13,1
AFG,2004-07-18,2004-07-18,2004-07-18,1
AFG,2004-07-26,2004-07-26,2004-07-26,1
AFG,2005-01,2005-01-01,2005-01-31,1
AFG,2005-02-03,2005-02-03,2005-02-03,1
AFG,2005-03-05,2005-03-05,2005-03-05,2
AFG,2005-03-29,2005-03-29,2005-03-29,1
AFG,2005-04-07,2005-04-07,2005-04-07,1
AFG,2005-04-09,2005-04-09,2005-04-09,1
AFG,2005-05-02,2005-05-02,2005-05-02,1
AFG,2005-05-04,2005-05-04,2005-05-04,1
AFG,2005-06-16,2005-06-16,2005-06-16,1
AFG,2005-06-21,2005-06-21,2005-06-21,1
AFG,2005-06-25,2005-06-25,2005-06-25,1
AFG,2005-07-10,2005-07-10,2005-07-10,1
AFG,2005-08-20,2005-08-20,2005-08-20,1
AFG,2005-09-11,2005-09-11,2005-09-11,1
AFG,2005-10-08,2005-10-08,2005-10-08,1
AFG,2005-12-13,2005-12-13,2005-12-13,1
AFG,2005-12-27,2005-12-27,2005-12-27,1
AFG,2005-12-28,2005-12-28,2005-12-28,1
AFG,2006-01-01,2006-01-01,2006-01-01,1
AFG,2006-01-13,2006-01-13,2006-01-13,1
AFG,2006-01-31,2006-01-31,2006-01-31,1
AFG,2006-02,2006-02-01,2006-02-28,1
AFG,2006-04-28,2006-04-28,2006-04-28,1
AFG,2006-05,2006-05-01,2006-05-31,1
AFG,2006-05-05,2006-05-05,2006-05-05,1
AFG,2006-05-19,2006-05-19,2006-05-19,1
AFG,2006-07,2006-07-01,2006-07-31,1
AFG,2006-07-09,2006-07-09,2006-07-09,1
AFG,2006-07-26,2006-07-26,2006-07-26,1
AFG,2006-07-29,2006-07-29,2006-07-29,1
AFG,2006-07-30,2006-07-30,2006-07-30,2
AFG,2006-11-16,2006-11-16,2006-11-16,1
AFG,2007-03-18,2007-03-18,2007-03-18,1
AFG,2007-04-23,2007-04-23,2007-04-23,1
AFG,2007-04-30,2007-04-30,2007-04-30,1
AFG,2007-05-05,2007-05-05,2007-05-05,1
AFG,2007-05-14,2007-05-14,2007-05-14,1
AFG,2007-06-24,2007-06-24,2007-06-24,1
AFG,2007-07-15,2007-07-15,2007-07-15,1
AFG,2007-09-24,2007-09-24,2007-09-24,1
AFG,2008-01-05,2008-01-05,2008-01-05,1
AFG,2008-05-28,2008-05-28,2008-05-28,1
AFG,2008-08,2008-08-01,2008-08-31,1
AFG,2008-10,2008-10-01,2008-10-31,1
AFG,2008-10-06,2008-10-06,2008-10-06,1
AFG,2009-01-15,2009-01-15,2009-01-15,1
AFG,2009-01-18,2009-01-18,2009-01-18,1
AFG,2009-03-25,2009-03-25,2009-03-25,1
AFG,2009-04-04,2009-04-04,2009-04-04,1
AFG,2009-04-16,2009-04-16,2009-04-16,1
AFG,2009-07-19,2009-07-19,2009-07-19,1
AFG,2009-09-03,2009-09-03,2009-09-03,1
AFG,2009-10-26,2009-10-26,2009-10-26,1
AFG,2010-02-06,2010-02-06,2010-02-06,1
AFG,2010-03-02,2010-03-02,2010-03-02,1
AFG,2010-03-17,2010-03-17,2010-03-17,1
AFG,2010-04-18,2010-04-18,2010-04-18,1
AFG,2010-05-05,2010-05-05,2010-05-05,1
AFG,2010-05-17,2010-05-17,2010-05-17,1
AFG,2010-07-26,2010-07-26,2010-07-26,1
AFG,2010-07-27,2010-07-27,2010-07-27,1
AFG,2010-10-27,2010-10-27,2010-10-27,1
AFG,2011-01,2011-01-01,2011-01-31,1
AFG,2011-02-10,2011-02-10,2011-02-10,2
AFG,2011-04-28,2011-04-28,2011-04-28,1
AFG,2011-05-01,2011-05-01,2011-05-01,1
AFG,2011-05-14,2011-05-14,2011-05-14,1
AFG,2011-08-20,2011-08-20,2011-08-20,1
AFG,2012-01-16,2012-01-16,2012-01-16,1
AFG,2012-01-18,2012-01-18,2012-01-18,1
AFG,2012-03-05,2012-03-05,2012-03-05,1
AFG,2012-03-12,2012-03-12,2012-03-12,1
AFG,2012-04-10,2012-04-10,2012-04-10,1
AFG,2012-04-22,2012-04-22,2012-04-22,1
AFG,2012-05-12,2012-05-12,2012-05-12,1
AFG,2012-05-18,2012-05-18,2012-05-18,1
AFG,2012-05-20,2012-05-20,2012-05-20,1
AFG,2012-06-11,2012-06-11,2012-06-11,1
AFG,2012-06-18,2012-06-18,2012-06-18,1
AFG,2012-09-14,2012-09-14,2012-09-14,1
AFG,2013-02-04,2013-02-04,2013-02-04,1
AFG,2013-04-24,2013-04-24,2013-04-24,1
AFG,2013-04-25,2013-04-25,2013-04-25,1
AFG,2013-04-26,2013-04-26,2013-04-26,1
AFG,2013-08-01,2013-08-01,2013-08-01,1
AFG,2013-08-10,2013-08-10,2013-08-10,1
AFG,2013-09-10,2013-09-10,2013-09-10,1
AFG,2013-09-15,2013-09-15,2013-09-15,1
AFG,2014-02-01,2014-02-01,2014-02-01,1
AFG,2014-04-24,2014-04-24,2014-04-24,1
AFG,2014-06-03,2014-06-03,2014-06-03,1
AFG,2015-02-15,2015-02-15,2015-02-15,2
AFG,2015-02-21,2015-02-21,2015-02-21,1
AFG,2015-04-27,2015-04-27,2015-04-27,1
AFG,2015-05-09,2015-05-09,2015-05-09,1
AFG,2015-08-25,2015-08-25,2015-08-25,1
AFG,2015-10-26,2015-10-26,2015-10-26,1
AFG,2015-12-25,2015-12-25,2015-12-25,2
AFG,2016-04-02,2016-04-02,2016-04-02,1
AFG,2016-04-16,2016-04-16,2016-04-16,1
AFG,2016-05-08,2016-05-08,2016-05-08,1
AFG,2016-05-09,2016-05-09,2016-05-09,1
AFG,2016-07-19,2016-07-19,2016-07-19,1
AFG,2016-09-04,2016-09-04,2016-09-04,1
AFG,2017-01-24,2017-01-24,2017-01-24,1
AFG,2017-02-05,2017-02-05,2017-02-05,2
AFG,2017-02-17,2017-02-17,2017-02-17,1
AFG,2017-05-27,2017-05-27,2017-05-27,1
AFG,2017-07-17,2017-07-17,2017-07-17,1
AFG,2018-04,2018-04-01,2018-04-30,1
AFG,2018-05-07,2018-05-07,2018-05-07,1
AFG,2018-05-09,2018-05-09,2018-05-09,1
AFG,2018-07-12,2018-07-12,2018-07-12,1
AFG,2018-08-24,2018-08-24,2018-08-24,1
AFG,2018-09-02,2018-09-02,2018-09-02,1
AFG,2018-09-08,2018-09-08,2018-09-08,1
AFG,2018-10-21,2018-10-21,2018-10-21,1
AFG,2018-10-31,2018-10-31,2018-10-31,1
AFG,2019-01-06,2019-01-06,2019-01-06,1
AFG,2019-03-02,2019-03-02,2019-03-02,1
AFG,2019-03-18,2019-03-18,2019-03-18,1
AFG,2019-03-30,2019-03-30,2019-03-30,1
AFG,2019-05-22,2019-05-22,2019-05-22,1
AFG,2019-06-11,2019-06-11,2019-06-11,1
AFG,2019-12-11,2019-12-11,2019-12-11,1
AFG,2020-01-12,2020-01-12,2020-01-12,1
AFG,2020-02-13,2020-02-13,2020-02-13,1
AFG,2020-03-28,2020-03-28,2020-03-28,1
AFG,2020-04-13,2020-04-13,2020-04-13,1
AFG,2020-05-02,2020-05-02,2020-05-02,1
AFG,2020-07-31,2020-07-31,2020-07-31,1
AFG,2020-08-25,2020-08-25,2020-08-25,1
AFG,2021-01,2021-01-01,2021-01-31,1
AFG,2021-03-04,2021-03-04,2021-03-04,1
AFG,2021-05-02,2021-05-02,2021-05-02,1
AFG,2021-07-28,2021-07-28,2021-07-28,1
AFG,2022-01-17,2022-01-17,2022-01-17,1
AFG,2022-02-07,2022-02-07,2022-02-07,1
AFG,2022-05-02,2022-05-02,2022-05-02,1
AFG,2022-06-21,2022-06-21,2022-06-21,1
AFG,2022-06-22,2022-06-22,2022-06-22,1
AFG,2022-06-30,2022-06-30,2022-06-30,1
AFG,2022-07-24,2022-07-24,2022-07-24,1
AFG,2022-08-16,2022-08-16,2022-08-16,1
AFG,2022-12-17,2022-12-17,2022-12-17,1
AFG,2023-01-09,2023-01-09,2023-01-09,1
AFG,2023-03-21,2023-03-21,2023-03-21,1
AFG,2023-05-05,2023-05-05,2023-05-05,1
AFG,2023-07-22,2023-07-22,2023-07-22,1
AFG,2023-10-07,2023-10-07,2023-10-07,1
AFG,2023-10-11,2023-10-11,2023-10-11,1
AGO,2000-01-08,2000-01-08,2000-01-08,1
AGO,2000-01-26,2000-01-26,2000-01-26,1
AGO,2000-02-05,2000-02-05,2000-02-05,1
AGO,2000-03-27,2000-03-27,2000-03-27,1
AGO,2000-04-10,2000-04-10,2000-04-10,1
AGO,2000-05-03,2000-05-03,2000-05-03,1
AGO,2000-07-06,2000-07-06,2000-07-06,1
AGO,2000-08,2000-08-01,2000-08-31,1
AGO,2000-08-16,2000-08-16,2000-08-16,1
AGO,2000-09-06,2000-09-06,2000-09-06,1
AGO,2000-10-09,2000-10-09,2000-10-09,1
AGO,2000-11-01,2000-11-01,2000-11-01,1
AGO,2000-11-02,2000-11-02,2000-11-02,1
AGO,2000-11-15,2000-11-15,2000-11-15,1
AGO,2001-01,2001-01-01,2001-01-31,1
AGO,2001-03-17,2001-03-17,2001-03-17,1
AGO,2001-04-02,2001-04-02,2001-04-02,1
AGO,2001-05,2001-05-01,2001-05-31,1
AGO,2001-06-08,2001-06-08,2001-06-08,1
AGO,2001-08-11,2001-08-11,2001-08-11,1
AGO,2001-09-10,2001-09-10,2001-09-10,1
AGO,2001-09-24,2001-09-24,2001-09-24,1
AGO,2001-12-15,2001-12-15,2001-12-15,1
AGO,2001-12-25,2001-12-25,2001-12-25,1
AGO,2002-01-27,2002-01-27,2002-01-27,1
AGO,2002-06-02,2002-06-02,2002-06-02,1
AGO,2003-02-06,2003-02-06,2003-02-06,1
AGO,2003-05-18,2003-05-18,2003-05-18,1
AGO,2003-07-17,2003-07-17,2003-07-17,1
AGO,2003-11-22,2003-11-22,2003-11-22,1
AGO,2004-01-27,2004-01-27,2004-01-27,1
AGO,2004-02-01,2004-02-01,2004-02-01,1
AGO,2004-02-22,2004-02-22,2004-02-22,1
AGO,2004-09,2004-09-01,2004-09-30,1
AGO,2004-10-13,2004-10-13,2004-10-13,1
AGO,2004-10-20,2004-10-20,2004-10-20,1
AGO,2004-11-22,2004-11-22,2004-11-22,1
AGO,2004-12-18,2004-12-18,2004-12-18,1
AGO,2005-01-27,2005-01-27,2005-01-27,1
AGO,2005-02-08,2005-02-08,2005-02-08,1
AGO,2006-01,2006-01-01,2006-01-31,1
AGO,2006-02-13,2006-02-13,2006-02-13,1
AGO,2006-02-25,2006-02-25,2006-02-25,1
AGO,2006-10-24,2006-10-24,2006-10-24,1
AGO,2007-01-01,2007-01-01,2007-01-01,1
AGO,2007-01-10,2007-01-10,2007-01-10,1
AGO,2007-01-17,2007-01-17,2007-01-17,1
AGO,2007-10-02,2007-10-02,2007-10-02,1
AGO,2007-11-03,2007-11-03,2007-11-03,1
AGO,2008-01-01,2008-01-01,2008-01-01,1
AGO,2008-01-19,2008-01-19,2008-01-19,1
AGO,2008-01-31,2008-01-31,2008-01-31,1
AGO,2008-02-15,2008-02-15,2008-02-15,1
AGO,2008-03-13,2008-03-13,2008-03-13,1
AGO,2009-01,2009-01-01,2009-01-31,1
AGO,2009-02-14,2009-02-14,2009-02-14,1
AGO,2009-03-01,2009-03-01,2009-03-01,1
AGO,2009-03,2009-03-01,2009-03-31,1
AGO,2009-11-12,2009-11-12,2009-11-12,1
AGO,2009-12-10,2009-12-10,2009-12-10,1
AGO,2010-03-01,2010-03-01,2010-03-01,1
AGO,2010-03-21,2010-03-21,2010-03-21,1
AGO,2010-10-15,2010-10-15,2010-10-15,1
AGO,2011-01-03,2011-01-03,2011-01-03,1
AGO,2011-03,2011-03-01,2011-03-31,1
AGO,2011-09-14,2011-09-14,2011-09-14,1
AGO,2011-12,2011-12-01,2011-12-31,1
AGO,2011-12-15,2011-12-15,2011-12-15,1
AGO,2012-03,2012-03-01,2012-03-31,1
AGO,2012-12-31,2012-12-31,2012-12-31,1
AGO,2013-01-05,2013-01-05,2013-01-05,1
AGO,2013-04-06,2013-04-06,2013-04-06,1
AGO,2014-10-10,2014-10-10,2014-10-10,1
AGO,2015-02-13,2015-02-13,2015-02-13,1
AGO,2015-03-09,2015-03-09,2015-03-09,2
AGO,2015-12-05,2015-12-05,2015-12-05,1
AGO,2016-02-29,2016-02-29,2016-02-29,1
AGO,2016-03-01,2016-03-01,2016-03-01,1
AGO,2016-03-03,2016-03-03,2016-03-03,1
AGO,2016-04-16,2016-04-16,2016-04-16,1
AGO,2017-02,2017-02-01,2017-02-28,1
AGO,2017-03-21,2017-03-21,2017-03-21,1
AGO,2017-05,2017-05-01,2017-05-31,1
AGO,2018-02-22,2018-02-22,2018-02-22,1
AGO,2018-09-04,2018-09-04,2018-09-04,1
AGO,2018-10-09,2018-10-09,2018-10-09,1
AGO,2019-02-20,2019-02-20,2019-02-20,1
AGO,2019-03,2019-03-01,2019-03-31,1
AGO,2019-03-16,2019-03-16,2019-03-16,1
AGO,2020-03-16,2020-03-16,2020-03-16,1
AGO,2020-04-18,2020-04-18,2020-04-18,1
AGO,2020-12,2020-12-01,2020-12-31,1
AGO,2021-03-15,2021-03-15,2021-03-15,1
AGO,2021-04-19,2021-04-19,2021-04-19,1
AGO,2023-04,2023-04-01,2023-04-30,1
AGO,2023-11-30,2023-11-30,2023-11-30,1
AIA,2017-09-06,2017-09-06,2017-09-06,1
ALB,2002-01-08,2002-01-08,2002-01-08,1
ALB,2002-07,2002-07-01,2002-07-31,1
ALB,2002-09-17,2002-09-17,2002-09-17,1
ALB,2004-07-01,2004-07-01,2004-07-01,1
ALB,2004-10-14,2004-10-14,2004-10-14,1
ALB,2004-12-04,2004-12-04,2004-12-04,1
ALB,2005-01-23,2005-01-23,2005-01-23,1
ALB,2005-11-30,2005-11-30,2005-11-30,1
ALB,2007-07,2007-07-01,2007-07-31,1
ALB,2007-07-15,2007-07-15,2007-07-15,1
ALB,2008-03-05,2008-03-05,2008-03-05,1
ALB,2008-03-15,2008-03-15,2008-03-15,1
ALB,2009-09-07,2009-09-07,2009-09-07,1
ALB,2009-12-20,2009-12-20,2009-12-20,1
ALB,2010-07-17,2010-07-17,2010-07-17,1
ALB,2010-11-22,2010-11-22,2010-11-22,1
ALB,2012-01,2012-01-01,2012-01-31,1
ALB,2012-05-21,2012-05-21,2012-05-21,1
ALB,2013-03-14,2013-03-14,2013-03-14,1
ALB,2015-01-31,2015-01-31,2015-01-31,1
ALB,2015-11-21,2015-11-21,2015-11-21,1
ALB,2016-11-07,2016-11-07,2016-11-07,1
ALB,2017-01-20,2017-01-20,2017-01-20,1
ALB,2017-11-30,2017-11-30,2017-11-30,1
ALB,2018-03-07,2018-03-07,2018-03-07,1
ALB,2019-06-01,2019-06-01,2019-06-01,1
ALB,2019-09-21,2019-09-21,2019-09-21,1
ALB,2019-11-26,2019-11-26,2019-11-26,1
ALB,2021-01-10,2021-01-10,2021-01-10,1
ALB,2022-05-30,2022-05-30,2022-05-30,1
ALB,2023-07,2023-07-01,2023-07-31,1
ANT,2001-03-14,2001-03-14,2001-03-14,1
ARE,2001-10-29,2001-10-29,2001-10-29,1
ARE,2002-03-27,2002-03-27,2002-03-27,1
ARE,2004-02-10,2004-02-10,2004-02-10,1
ARE,2008-08-26,2008-08-26,2008-08-26,1
ARE,2010-08-10,2010-08-10,2010-08-10,1
ARE,2013-02-04,2013-02-04,2013-02-04,1
ARE,2014-05-10,2014-05-10,2014-05-10,1
ARE,2015-02-20,2015-02-20,2015-02-20,1
ARE,2017-12-16,2017-12-16,2017-12-16,1
ARE,2023-04-15,2023-04-15,2023-04-15,1
ARG,2000-03-09,2000-03-09,2000-03-09,1
ARG,2000-05-15,2000-05-15,2000-05-15,1
ARG,2000-06-17,2000-06-17,2000-06-17,1
ARG,2000-09,2000-09-01,2000-09-30,1
ARG,2000-10-22,2000-10-22,2000-10-22,1
ARG,2000-11-09,2000-11-09,2000-11-09,1
ARG,2000-11-22,2000-11-22,2000-11-22,1
ARG,2000-12,2000-12-01,2000-12-31,1
ARG,2000-12-27,2000-12-27,2000-12-27,1
ARG,2001-01-10,2001-01-10,2001-01-10,1
ARG,2001-03-21,2001-03-21,2001-03-21,1
ARG,2001-04-05,2001-04-05,2001-04-05,1
ARG,2001-04-28,2001-04-28,2001-04-28,1
ARG,2001-07,2001-07-01,2001-07-31,2
ARG,2001-08,2001-08-01,2001-08-31,1
ARG,2001-08-21,2001-08-21,2001-08-21,1
ARG,2001-10-01,2001-10-01,2001-10-01,1
ARG,2002-05-28,2002-05-28,2002-05-28,1
ARG,2002-07,2002-07-01,2002-07-31,1
ARG,2002-09-15,2002-09-15,2002-09-15,1
ARG,2002-10-12,2002-10-12,2002-10-12,1
ARG,2002-10-22,2002-10-22,2002-10-22,1
ARG,2003-02-10,2003-02-10,2003-02-10,1
ARG,2003-04-28,2003-04-28,2003-04-28,1
ARG,2003-06,2003-06-01,2003-06-30,1
ARG,2003-07-30,2003-07-30,2003-07-30,1
ARG,2003-11-11,2003-11-11,2003-11-11,1
ARG,2004-06-21,2004-06-21,2004-06-21,1
ARG,2004-07-01,2004-07-01,2004-07-01,1
ARG,2004-07,2004-07-01,2004-07-31,1
ARG,2004-12-06,2004-12-06,2004-12-06,1
ARG,2004-12-30,2004-12-30,2004-12-30,1
ARG,2005-01-30,2005-01-30,2005-01-30,1
ARG,2005-03-10,2005-03-10,2005-03-10,1
ARG,2005-05-16,2005-05-16,2005-05-16,1
ARG,2005-10-16,2005-10-16,2005-10-16,1
ARG,2006-03,2006-03-01,2006-03-31,1
ARG,2006-10-08,2006-10-08,2006-10-08,1
ARG,2007-01-18,2007-01-18,2007-01-18,1
ARG,2007-03-20,2007-03-20,2007-03-20,1
ARG,2007-05,2007-05-01,2007-05-31,1
ARG,2008-01-13,2008-01-13,2008-01-13,1
ARG,2008-01-28,2008-01-28,2008-01-28,1
ARG,2008-03-09,2008-03-09,2008-03-09,1
ARG,2008-05-07,2008-05-07,2008-05-07,1
ARG,2009-01,2009-01-01,2009-01-31,1
ARG,2009-02-09,2009-02-09,2009-02-09,1
ARG,2009-03,2009-03-01,2009-03-31,1
ARG,2009-09-09,2009-09-09,2009-09-09,1
ARG,2009-11-14,2009-11-14,2009-11-14,1
ARG,2009-12-28,2009-12-28,2009-12-28,1
ARG,2010-07,2010-07-01,2010-07-31,1
ARG,2010-09-26,2010-09-26,2010-09-26,1
ARG,2011-02-16,2011-02-16,2011-02-16,1
ARG,2011-04-17,2011-04-17,2011-04-17,1
ARG,2011-05-18,2011-05-18,2011-05-18,1
ARG,2011-06-04,2011-06-04,2011-06-04,1
ARG,2011-09-13,2011-09-13,2011-09-13,1
ARG,2012-02-24,2012-02-24,2012-02-24,1
ARG,2012-04-04,2012-04-04,2012-04-04,1
ARG,2012-04-06,2012-04-06,2012-04-06,1
ARG,2012-05-29,2012-05-29,2012-05-29,1
ARG,2012-06-26,2012-06-26,2012-06-26,1
ARG,2012-10-29,2012-10-29,2012-10-29,1
ARG,2012-11-20,2012-11-20,2012-11-20,1
ARG,2013-04-01,2013-04-01,2013-04-01,1
ARG,2013-06-13,2013-06-13,2013-06-13,1
ARG,2013-08-06,2013-08-06,2013-08-06,1
ARG,2013-10-19,2013-10-19,2013-10-19,1
ARG,2013-12-03,2013-12-03,2013-12-03,1
ARG,2013-12-12,2013-12-12,2013-12-12,1
ARG,2014-01-25,2014-01-25,2014-01-25,1
ARG,2014-02-07,2014-02-07,2014-02-07,1
ARG,2014-04-01,2014-04-01,2014-04-01,1
ARG,2014-06-07,2014-06-07,2014-06-07,1
ARG,2014-09-02,2014-09-02,2014-09-02,1
ARG,2014-10-30,2014-10-30,2014-10-30,1
ARG,2015-02-15,2015-02-15,2015-02-15,1
ARG,2015-03-04,2015-03-04,2015-03-04,1
ARG,2015-03-10,2015-03-10,2015-03-10,1
ARG,2015-04-24,2015-04-24,2015-04-24,1
ARG,2015-08-05,2015-08-05,2015-08-05,1
ARG,2015-12-14,2015-12-14,2015-12-14,1
ARG,2015-12-20,2015-12-20,2015-12-20,1
ARG,2016-04-04,2016-04-04,2016-04-04,1
ARG,2016-12-25,2016-12-25,2016-12-25,1
ARG,2017-01-10,2017-01-10,2017-01-10,1
ARG,2017-02-18,2017-02-18,2017-02-18,1
ARG,2017-02-24,2017-02-24,2017-02-24,1
ARG,2017-03-27,2017-03-27,2017-03-27,1
ARG,2017-04-05,2017-04-05,2017-04-05,1
ARG,2017-05-29,2017-05-29,2017-05-29,1
ARG,2017-11-15,2017-11-15,2017-11-15,1
ARG,2018-01,2018-01-01,2018-01-31,1
ARG,2018-01-20,2018-01-20,2018-01-20,1
ARG,2018-01-31,2018-01-31,2018-01-31,1
ARG,2018-04-28,2018-04-28,2018-04-28,1
ARG,2018-11-12,2018-11-12,2018-11-12,1
ARG,2019,2019-01-01,2019-12-31,1
ARG,2019-01-11,2019-01-11,2019-01-11,1
ARG,2019-04-23,2019-04-23,2019-04-23,1
ARG,2019-05-10,2019-05-10,2019-05-10,1
ARG,2020-01-15,2020-01-15,2020-01-15,1
ARG,2020-02-11,2020-02-11,2020-02-11,1
ARG,2021-01-18,2021-01-18,2021-01-18,1
ARG,2021-03-01,2021-03-01,2021-03-01,1
ARG,2021-03-08,2021-03-08,2021-03-08,1
ARG,2022-01,2022-01-01,2022-01-31,1
ARG,2022-02-02,2022-02-02,2022-02-02,1
ARG,2023-05-29,2023-05-29,2023-05-29,1
ARG,2023-09-01,2023-09-01,2023-09-01,1
ARG,2023-10-10,2023-10-10,2023-10-10,1
ARG,2023-12-13,2023-12-13,2023-12-13,1
ARM,2000-06,2000-06-01,2000-06-30,1
ARM,2004-03-05,2004-03-05,2004-03-05,1
ARM,2013-05-12,2013-05-12,2013-05-12,1
ARM,2013-12,2013-12-01,2013-12-31,1
ARM,2016-06-24,2016-06-24,2016-06-24,1
ARM,2018-08-17,2018-08-17,2018-08-17,1
ARM,2019-06-27,2019-06-27,2019-06-27,1
ARM,2020-07-13,2020-07-13,2020-07-13,1
ARM,2022-08-14,2022-08-14,2022-08-14,1
ARM,2023-01-19,2023-01-19,2023-01-19,1
ARM,2023-06-15,2023-06-15,2023-06-15,1
ASM,2003-05-18,2003-05-18,2003-05-18,1
ASM,2004-01-05,2004-01-05,2004-01-05,1
ASM,2005-02-16,2005-02-16,2005-02-16,1
ASM,2009-09-29,2009-09-29,2009-09-29,1
ATG,2008-10-15,2008-10-15,2008-10-15,1
ATG,2010-08-29,2010-08-29,2010-08-29,1
ATG,2017-09-06,2017-09-06,2017-09-06,1
AUS,2000-02-27,2000-02-27,2000-02-27,1
AUS,2000-04,2000-04-01,2000-04-30,1
AUS,2000-04-03,2000-04-03,2000-04-03,1
AUS,2000-06-23,2000-06-23,2000-06-23,1
AUS,2000-10,2000-10-01,2000-10-31,1
AUS,2000-11-17,2000-11-17,2000-11-17,1
AUS,2000-12-07,2000-12-07,2000-12-07,1
AUS,2000-12-08,2000-12-08,2000-12-08,1
AUS,2001-01,2001-01-01,2001-01-31,1
AUS,2001-01-16,2001-01-16,2001-01-16,1
AUS,2001-01-18,2001-01-18,2001-01-18,1
AUS,2001-02-01,2001-02-01,2001-02-01,1
AUS,2001-02-18,2001-02-18,2001-02-18,1
AUS,2001-03-08,2001-03-08,2001-03-08,1
AUS,2001-04-26,2001-04-26,2001-04-26,1
AUS,2001-10,2001-10-01,2001-10-31,1
AUS,2001-12-25,2001-12-25,2001-12-25,1
AUS,2002-02-16,2002-02-16,2002-02-16,1
AUS,2002-04,2002-04-01,2002-04-30,1
AUS,2002-09-19,2002-09-19,2002-09-19,1
AUS,2002-10-08,2002-10-08,2002-10-08,1
AUS,2002-12-05,2002-12-05,2002-12-05,1
AUS,2003-01-08,2003-01-08,2003-01-08,1
AUS,2003-01-09,2003-01-09,2003-01-09,1
AUS,2003-02-05,2003-02-05,2003-02-05,1
AUS,2003-02-21,2003-02-21,2003-02-21,1
AUS,2003-05-13,2003-05-13,2003-05-13,1
AUS,2003-05-18,2003-05-18,2003-05-18,1
AUS,2003-10-24,2003-10-24,2003-10-24,1
AUS,2003-12-02,2003-12-02,2003-12-02,1
AUS,2003-12-03,2003-12-03,2003-12-03,1
AUS,2003-12-09,2003-12-09,2003-12-09,1
AUS,2004-01-14,2004-01-14,2004-01-14,1
AUS,2004-01-24,2004-01-24,2004-01-24,1
AUS,2004-07-17,2004-07-17,2004-07-17,1
AUS,2004-08,2004-08-01,2004-08-31,1
AUS,2004-10-19,2004-10-19,2004-10-19,1
AUS,2004-11-07,2004-11-07,2004-11-07,1
AUS,2004-11-16,2004-11-16,2004-11-16,1
AUS,2004-12-08,2004-12-08,2004-12-08,1
AUS,2005-01-04,2005-01-04,2005-01-04,1
AUS,2005-01-21,2005-01-21,2005-01-21,1
AUS,2005-05-07,2005-05-07,2005-05-07,1
AUS,2005-06-30,2005-06-30,2005-06-30,1
AUS,2005-12-02,2005-12-02,2005-12-02,1
AUS,2006-01,2006-01-01,2006-01-31,1
AUS,2006-01-09,2006-01-09,2006-01-09,1
AUS,2006-03-20,2006-03-20,2006-03-20,1
AUS,2006-03-30,2006-03-30,2006-03-30,1
AUS,2006-04-05,2006-04-05,2006-04-05,1
AUS,2006-10,2006-10-01,2006-10-31,1
AUS,2006-11-16,2006-11-16,2006-11-16,1
AUS,2006-12,2006-12-01,2006-12-31,1
AUS,2007-03-02,2007-03-02,2007-03-02,1
AUS,2007-06-05,2007-06-05,2007-06-05,1
AUS,2007-06-08,2007-06-08,2007-06-08,1
AUS,2008-01-03,2008-01-03,2008-01-03,1
AUS,2008-01-14,2008-01-14,2008-01-14,1
AUS,2008-02-13,2008-02-13,2008-02-13,1
AUS,2008-11-15,2008-11-15,2008-11-15,1
AUS,2008-11-20,2008-11-20,2008-11-20,1
AUS,2009-01-13,2009-01-13,2009-01-13,1
AUS,2009-01-26,2009-01-26,2009-01-26,1
AUS,2009-01-27,2009-01-27,2009-01-27,1
AUS,2009-02-02,2009-02-02,2009-02-02,1
AUS,2009-05-19,2009-05-19,2009-05-19,1
AUS,2009-11-01,2009-11-01,2009-11-01,1
AUS,2009-12-25,2009-12-25,2009-12-25,1
AUS,2010-02-13,2010-02-13,2010-02-13,1
AUS,2010-02-28,2010-02-28,2010-02-28,1
AUS,2010-03-06,2010-03-06,2010-03-06,1
AUS,2010-03-21,2010-03-21,2010-03-21,1
AUS,2010-03-22,2010-03-22,2010-03-22,1
AUS,2010-09-01,2010-09-01,2010-09-01,1
AUS,2010-11-27,2010-11-27,2010-11-27,1
AUS,2010-12-15,2010-12-15,2010-12-15,1
AUS,2010-12-25,2010-12-25,2010-12-25,1
AUS,2011-02-02,2011-02-02,2011-02-02,1
AUS,2011-03-14,2011-03-14,2011-03-14,1
AUS,2011-08-23,2011-08-23,2011-08-23,1
AUS,2011-11-18,2011-11-18,2011-11-18,1
AUS,2012-01-22,2012-01-22,2012-01-22,1
AUS,2012-02-24,2012-02-24,2012-02-24,1
AUS,2012-06-21,2012-06-21,2012-06-21,1
AUS,2013-01-01,2013-01-01,2013-01-01,1
AUS,2013-01-23,2013-01-23,2013-01-23,1
AUS,2013-06-09,2013-06-09,2013-06-09,1
AUS,2013-10-18,2013-10-18,2013-10-18,1
AUS,2014-01-13,2014-01-13,2014-01-13,2
AUS,2014-02-07,2014-02-07,2014-02-07,1
AUS,2014-11-22,2014-11-22,2014-11-22,1
AUS,2015-01-03,2015-01-03,2015-01-03,1
AUS,2015-02-20,2015-02-20,2015-02-20,1
AUS,2015-02-22,2015-02-22,2015-02-22,1
AUS,2015-03-12,2015-03-12,2015-03-12,1
AUS,2015-04-20,2015-04-20,2015-04-20,1
AUS,2015-04-30,2015-04-30,2015-04-30,1
AUS,2015-11-25,2015-11-25,2015-11-25,1
AUS,2015-12-19,2015-12-19,2015-12-19,1
AUS,2016-01-01,2016-01-01,2016-01-01,1
AUS,2016-01-05,2016-01-05,2016-01-05,1
AUS,2016-06-04,2016-06-04,2016-06-04,1
AUS,2016-09-10,2016-09-10,2016-09-10,1
AUS,2017-02-09,2017-02-09,2017-02-09,1
AUS,2017-03-06,2017-03-06,2017-03-06,1
AUS,2017-03-27,2017-03-27,2017-03-27,1
AUS,2018-01,2018-01-01,2018-01-31,1
AUS,2018-03-09,2018-03-09,2018-03-09,1
AUS,2018-12,2018-12-01,2018-12-31,1
AUS,2019-01-27,2019-01-27,2019-01-27,1
AUS,2019-03-01,2019-03-01,2019-03-01,1
AUS,2019-09-01,2019-09-01,2019-09-01,1
AUS,2020-01-19,2020-01-19,2020-01-19,1
AUS,2020-02-04,2020-02-04,2020-02-04,1
AUS,2020-10-31,2020-10-31,2020-10-31,1
AUS,2021-02-01,2021-02-01,2021-02-01,1
AUS,2021-02-23,2021-02-23,2021-02-23,1
AUS,2021-02-25,2021-02-25,2021-02-25,1
AUS,2021-03-18,2021-03-18,2021-03-18,1
AUS,2021-04-11,2021-04-11,2021-04-11,1
AUS,2021-06-09,2021-06-09,2021-06-09,1
AUS,2021-11-15,2021-11-15,2021-11-15,1
AUS,2022-01-08,2022-01-08,2022-01-08,1
AUS,2022-02-22,2022-02-22,2022-02-22,1
AUS,2022-03-25,2022-03-25,2022-03-25,1
AUS,2022-07-01,2022-07-01,2022-07-01,1
AUS,2022-10-12,2022-10-12,2022-10-12,1
AUS,2023-01-06,2023-01-06,2023-01-06,1
AUS,2023-03-01,2023-03-01,2023-03-01,1
AUS,2023-03-10,2023-03-10,2023-03-10,1
AUS,2023-05-16,2023-05-16,2023-05-16,1
AUS,2023-06-11,2023-06-11,2023-06-11,1
AUS,2023-11-27,2023-11-27,2023-11-27,1
AUS,2023-12-13,2023-12-13,2023-12-13,1
AUS,2023-12-23,2023-12-23,2023-12-23,1
AUT,2000-03-28,2000-03-28,2000-03-28,1
AUT,2000-05-27,2000-05-27,2000-05-27,1
AUT,2000-10-11,2000-10-11,2000-10-11,1
AUT,2002-08-12,2002-08-12,2002-08-12,1
AUT,2002-10-26,2002-10-26,2002-10-26,1
AUT,2002-11-14,2002-11-14,2002-11-14,1
AUT,2003-07,2003-07-01,2003-07-31,1
AUT,2005-07-10,2005-07-10,2005-07-10,1
AUT,2005-08-21,2005-08-21,2005-08-21,1
AUT,2005-12-27,2005-12-27,2005-12-27,1
AUT,2006-03-28,2006-03-28,2006-03-28,1
AUT,2007-01-18,2007-01-18,2007-01-18,1
AUT,2007-07,2007-07-01,2007-07-31,1
AUT,2007-09-05,2007-09-05,2007-09-05,1
AUT,2008-02-08,2008-02-08,2008-02-08,1
AUT,2008-03-01,2008-03-01,2008-03-01,1
AUT,2009-06-22,2009-06-22,2009-06-22,1
AUT,2009-07-16,2009-07-16,2009-07-16,1
AUT,2009-07-23,2009-07-23,2009-07-23,1
AUT,2009-12-18,2009-12-18,2009-12-18,1
AUT,2012-02,2012-02-01,2012-02-29,1
AUT,2013-06-02,2013-06-02,2013-06-02,1
AUT,2015-08-28,2015-08-28,2015-08-28,1
AUT,2016-06-01,2016-06-01,2016-06-01,1
AUT,2017-08-04,2017-08-04,2017-08-04,1
AUT,2017-08-19,2017-08-19,2017-08-19,1
AUT,2019-01-05,2019-01-05,2019-01-05,1
AUT,2019-07-24,2019-07-24,2019-07-24,1
AUT,2020-02-10,2020-02-10,2020-02-10,1
AUT,2021-07-17,2021-07-17,2021-07-17,1
AUT,2022-05-30,2022-05-30,2022-05-30,1
AUT,2022-08-17,2022-08-17,2022-08-17,1
AUT,2023-02-04,2023-02-04,2023-02-04,1
AUT,2023-07,2023-07-01,2023-07-31,1
AZE,2000-09-22,2000-09-22,2000-09-22,1
AZE,2000-10,2000-10-01,2000-10-31,1
AZE,2000-11-25,2000-11-25,2000-11-25,1
AZE,2000-12,2000-12-01,2000-12-31,1
AZE,2002-10-22,2002-10-22,2002-10-22,1
AZE,2003-04-16,2003-04-16,2003-04-16,1
AZE,2005-12-23,2005-12-23,2005-12-23,1
AZE,2007-09-07,2007-09-07,2007-09-07,1
AZE,2009-09-21,2009-09-21,2009-09-21,1
AZE,2010-05-04,2010-05-04,2010-05-04,1
AZE,2012-02,2012-02-01,2012-02-29,1
AZE,2012-05-07,2012-05-07,2012-05-07,1
AZE,2012-05-18,2012-05-18,2012-05-18,1
AZE,2015-05-19,2015-05-19,2015-05-19,1
AZE,2015-12-04,2015-12-04,2015-12-04,1
AZE,2018-03-02,2018-03-02,2018-03-02,1
AZE,2021-11-30,2021-11-30,2021-11-30,1
BDI,2000-05,2000-05-01,2000-05-31,1
BDI,2000-09,2000-09-01,2000-09-30,1
BDI,2000-10,2000-10-01,2000-10-31,1
BDI,2000-12-27,2000-12-27,2000-12-27,1
BDI,2001-10-15,2001-10-15,2001-10-15,1
BDI,2002-03,2002-03-01,2002-03-31,1
BDI,2002-05-06,2002-05-06,2002-05-06,1
BDI,2002-06-11,2002-06-11,2002-06-11,1
BDI,2002-06-17,2002-06-17,2002-06-17,1
BDI,2002-07,2002-07-01,2002-07-31,1
BDI,2002-07-06,2002-07-06,2002-07-06,1
BDI,2003-01-16,2003-01-16,2003-01-16,1
BDI,2003-03-24,2003-03-24,2003-03-24,1
BDI,2003-09,2003-09-01,2003-09-30,1
BDI,2003-12,2003-12-01,2003-12-31,1
BDI,2004-01-04,2004-01-04,2004-01-04,1
BDI,2004-02-20,2004-02-20,2004-02-20,1
BDI,2004-02-24,2004-02-24,2004-02-24,1
BDI,2004-03-07,2004-03-07,2004-03-07,1
BDI,2005-01,2005-01-01,2005-01-31,1
BDI,2005-01-03,2005-01-03,2005-01-03,1
BDI,2005-01-05,2005-01-05,2005-01-05,1
BDI,2005-02-02,2005-02-02,2005-02-02,1
BDI,2006-01-31,2006-01-31,2006-01-31,1
BDI,2006-04-24,2006-04-24,2006-04-24,1
BDI,2006-05-17,2006-05-17,2006-05-17,1
BDI,2006-05-18,2006-05-18,2006-05-18,1
BDI,2006-06,2006-06-01,2006-06-30,1
BDI,2006-08-26,2006-08-26,2006-08-26,1
BDI,2006-12,2006-12-01,2006-12-31,1
BDI,2007-01-01,2007-01-01,2007-01-01,1
BDI,2007-10-15,2007-10-15,2007-10-15,1
BDI,2007-12-11,2007-12-11,2007-12-11,1
BDI,2008-04-10,2008-04-10,2008-04-10,1
BDI,2008-09,2008-09-01,2008-09-30,1
BDI,2008-09-20,2008-09-20,2008-09-20,1
BDI,2009-03-30,2009-03-30,2009-03-30,1
BDI,2009-04-12,2009-04-12,2009-04-12,1
BDI,2009-07-09,2009-07-09,2009-07-09,1
BDI,2009-10-24,2009-10-24,2009-10-24,1
BDI,2009-12,2009-12-01,2009-12-31,1
BDI,2010-01,2010-01-01,2010-01-31,1
BDI,2010-02,2010-02-01,2010-02-28,1
BDI,2010-10-08,2010-10-08,2010-10-08,1
BDI,2011,2011-01-01,2011-12-31,1
BDI,2011-02-16,2011-02-16,2011-02-16,1
BDI,2011-03-20,2011-03-20,2011-03-20,1
BDI,2011-08-05,2011-08-05,2011-08-05,1
BDI,2014-02-19,2014-02-19,2014-02-19,1
BDI,2015-03-29,2015-03-29,2015-03-29,1
BDI,2015-11,2015-11-01,2015-11-30,1
BDI,2016-04-11,2016-04-11,2016-04-11,1
BDI,2016-04-25,2016-04-25,2016-04-25,1
BDI,2016-08-03,2016-08-03,2016-08-03,1
BDI,2017-03-16,2017-03-16,2017-03-16,1
BDI,2018-01-14,2018-01-14,2018-01-14,1
BDI,2018-04-28,2018-04-28,2018-04-28,1
BDI,2018-05-04,2018-05-04,2018-05-04,1
BDI,2019-01-17,2019-01-17,2019-01-17,1
BDI,2019-12-05,2019-12-05,2019-12-05,1
BDI,2019-12-21,2019-12-21,2019-12-21,1
BDI,2020-01-28,2020-01-28,2020-01-28,1
BDI,2020-03-16,2020-03-16,2020-03-16,1
BDI,2020-04-13,2020-04-13,2020-04-13,1
BDI,2021-04-12,2021-04-12,2021-04-12,1
BDI,2021-12-07,2021-12-07,2021-12-07,1
BDI,2023-03-31,2023-03-31,2023-03-31,1
BDI,2023-10-26,2023-10-26,2023-10-26,1
BEL,2002-01-27,2002-01-27,2002-01-27,1
BEL,2002-02-11,2002-02-11,2002-02-11,1
BEL,2002-08-26,2002-08-26,2002-08-26,1
BEL,2002-10-26,2002-10-26,2002-10-26,1
BEL,2003-01-01,2003-01-01,2003-01-01,1
BEL,2003-08-01,2003-08-01,2003-08-01,1
BEL,2003-12-20,2003-12-20,2003-12-20,1
BEL,2004-07-30,2004-07-30,2004-07-30,1
BEL,2005-09-10,2005-09-10,2005-09-10,1
BEL,2005-11-25,2005-11-25,2005-11-25,1
BEL,2005-12-27,2005-12-27,2005-12-27,1
BEL,2006-06,2006-06-01,2006-06-30,1
BEL,2007-01-18,2007-01-18,2007-01-18,1
BEL,2008-02-29,2008-02-29,2008-02-29,1
BEL,2009-01,2009-01-01,2009-01-31,1
BEL,2010-01-27,2010-01-27,2010-01-27,1
BEL,2010-02-15,2010-02-15,2010-02-15,1
BEL,2010-02-28,2010-02-28,2010-02-28,1
BEL,2010-11-11,2010-11-11,2010-11-11,1
BEL,2010-12-23,2010-12-23,2010-12-23,1
BEL,2011-08-18,2011-08-18,2011-08-18,1
BEL,2012-02,2012-02-01,2012-02-29,1
BEL,2013-10-19,2013-10-19,2013-10-19,1
BEL,2013-12-04,2013-12-04,2013-12-04,1
BEL,2013-12-26,2013-12-26,2013-12-26,1
BEL,2014-06-08,2014-06-08,2014-06-08,1
BEL,2015-06-30,2015-06-30,2015-06-30,1
BEL,2016-06-02,2016-06-02,2016-06-02,1
BEL,2016-06-23,2016-06-23,2016-06-23,1
BEL,2018-01-17,2018-01-17,2018-01-17,1
BEL,2018-07,2018-07-01,2018-07-31,1
BEL,2019-06-21,2019-06-21,2019-06-21,1
BEL,2019-07-19,2019-07-19,2019-07-19,1
BEL,2019-08-23,2019-08-23,2019-08-23,1
BEL,2020-02-09,2020-02-09,2020-02-09,1
BEL,2020-08-05,2020-08-05,2020-08-05,1
BEL,2021-07-14,2021-07-14,2021-07-14,1
BEL,2021-07-24,2021-07-24,2021-07-24,1
BEL,2021-10-21,2021-10-21,2021-10-21,1
BEL,2022-02-18,2022-02-18,2022-02-18,1
BEL,2022-05-30,2022-05-30,2022-05-30,1
BEL,2023-07,2023-07-01,2023-07-31,1
BEL,2023-11-02,2023-11-02,2023-11-02,1
BEL,2023-11-06,2023-11-06,2023-11-06,1
BEN,2000-02,2000-02-01,2000-02-29,1
BEN,2000-03,2000-03-01,2000-03-31,1
BEN,2000-05-14,2000-05-14,2000-05-14,1
BEN,2000-10-16,2000-10-16,2000-10-16,1
BEN,2001-01-01,2001-01-01,2001-01-01,1
BEN,2001-01,2001-01-01,2001-01-31,1
BEN,2001-05-09,2001-05-09,2001-05-09,1
BEN,2001-08-06,2001-08-06,2001-08-06,1
BEN,2001-08-27,2001-08-27,2001-08-27,1
BEN,2002-01,2002-01-01,2002-01-31,1
BEN,2002-02-17,2002-02-17,2002-02-17,1
BEN,2003-01-01,2003-01-01,2003-01-01,1
BEN,2003-12-25,2003-12-25,2003-12-25,1
BEN,2005-06-06,2005-06-06,2005-06-06,1
BEN,2006-05-25,2006-05-25,2006-05-25,1
BEN,2007-05-30,2007-05-30,2007-05-30,1
BEN,2007-07,2007-07-01,2007-07-31,1
BEN,2008-01,2008-01-01,2008-01-31,1
BEN,2008-04-22,2008-04-22,2008-04-22,1
BEN,2008-07,2008-07-01,2008-07-31,1
BEN,2008-07-21,2008-07-21,2008-07-21,1
BEN,2008-09-22,2008-09-22,2008-09-22,1
BEN,2009-05,2009-05-01,2009-05-31,1
BEN,2009-06-22,2009-06-22,2009-06-22,1
BEN,2009-08,2009-08-01,2009-08-31,1
BEN,2009-10-30,2009-10-30,2009-10-30,1
BEN,2010,2010-01-01,2010-12-31,1
BEN,2010-01-15,2010-01-15,2010-01-15,1
BEN,2010-07,2010-07-01,2010-07-31,1
BEN,2010-10,2010-10-01,2010-10-31,1
BEN,2011-06-20,2011-06-20,2011-06-20,1
BEN,2011-07-05,2011-07-05,2011-07-05,1
BEN,2012-09-01,2012-09-01,2012-09-01,1
BEN,2012-12-17,2012-12-17,2012-12-17,1
BEN,2013-01-05,2013-01-05,2013-01-05,1
BEN,2013-01-06,2013-01-06,2013-01-06,1
BEN,2013-06-30,2013-06-30,2013-06-30,1
BEN,2013-08,2013-08-01,2013-08-31,1
BEN,2013-09-05,2013-09-05,2013-09-05,1
BEN,2016-08-16,2016-08-16,2016-08-16,1
BEN,2016-09-08,2016-09-08,2016-09-08,1
BEN,2019-01-06,2019-01-06,2019-01-06,1
BEN,2020-10-01,2020-10-01,2020-10-01,1
BEN,2021-09-15,2021-09-15,2021-09-15,1
BEN,2022-09-01,2022-09-01,2022-09-01,1
BEN,2023-01-30,2023-01-30,2023-01-30,1
BEN,2023-09-23,2023-09-23,2023-09-23,1
BFA,2001-01-01,2001-01-01,2001-01-01,1
BFA,2001-04,2001-04-01,2001-04-30,1
BFA,2001-07-14,2001-07-14,2001-07-14,1
BFA,2001-12,2001-12-01,2001-12-31,1
BFA,2003-01-01,2003-01-01,2003-01-01,1
BFA,2003-08-10,2003-08-10,2003-08-10,1
BFA,2003-10-31,2003-10-31,2003-10-31,1
BFA,2003-12-26,2003-12-26,2003-12-26,1
BFA,2004-01-01,2004-01-01,2004-01-01,1
BFA,2004-03,2004-03-01,2004-03-31,1
BFA,2004-05-06,2004-05-06,2004-05-06,1
BFA,2004-08,2004-08-01,2004-08-31,1
BFA,2004-12-11,2004-12-11,2004-12-11,1
BFA,2005-08-08,2005-08-08,2005-08-08,1
BFA,2006-01-01,2006-01-01,2006-01-01,1
BFA,2006-08-03,2006-08-03,2006-08-03,1
BFA,2006-08-16,2006-08-16,2006-08-16,1
BFA,2006-09-12,2006-09-12,2006-09-12,1
BFA,2006-12-27,2006-12-27,2006-12-27,1
BFA,2006-12-29,2006-12-29,2006-12-29,1
BFA,2007-01-01,2007-01-01,2007-01-01,1
BFA,2007-07-26,2007-07-26,2007-07-26,1
BFA,2008-01,2008-01-01,2008-01-31,1
BFA,2008-07,2008-07-01,2008-07-31,1
BFA,2008-08,2008-08-01,2008-08-31,1
BFA,2008-08-09,2008-08-09,2008-08-09,1
BFA,2008-11-15,2008-11-15,2008-11-15,1
BFA,2008-12,2008-12-01,2008-12-31,1
BFA,2009-02,2009-02-01,2009-02-28,1
BFA,2009-03-14,2009-03-14,2009-03-14,1
BFA,2009-03-29,2009-03-29,2009-03-29,1
BFA,2009-04-13,2009-04-13,2009-04-13,1
BFA,2009-06,2009-06-01,2009-06-30,1
BFA,2009-09-01,2009-09-01,2009-09-01,1
BFA,2010-01-01,2010-01-01,2010-01-01,1
BFA,2010-07-21,2010-07-21,2010-07-21,1
BFA,2011-05-06,2011-05-06,2011-05-06,1
BFA,2011-07-23,2011-07-23,2011-07-23,1
BFA,2011-12,2011-12-01,2011-12-31,1
BFA,2012-03-26,2012-03-26,2012-03-26,1
BFA,2012-06-15,2012-06-15,2012-06-15,1
BFA,2012-10-02,2012-10-02,2012-10-02,1
BFA,2012-10-14,2012-10-14,2012-10-14,1
BFA,2013-08-15,2013-08-15,2013-08-15,1
BFA,2013-12-01,2013-12-01,2013-12-01,1
BFA,2014-05,2014-05-01,2014-05-31,1
BFA,2015-04-30,2015-04-30,2015-04-30,1
BFA,2015-08-04,2015-08-04,2015-08-04,1
BFA,2016-05-09,2016-05-09,2016-05-09,1
BFA,2016-05-19,2016-05-19,2016-05-19,1
BFA,2016-06-21,2016-06-21,2016-06-21,1
BFA,2017,2017-01-01,2017-12-31,1
BFA,2017-07,2017-07-01,2017-07-31,1
BFA,2020,2020-01-01,2020-12-31,1
BFA,2020-04-19,2020-04-19,2020-04-19,1
BFA,2020-06-05,2020-06-05,2020-06-05,1
BFA,2020-08-25,2020-08-25,2020-08-25,1
BFA,2021-02-27,2021-02-27,2021-02-27,1
BFA,2022,2022-01-01,2022-12-31,1
BFA,2022-02-21,2022-02-21,2022-02-21,1
BFA,2023-02-09,2023-02-09,2023-02-09,1
BFA,2023-12,2023-12-01,2023-12-31,1
BGD,2000-01,2000-01-01,2000-01-31,1
BGD,2000-01-02,2000-01-02,2000-01-02,1
BGD,2000-03,2000-03-01,2000-03-31,1
BGD,2000-03-05,2000-03-05,2000-03-05,1
BGD,2000-04-11,2000-04-11,2000-04-11,1
BGD,2000-04-21,2000-04-21,2000-04-21,1
BGD,2000-04-28,2000-04-28,2000-04-28,1
BGD,2000-05-02,2000-05-02,2000-05-02,1
BGD,2000-05-23,2000-05-23,2000-05-23,1
BGD,2000-05-27,2000-05-27,2000-05-27,1
BGD,2000-05-31,2000-05-31,2000-05-31,1
BGD,2000-06-14,2000-06-14,2000-06-14,1
BGD,2000-06-24,2000-06-24,2000-06-24,1
BGD,2000-06-25,2000-06-25,2000-06-25,1
BGD,2000-07,2000-07-01,2000-07-31,1
BGD,2000-07-27,2000-07-27,2000-07-27,1
BGD,2000-08-27,2000-08-27,2000-08-27,2
BGD,2000-08-30,2000-08-30,2000-08-30,1
BGD,2000-09,2000-09-01,2000-09-30,1
BGD,2000-10,2000-10-01,2000-10-31,1
BGD,2000-10-28,2000-10-28,2000-10-28,1
BGD,2000-11-25,2000-11-25,2000-11-25,1
BGD,2000-12-20,2000-12-20,2000-12-20,1
BGD,2001-04-01,2001-04-01,2001-04-01,1
BGD,2001-04-28,2001-04-28,2001-04-28,1
BGD,2001-04-29,2001-04-29,2001-04-29,1
BGD,2001-05-11,2001-05-11,2001-05-11,1
BGD,2001-06-01,2001-06-01,2001-06-01,1
BGD,2001-06-05,2001-06-05,2001-06-05,1
BGD,2001-08-08,2001-08-08,2001-08-08,1
BGD,2001-08-31,2001-08-31,2001-08-31,1
BGD,2001-09-21,2001-09-21,2001-09-21,1
BGD,2001-10-05,2001-10-05,2001-10-05,1
BGD,2001-11-29,2001-11-29,2001-11-29,1
BGD,2001-12,2001-12-01,2001-12-31,1
BGD,2001-12-27,2001-12-27,2001-12-27,1
BGD,2002-01-07,2002-01-07,2002-01-07,1
BGD,2002-03-07,2002-03-07,2002-03-07,1
BGD,2002-03-25,2002-03-25,2002-03-25,1
BGD,2002-04-22,2002-04-22,2002-04-22,1
BGD,2002-05-03,2002-05-03,2002-05-03,1
BGD,2002-05-24,2002-05-24,2002-05-24,1
BGD,2002-06,2002-06-01,2002-06-30,1
BGD,2002-07,2002-07-01,2002-07-31,1
BGD,2002-07-14,2002-07-14,2002-07-14,1
BGD,2002-10-26,2002-10-26,2002-10-26,1
BGD,2002-11-14,2002-11-14,2002-11-14,1
BGD,2002-12-01,2002-12-01,2002-12-01,1
BGD,2002-12-15,2002-12-15,2002-12-15,1
BGD,2003-03-15,2003-03-15,2003-03-15,1
BGD,2003-03-21,2003-03-21,2003-03-21,1
BGD,2003-04-04,2003-04-04,2003-04-04,1
BGD,2003-04-14,2003-04-14,2003-04-14,2
BGD,2003-05-04,2003-05-04,2003-05-04,1
BGD,2003-05-10,2003-05-10,2003-05-10,1
BGD,2003-06-11,2003-06-11,2003-06-11,1
BGD,2003-06-19,2003-06-19,2003-06-19,1
BGD,2003-07-08,2003-07-08,2003-07-08,1
BGD,2003-07-26,2003-07-26,2003-07-26,1
BGD,2003-07-27,2003-07-27,2003-07-27,1
BGD,2003-12-15,2003-12-15,2003-12-15,1
BGD,2003-12-20,2003-12-20,2003-12-20,1
BGD,2004-01-04,2004-01-04,2004-01-04,1
BGD,2004-02-04,2004-02-04,2004-02-04,1
BGD,2004-02-05,2004-02-05,2004-02-05,1
BGD,2004-03-21,2004-03-21,2004-03-21,2
BGD,2004-04-14,2004-04-14,2004-04-14,1
BGD,2004-04-29,2004-04-29,2004-04-29,1
BGD,2004-04-30,2004-04-30,2004-04-30,1
BGD,2004-05-13,2004-05-13,2004-05-13,1
BGD,2004-05-23,2004-05-23,2004-05-23,1
BGD,2004-06-07,2004-06-07,2004-06-07,1
BGD,2004-06-09,2004-06-09,2004-06-09,1
BGD,2004-06-12,2004-06-12,2004-06-12,1
BGD,2004-06-20,2004-06-20,2004-06-20,1
BGD,2004-07-07,2004-07-07,2004-07-07,1
BGD,2004-07-17,2004-07-17,2004-07-17,1
BGD,2004-09-11,2004-09-11,2004-09-11,1
BGD,2004-10-07,2004-10-07,2004-10-07,1
BGD,2004-12-26,2004-12-26,2004-12-26,1
BGD,2005-01-06,2005-01-06,2005-01-06,1
BGD,2005-01-16,2005-01-16,2005-01-16,1
BGD,2005-02-19,2005-02-19,2005-02-19,1
BGD,2005-03-20,2005-03-20,2005-03-20,1
BGD,2005-03-31,2005-03-31,2005-03-31,1
BGD,2005-04-09,2005-04-09,2005-04-09,1
BGD,2005-04-11,2005-04-11,2005-04-11,1
BGD,2005-05-06,2005-05-06,2005-05-06,1
BGD,2005-05-14,2005-05-14,2005-05-14,1
BGD,2005-05-15,2005-05-15,2005-05-15,1
BGD,2005-05-17,2005-05-17,2005-05-17,1
BGD,2005-05-19,2005-05-19,2005-05-19,1
BGD,2005-05-21,2005-05-21,2005-05-21,1
BGD,2005-05-25,2005-05-25,2005-05-25,1
BGD,2005-06-30,2005-06-30,2005-06-30,1
BGD,2005-07,2005-07-01,2005-07-31,1
BGD,2005-07-07,2005-07-07,2005-07-07,1
BGD,2005-08-02,2005-08-02,2005-08-02,1
BGD,2005-08-05,2005-08-05,2005-08-05,1
BGD,2005-09-20,2005-09-20,2005-09-20,1
BGD,2005-10-03,2005-10-03,2005-10-03,1
BGD,2005-12,2005-12-01,2005-12-31,1
BGD,2006-01-13,2006-01-13,2006-01-13,1
BGD,2006-02-01,2006-02-01,2006-02-01,1
BGD,2006-02-02,2006-02-02,2006-02-02,1
BGD,2006-02-23,2006-02-23,2006-02-23,1
BGD,2006-02-25,2006-02-25,2006-02-25,1
BGD,2006-03-04,2006-03-04,2006-03-04,1
BGD,2006-04-05,2006-04-05,2006-04-05,1
BGD,2006-04-08,2006-04-08,2006-04-08,1
BGD,2006-04-21,2006-04-21,2006-04-21,1
BGD,2006-04-22,2006-04-22,2006-04-22,1
BGD,2006-05-31,2006-05-31,2006-05-31,1
BGD,2006-07-11,2006-07-11,2006-07-11,1
BGD,2006-08-24,2006-08-24,2006-08-24,1
BGD,2006-09-18,2006-09-18,2006-09-18,1
BGD,2006-10-23,2006-10-23,2006-10-23,1
BGD,2007-01,2007-01-01,2007-01-31,1
BGD,2007-01-06,2007-01-06,2007-01-06,1
BGD,2007-05-15,2007-05-15,2007-05-15,1
BGD,2007-06-11,2007-06-11,2007-06-11,1
BGD,2007-07-21,2007-07-21,2007-07-21,1
BGD,2007-07-29,2007-07-29,2007-07-29,1
BGD,2007-07-30,2007-07-30,2007-07-30,1
BGD,2007-11-15,2007-11-15,2007-11-15,1
BGD,2007-11-24,2007-11-24,2007-11-24,1
BGD,2008-02-21,2008-02-21,2008-02-21,1
BGD,2008-02-28,2008-02-28,2008-02-28,1
BGD,2008-03-22,2008-03-22,2008-03-22,1
BGD,2008-06-26,2008-06-26,2008-06-26,1
BGD,2008-08-16,2008-08-16,2008-08-16,1
BGD,2008-08-30,2008-08-30,2008-08-30,1
BGD,2008-10-27,2008-10-27,2008-10-27,1
BGD,2009-02-19,2009-02-19,2009-02-19,1
BGD,2009-04-19,2009-04-19,2009-04-19,1
BGD,2009-05-25,2009-05-25,2009-05-25,1
BGD,2009-07,2009-07-01,2009-07-31,1
BGD,2009-07-03,2009-07-03,2009-07-03,1
BGD,2009-07-29,2009-07-29,2009-07-29,1
BGD,2009-10-24,2009-10-24,2009-10-24,1
BGD,2009-11-27,2009-11-27,2009-11-27,1
BGD,2009-12,2009-12-01,2009-12-31,1
BGD,2009-12-04,2009-12-04,2009-12-04,1
BGD,2009-12-15,2009-12-15,2009-12-15,1
BGD,2010-01-01,2010-01-01,2010-01-01,1
BGD,2010-02-25,2010-02-25,2010-02-25,1
BGD,2010-04-13,2010-04-13,2010-04-13,1
BGD,2010-04-17,2010-04-17,2010-04-17,1
BGD,2010-05-01,2010-05-01,2010-05-01,1
BGD,2010-06-01,2010-06-01,2010-06-01,1
BGD,2010-06-03,2010-06-03,2010-06-03,1
BGD,2010-06-08,2010-06-08,2010-06-08,1
BGD,2010-06-14,2010-06-14,2010-06-14,1
BGD,2010-06-24,2010-06-24,2010-06-24,1
BGD,2010-10-01,2010-10-01,2010-10-01,1
BGD,2010-12-14,2010-12-14,2010-12-14,1
BGD,2010-12-18,2010-12-18,2010-12-18,1
BGD,2011-01-07,2011-01-07,2011-01-07,1
BGD,2011-04-04,2011-04-04,2011-04-04,1
BGD,2011-04-21,2011-04-21,2011-04-21,1
BGD,2011-07-04,2011-07-04,2011-07-04,1
BGD,2011-07-11,2011-07-11,2011-07-11,1
BGD,2011-07-21,2011-07-21,2011-07-21,1
BGD,2011-12-13,2011-12-13,2011-12-13,1
BGD,2012-03-13,2012-03-13,2012-03-13,1
BGD,2012-04-06,2012-04-06,2012-04-06,1
BGD,2012-06,2012-06-01,2012-06-30,1
BGD,2012-06-24,2012-06-24,2012-06-24,1
BGD,2012-09-21,2012-09-21,2012-09-21,1
BGD,2012-10-10,2012-10-10,2012-10-10,1
BGD,2012-10-28,2012-10-28,2012-10-28,1
BGD,2012-11-07,2012-11-07,2012-11-07,1
BGD,2012-11-25,2012-11-25,2012-11-25,2
BGD,2012-12,2012-12-01,2012-12-31,1
BGD,2013-02-08,2013-02-08,2013-02-08,1
BGD,2013-03-22,2013-03-22,2013-03-22,1
BGD,2013-03-29,2013-03-29,2013-03-29,1
BGD,2013-04,2013-04-01,2013-04-30,1
BGD,2013-05-16,2013-05-16,2013-05-16,1
BGD,2014-02-03,2014-02-03,2014-02-03,1
BGD,2014-04-27,2014-04-27,2014-04-27,1
BGD,2014-05-03,2014-05-03,2014-05-03,1
BGD,2014-06-11,2014-06-11,2014-06-11,1
BGD,2014-08-04,2014-08-04,2014-08-04,1
BGD,2014-08-11,2014-08-11,2014-08-11,1
BGD,2014-09,2014-09-01,2014-09-30,1
BGD,2015-01-11,2015-01-11,2015-01-11,1
BGD,2015-01-29,2015-01-29,2015-01-29,1
BGD,2015-02-22,2015-02-22,2015-02-22,1
BGD,2015-03-27,2015-03-27,2015-03-27,1
BGD,2015-04-01,2015-04-01,2015-04-01,1
BGD,2015-04-25,2015-04-25,2015-04-25,1
BGD,2015-05-02,2015-05-02,2015-05-02,1
BGD,2015-05-23,2015-05-23,2015-05-23,1
BGD,2015-06-23,2015-06-23,2015-06-23,1
BGD,2015-07-10,2015-07-10,2015-07-10,1
BGD,2015-07-18,2015-07-18,2015-07-18,1
BGD,2015-07-25,2015-07-25,2015-07-25,1
BGD,2015-07-29,2015-07-29,2015-07-29,1
BGD,2016-01-03,2016-01-03,2016-01-03,1
BGD,2016-05-13,2016-05-13,2016-05-13,1
BGD,2016-05-21,2016-05-21,2016-05-21,1
BGD,2016-07-19,2016-07-19,2016-07-19,1
BGD,2016-08-13,2016-08-13,2016-08-13,1
BGD,2016-09-10,2016-09-10,2016-09-10,1
BGD,2016-09-21,2016-09-21,2016-09-21,1
BGD,2017-03-28,2017-03-28,2017-03-28,1
BGD,2017-05-01,2017-05-01,2017-05-01,1
BGD,2017-05-30,2017-05-30,2017-05-30,1
BGD,2017-06-12,2017-06-12,2017-06-12,1
BGD,2017-07-03,2017-07-03,2017-07-03,1
BGD,2017-08-10,2017-08-10,2017-08-10,1
BGD,2017-09-28,2017-09-28,2017-09-28,1
BGD,2017-10-08,2017-10-08,2017-10-08,1
BGD,2017-10-16,2017-10-16,2017-10-16,1
BGD,2017-11-03,2017-11-03,2017-11-03,1
BGD,2017-12-18,2017-12-18,2017-12-18,1
BGD,2018-01-01,2018-01-01,2018-01-01,1
BGD,2018-04-29,2018-04-29,2018-04-29,1
BGD,2018-05-20,2018-05-20,2018-05-20,1
BGD,2018-06-05,2018-06-05,2018-06-05,1
BGD,2019-02-17,2019-02-17,2019-02-17,1
BGD,2019-02-20,2019-02-20,2019-02-20,1
BGD,2019-03-28,2019-03-28,2019-03-28,1
BGD,2019-03-31,2019-03-31,2019-03-31,1
BGD,2019-05-04,2019-05-04,2019-05-04,1
BGD,2019-06,2019-06-01,2019-06-30,1
BGD,2019-06-24,2019-06-24,2019-06-24,1
BGD,2019-07-02,2019-07-02,2019-07-02,1
BGD,2019-08-27,2019-08-27,2019-08-27,1
BGD,2019-11,2019-11-01,2019-11-30,1
BGD,2019-11-09,2019-11-09,2019-11-09,1
BGD,2019-11-12,2019-11-12,2019-11-12,1
BGD,2019-12-15,2019-12-15,2019-12-15,1
BGD,2020-02-10,2020-02-10,2020-02-10,1
BGD,2020-05-20,2020-05-20,2020-05-20,1
BGD,2020-06-15,2020-06-15,2020-06-15,1
BGD,2020-06-29,2020-06-29,2020-06-29,1
BGD,2020-09-06,2020-09-06,2020-09-06,1
BGD,2021-01-14,2021-01-14,2021-01-14,1
BGD,2021-03-22,2021-03-22,2021-03-22,1
BGD,2021-04-04,2021-04-04,2021-04-04,1
BGD,2021-05-03,2021-05-03,2021-05-03,1
BGD,2021-05-25,2021-05-25,2021-05-25,1
BGD,2021-07-07,2021-07-07,2021-07-07,1
BGD,2021-07-27,2021-07-27,2021-07-27,1
BGD,2021-08-14,2021-08-14,2021-08-14,1
BGD,2021-08-27,2021-08-27,2021-08-27,1
BGD,2021-12-24,2021-12-24,2021-12-24,1
BGD,2022-01-09,2022-01-09,2022-01-09,1
BGD,2022-03-20,2022-03-20,2022-03-20,1
BGD,2022-05-17,2022-05-17,2022-05-17,1
BGD,2022-06-04,2022-06-04,2022-06-04,1
BGD,2022-09-25,2022-09-25,2022-09-25,1
BGD,2022-10-24,2022-10-24,2022-10-24,1
BGD,2023-01,2023-01-01,2023-01-31,1
BGD,2023-03-05,2023-03-05,2023-03-05,1
BGD,2023-03-07,2023-03-07,2023-03-07,1
BGD,2023-03-19,2023-03-19,2023-03-19,1
BGD,2023-04-23,2023-04-23,2023-04-23,1
BGD,2023-05-13,2023-05-13,2023-05-13,1
BGD,2023-08-07,2023-08-07,2023-08-07,1
BGD,2023-10-24,2023-10-24,2023-10-24,1
BGR,2000-01,2000-01-01,2000-01-31,1
BGR,2000-03,2000-03-01,2000-03-31,1
BGR,2000-06,2000-06-01,2000-06-30,1
BGR,2000-07-01,2000-07-01,2000-07-01,1
BGR,2001-08,2001-08-01,2001-08-31,1
BGR,2002-08-10,2002-08-10,2002-08-10,1
BGR,2005-01,2005-01-01,2005-01-31,1
BGR,2005-05-26,2005-05-26,2005-05-26,1
BGR,2005-07-02,2005-07-02,2005-07-02,1
BGR,2005-08-04,2005-08-04,2005-08-04,2
BGR,2005-09-14,2005-09-14,2005-09-14,1
BGR,2006-01-22,2006-01-22,2006-01-22,1
BGR,2006-02-20,2006-02-20,2006-02-20,1
BGR,2006-04-07,2006-04-07,2006-04-07,1
BGR,2006-04-10,2006-04-10,2006-04-10,1
BGR,2007-05-22,2007-05-22,2007-05-22,1
BGR,2007-06,2007-06-01,2007-06-30,1
BGR,2007-07,2007-07-01,2007-07-31,1
BGR,2007-08-05,2007-08-05,2007-08-05,1
BGR,2007-08-25,2007-08-25,2007-08-25,1
BGR,2007-11-16,2007-11-16,2007-11-16,1
BGR,2008-01,2008-01-01,2008-01-31,1
BGR,2009-05-28,2009-05-28,2009-05-28,1
BGR,2010-01,2010-01-01,2010-01-31,1
BGR,2010-12-04,2010-12-04,2010-12-04,1
BGR,2012-01,2012-01-01,2012-01-31,1
BGR,2012-02-05,2012-02-05,2012-02-05,1
BGR,2012-05-22,2012-05-22,2012-05-22,1
BGR,2012-12-01,2012-12-01,2012-12-01,1
BGR,2014-04-17,2014-04-17,2014-04-17,1
BGR,2014-06-19,2014-06-19,2014-06-19,1
BGR,2014-07-08,2014-07-08,2014-07-08,1
BGR,2014-07-29,2014-07-29,2014-07-29,1
BGR,2014-09-04,2014-09-04,2014-09-04,1
BGR,2014-10-02,2014-10-02,2014-10-02,1
BGR,2015-02-01,2015-02-01,2015-02-01,1
BGR,2017-06-04,2017-06-04,2017-06-04,1
BGR,2017-10-24,2017-10-24,2017-10-24,1
BGR,2018-06-27,2018-06-27,2018-06-27,1
BGR,2018-08-25,2018-08-25,2018-08-25,1
BGR,2021-01-11,2021-01-11,2021-01-11,1
BGR,2021-08-02,2021-08-02,2021-08-02,1
BGR,2021-11-22,2021-11-22,2021-11-22,1
BGR,2022-05-30,2022-05-30,2022-05-30,1
BGR,2022-09-02,2022-09-02,2022-09-02,1
BGR,2023-07,2023-07-01,2023-07-31,1
BGR,2023-09-07,2023-09-07,2023-09-07,1
BGR,2023-11-18,2023-11-18,2023-11-18,1
BGR,2023-11-25,2023-11-25,2023-11-25,1
BHR,2000-08-23,2000-08-23,2000-08-23,1
BHR,2006-03-30,2006-03-30,2006-03-30,1
BHR,2006-07-30,2006-07-30,2006-07-30,1
BHR,2012-05-27,2012-05-27,2012-05-27,1
BHR,2013-01-11,2013-01-11,2013-01-11,1
BHS,2001-11-09,2001-11-09,2001-11-09,1
BHS,2004-08-25,2004-08-25,2004-08-25,1
BHS,2004-09-02,2004-09-02,2004-09-02,1
BHS,2004-09-25,2004-09-25,2004-09-25,1
BHS,2005-10-19,2005-10-19,2005-10-19,1
BHS,2007-05-04,2007-05-04,2007-05-04,1
BHS,2007-10-28,2007-10-28,2007-10-28,1
BHS,2008-08-26,2008-08-26,2008-08-26,1
BHS,2008-09-07,2008-09-07,2008-09-07,1
BHS,2011-08-23,2011-08-23,2011-08-23,1
BHS,2012-06-12,2012-06-12,2012-06-12,1
BHS,2012-10-24,2012-10-24,2012-10-24,1
BHS,2013-05-22,2013-05-22,2013-05-22,1
BHS,2013-12-25,2013-12-25,2013-12-25,1
BHS,2015-10-01,2015-10-01,2015-10-01,1
BHS,2016-09-28,2016-09-28,2016-09-28,1
BHS,2017-09-08,2017-09-08,2017-09-08,1
BHS,2019-02-03,2019-02-03,2019-02-03,1
BHS,2019-09-01,2019-09-01,2019-09-01,1
BHS,2022-07-24,2022-07-24,2022-07-24,1
BIH,2000-02-10,2000-02-10,2000-02-10,1
BIH,2000-05-13,2000-05-13,2000-05-13,1
BIH,2000-08,2000-08-01,2000-08-31,1
BIH,2000-08-29,2000-08-29,2000-08-29,1
BIH,2001-06-20,2001-06-20,2001-06-20,1
BIH,2003-05,2003-05-01,2003-05-31,1
BIH,2004-03-23,2004-03-23,2004-03-23,1
BIH,2004-04-06,2004-04-06,2004-04-06,1
BIH,2005-02,2005-02-01,2005-02-28,1
BIH,2005-12-06,2005-12-06,2005-12-06,1
BIH,2007-07-15,2007-07-15,2007-07-15,1
BIH,2008-01-12,2008-01-12,2008-01-12,1
BIH,2009-01,2009-01-01,2009-01-31,1
BIH,2009-02-01,2009-02-01,2009-02-01,1
BIH,2009-07-07,2009-07-07,2009-07-07,1
BIH,2010-06-22,2010-06-22,2010-06-22,1
BIH,2010-12-01,2010-12-01,2010-12-01,1
BIH,2012-02-02,2012-02-02,2012-02-02,1
BIH,2014-04-19,2014-04-19,2014-04-19,1
BIH,2014-05-12,2014-05-12,2014-05-12,1
BIH,2014-08-06,2014-08-06,2014-08-06,1
BIH,2014-09-14,2014-09-14,2014-09-14,1
BIH,2015-10-14,2015-10-14,2015-10-14,1
BIH,2019-05-12,2019-05-12,2019-05-12,1
BIH,2019-06-01,2019-06-01,2019-06-01,1
BIH,2020-06-22,2020-06-22,2020-06-22,1
BIH,2021-11-04,2021-11-04,2021-11-04,1
BIH,2022-04-23,2022-04-23,2022-04-23,1
BIH,2022-08-06,2022-08-06,2022-08-06,1
BIH,2022-12-11,2022-12-11,2022-12-11,1
BIH,2023-05-14,2023-05-14,2023-05-14,1
BIH,2023-07-18,2023-07-18,2023-07-18,1
BLM,2017-09-08,2017-09-08,2017-09-08,1
BLR,2000-05,2000-05-01,2000-05-31,1
BLR,2003-10-12,2003-10-12,2003-10-12,1
BLR,2006-01,2006-01-01,2006-01-31,1
BLR,2007-01-19,2007-01-19,2007-01-19,1
BLR,2012-01,2012-01-01,2012-01-31,1
BLR,2013-01,2013-01-01,2013-01-31,1
BLR,2014-01-18,2014-01-18,2014-01-18,1
BLR,2017-01-05,2017-01-05,2017-01-05,1
BLR,2018-03-19,2018-03-19,2018-03-19,1
BLR,2023-03-30,2023-03-30,2023-03-30,1
BLZ,2000-09-30,2000-09-30,2000-09-30,1
BLZ,2001-10-08,2001-10-08,2001-10-08,1
BLZ,2005-10-21,2005-10-21,2005-10-21,1
BLZ,2005-11-14,2005-11-14,2005-11-14,1
BLZ,2007-08-21,2007-08-21,2007-08-21,1
BLZ,2008-05-31,2008-05-31,2008-05-31,1
BLZ,2008-10-19,2008-10-19,2008-10-19,1
BLZ,2010-09-25,2010-09-25,2010-09-25,1
BLZ,2015-10-15,2015-10-15,2015-10-15,1
BLZ,2016-08-04,2016-08-04,2016-08-04,1
BLZ,2020-11-04,2020-11-04,2020-11-04,1
BLZ,2022-11-02,2022-11-02,2022-11-02,1
BMU,2000-03-24,2000-03-24,2000-03-24,1
BMU,2003-09-05,2003-09-05,2003-09-05,1
BOL,2000-02-03,2000-02-03,2000-02-03,1
BOL,2000-03-13,2000-03-13,2000-03-13,1
BOL,2000-04,2000-04-01,2000-04-30,1
BOL,2000-07,2000-07-01,2000-07-31,1
BOL,2000-07-24,2000-07-24,2000-07-24,1
BOL,2000-11-05,2000-11-05,2000-11-05,1
BOL,2000-11-20,2000-11-20,2000-11-20,1
BOL,2001-01-01,2001-01-01,2001-01-01,1
BOL,2002-02-19,2002-02-19,2002-02-19,1
BOL,2002-06,2002-06-01,2002-06-30,1
BOL,2002-06-27,2002-06-27,2002-06-27,1
BOL,2002-09-02,2002-09-02,2002-09-02,1
BOL,2003-01-03,2003-01-03,2003-01-03,1
BOL,2003-01-19,2003-01-19,2003-01-19,1
BOL,2003-01-21,2003-01-21,2003-01-21,1
BOL,2003-03-31,2003-03-31,2003-03-31,1
BOL,2003-08-03,2003-08-03,2003-08-03,1
BOL,2003-12-22,2003-12-22,2003-12-22,1
BOL,2004-09-11,2004-09-11,2004-09-11,1
BOL,2004-10,2004-10-01,2004-10-31,1
BOL,2004-11-19,2004-11-19,2004-11-19,1
BOL,2005-09,2005-09-01,2005-09-30,1
BOL,2006-01-01,2006-01-01,2006-01-01,1
BOL,2006-01-20,2006-01-20,2006-01-20,1
BOL,2006-01-25,2006-01-25,2006-01-25,1
BOL,2006-10-20,2006-10-20,2006-10-20,1
BOL,2007-01-10,2007-01-10,2007-01-10,1
BOL,2007-02,2007-02-01,2007-02-28,1
BOL,2007-07,2007-07-01,2007-07-31,1
BOL,2007-12-15,2007-12-15,2007-12-15,1
BOL,2008-01,2008-01-01,2008-01-31,1
BOL,2008-05-02,2008-05-02,2008-05-02,1
BOL,2008-06-01,2008-06-01,2008-06-01,1
BOL,2008-07-08,2008-07-08,2008-07-08,1
BOL,2008-10,2008-10-01,2008-10-31,1
BOL,2008-11-08,2008-11-08,2008-11-08,1
BOL,2008-12,2008-12-01,2008-12-31,1
BOL,2008-12-20,2008-12-20,2008-12-20,1
BOL,2009-02-12,2009-02-12,2009-02-12,1
BOL,2009-08-16,2009-08-16,2009-08-16,1
BOL,2010-01-01,2010-01-01,2010-01-01,1
BOL,2010-01-06,2010-01-06,2010-01-06,1
BOL,2010-06,2010-06-01,2010-06-30,1
BOL,2010-06-24,2010-06-24,2010-06-24,1
BOL,2010-06-27,2010-06-27,2010-06-27,1
BOL,2010-07,2010-07-01,2010-07-31,1
BOL,2010-08,2010-08-01,2010-08-31,1
BOL,2010-11,2010-11-01,2010-11-30,1
BOL,2011-01-24,2011-01-24,2011-01-24,1
BOL,2011-01-28,2011-01-28,2011-01-28,1
BOL,2011-02-14,2011-02-14,2011-02-14,1
BOL,2011-02-26,2011-02-26,2011-02-26,1
BOL,2011-02-28,2011-02-28,2011-02-28,1
BOL,2011-07-26,2011-07-26,2011-07-26,1
BOL,2012-01,2012-01-01,2012-01-31,1
BOL,2012-04-19,2012-04-19,2012-04-19,1
BOL,2012-12-06,2012-12-06,2012-12-06,1
BOL,2013-01,2013-01-01,2013-01-31,1
BOL,2013-01-28,2013-01-28,2013-01-28,1
BOL,2013-08,2013-08-01,2013-08-31,1
BOL,2013-08-23,2013-08-23,2013-08-23,1
BOL,2013-09-23,2013-09-23,2013-09-23,1
BOL,2013-10,2013-10-01,2013-10-31,1
BOL,2014-01-01,2014-01-01,2014-01-01,1
BOL,2014-10,2014-10-01,2014-10-31,2
BOL,2015-01-15,2015-01-15,2015-01-15,1
BOL,2015-02-20,2015-02-20,2015-02-20,1
BOL,2016-02-28,2016-02-28,2016-02-28,1
BOL,2016-03,2016-03-01,2016-03-31,1
BOL,2016-11-26,2016-11-26,2016-11-26,1
BOL,2018-02-10,2018-02-10,2018-02-10,1
BOL,2018-04-15,2018-04-15,2018-04-15,1
BOL,2018-12-08,2018-12-08,2018-12-08,1
BOL,2019-01-16,2019-01-16,2019-01-16,1
BOL,2019-02-02,2019-02-02,2019-02-02,1
BOL,2019-02-24,2019-02-24,2019-02-24,1
BOL,2019-07-19,2019-07-19,2019-07-19,1
BOL,2019-08,2019-08-01,2019-08-31,1
BOL,2019-08-05,2019-08-05,2019-08-05,1
BOL,2020-01,2020-01-01,2020-01-31,1
BOL,2020-02-08,2020-02-08,2020-02-08,1
BOL,2020-02-13,2020-02-13,2020-02-13,1
BOL,2021-01-04,2021-01-04,2021-01-04,1
BOL,2021-01-16,2021-01-16,2021-01-16,1
BOL,2021-01-17,2021-01-17,2021-01-17,1
BOL,2021-02-09,2021-02-09,2021-02-09,1
BOL,2021-03-02,2021-03-02,2021-03-02,1
BOL,2021-04-23,2021-04-23,2021-04-23,1
BOL,2021-07-13,2021-07-13,2021-07-13,1
BOL,2021-09-06,2021-09-06,2021-09-06,1
BOL,2021-11-11,2021-11-11,2021-11-11,1
BOL,2021-12-18,2021-12-18,2021-12-18,1
BOL,2022-01-29,2022-01-29,2022-01-29,1
BOL,2022-02-20,2022-02-20,2022-02-20,1
BOL,2022-12-30,2022-12-30,2022-12-30,1
BOL,2023-01,2023-01-01,2023-01-31,1
BOL,2023-03-21,2023-03-21,2023-03-21,1
BOL,2023-03-27,2023-03-27,2023-03-27,1
BOL,2023-09,2023-09-01,2023-09-30,1
BOL,2023-11-17,2023-11-17,2023-11-17,1
BOL,2023-12-10,2023-12-10,2023-12-10,1
BRA,2000-01-01,2000-01-01,2000-01-01,1
BRA,2000-01-12,2000-01-12,2000-01-12,1
BRA,2000-01-18,2000-01-18,2000-01-18,1
BRA,2000-04-03,2000-04-03,2000-04-03,1
BRA,2000-06-20,2000-06-20,2000-06-20,1
BRA,2000-07-28,2000-07-28,2000-07-28,1
BRA,2000-07-30,2000-07-30,2000-07-30,1
BRA,2000-09-16,2000-09-16,2000-09-16,1
BRA,2000-10-03,2000-10-03,2000-10-03,1
BRA,2000-10-12,2000-10-12,2000-10-12,1
BRA,2000-11-25,2000-11-25,2000-11-25,1
BRA,2000-12-17,2000-12-17,2000-12-17,2
BRA,2000-12-19,2000-12-19,2000-12-19,1
BRA,2001-01,2001-01-01,2001-01-31,1
BRA,2001-03-15,2001-03-15,2001-03-15,1
BRA,2001-03-21,2001-03-21,2001-03-21,1
BRA,2001-04-25,2001-04-25,2001-04-25,1
BRA,2001-06,2001-06-01,2001-06-30,1
BRA,2001-09-29,2001-09-29,2001-09-29,1
BRA,2001-11-19,2001-11-19,2001-11-19,1
BRA,2001-11-24,2001-11-24,2001-11-24,1
BRA,2001-12-24,2001-12-24,2001-12-24,1
BRA,2002-01-01,2002-01-01,2002-01-01,1
BRA,2002-01-26,2002-01-26,2002-01-26,1
BRA,2002-01-31,2002-01-31,2002-01-31,1
BRA,2002-02-03,2002-02-03,2002-02-03,1
BRA,2002-05-09,2002-05-09,2002-05-09,1
BRA,2002-06-12,2002-06-12,2002-06-12,1
BRA,2002-06-24,2002-06-24,2002-06-24,1
BRA,2002-08-30,2002-08-30,2002-08-30,1
BRA,2002-09,2002-09-01,2002-09-30,1
BRA,2002-10-06,2002-10-06,2002-10-06,1
BRA,2002-12-09,2002-12-09,2002-12-09,1
BRA,2002-12-18,2002-12-18,2002-12-18,1
BRA,2002-12-21,2002-12-21,2002-12-21,1
BRA,2003-01-11,2003-01-11,2003-01-11,1
BRA,2003-01-14,2003-01-14,2003-01-14,1
BRA,2003-01-21,2003-01-21,2003-01-21,1
BRA,2003-04-01,2003-04-01,2003-04-01,1
BRA,2003-04-04,2003-04-04,2003-04-04,1
BRA,2003-04-19,2003-04-19,2003-04-19,1
BRA,2003-08-16,2003-08-16,2003-08-16,1
BRA,2003-08-22,2003-08-22,2003-08-22,1
BRA,2003-09-13,2003-09-13,2003-09-13,1
BRA,2003-10-27,2003-10-27,2003-10-27,1
BRA,2003-11-29,2003-11-29,2003-11-29,1
BRA,2003-12-01,2003-12-01,2003-12-01,1
BRA,2003-12,2003-12-01,2003-12-31,1
BRA,2003-12-16,2003-12-16,2003-12-16,1
BRA,2004-02-21,2004-02-21,2004-02-21,1
BRA,2004-03-27,2004-03-27,2004-03-27,1
BRA,2004-05-11,2004-05-11,2004-05-11,1
BRA,2004-05-14,2004-05-14,2004-05-14,1
BRA,2004-06-01,2004-06-01,2004-06-01,1
BRA,2004-06-17,2004-06-17,2004-06-17,1
BRA,2004-06-19,2004-06-19,2004-06-19,1
BRA,2004-07,2004-07-01,2004-07-31,1
BRA,2004-08-29,2004-08-29,2004-08-29,1
BRA,2004-09-20,2004-09-20,2004-09-20,1
BRA,2004-09-22,2004-09-22,2004-09-22,1
BRA,2004-11-10,2004-11-10,2004-11-10,1
BRA,2004-12,2004-12-01,2004-12-31,1
BRA,2004-12-19,2004-12-19,2004-12-19,1
BRA,2005-01-03,2005-01-03,2005-01-03,1
BRA,2005-01-29,2005-01-29,2005-01-29,1
BRA,2005-05-14,2005-05-14,2005-05-14,1
BRA,2005-06-01,2005-06-01,2005-06-01,1
BRA,2005-06-02,2005-06-02,2005-06-02,1
BRA,2005-09-01,2005-09-01,2005-09-01,1
BRA,2005-09-29,2005-09-29,2005-09-29,1
BRA,2005-10,2005-10-01,2005-10-31,1
BRA,2006-01-22,2006-01-22,2006-01-22,1
BRA,2006-01-27,2006-01-27,2006-01-27,1
BRA,2006-03-25,2006-03-25,2006-03-25,1
BRA,2006-04-01,2006-04-01,2006-04-01,1
BRA,2006-09-29,2006-09-29,2006-09-29,1
BRA,2007-01-01,2007-01-01,2007-01-01,1
BRA,2007-01-10,2007-01-10,2007-01-10,1
BRA,2007-07-17,2007-07-17,2007-07-17,1
BRA,2007-09-24,2007-09-24,2007-09-24,1
BRA,2007-10,2007-10-01,2007-10-31,1
BRA,2007-10-24,2007-10-24,2007-10-24,1
BRA,2007-12-09,2007-12-09,2007-12-09,1
BRA,2008-01-12,2008-01-12,2008-01-12,1
BRA,2008-02-02,2008-02-02,2008-02-02,1
BRA,2008-02-20,2008-02-20,2008-02-20,1
BRA,2008-03,2008-03-01,2008-03-31,1
BRA,2008-03-30,2008-03-30,2008-03-30,1
BRA,2008-05-04,2008-05-04,2008-05-04,1
BRA,2008-05-06,2008-05-06,2008-05-06,1
BRA,2008-07-11,2008-07-11,2008-07-11,1
BRA,2008-08-20,2008-08-20,2008-08-20,1
BRA,2008-11-22,2008-11-22,2008-11-22,1
BRA,2009,2009-01-01,2009-12-31,1
BRA,2009-01-18,2009-01-18,2009-01-18,1
BRA,2009-01-20,2009-01-20,2009-01-20,1
BRA,2009-02-07,2009-02-07,2009-02-07,1
BRA,2009-04-22,2009-04-22,2009-04-22,1
BRA,2009-05-22,2009-05-22,2009-05-22,1
BRA,2009-05-28,2009-05-28,2009-05-28,1
BRA,2009-06-01,2009-06-01,2009-06-01,1
BRA,2009-06-20,2009-06-20,2009-06-20,1
BRA,2009-09-09,2009-09-09,2009-09-09,1
BRA,2009-11-02,2009-11-02,2009-11-02,1
BRA,2009-11-12,2009-11-12,2009-11-12,1
BRA,2009-11-21,2009-11-21,2009-11-21,1
BRA,2009-12-31,2009-12-31,2009-12-31,1
BRA,2010-01-08,2010-01-08,2010-01-08,1
BRA,2010-02,2010-02-01,2010-02-28,1
BRA,2010-04-04,2010-04-04,2010-04-04,1
BRA,2010-06-19,2010-06-19,2010-06-19,1
BRA,2010-09-14,2010-09-14,2010-09-14,1
BRA,2010-10,2010-10-01,2010-10-31,1
BRA,2010-10-17,2010-10-17,2010-10-17,1
BRA,2010-11,2010-11-01,2010-11-30,1
BRA,2011-01,2011-01-01,2011-01-31,1
BRA,2011-01-11,2011-01-11,2011-01-11,1
BRA,2011-02-28,2011-02-28,2011-02-28,1
BRA,2011-03-05,2011-03-05,2011-03-05,1
BRA,2011-03-12,2011-03-12,2011-03-12,1
BRA,2011-04-21,2011-04-21,2011-04-21,1
BRA,2011-05-08,2011-05-08,2011-05-08,1
BRA,2011-07-13,2011-07-13,2011-07-13,1
BRA,2011-07-15,2011-07-15,2011-07-15,1
BRA,2011-07-23,2011-07-23,2011-07-23,1
BRA,2011-09,2011-09-01,2011-09-30,1
BRA,2011-12,2011-12-01,2011-12-31,1
BRA,2011-12-03,2011-12-03,2011-12-03,1
BRA,2012-01-26,2012-01-26,2012-01-26,1
BRA,2012-02-20,2012-02-20,2012-02-20,1
BRA,2012-03-17,2012-03-17,2012-03-17,1
BRA,2012-05-01,2012-05-01,2012-05-01,1
BRA,2012-05,2012-05-01,2012-05-31,1
BRA,2012-06-11,2012-06-11,2012-06-11,1
BRA,2012-07,2012-07-01,2012-07-31,1
BRA,2012-07-16,2012-07-16,2012-07-16,1
BRA,2013-01-01,2013-01-01,2013-01-01,1
BRA,2013-01-26,2013-01-26,2013-01-26,1
BRA,2013-03-17,2013-03-17,2013-03-17,1
BRA,2013-04-19,2013-04-19,2013-04-19,1
BRA,2013-09-21,2013-09-21,2013-09-21,1
BRA,2013-12-07,2013-12-07,2013-12-07,1
BRA,2013-12-12,2013-12-12,2013-12-12,1
BRA,2013-12-17,2013-12-17,2013-12-17,1
BRA,2014-01,2014-01-01,2014-01-31,1
BRA,2014-01-12,2014-01-12,2014-01-12,1
BRA,2014-02-15,2014-02-15,2014-02-15,1
BRA,2014-05-18,2014-05-18,2014-05-18,1
BRA,2014-06-07,2014-06-07,2014-06-07,1
BRA,2014-07-03,2014-07-03,2014-07-03,1
BRA,2014-09-08,2014-09-08,2014-09-08,1
BRA,2014-09-30,2014-09-30,2014-09-30,1
BRA,2014-10-02,2014-10-02,2014-10-02,1
BRA,2014-10-28,2014-10-28,2014-10-28,1
BRA,2015-01-06,2015-01-06,2015-01-06,1
BRA,2015-03-14,2015-03-14,2015-03-14,1
BRA,2015-04-01,2015-04-01,2015-04-01,1
BRA,2015-04-20,2015-04-20,2015-04-20,1
BRA,2015-04-27,2015-04-27,2015-04-27,1
BRA,2015-07-10,2015-07-10,2015-07-10,1
BRA,2015-09-06,2015-09-06,2015-09-06,1
BRA,2015-10-08,2015-10-08,2015-10-08,1
BRA,2015-11-05,2015-11-05,2015-11-05,1
BRA,2015-12-20,2015-12-20,2015-12-20,1
BRA,2016-01-09,2016-01-09,2016-01-09,1
BRA,2016-03-10,2016-03-10,2016-03-10,1
BRA,2016-06-09,2016-06-09,2016-06-09,1
BRA,2016-12-18,2016-12-18,2016-12-18,1
BRA,2017-05-26,2017-05-26,2017-05-26,1
BRA,2017-06-17,2017-06-17,2017-06-17,1
BRA,2017-06-19,2017-06-19,2017-06-19,1
BRA,2017-07-01,2017-07-01,2017-07-01,1
BRA,2017-08-22,2017-08-22,2017-08-22,1
BRA,2017-08-24,2017-08-24,2017-08-24,2
BRA,2018-01-13,2018-01-13,2018-01-13,1
BRA,2018-02-14,2018-02-14,2018-02-14,1
BRA,2018-03-20,2018-03-20,2018-03-20,1
BRA,2018-05-02,2018-05-02,2018-05-02,1
BRA,2018-11-10,2018-11-10,2018-11-10,1
BRA,2018-12-17,2018-12-17,2018-12-17,1
BRA,2019-01,2019-01-01,2019-01-31,1
BRA,2019-01-11,2019-01-11,2019-01-11,1
BRA,2019-01-25,2019-01-25,2019-01-25,1
BRA,2019-02-08,2019-02-08,2019-02-08,1
BRA,2019-03-10,2019-03-10,2019-03-10,1
BRA,2019-04-08,2019-04-08,2019-04-08,1
BRA,2019-04-12,2019-04-12,2019-04-12,1
BRA,2019-06-13,2019-06-13,2019-06-13,1
BRA,2019-06-16,2019-06-16,2019-06-16,1
BRA,2019-07-23,2019-07-23,2019-07-23,1
BRA,2019-09-12,2019-09-12,2019-09-12,1
BRA,2019-10-15,2019-10-15,2019-10-15,1
BRA,2019-11-16,2019-11-16,2019-11-16,1
BRA,2019-11-25,2019-11-25,2019-11-25,1
BRA,2020-01,2020-01-01,2020-01-31,1
BRA,2020-01-17,2020-01-17,2020-01-17,1
BRA,2020-02-09,2020-02-09,2020-02-09,1
BRA,2020-02-29,2020-02-29,2020-02-29,2
BRA,2020-03-02,2020-03-02,2020-03-02,1
BRA,2020-06-30,2020-06-30,2020-06-30,1
BRA,2020-11-25,2020-11-25,2020-11-25,1
BRA,2020-12-04,2020-12-04,2020-12-04,1
BRA,2020-12-17,2020-12-17,2020-12-17,1
BRA,2021-01,2021-01-01,2021-01-31,1
BRA,2021-01-21,2021-01-21,2021-01-21,1
BRA,2021-01-25,2021-01-25,2021-01-25,1
BRA,2021-02-10,2021-02-10,2021-02-10,1
BRA,2021-03-02,2021-03-02,2021-03-02,1
BRA,2021-03-26,2021-03-26,2021-03-26,1
BRA,2021-04-19,2021-04-19,2021-04-19,1
BRA,2021-04-20,2021-04-20,2021-04-20,1
BRA,2021-06-08,2021-06-08,2021-06-08,1
BRA,2021-11-15,2021-11-15,2021-11-15,1
BRA,2022-01-01,2022-01-01,2022-01-01,2
BRA,2022-01,2022-01-01,2022-01-31,1
BRA,2022-02-13,2022-02-13,2022-02-13,1
BRA,2022-03-20,2022-03-20,2022-03-20,1
BRA,2022-04-01,2022-04-01,2022-04-01,1
BRA,2022-05-03,2022-05-03,2022-05-03,1
BRA,2022-05-24,2022-05-24,2022-05-24,1
BRA,2022-07-05,2022-07-05,2022-07-05,1
BRA,2022-09-08,2022-09-08,2022-09-08,1
BRA,2022-11-29,2022-11-29,2022-11-29,2
BRA,2022-12-20,2022-12-20,2022-12-20,1
BRA,2023-01-17,2023-01-17,2023-01-17,1
BRA,2023-02-19,2023-02-19,2023-02-19,1
BRA,2023-03-01,2023-03-01,2023-03-01,1
BRA,2023-03-05,2023-03-05,2023-03-05,1
BRA,2023-03-16,2023-03-16,2023-03-16,1
BRA,2023-03-20,2023-03-20,2023-03-20,1
BRA,2023-03-24,2023-03-24,2023-03-24,1
BRA,2023-03-29,2023-03-29,2023-03-29,1
BRA,2023-04-16,2023-04-16,2023-04-16,1
BRA,2023-04-25,2023-04-25,2023-04-25,1
BRA,2023-06-15,2023-06-15,2023-06-15,1
BRA,2023-07-10,2023-07-10,2023-07-10,1
BRA,2023-07-26,2023-07-26,2023-07-26,1
BRA,2023-09-01,2023-09-01,2023-09-01,1
BRA,2023-09-16,2023-09-16,2023-09-16,1
BRA,2023-10-10,2023-10-10,2023-10-10,1
BRA,2023-11-11,2023-11-11,2023-11-11,1
BRA,2023-11-13,2023-11-13,2023-11-13,1
BRB,2002-09-24,2002-09-24,2002-09-24,1
BRB,2004-09-08,2004-09-08,2004-09-08,1
BRB,2007-11-29,2007-11-29,2007-11-29,1
BRB,2010-01,2010-01-01,2010-01-31,1
BRB,2010-10-29,2010-10-29,2010-10-29,1
BRB,2017-09-08,2017-09-08,2017-09-08,1
BRB,2021-07-03,2021-07-03,2021-07-03,1
BRB,2023-06-22,2023-06-22,2023-06-22,1
BTN,2000-08-02,2000-08-02,2000-08-02,1
BTN,2004-07-05,2004-07-05,2004-07-05,1
BTN,2009-05-25,2009-05-25,2009-05-25,1
BTN,2009-09-21,2009-09-21,2009-09-21,1
BTN,2011-09-18,2011-09-18,2011-09-18,1
BTN,2021-04-28,2021-04-28,2021-04-28,1
BTN,2021-06-16,2021-06-16,2021-06-16,1
BWA,2000-02,2000-02-01,2000-02-29,1
BWA,2004-02-01,2004-02-01,2004-02-01,1
BWA,2006-01,2006-01-01,2006-01-31,1
BWA,2008-11-01,2008-11-01,2008-11-01,1
BWA,2009-03,2009-03-01,2009-03-31,1
BWA,2009-05-10,2009-05-10,2009-05-10,1
BWA,2009-12-05,2009-12-05,2009-12-05,1
BWA,2011-03,2011-03-01,2011-03-31,1
BWA,2013-01-16,2013-01-16,2013-01-16,1
BWA,2015-07,2015-07-01,2015-07-31,1
BWA,2017-02-18,2017-02-18,2017-02-18,1
BWA,2018-02-23,2018-02-23,2018-02-23,1
BWA,2019,2019-01-01,2019-12-31,1
BWA,2023-07,2023-07-01,2023-07-31,1
CAF,2000-03,2000-03-01,2000-03-31,1
CAF,2000-05,2000-05-01,2000-05-31,1
CAF,2000-06-11,2000-06-11,2000-06-11,1
CAF,2000-07,2000-07-01,2000-07-31,1
CAF,2001-02-18,2001-02-18,2001-02-18,1
CAF,2001-03,2001-03-01,2001-03-31,1
CAF,2002-01-30,2002-01-30,2002-01-30,1
CAF,2002-07-04,2002-07-04,2002-07-04,1
CAF,2002-07-22,2002-07-22,2002-07-22,1
CAF,2002-11-22,2002-11-22,2002-11-22,1
CAF,2002-11-26,2002-11-26,2002-11-26,1
CAF,2003-06-13,2003-06-13,2003-06-13,1
CAF,2003-06-16,2003-06-16,2003-06-16,1
CAF,2003-08-28,2003-08-28,2003-08-28,1
CAF,2003-09-05,2003-09-05,2003-09-05,1
CAF,2004-10-24,2004-10-24,2004-10-24,1
CAF,2004-10-27,2004-10-27,2004-10-27,1
CAF,2005-05-31,2005-05-31,2005-05-31,1
CAF,2005-08-06,2005-08-06,2005-08-06,1
CAF,2005-08-08,2005-08-08,2005-08-08,1
CAF,2005-10-17,2005-10-17,2005-10-17,1
CAF,2006-02-11,2006-02-11,2006-02-11,1
CAF,2007-06-03,2007-06-03,2007-06-03,1
CAF,2007-07,2007-07-01,2007-07-31,1
CAF,2008-07-01,2008-07-01,2008-07-01,1
CAF,2008-07,2008-07-01,2008-07-31,1
CAF,2008-09-26,2008-09-26,2008-09-26,1
CAF,2009-01-17,2009-01-17,2009-01-17,1
CAF,2009-03-23,2009-03-23,2009-03-23,1
CAF,2009-07-03,2009-07-03,2009-07-03,1
CAF,2010-07-11,2010-07-11,2010-07-11,1
CAF,2011-05,2011-05-01,2011-05-31,1
CAF,2011-06-11,2011-06-11,2011-06-11,1
CAF,2011-06-22,2011-06-22,2011-06-22,1
CAF,2011-09,2011-09-01,2011-09-30,1
CAF,2011-10-11,2011-10-11,2011-10-11,1
CAF,2012-02-15,2012-02-15,2012-02-15,1
CAF,2012-05,2012-05-01,2012-05-31,1
CAF,2012-08-04,2012-08-04,2012-08-04,1
CAF,2012-12-03,2012-12-03,2012-12-03,1
CAF,2013-03-04,2013-03-04,2013-03-04,1
CAF,2013-06-23,2013-06-23,2013-06-23,1
CAF,2013-09-03,2013-09-03,2013-09-03,1
CAF,2014-08-21,2014-08-21,2014-08-21,1
CAF,2014-09-03,2014-09-03,2014-09-03,1
CAF,2014-09-11,2014-09-11,2014-09-11,1
CAF,2014-09-12,2014-09-12,2014-09-12,1
CAF,2015-01-13,2015-01-13,2015-01-13,1
CAF,2015-04-24,2015-04-24,2015-04-24,1
CAF,2015-06-22,2015-06-22,2015-06-22,1
CAF,2016-07-05,2016-07-05,2016-07-05,1
CAF,2017-01,2017-01-01,2017-01-31,1
CAF,2017-07-04,2017-07-04,2017-07-04,1
CAF,2017-08-19,2017-08-19,2017-08-19,1
CAF,2017-08-23,2017-08-23,2017-08-23,1
CAF,2018-09-10,2018-09-10,2018-09-10,1
CAF,2019-01-01,2019-01-01,2019-01-01,1
CAF,2019-09,2019-09-01,2019-09-30,1
CAF,2021-08-07,2021-08-07,2021-08-07,1
CAF,2022,2022-01-01,2022-12-31,1
CAF,2022-01-11,2022-01-11,2022-01-11,1
CAF,2022-02-24,2022-02-24,2022-02-24,1
CAF,2022-07-01,2022-07-01,2022-07-01,1
CAF,2023-10-31,2023-10-31,2023-10-31,1
CAN,2000-05-18,2000-05-18,2000-05-18,1
CAN,2000-07-14,2000-07-14,2000-07-14,1
CAN,2001-02-10,2001-02-10,2001-02-10,1
CAN,2001-04,2001-04-01,2001-04-30,1
CAN,2001-05-28,2001-05-28,2001-05-28,1
CAN,2002-05-30,2002-05-30,2002-05-30,1
CAN,2002-06-09,2002-06-09,2002-06-09,1
CAN,2002-07,2002-07-01,2002-07-31,1
CAN,2002-09,2002-09-01,2002-09-30,1
CAN,2003-02-15,2003-02-15,2003-02-15,1
CAN,2003-03-31,2003-03-31,2003-03-31,1
CAN,2003-08-01,2003-08-01,2003-08-01,1
CAN,2003-08-04,2003-08-04,2003-08-04,1
CAN,2003-09-18,2003-09-18,2003-09-18,1
CAN,2003-09-28,2003-09-28,2003-09-28,1
CAN,2003-10-17,2003-10-17,2003-10-17,1
CAN,2004-01,2004-01-01,2004-01-31,1
CAN,2004-01-17,2004-01-17,2004-01-17,1
CAN,2004-02-19,2004-02-19,2004-02-19,1
CAN,2004-03-28,2004-03-28,2004-03-28,1
CAN,2004-07-13,2004-07-13,2004-07-13,1
CAN,2005-05-08,2005-05-08,2005-05-08,1
CAN,2005-06-07,2005-06-07,2005-06-07,1
CAN,2005-07,2005-07-01,2005-07-31,1
CAN,2005-08,2005-08-01,2005-08-31,1
CAN,2005-09-26,2005-09-26,2005-09-26,1
CAN,2005-09-27,2005-09-27,2005-09-27,1
CAN,2005-11-30,2005-11-30,2005-11-30,1
CAN,2006-04-12,2006-04-12,2006-04-12,1
CAN,2006-04-18,2006-04-18,2006-04-18,1
CAN,2006-04-22,2006-04-22,2006-04-22,1
CAN,2006-05-20,2006-05-20,2006-05-20,1
CAN,2006-05-26,2006-05-26,2006-05-26,1
CAN,2007-02-14,2007-02-14,2007-02-14,1
CAN,2007-06-06,2007-06-06,2007-06-06,1
CAN,2007-12-23,2007-12-23,2007-12-23,1
CAN,2008-04-10,2008-04-10,2008-04-10,1
CAN,2008-04-26,2008-04-26,2008-04-26,1
CAN,2008-08-10,2008-08-10,2008-08-10,1
CAN,2009-03-12,2009-03-12,2009-03-12,1
CAN,2009-04-01,2009-04-01,2009-04-01,1
CAN,2009-08-01,2009-08-01,2009-08-01,1
CAN,2009-08-23,2009-08-23,2009-08-23,1
CAN,2011-04-04,2011-04-04,2011-04-04,1
CAN,2011-05-14,2011-05-14,2011-05-14,1
CAN,2011-08-20,2011-08-20,2011-08-20,1
CAN,2011-08-28,2011-08-28,2011-08-28,1
CAN,2012-02-06,2012-02-06,2012-02-06,1
CAN,2012-03-25,2012-03-25,2012-03-25,1
CAN,2012-08-12,2012-08-12,2012-08-12,1
CAN,2012-12-24,2012-12-24,2012-12-24,1
CAN,2013-03-21,2013-03-21,2013-03-21,1
CAN,2013-06-20,2013-06-20,2013-06-20,1
CAN,2013-07-06,2013-07-06,2013-07-06,1
CAN,2013-07-08,2013-07-08,2013-07-08,1
CAN,2013-12-21,2013-12-21,2013-12-21,1
CAN,2014-01-01,2014-01-01,2014-01-01,1
CAN,2014-01-23,2014-01-23,2014-01-23,1
CAN,2014-08-04,2014-08-04,2014-08-04,1
CAN,2015-07-01,2015-07-01,2015-07-01,1
CAN,2016-05-01,2016-05-01,2016-05-01,1
CAN,2016-06-14,2016-06-14,2016-06-14,1
CAN,2017-05-05,2017-05-05,2017-05-05,1
CAN,2017-07-07,2017-07-07,2017-07-07,1
CAN,2017-08-28,2017-08-28,2017-08-28,1
CAN,2018-04-06,2018-04-06,2018-04-06,1
CAN,2018-05-10,2018-05-10,2018-05-10,1
CAN,2018-06-29,2018-06-29,2018-06-29,1
CAN,2018-07,2018-07-01,2018-07-31,1
CAN,2018-09-21,2018-09-21,2018-09-21,1
CAN,2019-04-27,2019-04-27,2019-04-27,1
CAN,2019-10-31,2019-10-31,2019-10-31,1
CAN,2020-04-26,2020-04-26,2020-04-26,1
CAN,2020-06-13,2020-06-13,2020-06-13,1
CAN,2021-06-21,2021-06-21,2021-06-21,1
CAN,2021-06-26,2021-06-26,2021-06-26,1
CAN,2021-06-30,2021-06-30,2021-06-30,1
CAN,2021-11-13,2021-11-13,2021-11-13,1
CAN,2022-02-15,2022-02-15,2022-02-15,1
CAN,2022-04-21,2022-04-21,2022-04-21,1
CAN,2022-04-22,2022-04-22,2022-04-22,1
CAN,2022-05-19,2022-05-19,2022-05-19,1
CAN,2022-05-30,2022-05-30,2022-05-30,1
CAN,2022-09-24,2022-09-24,2022-09-24,1
CAN,2022-12-21,2022-12-21,2022-12-21,1
CAN,2023-01-30,2023-01-30,2023-01-30,1
CAN,2023-05-01,2023-05-01,2023-05-01,1
CAN,2023-05-06,2023-05-06,2023-05-06,1
CAN,2023-06-15,2023-06-15,2023-06-15,1
CAN,2023-07-21,2023-07-21,2023-07-21,1
CHE,2000-01-10,2000-01-10,2000-01-10,1
CHE,2000-10-13,2000-10-13,2000-10-13,1
CHE,2001-10-24,2001-10-24,2001-10-24,1
CHE,2001-11-24,2001-11-24,2001-11-24,1
CHE,2002-10-27,2002-10-27,2002-10-27,1
CHE,2002-11-14,2002-11-14,2002-11-14,1
CHE,2003-01-02,2003-01-02,2003-01-02,1
CHE,2003-07,2003-07-01,2003-07-31,1
CHE,2005-04-17,2005-04-17,2005-04-17,1
CHE,2005-08-19,2005-08-19,2005-08-19,1
CHE,2005-12-27,2005-12-27,2005-12-27,1
CHE,2006-03,2006-03-01,2006-03-31,1
CHE,2006-07-05,2006-07-05,2006-07-05,1
CHE,2007-01-17,2007-01-17,2007-01-17,1
CHE,2007-01-23,2007-01-23,2007-01-23,1
CHE,2007-08-07,2007-08-07,2007-08-07,1
CHE,2009-07-23,2009-07-23,2009-07-23,1
CHE,2010-02-28,2010-02-28,2010-02-28,1
CHE,2010-11-30,2010-11-30,2010-11-30,1
CHE,2012-02-07,2012-02-07,2012-02-07,1
CHE,2012-03-13,2012-03-13,2012-03-13,1
CHE,2012-12-07,2012-12-07,2012-12-07,1
CHE,2013-06-20,2013-06-20,2013-06-20,1
CHE,2013-12-24,2013-12-24,2013-12-24,1
CHE,2014-11-15,2014-11-15,2014-11-15,1
CHE,2017-08-23,2017-08-23,2017-08-23,1
CHE,2018-01-03,2018-01-03,2018-01-03,1
CHE,2018-08-04,2018-08-04,2018-08-04,1
CHE,2018-10-29,2018-10-29,2018-10-29,1
CHE,2019-01-13,2019-01-13,2019-01-13,1
CHE,2019-06-15,2019-06-15,2019-06-15,1
CHE,2020-02-10,2020-02-10,2020-02-10,1
CHE,2020-10-02,2020-10-02,2020-10-02,1
CHE,2021-01-13,2021-01-13,2021-01-13,1
CHE,2021-06-28,2021-06-28,2021-06-28,1
CHE,2021-07-15,2021-07-15,2021-07-15,1
CHE,2022-05-30,2022-05-30,2022-05-30,1
CHE,2023-02-04,2023-02-04,2023-02-04,1
CHE,2023-07,2023-07-01,2023-07-31,1
CHE,2023-07-24,2023-07-24,2023-07-24,1
CHL,2000-06-05,2000-06-05,2000-06-05,1
CHL,2000-06-12,2000-06-12,2000-06-12,1
CHL,2000-07-03,2000-07-03,2000-07-03,1
CHL,2001-02-16,2001-02-16,2001-02-16,1
CHL,2001-05-26,2001-05-26,2001-05-26,1
CHL,2001-05-29,2001-05-29,2001-05-29,1
CHL,2001-10-10,2001-10-10,2001-10-10,1
CHL,2002-02,2002-02-01,2002-02-28,1
CHL,2002-05-24,2002-05-24,2002-05-24,1
CHL,2002-07,2002-07-01,2002-07-31,1
CHL,2002-08-24,2002-08-24,2002-08-24,1
CHL,2002-10-12,2002-10-12,2002-10-12,1
CHL,2003-01-23,2003-01-23,2003-01-23,1
CHL,2004-03-02,2004-03-02,2004-03-02,1
CHL,2004-06-30,2004-06-30,2004-06-30,1
CHL,2004-07,2004-07-01,2004-07-31,1
CHL,2005-05-18,2005-05-18,2005-05-18,1
CHL,2005-06-13,2005-06-13,2005-06-13,1
CHL,2005-06-26,2005-06-26,2005-06-26,1
CHL,2005-08-26,2005-08-26,2005-08-26,1
CHL,2006-07-11,2006-07-11,2006-07-11,1
CHL,2006-11-12,2006-11-12,2006-11-12,1
CHL,2007-02-03,2007-02-03,2007-02-03,1
CHL,2007-04-21,2007-04-21,2007-04-21,2
CHL,2007-07,2007-07-01,2007-07-31,1
CHL,2007-11-14,2007-11-14,2007-11-14,1
CHL,2008-03-27,2008-03-27,2008-03-27,1
CHL,2008-05-02,2008-05-02,2008-05-02,1
CHL,2008-05-19,2008-05-19,2008-05-19,1
CHL,2008-08-29,2008-08-29,2008-08-29,1
CHL,2009-02-15,2009-02-15,2009-02-15,1
CHL,2009-04-26,2009-04-26,2009-04-26,1
CHL,2010-02-02,2010-02-02,2010-02-02,1
CHL,2010-02-27,2010-02-27,2010-02-27,1
CHL,2010-07,2010-07-01,2010-07-31,1
CHL,2010-11-23,2010-11-23,2010-11-23,1
CHL,2010-12-08,2010-12-08,2010-12-08,1
CHL,2011-02,2011-02-01,2011-02-28,1
CHL,2011-06-04,2011-06-04,2011-06-04,1
CHL,2011-07-13,2011-07-13,2011-07-13,1
CHL,2011-09-03,2011-09-03,2011-09-03,1
CHL,2011-12-29,2011-12-29,2011-12-29,1
CHL,2012-01-01,2012-01-01,2012-01-01,1
CHL,2012-01-18,2012-01-18,2012-01-18,1
CHL,2012-03-01,2012-03-01,2012-03-01,1
CHL,2012-03-25,2012-03-25,2012-03-25,1
CHL,2013-02-09,2013-02-09,2013-02-09,1
CHL,2013-09-10,2013-09-10,2013-09-10,1
CHL,2014-04-01,2014-04-01,2014-04-01,1
CHL,2014-04-12,2014-04-12,2014-04-12,1
CHL,2014-06-11,2014-06-11,2014-06-11,1
CHL,2015-03,2015-03-01,2015-03-31,1
CHL,2015-03-13,2015-03-13,2015-03-13,1
CHL,2015-03-25,2015-03-25,2015-03-25,1
CHL,2015-04-24,2015-04-24,2015-04-24,1
CHL,2015-05-17,2015-05-17,2015-05-17,1
CHL,2015-08-08,2015-08-08,2015-08-08,1
CHL,2015-09-16,2015-09-16,2015-09-16,1
CHL,2016-04-15,2016-04-15,2016-04-15,1
CHL,2017-01-15,2017-01-15,2017-01-15,1
CHL,2017-02-24,2017-02-24,2017-02-24,1
CHL,2017-05-11,2017-05-11,2017-05-11,1
CHL,2017-06-16,2017-06-16,2017-06-16,1
CHL,2017-12-17,2017-12-17,2017-12-17,1
CHL,2019-01-19,2019-01-19,2019-01-19,1
CHL,2019-02-01,2019-02-01,2019-02-01,1
CHL,2019-12-02,2019-12-02,2019-12-02,1
CHL,2019-12-09,2019-12-09,2019-12-09,1
CHL,2019-12-24,2019-12-24,2019-12-24,1
CHL,2021-01-29,2021-01-29,2021-01-29,1
CHL,2021-06-01,2021-06-01,2021-06-01,1
CHL,2022-12-12,2022-12-12,2022-12-12,1
CHL,2022-12-22,2022-12-22,2022-12-22,1
CHL,2023-02-01,2023-02-01,2023-02-01,1
CHL,2023-06-21,2023-06-21,2023-06-21,1
CHL,2023-08-17,2023-08-17,2023-08-17,1
CHL,2023-11-06,2023-11-06,2023-11-06,1
CHL,2023-12-06,2023-12-06,2023-12-06,1
CHN,2000-01-01,2000-01-01,2000-01-01,1
CHN,2000-01-09,2000-01-09,2000-01-09,1
CHN,2000-01-10,2000-01-10,2000-01-10,1
CHN,2000-01-11,2000-01-11,2000-01-11,2
CHN,2000-01-14,2000-01-14,2000-01-14,1
CHN,2000-01-26,2000-01-26,2000-01-26,1
CHN,2000-01-27,2000-01-27,2000-01-27,1
CHN,2000-01-28,2000-01-28,2000-01-28,1
CHN,2000-02-09,2000-02-09,2000-02-09,1
CHN,2000-02-17,2000-02-17,2000-02-17,1
CHN,2000-02-24,2000-02-24,2000-02-24,1
CHN,2000-03-10,2000-03-10,2000-03-10,1
CHN,2000-03-28,2000-03-28,2000-03-28,2
CHN,2000-03-29,2000-03-29,2000-03-29,2
CHN,2000-03-31,2000-03-31,2000-03-31,1
CHN,2000-04,2000-04-01,2000-04-30,1
CHN,2000-04-06,2000-04-06,2000-04-06,1
CHN,2000-04-13,2000-04-13,2000-04-13,2
CHN,2000-04-15,2000-04-15,2000-04-15,1
CHN,2000-04-22,2000-04-22,2000-04-22,1
CHN,2000-05-01,2000-05-01,2000-05-01,1
CHN,2000-05-09,2000-05-09,2000-05-09,1
CHN,2000-05-15,2000-05-15,2000-05-15,1
CHN,2000-05-27,2000-05-27,2000-05-27,1
CHN,2000-05-31,2000-05-31,2000-05-31,1
CHN,2000-06-01,2000-06-01,2000-06-01,1
CHN,2000-06-04,2000-06-04,2000-06-04,1
CHN,2000-06-05,2000-06-05,2000-06-05,1
CHN,2000-06-06,2000-06-06,2000-06-06,1
CHN,2000-06-08,2000-06-08,2000-06-08,1
CHN,2000-06-12,2000-06-12,2000-06-12,1
CHN,2000-06-16,2000-06-16,2000-06-16,1
CHN,2000-06-17,2000-06-17,2000-06-17,2
CHN,2000-06-22,2000-06-22,2000-06-22,2
CHN,2000-06-30,2000-06-30,2000-06-30,1
CHN,2000-07-06,2000-07-06,2000-07-06,1
CHN,2000-07-11,2000-07-11,2000-07-11,1
CHN,2000-07-13,2000-07-13,2000-07-13,1
CHN,2000-07-18,2000-07-18,2000-07-18,1
CHN,2000-08,2000-08-01,2000-08-31,3
CHN,2000-08-05,2000-08-05,2000-08-05,1
CHN,2000-08-13,2000-08-13,2000-08-13,1
CHN,2000-08-21,2000-08-21,2000-08-21,2
CHN,2000-08-23,2000-08-23,2000-08-23,1
CHN,2000-09-01,2000-09-01,2000-09-01,1
CHN,2000-09,2000-09-01,2000-09-30,1
CHN,2000-09-05,2000-09-05,2000-09-05,1
CHN,2000-09-08,2000-09-08,2000-09-08,1
CHN,2000-09-09,2000-09-09,2000-09-09,1
CHN,2000-09-19,2000-09-19,2000-09-19,1
CHN,2000-09-20,2000-09-20,2000-09-20,1
CHN,2000-09-27,2000-09-27,2000-09-27,1
CHN,2000-10-11,2000-10-11,2000-10-11,2
CHN,2000-10-12,2000-10-12,2000-10-12,1
CHN,2000-10-18,2000-10-18,2000-10-18,1
CHN,2000-10-19,2000-10-19,2000-10-19,1
CHN,2000-11-02,2000-11-02,2000-11-02,1
CHN,2000-11-05,2000-11-05,2000-11-05,1
CHN,2000-11-12,2000-11-12,2000-11-12,1
CHN,2000-11-24,2000-11-24,2000-11-24,2
CHN,2000-11-30,2000-11-30,2000-11-30,1
CHN,2000-12-01,2000-12-01,2000-12-01,1
CHN,2000-12-03,2000-12-03,2000-12-03,1
CHN,2000-12-10,2000-12-10,2000-12-10,1
CHN,2000-12-25,2000-12-25,2000-12-25,1
CHN,2001-01-01,2001-01-01,2001-01-01,1
CHN,2001-01-05,2001-01-05,2001-01-05,1
CHN,2001-01-08,2001-01-08,2001-01-08,1
CHN,2001-02,2001-02-01,2001-02-28,1
CHN,2001-02-22,2001-02-22,2001-02-22,1
CHN,2001-02-23,2001-02-23,2001-02-23,1
CHN,2001-03,2001-03-01,2001-03-31,1
CHN,2001-03-07,2001-03-07,2001-03-07,1
CHN,2001-03-14,2001-03-14,2001-03-14,1
CHN,2001-03-16,2001-03-16,2001-03-16,1
CHN,2001-03-17,2001-03-17,2001-03-17,1
CHN,2001-03-18,2001-03-18,2001-03-18,1
CHN,2001-03-25,2001-03-25,2001-03-25,1
CHN,2001-04-09,2001-04-09,2001-04-09,1
CHN,2001-04-10,2001-04-10,2001-04-10,1
CHN,2001-04-12,2001-04-12,2001-04-12,1
CHN,2001-04-18,2001-04-18,2001-04-18,1
CHN,2001-04-19,2001-04-19,2001-04-19,1
CHN,2001-04-20,2001-04-20,2001-04-20,1
CHN,2001-04-22,2001-04-22,2001-04-22,1
CHN,2001-05-01,2001-05-01,2001-05-01,1
CHN,2001-05-08,2001-05-08,2001-05-08,2
CHN,2001-05-12,2001-05-12,2001-05-12,1
CHN,2001-05-15,2001-05-15,2001-05-15,1
CHN,2001-05-20,2001-05-20,2001-05-20,1
CHN,2001-05-23,2001-05-23,2001-05-23,1
CHN,2001-06,2001-06-01,2001-06-30,1
CHN,2001-06-02,2001-06-02,2001-06-02,1
CHN,2001-06-04,2001-06-04,2001-06-04,1
CHN,2001-06-09,2001-06-09,2001-06-09,1
CHN,2001-06-15,2001-06-15,2001-06-15,1
CHN,2001-06-19,2001-06-19,2001-06-19,3
CHN,2001-06-23,2001-06-23,2001-06-23,1
CHN,2001-06-27,2001-06-27,2001-06-27,1
CHN,2001-06-30,2001-06-30,2001-06-30,1
CHN,2001-07-01,2001-07-01,2001-07-01,2
CHN,2001-07-02,2001-07-02,2001-07-02,1
CHN,2001-07-07,2001-07-07,2001-07-07,1
CHN,2001-07-14,2001-07-14,2001-07-14,1
CHN,2001-07-16,2001-07-16,2001-07-16,1
CHN,2001-07-17,2001-07-17,2001-07-17,2
CHN,2001-07-22,2001-07-22,2001-07-22,1
CHN,2001-07-24,2001-07-24,2001-07-24,1
CHN,2001-07-25,2001-07-25,2001-07-25,2
CHN,2001-07-28,2001-07-28,2001-07-28,1
CHN,2001-07-30,2001-07-30,2001-07-30,1
CHN,2001-08-01,2001-08-01,2001-08-01,1
CHN,2001-08-07,2001-08-07,2001-08-07,1
CHN,2001-08-10,2001-08-10,2001-08-10,1
CHN,2001-08-22,2001-08-22,2001-08-22,1
CHN,2001-08-23,2001-08-23,2001-08-23,1
CHN,2001-08-25,2001-08-25,2001-08-25,1
CHN,2001-08-28,2001-08-28,2001-08-28,2
CHN,2001-09-01,2001-09-01,2001-09-01,2
CHN,2001-09-06,2001-09-06,2001-09-06,1
CHN,2001-09-13,2001-09-13,2001-09-13,1
CHN,2001-09-18,2001-09-18,2001-09-18,1
CHN,2001-09-19,2001-09-19,2001-09-19,1
CHN,2001-09-21,2001-09-21,2001-09-21,1
CHN,2001-09-25,2001-09-25,2001-09-25,1
CHN,2001-09-28,2001-09-28,2001-09-28,1
CHN,2001-10,2001-10-01,2001-10-31,1
CHN,2001-10-03,2001-10-03,2001-10-03,1
CHN,2001-10-27,2001-10-27,2001-10-27,1
CHN,2001-10-28,2001-10-28,2001-10-28,1
CHN,2001-10-29,2001-10-29,2001-10-29,1
CHN,2001-11-15,2001-11-15,2001-11-15,3
CHN,2001-11-17,2001-11-17,2001-11-17,2
CHN,2001-11-22,2001-11-22,2001-11-22,1
CHN,2001-12-12,2001-12-12,2001-12-12,1
CHN,2001-12-17,2001-12-17,2001-12-17,1
CHN,2001-12-23,2001-12-23,2001-12-23,1
CHN,2001-12-30,2001-12-30,2001-12-30,2
CHN,2002-01,2002-01-01,2002-01-31,1
CHN,2002-01-14,2002-01-14,2002-01-14,2
CHN,2002-01-22,2002-01-22,2002-01-22,1
CHN,2002-01-27,2002-01-27,2002-01-27,1
CHN,2002-01-28,2002-01-28,2002-01-28,1
CHN,2002-01-31,2002-01-31,2002-01-31,1
CHN,2002-02-16,2002-02-16,2002-02-16,1
CHN,2002-02-17,2002-02-17,2002-02-17,1
CHN,2002-02-18,2002-02-18,2002-02-18,1
CHN,2002-02-24,2002-02-24,2002-02-24,1
CHN,2002-03-01,2002-03-01,2002-03-01,1
CHN,2002-03-05,2002-03-05,2002-03-05,1
CHN,2002-03-10,2002-03-10,2002-03-10,1
CHN,2002-03-14,2002-03-14,2002-03-14,2
CHN,2002-03-15,2002-03-15,2002-03-15,1
CHN,2002-03-23,2002-03-23,2002-03-23,1
CHN,2002-03-29,2002-03-29,2002-03-29,1
CHN,2002-04,2002-04-01,2002-04-30,1
CHN,2002-04-04,2002-04-04,2002-04-04,1
CHN,2002-04-08,2002-04-08,2002-04-08,1
CHN,2002-04-12,2002-04-12,2002-04-12,1
CHN,2002-04-22,2002-04-22,2002-04-22,1
CHN,2002-04-24,2002-04-24,2002-04-24,2
CHN,2002-05,2002-05-01,2002-05-31,1
CHN,2002-05-04,2002-05-04,2002-05-04,4
CHN,2002-05-07,2002-05-07,2002-05-07,1
CHN,2002-05-15,2002-05-15,2002-05-15,1
CHN,2002-05-22,2002-05-22,2002-05-22,1
CHN,2002-05-23,2002-05-23,2002-05-23,2
CHN,2002-05-28,2002-05-28,2002-05-28,1
CHN,2002-05-30,2002-05-30,2002-05-30,1
CHN,2002-06-01,2002-06-01,2002-06-01,1
CHN,2002-06-08,2002-06-08,2002-06-08,1
CHN,2002-06-14,2002-06-14,2002-06-14,1
CHN,2002-06-16,2002-06-16,2002-06-16,1
CHN,2002-06-20,2002-06-20,2002-06-20,1
CHN,2002-06-22,2002-06-22,2002-06-22,1
CHN,2002-07,2002-07-01,2002-07-31,1
CHN,2002-07-03,2002-07-03,2002-07-03,2
CHN,2002-07-05,2002-07-05,2002-07-05,1
CHN,2002-07-07,2002-07-07,2002-07-07,1
CHN,2002-07-08,2002-07-08,2002-07-08,1
CHN,2002-07-17,2002-07-17,2002-07-17,1
CHN,2002-07-19,2002-07-19,2002-07-19,1
CHN,2002-07-21,2002-07-21,2002-07-21,1
CHN,2002-07-24,2002-07-24,2002-07-24,1
CHN,2002-08,2002-08-01,2002-08-31,2
CHN,2002-08-05,2002-08-05,2002-08-05,1
CHN,2002-08-08,2002-08-08,2002-08-08,1
CHN,2002-08-11,2002-08-11,2002-08-11,1
CHN,2002-08-12,2002-08-12,2002-08-12,1
CHN,2002-08-14,2002-08-14,2002-08-14,1
CHN,2002-08-15,2002-08-15,2002-08-15,1
CHN,2002-08-20,2002-08-20,2002-08-20,2
CHN,2002-09,2002-09-01,2002-09-30,1
CHN,2002-09-03,2002-09-03,2002-09-03,1
CHN,2002-09-07,2002-09-07,2002-09-07,1
CHN,2002-09-13,2002-09-13,2002-09-13,2
CHN,2002-09-14,2002-09-14,2002-09-14,1
CHN,2002-09-15,2002-09-15,2002-09-15,1
CHN,2002-09-23,2002-09-23,2002-09-23,1
CHN,2002-10-04,2002-10-04,2002-10-04,1
CHN,2002-10-23,2002-10-23,2002-10-23,1
CHN,2002-10-28,2002-10-28,2002-10-28,1
CHN,2002-10-29,2002-10-29,2002-10-29,1
CHN,2002-11-09,2002-11-09,2002-11-09,1
CHN,2002-11-27,2002-11-27,2002-11-27,1
CHN,2002-11-29,2002-11-29,2002-11-29,1
CHN,2002-11-30,2002-11-30,2002-11-30,1
CHN,2002-12-06,2002-12-06,2002-12-06,1
CHN,2002-12-09,2002-12-09,2002-12-09,1
CHN,2002-12-14,2002-12-14,2002-12-14,1
CHN,2002-12-18,2002-12-18,2002-12-18,1
CHN,2002-12-25,2002-12-25,2002-12-25,1
CHN,2003-01,2003-01-01,2003-01-31,1
CHN,2003-01-05,2003-01-05,2003-01-05,1
CHN,2003-01-11,2003-01-11,2003-01-11,1
CHN,2003-01-20,2003-01-20,2003-01-20,1
CHN,2003-01-26,2003-01-26,2003-01-26,1
CHN,2003-01-29,2003-01-29,2003-01-29,1
CHN,2003-01-30,2003-01-30,2003-01-30,1
CHN,2003-02-02,2003-02-02,2003-02-02,1
CHN,2003-02-05,2003-02-05,2003-02-05,1
CHN,2003-02-17,2003-02-17,2003-02-17,1
CHN,2003-02-24,2003-02-24,2003-02-24,2
CHN,2003-03-16,2003-03-16,2003-03-16,1
CHN,2003-03-22,2003-03-22,2003-03-22,1
CHN,2003-03-29,2003-03-29,2003-03-29,1
CHN,2003-04,2003-04-01,2003-04-30,1
CHN,2003-04-04,2003-04-04,2003-04-04,1
CHN,2003-04-09,2003-04-09,2003-04-09,1
CHN,2003-04-14,2003-04-14,2003-04-14,1
CHN,2003-04-17,2003-04-17,2003-04-17,1
CHN,2003-04-28,2003-04-28,2003-04-28,1
CHN,2003-05-04,2003-05-04,2003-05-04,1
CHN,2003-05-11,2003-05-11,2003-05-11,1
CHN,2003-05-13,2003-05-13,2003-05-13,1
CHN,2003-05-15,2003-05-15,2003-05-15,1
CHN,2003-05-20,2003-05-20,2003-05-20,2
CHN,2003-05-21,2003-05-21,2003-05-21,1
CHN,2003-06-05,2003-06-05,2003-06-05,1
CHN,2003-06-06,2003-06-06,2003-06-06,2
CHN,2003-06-08,2003-06-08,2003-06-08,1
CHN,2003-06-19,2003-06-19,2003-06-19,1
CHN,2003-06-23,2003-06-23,2003-06-23,1
CHN,2003-07-01,2003-07-01,2003-07-01,1
CHN,2003-07,2003-07-01,2003-07-31,1
CHN,2003-07-04,2003-07-04,2003-07-04,1
CHN,2003-07-13,2003-07-13,2003-07-13,1
CHN,2003-07-19,2003-07-19,2003-07-19,1
CHN,2003-07-20,2003-07-20,2003-07-20,2
CHN,2003-07-21,2003-07-21,2003-07-21,1
CHN,2003-07-24,2003-07-24,2003-07-24,2
CHN,2003-07-26,2003-07-26,2003-07-26,1
CHN,2003-07-27,2003-07-27,2003-07-27,1
CHN,2003-07-28,2003-07-28,2003-07-28,1
CHN,2003-08-08,2003-08-08,2003-08-08,1
CHN,2003-08-11,2003-08-11,2003-08-11,1
CHN,2003-08-12,2003-08-12,2003-08-12,1
CHN,2003-08-15,2003-08-15,2003-08-15,1
CHN,2003-08-16,2003-08-16,2003-08-16,1
CHN,2003-08-18,2003-08-18,2003-08-18,1
CHN,2003-08-22,2003-08-22,2003-08-22,1
CHN,2003-08-24,2003-08-24,2003-08-24,1
CHN,2003-08-26,2003-08-26,2003-08-26,2
CHN,2003-08-28,2003-08-28,2003-08-28,1
CHN,2003-09-01,2003-09-01,2003-09-01,1
CHN,2003-09-11,2003-09-11,2003-09-11,1
CHN,2003-09-20,2003-09-20,2003-09-20,1
CHN,2003-10-10,2003-10-10,2003-10-10,1
CHN,2003-10-12,2003-10-12,2003-10-12,1
CHN,2003-10-16,2003-10-16,2003-10-16,1
CHN,2003-10-25,2003-10-25,2003-10-25,1
CHN,2003-10-28,2003-10-28,2003-10-28,1
CHN,2003-11-03,2003-11-03,2003-11-03,2
CHN,2003-11-13,2003-11-13,2003-11-13,1
CHN,2003-11-14,2003-11-14,2003-11-14,2
CHN,2003-11-18,2003-11-18,2003-11-18,1
CHN,2003-11-23,2003-11-23,2003-11-23,1
CHN,2003-11-26,2003-11-26,2003-11-26,1
CHN,2003-12-01,2003-12-01,2003-12-01,1
CHN,2003-12-06,2003-12-06,2003-12-06,1
CHN,2003-12-19,2003-12-19,2003-12-19,1
CHN,2003-12-20,2003-12-20,2003-12-20,1
CHN,2003-12-23,2003-12-23,2003-12-23,1
CHN,2003-12-26,2003-12-26,2003-12-26,1
CHN,2003-12-30,2003-12-30,2003-12-30,1
CHN,2003-12-31,2003-12-31,2003-12-31,1
CHN,2004-01-07,2004-01-07,2004-01-07,1
CHN,2004-01-15,2004-01-15,2004-01-15,1
CHN,2004-02-04,2004-02-04,2004-02-04,1
CHN,2004-02-05,2004-02-05,2004-02-05,2
CHN,2004-02-09,2004-02-09,2004-02-09,1
CHN,2004-02-11,2004-02-11,2004-02-11,1
CHN,2004-02-15,2004-02-15,2004-02-15,2
CHN,2004-02-23,2004-02-23,2004-02-23,1
CHN,2004-03-01,2004-03-01,2004-03-01,1
CHN,2004-03-13,2004-03-13,2004-03-13,1
CHN,2004-03-24,2004-03-24,2004-03-24,1
CHN,2004-03-30,2004-03-30,2004-03-30,1
CHN,2004-04-08,2004-04-08,2004-04-08,1
CHN,2004-04-16,2004-04-16,2004-04-16,1
CHN,2004-04-20,2004-04-20,2004-04-20,1
CHN,2004-04-21,2004-04-21,2004-04-21,1
CHN,2004-04-30,2004-04-30,2004-04-30,2
CHN,2004-05-04,2004-05-04,2004-05-04,1
CHN,2004-05-08,2004-05-08,2004-05-08,1
CHN,2004-05-12,2004-05-12,2004-05-12,1
CHN,2004-05-13,2004-05-13,2004-05-13,2
CHN,2004-05-20,2004-05-20,2004-05-20,2
CHN,2004-05-23,2004-05-23,2004-05-23,1
CHN,2004-05-26,2004-05-26,2004-05-26,1
CHN,2004-05-27,2004-05-27,2004-05-27,1
CHN,2004-06-01,2004-06-01,2004-06-01,1
CHN,2004-06-03,2004-06-03,2004-06-03,1
CHN,2004-06-05,2004-06-05,2004-06-05,2
CHN,2004-06-09,2004-06-09,2004-06-09,1
CHN,2004-06-10,2004-06-10,2004-06-10,1
CHN,2004-06-12,2004-06-12,2004-06-12,1
CHN,2004-06-14,2004-06-14,2004-06-14,1
CHN,2004-06-15,2004-06-15,2004-06-15,2
CHN,2004-06-20,2004-06-20,2004-06-20,2
CHN,2004-06-21,2004-06-21,2004-06-21,1
CHN,2004-06-22,2004-06-22,2004-06-22,3
CHN,2004-06-27,2004-06-27,2004-06-27,1
CHN,2004-06-28,2004-06-28,2004-06-28,1
CHN,2004-07-02,2004-07-02,2004-07-02,1
CHN,2004-07-14,2004-07-14,2004-07-14,2
CHN,2004-07-15,2004-07-15,2004-07-15,1
CHN,2004-07-19,2004-07-19,2004-07-19,1
CHN,2004-07-27,2004-07-27,2004-07-27,1
CHN,2004-07-29,2004-07-29,2004-07-29,1
CHN,2004-08-01,2004-08-01,2004-08-01,1
CHN,2004-08-06,2004-08-06,2004-08-06,2
CHN,2004-08-10,2004-08-10,2004-08-10,1
CHN,2004-08-20,2004-08-20,2004-08-20,1
CHN,2004-08-26,2004-08-26,2004-08-26,1
CHN,2004-09-02,2004-09-02,2004-09-02,1
CHN,2004-09-04,2004-09-04,2004-09-04,1
CHN,2004-09-07,2004-09-07,2004-09-07,1
CHN,2004-09-09,2004-09-09,2004-09-09,1
CHN,2004-09-23,2004-09-23,2004-09-23,1
CHN,2004-09-24,2004-09-24,2004-09-24,2
CHN,2004-09-27,2004-09-27,2004-09-27,1
CHN,2004-09-30,2004-09-30,2004-09-30,1
CHN,2004-10-04,2004-10-04,2004-10-04,1
CHN,2004-10-18,2004-10-18,2004-10-18,1
CHN,2004-10-20,2004-10-20,2004-10-20,2
CHN,2004-10-21,2004-10-21,2004-10-21,1
CHN,2004-10-22,2004-10-22,2004-10-22,1
CHN,2004-10-25,2004-10-25,2004-10-25,1
CHN,2004-10-27,2004-10-27,2004-10-27,1
CHN,2004-10-31,2004-10-31,2004-10-31,1
CHN,2004-11-05,2004-11-05,2004-11-05,1
CHN,2004-11-11,2004-11-11,2004-11-11,2
CHN,2004-11-20,2004-11-20,2004-11-20,1
CHN,2004-11-28,2004-11-28,2004-11-28,1
CHN,2004-12-01,2004-12-01,2004-12-01,1
CHN,2004-12-03,2004-12-03,2004-12-03,1
CHN,2004-12-05,2004-12-05,2004-12-05,1
CHN,2004-12-09,2004-12-09,2004-12-09,1
CHN,2004-12-12,2004-12-12,2004-12-12,1
CHN,2004-12-13,2004-12-13,2004-12-13,1
CHN,2004-12-17,2004-12-17,2004-12-17,1
CHN,2004-12-19,2004-12-19,2004-12-19,1
CHN,2004-12-23,2004-12-23,2004-12-23,1
CHN,2004-12-30,2004-12-30,2004-12-30,1
CHN,2004-12-31,2004-12-31,2004-12-31,1
CHN,2005-01-03,2005-01-03,2005-01-03,1
CHN,2005-01-06,2005-01-06,2005-01-06,1
CHN,2005-01-11,2005-01-11,2005-01-11,1
CHN,2005-02-14,2005-02-14,2005-02-14,1
CHN,2005-02-15,2005-02-15,2005-02-15,1
CHN,2005-02-28,2005-02-28,2005-02-28,1
CHN,2005-03-02,2005-03-02,2005-03-02,1
CHN,2005-03-03,2005-03-03,2005-03-03,1
CHN,2005-03-08,2005-03-08,2005-03-08,1
CHN,2005-03-09,2005-03-09,2005-03-09,1
CHN,2005-03-15,2005-03-15,2005-03-15,1
CHN,2005-03-17,2005-03-17,2005-03-17,3
CHN,2005-03-19,2005-03-19,2005-03-19,1
CHN,2005-03-29,2005-03-29,2005-03-29,1
CHN,2005-04-02,2005-04-02,2005-04-02,1
CHN,2005-04-06,2005-04-06,2005-04-06,1
CHN,2005-04-08,2005-04-08,2005-04-08,1
CHN,2005-04-19,2005-04-19,2005-04-19,1
CHN,2005-04-21,2005-04-21,2005-04-21,1
CHN,2005-04-24,2005-04-24,2005-04-24,1
CHN,2005-04-28,2005-04-28,2005-04-28,1
CHN,2005-04-30,2005-04-30,2005-04-30,1
CHN,2005-05-01,2005-05-01,2005-05-01,1
CHN,2005-05-04,2005-05-04,2005-05-04,1
CHN,2005-05-09,2005-05-09,2005-05-09,1
CHN,2005-05-12,2005-05-12,2005-05-12,1
CHN,2005-05-13,2005-05-13,2005-05-13,1
CHN,2005-05-14,2005-05-14,2005-05-14,1
CHN,2005-05-15,2005-05-15,2005-05-15,1
CHN,2005-05-17,2005-05-17,2005-05-17,1
CHN,2005-05-19,2005-05-19,2005-05-19,1
CHN,2005-05-20,2005-05-20,2005-05-20,1
CHN,2005-05-28,2005-05-28,2005-05-28,1
CHN,2005-05-31,2005-05-31,2005-05-31,1
CHN,2005-06-08,2005-06-08,2005-06-08,1
CHN,2005-06-09,2005-06-09,2005-06-09,1
CHN,2005-06-10,2005-06-10,2005-06-10,3
CHN,2005-06-13,2005-06-13,2005-06-13,1
CHN,2005-06-15,2005-06-15,2005-06-15,1
CHN,2005-06-17,2005-06-17,2005-06-17,1
CHN,2005-06-19,2005-06-19,2005-06-19,1
CHN,2005-06-21,2005-06-21,2005-06-21,1
CHN,2005-06-24,2005-06-24,2005-06-24,1
CHN,2005-06-28,2005-06-28,2005-06-28,1
CHN,2005-07-01,2005-07-01,2005-07-01,1
CHN,2005-07,2005-07-01,2005-07-31,1
CHN,2005-07-02,2005-07-02,2005-07-02,1
CHN,2005-07-07,2005-07-07,2005-07-07,1
CHN,2005-07-11,2005-07-11,2005-07-11,1
CHN,2005-07-15,2005-07-15,2005-07-15,1
CHN,2005-07-18,2005-07-18,2005-07-18,1
CHN,2005-07-19,2005-07-19,2005-07-19,1
CHN,2005-07-21,2005-07-21,2005-07-21,1
CHN,2005-07-27,2005-07-27,2005-07-27,1
CHN,2005-07-30,2005-07-30,2005-07-30,2
CHN,2005-08-02,2005-08-02,2005-08-02,1
CHN,2005-08-05,2005-08-05,2005-08-05,1
CHN,2005-08-07,2005-08-07,2005-08-07,1
CHN,2005-08-08,2005-08-08,2005-08-08,1
CHN,2005-08-13,2005-08-13,2005-08-13,1
CHN,2005-08-14,2005-08-14,2005-08-14,1
CHN,2005-08-19,2005-08-19,2005-08-19,1
CHN,2005-08-25,2005-08-25,2005-08-25,1
CHN,2005-09-01,2005-09-01,2005-09-01,1
CHN,2005-09-06,2005-09-06,2005-09-06,1
CHN,2005-09-10,2005-09-10,2005-09-10,1
CHN,2005-09-11,2005-09-11,2005-09-11,1
CHN,2005-09-14,2005-09-14,2005-09-14,1
CHN,2005-09-15,2005-09-15,2005-09-15,1
CHN,2005-09-26,2005-09-26,2005-09-26,1
CHN,2005-09-29,2005-09-29,2005-09-29,2
CHN,2005-10,2005-10-01,2005-10-31,1
CHN,2005-10-02,2005-10-02,2005-10-02,1
CHN,2005-10-03,2005-10-03,2005-10-03,2
CHN,2005-10-04,2005-10-04,2005-10-04,1
CHN,2005-10-27,2005-10-27,2005-10-27,1
CHN,2005-10-31,2005-10-31,2005-10-31,1
CHN,2005-11-06,2005-11-06,2005-11-06,2
CHN,2005-11-11,2005-11-11,2005-11-11,1
CHN,2005-11-13,2005-11-13,2005-11-13,2
CHN,2005-11-19,2005-11-19,2005-11-19,1
CHN,2005-11-24,2005-11-24,2005-11-24,1
CHN,2005-11-26,2005-11-26,2005-11-26,1
CHN,2005-11-27,2005-11-27,2005-11-27,1
CHN,2005-12-02,2005-12-02,2005-12-02,1
CHN,2005-12-03,2005-12-03,2005-12-03,1
CHN,2005-12-07,2005-12-07,2005-12-07,1
CHN,2005-12-15,2005-12-15,2005-12-15,1
CHN,2005-12-22,2005-12-22,2005-12-22,1
CHN,2005-12-24,2005-12-24,2005-12-24,1
CHN,2005-12-25,2005-12-25,2005-12-25,1
CHN,2005-12-28,2005-12-28,2005-12-28,1
CHN,2006-01-06,2006-01-06,2006-01-06,1
CHN,2006-01-12,2006-01-12,2006-01-12,1
CHN,2006-01-20,2006-01-20,2006-01-20,1
CHN,2006-01-29,2006-01-29,2006-01-29,1
CHN,2006-02-02,2006-02-02,2006-02-02,1
CHN,2006-02-17,2006-02-17,2006-02-17,1
CHN,2006-02-23,2006-02-23,2006-02-23,1
CHN,2006-02-24,2006-02-24,2006-02-24,1
CHN,2006-03-13,2006-03-13,2006-03-13,1
CHN,2006-03-15,2006-03-15,2006-03-15,1
CHN,2006-03-18,2006-03-18,2006-03-18,1
CHN,2006-04-01,2006-04-01,2006-04-01,2
CHN,2006-04-09,2006-04-09,2006-04-09,1
CHN,2006-04-10,2006-04-10,2006-04-10,1
CHN,2006-04-21,2006-04-21,2006-04-21,1
CHN,2006-04-26,2006-04-26,2006-04-26,1
CHN,2006-04-29,2006-04-29,2006-04-29,1
CHN,2006-05-01,2006-05-01,2006-05-01,1
CHN,2006-05-02,2006-05-02,2006-05-02,1
CHN,2006-05-04,2006-05-04,2006-05-04,1
CHN,2006-05-10,2006-05-10,2006-05-10,1
CHN,2006-05-18,2006-05-18,2006-05-18,2
CHN,2006-05-24,2006-05-24,2006-05-24,1
CHN,2006-05-30,2006-05-30,2006-05-30,1
CHN,2006-06-03,2006-06-03,2006-06-03,1
CHN,2006-06-08,2006-06-08,2006-06-08,2
CHN,2006-06-12,2006-06-12,2006-06-12,1
CHN,2006-06-13,2006-06-13,2006-06-13,1
CHN,2006-06-16,2006-06-16,2006-06-16,1
CHN,2006-06-17,2006-06-17,2006-06-17,1
CHN,2006-06-18,2006-06-18,2006-06-18,1
CHN,2006-06-20,2006-06-20,2006-06-20,1
CHN,2006-06-25,2006-06-25,2006-06-25,2
CHN,2006-06-26,2006-06-26,2006-06-26,1
CHN,2006-06-27,2006-06-27,2006-06-27,1
CHN,2006-06-28,2006-06-28,2006-06-28,2
CHN,2006-07,2006-07-01,2006-07-31,1
CHN,2006-07-02,2006-07-02,2006-07-02,1
CHN,2006-07-07,2006-07-07,2006-07-07,1
CHN,2006-07-11,2006-07-11,2006-07-11,1
CHN,2006-07-14,2006-07-14,2006-07-14,1
CHN,2006-07-15,2006-07-15,2006-07-15,2
CHN,2006-07-16,2006-07-16,2006-07-16,1
CHN,2006-07-20,2006-07-20,2006-07-20,1
CHN,2006-07-22,2006-07-22,2006-07-22,1
CHN,2006-07-24,2006-07-24,2006-07-24,2
CHN,2006-07-28,2006-07-28,2006-07-28,1
CHN,2006-07-29,2006-07-29,2006-07-29,1
CHN,2006-08-03,2006-08-03,2006-08-03,1
CHN,2006-08-04,2006-08-04,2006-08-04,1
CHN,2006-08-06,2006-08-06,2006-08-06,1
CHN,2006-08-25,2006-08-25,2006-08-25,2
CHN,2006-08-28,2006-08-28,2006-08-28,1
CHN,2006-08-30,2006-08-30,2006-08-30,1
CHN,2006-10-01,2006-10-01,2006-10-01,1
CHN,2006-10,2006-10-01,2006-10-31,1
CHN,2006-10-05,2006-10-05,2006-10-05,1
CHN,2006-10-06,2006-10-06,2006-10-06,2
CHN,2006-10-16,2006-10-16,2006-10-16,1
CHN,2006-10-27,2006-10-27,2006-10-27,1
CHN,2006-10-28,2006-10-28,2006-10-28,2
CHN,2006-10-31,2006-10-31,2006-10-31,1
CHN,2006-11-03,2006-11-03,2006-11-03,1
CHN,2006-11-05,2006-11-05,2006-11-05,1
CHN,2006-11-12,2006-11-12,2006-11-12,1
CHN,2006-11-25,2006-11-25,2006-11-25,2
CHN,2006-11-26,2006-11-26,2006-11-26,1
CHN,2006-11-29,2006-11-29,2006-11-29,1
CHN,2006-12-14,2006-12-14,2006-12-14,1
CHN,2006-12-28,2006-12-28,2006-12-28,1
CHN,2007-01-12,2007-01-12,2007-01-12,1
CHN,2007-01-17,2007-01-17,2007-01-17,1
CHN,2007-01-29,2007-01-29,2007-01-29,1
CHN,2007-01-30,2007-01-30,2007-01-30,1
CHN,2007-02-03,2007-02-03,2007-02-03,1
CHN,2007-02-10,2007-02-10,2007-02-10,1
CHN,2007-03-10,2007-03-10,2007-03-10,1
CHN,2007-03-17,2007-03-17,2007-03-17,1
CHN,2007-03-18,2007-03-18,2007-03-18,1
CHN,2007-03-28,2007-03-28,2007-03-28,1
CHN,2007-04-01,2007-04-01,2007-04-01,1
CHN,2007-04-08,2007-04-08,2007-04-08,1
CHN,2007-04-16,2007-04-16,2007-04-16,2
CHN,2007-04-18,2007-04-18,2007-04-18,1
CHN,2007-04-19,2007-04-19,2007-04-19,1
CHN,2007-04-20,2007-04-20,2007-04-20,1
CHN,2007-05-04,2007-05-04,2007-05-04,1
CHN,2007-05-05,2007-05-05,2007-05-05,1
CHN,2007-05-07,2007-05-07,2007-05-07,1
CHN,2007-05-11,2007-05-11,2007-05-11,1
CHN,2007-05-12,2007-05-12,2007-05-12,1
CHN,2007-05-24,2007-05-24,2007-05-24,1
CHN,2007-05-26,2007-05-26,2007-05-26,1
CHN,2007-06-01,2007-06-01,2007-06-01,1
CHN,2007-06-02,2007-06-02,2007-06-02,1
CHN,2007-06-15,2007-06-15,2007-06-15,1
CHN,2007-07-03,2007-07-03,2007-07-03,1
CHN,2007-07-05,2007-07-05,2007-07-05,1
CHN,2007-07-14,2007-07-14,2007-07-14,2
CHN,2007-07-18,2007-07-18,2007-07-18,2
CHN,2007-07-23,2007-07-23,2007-07-23,1
CHN,2007-07-29,2007-07-29,2007-07-29,1
CHN,2007-08-09,2007-08-09,2007-08-09,1
CHN,2007-08-13,2007-08-13,2007-08-13,1
CHN,2007-08-18,2007-08-18,2007-08-18,3
CHN,2007-08-19,2007-08-19,2007-08-19,1
CHN,2007-08-22,2007-08-22,2007-08-22,1
CHN,2007-08-31,2007-08-31,2007-08-31,1
CHN,2007-09-19,2007-09-19,2007-09-19,1
CHN,2007-09-20,2007-09-20,2007-09-20,1
CHN,2007-10-02,2007-10-02,2007-10-02,2
CHN,2007-10-13,2007-10-13,2007-10-13,1
CHN,2007-10-21,2007-10-21,2007-10-21,1
CHN,2007-10-24,2007-10-24,2007-10-24,1
CHN,2007-10-28,2007-10-28,2007-10-28,1
CHN,2007-11-08,2007-11-08,2007-11-08,1
CHN,2007-11-15,2007-11-15,2007-11-15,1
CHN,2007-11-20,2007-11-20,2007-11-20,1
CHN,2007-11-28,2007-11-28,2007-11-28,1
CHN,2007-12,2007-12-01,2007-12-31,2
CHN,2007-12-06,2007-12-06,2007-12-06,1
CHN,2007-12-12,2007-12-12,2007-12-12,1
CHN,2007-12-15,2007-12-15,2007-12-15,1
CHN,2007-12-29,2007-12-29,2007-12-29,1
CHN,2008-01-10,2008-01-10,2008-01-10,1
CHN,2008-01-11,2008-01-11,2008-01-11,1
CHN,2008-01-20,2008-01-20,2008-01-20,1
CHN,2008-01-23,2008-01-23,2008-01-23,1
CHN,2008-01-29,2008-01-29,2008-01-29,2
CHN,2008-02-12,2008-02-12,2008-02-12,1
CHN,2008-02-14,2008-02-14,2008-02-14,1
CHN,2008-02-17,2008-02-17,2008-02-17,1
CHN,2008-03-05,2008-03-05,2008-03-05,2
CHN,2008-03-14,2008-03-14,2008-03-14,1
CHN,2008-03-26,2008-03-26,2008-03-26,1
CHN,2008-04-17,2008-04-17,2008-04-17,1
CHN,2008-04-19,2008-04-19,2008-04-19,1
CHN,2008-04-28,2008-04-28,2008-04-28,1
CHN,2008-05-02,2008-05-02,2008-05-02,1
CHN,2008-05-12,2008-05-12,2008-05-12,1
CHN,2008-05-17,2008-05-17,2008-05-17,1
CHN,2008-05-25,2008-05-25,2008-05-25,1
CHN,2008-05-27,2008-05-27,2008-05-27,1
CHN,2008-06-03,2008-06-03,2008-06-03,1
CHN,2008-06-07,2008-06-07,2008-06-07,1
CHN,2008-06-13,2008-06-13,2008-06-13,2
CHN,2008-06-24,2008-06-24,2008-06-24,1
CHN,2008-07-05,2008-07-05,2008-07-05,1
CHN,2008-07-07,2008-07-07,2008-07-07,1
CHN,2008-07-08,2008-07-08,2008-07-08,1
CHN,2008-07-22,2008-07-22,2008-07-22,1
CHN,2008-07-28,2008-07-28,2008-07-28,1
CHN,2008-08-01,2008-08-01,2008-08-01,1
CHN,2008-08-05,2008-08-05,2008-08-05,1
CHN,2008-08-07,2008-08-07,2008-08-07,1
CHN,2008-08-08,2008-08-08,2008-08-08,1
CHN,2008-08-13,2008-08-13,2008-08-13,1
CHN,2008-08-18,2008-08-18,2008-08-18,1
CHN,2008-08-21,2008-08-21,2008-08-21,1
CHN,2008-08-22,2008-08-22,2008-08-22,1
CHN,2008-08-26,2008-08-26,2008-08-26,1
CHN,2008-08-30,2008-08-30,2008-08-30,1
CHN,2008-09-04,2008-09-04,2008-09-04,1
CHN,2008-09-05,2008-09-05,2008-09-05,2
CHN,2008-09-07,2008-09-07,2008-09-07,1
CHN,2008-09-08,2008-09-08,2008-09-08,1
CHN,2008-09-13,2008-09-13,2008-09-13,1
CHN,2008-09-20,2008-09-20,2008-09-20,2
CHN,2008-09-21,2008-09-21,2008-09-21,1
CHN,2008-09-24,2008-09-24,2008-09-24,1
CHN,2008-09-28,2008-09-28,2008-09-28,1
CHN,2008-10-06,2008-10-06,2008-10-06,1
CHN,2008-10-10,2008-10-10,2008-10-10,1
CHN,2008-10-16,2008-10-16,2008-10-16,1
CHN,2008-10-31,2008-10-31,2008-10-31,1
CHN,2008-11,2008-11-01,2008-11-30,1
CHN,2008-11-15,2008-11-15,2008-11-15,2
CHN,2008-11-30,2008-11-30,2008-11-30,1
CHN,2008-12-25,2008-12-25,2008-12-25,1
CHN,2008-12-26,2008-12-26,2008-12-26,1
CHN,2008-12-27,2008-12-27,2008-12-27,1
CHN,2008-12-31,2008-12-31,2008-12-31,1
CHN,2009-01-03,2009-01-03,2009-01-03,1
CHN,2009-01-25,2009-01-25,2009-01-25,1
CHN,2009-01-31,2009-01-31,2009-01-31,1
CHN,2009-02-22,2009-02-22,2009-02-22,1
CHN,2009-03-27,2009-03-27,2009-03-27,1
CHN,2009-04-01,2009-04-01,2009-04-01,1
CHN,2009-04,2009-04-01,2009-04-30,1
CHN,2009-04-17,2009-04-17,2009-04-17,1
CHN,2009-04-24,2009-04-24,2009-04-24,1
CHN,2009-05-15,2009-05-15,2009-05-15,1
CHN,2009-05-16,2009-05-16,2009-05-16,1
CHN,2009-05-21,2009-05-21,2009-05-21,1
CHN,2009-05-30,2009-05-30,2009-05-30,1
CHN,2009-06,2009-06-01,2009-06-30,1
CHN,2009-06-03,2009-06-03,2009-06-03,1
CHN,2009-06-05,2009-06-05,2009-06-05,2
CHN,2009-06-07,2009-06-07,2009-06-07,1
CHN,2009-06-14,2009-06-14,2009-06-14,1
CHN,2009-06-19,2009-06-19,2009-06-19,1
CHN,2009-06-21,2009-06-21,2009-06-21,1
CHN,2009-07-01,2009-07-01,2009-07-01,1
CHN,2009-07,2009-07-01,2009-07-31,1
CHN,2009-07-09,2009-07-09,2009-07-09,1
CHN,2009-07-14,2009-07-14,2009-07-14,1
CHN,2009-07-15,2009-07-15,2009-07-15,1
CHN,2009-07-22,2009-07-22,2009-07-22,1
CHN,2009-07-26,2009-07-26,2009-07-26,1
CHN,2009-08-01,2009-08-01,2009-08-01,1
CHN,2009-08,2009-08-01,2009-08-31,2
CHN,2009-08-02,2009-08-02,2009-08-02,1
CHN,2009-08-04,2009-08-04,2009-08-04,1
CHN,2009-08-06,2009-08-06,2009-08-06,1
CHN,2009-08-09,2009-08-09,2009-08-09,1
CHN,2009-08-24,2009-08-24,2009-08-24,1
CHN,2009-08-28,2009-08-28,2009-08-28,1
CHN,2009-09-02,2009-09-02,2009-09-02,1
CHN,2009-09-08,2009-09-08,2009-09-08,1
CHN,2009-09-10,2009-09-10,2009-09-10,1
CHN,2009-09-14,2009-09-14,2009-09-14,1
CHN,2009-09-15,2009-09-15,2009-09-15,1
CHN,2009-09-19,2009-09-19,2009-09-19,1
CHN,2009-10,2009-10-01,2009-10-31,1
CHN,2009-10-02,2009-10-02,2009-10-02,1
CHN,2009-10-08,2009-10-08,2009-10-08,1
CHN,2009-10-13,2009-10-13,2009-10-13,1
CHN,2009-10-30,2009-10-30,2009-10-30,1
CHN,2009-11-09,2009-11-09,2009-11-09,1
CHN,2009-11-11,2009-11-11,2009-11-11,1
CHN,2009-11-17,2009-11-17,2009-11-17,1
CHN,2009-11-21,2009-11-21,2009-11-21,1
CHN,2009-11-27,2009-11-27,2009-11-27,1
CHN,2009-12-27,2009-12-27,2009-12-27,1
CHN,2009-12-28,2009-12-28,2009-12-28,1
CHN,2010-01-01,2010-01-01,2010-01-01,1
CHN,2010-01-05,2010-01-05,2010-01-05,1
CHN,2010-01-08,2010-01-08,2010-01-08,1
CHN,2010-01-30,2010-01-30,2010-01-30,1
CHN,2010-02-25,2010-02-25,2010-02-25,1
CHN,2010-02-26,2010-02-26,2010-02-26,1
CHN,2010-03-10,2010-03-10,2010-03-10,1
CHN,2010-03-15,2010-03-15,2010-03-15,1
CHN,2010-03-28,2010-03-28,2010-03-28,1
CHN,2010-03-31,2010-03-31,2010-03-31,2
CHN,2010-04-14,2010-04-14,2010-04-14,1
CHN,2010-05-03,2010-05-03,2010-05-03,1
CHN,2010-05-06,2010-05-06,2010-05-06,1
CHN,2010-05-13,2010-05-13,2010-05-13,1
CHN,2010-05-18,2010-05-18,2010-05-18,1
CHN,2010-05-23,2010-05-23,2010-05-23,2
CHN,2010-05-29,2010-05-29,2010-05-29,1
CHN,2010-05-30,2010-05-30,2010-05-30,2
CHN,2010-06,2010-06-01,2010-06-30,1
CHN,2010-06-21,2010-06-21,2010-06-21,1
CHN,2010-06-26,2010-06-26,2010-06-26,1
CHN,2010-06-28,2010-06-28,2010-06-28,1
CHN,2010-07-05,2010-07-05,2010-07-05,1
CHN,2010-07-16,2010-07-16,2010-07-16,1
CHN,2010-07-17,2010-07-17,2010-07-17,2
CHN,2010-07-18,2010-07-18,2010-07-18,1
CHN,2010-07-19,2010-07-19,2010-07-19,1
CHN,2010-07-24,2010-07-24,2010-07-24,1
CHN,2010-07-27,2010-07-27,2010-07-27,1
CHN,2010-07-28,2010-07-28,2010-07-28,1
CHN,2010-07-31,2010-07-31,2010-07-31,1
CHN,2010-08-02,2010-08-02,2010-08-02,1
CHN,2010-08-03,2010-08-03,2010-08-03,1
CHN,2010-08-06,2010-08-06,2010-08-06,1
CHN,2010-08-07,2010-08-07,2010-08-07,1
CHN,2010-08-13,2010-08-13,2010-08-13,1
CHN,2010-08-14,2010-08-14,2010-08-14,1
CHN,2010-08-16,2010-08-16,2010-08-16,2
CHN,2010-08-18,2010-08-18,2010-08-18,1
CHN,2010-08-21,2010-08-21,2010-08-21,1
CHN,2010-08-24,2010-08-24,2010-08-24,1
CHN,2010-08-29,2010-08-29,2010-08-29,1
CHN,2010-09-06,2010-09-06,2010-09-06,1
CHN,2010-09-09,2010-09-09,2010-09-09,1
CHN,2010-09-20,2010-09-20,2010-09-20,1
CHN,2010-10-06,2010-10-06,2010-10-06,1
CHN,2010-10-16,2010-10-16,2010-10-16,1
CHN,2010-10-22,2010-10-22,2010-10-22,1
CHN,2010-10-28,2010-10-28,2010-10-28,1
CHN,2010-11-05,2010-11-05,2010-11-05,1
CHN,2010-11-11,2010-11-11,2010-11-11,1
CHN,2010-11-15,2010-11-15,2010-11-15,1
CHN,2010-12,2010-12-01,2010-12-31,1
CHN,2010-12-05,2010-12-05,2010-12-05,1
CHN,2010-12-07,2010-12-07,2010-12-07,1
CHN,2011-01-01,2011-01-01,2011-01-01,1
CHN,2011-02-01,2011-02-01,2011-02-01,1
CHN,2011-03-10,2011-03-10,2011-03-10,1
CHN,2011-03-24,2011-03-24,2011-03-24,2
CHN,2011-04-17,2011-04-17,2011-04-17,1
CHN,2011-04-25,2011-04-25,2011-04-25,1
CHN,2011-05-01,2011-05-01,2011-05-01,1
CHN,2011-05-09,2011-05-09,2011-05-09,1
CHN,2011-05-30,2011-05-30,2011-05-30,1
CHN,2011-06-01,2011-06-01,2011-06-01,1
CHN,2011-06,2011-06-01,2011-06-30,1
CHN,2011-06-04,2011-06-04,2011-06-04,1
CHN,2011-06-08,2011-06-08,2011-06-08,1
CHN,2011-06-19,2011-06-19,2011-06-19,1
CHN,2011-07-03,2011-07-03,2011-07-03,1
CHN,2011-07-05,2011-07-05,2011-07-05,1
CHN,2011-07-11,2011-07-11,2011-07-11,2
CHN,2011-07-23,2011-07-23,2011-07-23,1
CHN,2011-08-01,2011-08-01,2011-08-01,1
CHN,2011-08-04,2011-08-04,2011-08-04,1
CHN,2011-08-11,2011-08-11,2011-08-11,1
CHN,2011-08-22,2011-08-22,2011-08-22,1
CHN,2011-08-23,2011-08-23,2011-08-23,2
CHN,2011-08-28,2011-08-28,2011-08-28,1
CHN,2011-09-01,2011-09-01,2011-09-01,1
CHN,2011-09-03,2011-09-03,2011-09-03,1
CHN,2011-09-09,2011-09-09,2011-09-09,1
CHN,2011-09-18,2011-09-18,2011-09-18,1
CHN,2011-09-27,2011-09-27,2011-09-27,1
CHN,2011-09-29,2011-09-29,2011-09-29,1
CHN,2011-10-04,2011-10-04,2011-10-04,1
CHN,2011-10-06,2011-10-06,2011-10-06,1
CHN,2011-10-07,2011-10-07,2011-10-07,1
CHN,2011-10-16,2011-10-16,2011-10-16,1
CHN,2011-10-17,2011-10-17,2011-10-17,1
CHN,2011-10-28,2011-10-28,2011-10-28,1
CHN,2011-10-29,2011-10-29,2011-10-29,1
CHN,2011-10-30,2011-10-30,2011-10-30,1
CHN,2011-11-01,2011-11-01,2011-11-01,2
CHN,2011-11-04,2011-11-04,2011-11-04,1
CHN,2011-11-10,2011-11-10,2011-11-10,1
CHN,2011-11-16,2011-11-16,2011-11-16,1
CHN,2011-11-18,2011-11-18,2011-11-18,1
CHN,2011-11-19,2011-11-19,2011-11-19,1
CHN,2012-02-03,2012-02-03,2012-02-03,1
CHN,2012-02-07,2012-02-07,2012-02-07,1
CHN,2012-02-16,2012-02-16,2012-02-16,1
CHN,2012-02-28,2012-02-28,2012-02-28,1
CHN,2012-03-09,2012-03-09,2012-03-09,1
CHN,2012-04-05,2012-04-05,2012-04-05,1
CHN,2012-04-13,2012-04-13,2012-04-13,1
CHN,2012-04-14,2012-04-14,2012-04-14,1
CHN,2012-04-20,2012-04-20,2012-04-20,1
CHN,2012-04-28,2012-04-28,2012-04-28,1
CHN,2012-05-02,2012-05-02,2012-05-02,1
CHN,2012-05-08,2012-05-08,2012-05-08,1
CHN,2012-05-19,2012-05-19,2012-05-19,1
CHN,2012-05-20,2012-05-20,2012-05-20,1
CHN,2012-06-22,2012-06-22,2012-06-22,1
CHN,2012-06-24,2012-06-24,2012-06-24,1
CHN,2012-06-29,2012-06-29,2012-06-29,1
CHN,2012-07,2012-07-01,2012-07-31,1
CHN,2012-07-09,2012-07-09,2012-07-09,1
CHN,2012-07-11,2012-07-11,2012-07-11,1
CHN,2012-07-20,2012-07-20,2012-07-20,1
CHN,2012-07-21,2012-07-21,2012-07-21,1
CHN,2012-07-24,2012-07-24,2012-07-24,1
CHN,2012-07-27,2012-07-27,2012-07-27,1
CHN,2012-08-02,2012-08-02,2012-08-02,1
CHN,2012-08-08,2012-08-08,2012-08-08,2
CHN,2012-08-14,2012-08-14,2012-08-14,1
CHN,2012-08-17,2012-08-17,2012-08-17,1
CHN,2012-08-26,2012-08-26,2012-08-26,1
CHN,2012-08-28,2012-08-28,2012-08-28,1
CHN,2012-08-30,2012-08-30,2012-08-30,1
CHN,2012-09-07,2012-09-07,2012-09-07,2
CHN,2012-09-08,2012-09-08,2012-09-08,1
CHN,2012-09-13,2012-09-13,2012-09-13,1
CHN,2012-09-25,2012-09-25,2012-09-25,1
CHN,2012-10-05,2012-10-05,2012-10-05,1
CHN,2012-10-28,2012-10-28,2012-10-28,1
CHN,2012-11-24,2012-11-24,2012-11-24,1
CHN,2012-11-26,2012-11-26,2012-11-26,1
CHN,2012-12-04,2012-12-04,2012-12-04,1
CHN,2012-12-07,2012-12-07,2012-12-07,1
CHN,2013-01,2013-01-01,2013-01-31,1
CHN,2013-01-11,2013-01-11,2013-01-11,1
CHN,2013-02-01,2013-02-01,2013-02-01,1
CHN,2013-02-18,2013-02-18,2013-02-18,1
CHN,2013-03-03,2013-03-03,2013-03-03,1
CHN,2013-03-13,2013-03-13,2013-03-13,1
CHN,2013-03-18,2013-03-18,2013-03-18,1
CHN,2013-03-29,2013-03-29,2013-03-29,3
CHN,2013-04-17,2013-04-17,2013-04-17,1
CHN,2013-04-20,2013-04-20,2013-04-20,1
CHN,2013-04-22,2013-04-22,2013-04-22,1
CHN,2013-04-28,2013-04-28,2013-04-28,1
CHN,2013-05-06,2013-05-06,2013-05-06,1
CHN,2013-05-11,2013-05-11,2013-05-11,1
CHN,2013-05-12,2013-05-12,2013-05-12,1
CHN,2013-05-19,2013-05-19,2013-05-19,1
CHN,2013-05-24,2013-05-24,2013-05-24,1
CHN,2013-06-03,2013-06-03,2013-06-03,1
CHN,2013-06-05,2013-06-05,2013-06-05,1
CHN,2013-06-07,2013-06-07,2013-06-07,1
CHN,2013-06-14,2013-06-14,2013-06-14,1
CHN,2013-06-23,2013-06-23,2013-06-23,1
CHN,2013-06-29,2013-06-29,2013-06-29,1
CHN,2013-07-01,2013-07-01,2013-07-01,2
CHN,2013-07-07,2013-07-07,2013-07-07,1
CHN,2013-07-10,2013-07-10,2013-07-10,1
CHN,2013-07-13,2013-07-13,2013-07-13,1
CHN,2013-07-14,2013-07-14,2013-07-14,1
CHN,2013-07-21,2013-07-21,2013-07-21,1
CHN,2013-07-22,2013-07-22,2013-07-22,1
CHN,2013-07-25,2013-07-25,2013-07-25,1
CHN,2013-08-02,2013-08-02,2013-08-02,1
CHN,2013-08-12,2013-08-12,2013-08-12,1
CHN,2013-08-15,2013-08-15,2013-08-15,1
CHN,2013-08-18,2013-08-18,2013-08-18,1
CHN,2013-08-22,2013-08-22,2013-08-22,1
CHN,2013-08-31,2013-08-31,2013-08-31,2
CHN,2013-09-16,2013-09-16,2013-09-16,1
CHN,2013-09-22,2013-09-22,2013-09-22,1
CHN,2013-09-30,2013-09-30,2013-09-30,1
CHN,2013-10-07,2013-10-07,2013-10-07,1
CHN,2013-11-01,2013-11-01,2013-11-01,1
CHN,2013-11-11,2013-11-11,2013-11-11,1
CHN,2013-11-22,2013-11-22,2013-11-22,2
CHN,2013-12-01,2013-12-01,2013-12-01,1
CHN,2013-12-11,2013-12-11,2013-12-11,1
CHN,2013-12-13,2013-12-13,2013-12-13,1
CHN,2013-12-14,2013-12-14,2013-12-14,1
CHN,2013-12-16,2013-12-16,2013-12-16,1
CHN,2014-01-05,2014-01-05,2014-01-05,1
CHN,2014-01-11,2014-01-11,2014-01-11,1
CHN,2014-01-14,2014-01-14,2014-01-14,1
CHN,2014-02-07,2014-02-07,2014-02-07,1
CHN,2014-02-12,2014-02-12,2014-02-12,1
CHN,2014-03-12,2014-03-12,2014-03-12,1
CHN,2014-03-27,2014-03-27,2014-03-27,1
CHN,2014-04,2014-04-01,2014-04-30,1
CHN,2014-04-04,2014-04-04,2014-04-04,1
CHN,2014-04-07,2014-04-07,2014-04-07,1
CHN,2014-04-08,2014-04-08,2014-04-08,1
CHN,2014-04-16,2014-04-16,2014-04-16,1
CHN,2014-04-22,2014-04-22,2014-04-22,1
CHN,2014-05-12,2014-05-12,2014-05-12,1
CHN,2014-05-24,2014-05-24,2014-05-24,2
CHN,2014-05-30,2014-05-30,2014-05-30,1
CHN,2014-06-01,2014-06-01,2014-06-01,1
CHN,2014-06,2014-06-01,2014-06-30,1
CHN,2014-06-03,2014-06-03,2014-06-03,1
CHN,2014-06-04,2014-06-04,2014-06-04,1
CHN,2014-06-14,2014-06-14,2014-06-14,1
CHN,2014-06-17,2014-06-17,2014-06-17,2
CHN,2014-06-25,2014-06-25,2014-06-25,1
CHN,2014-07-03,2014-07-03,2014-07-03,1
CHN,2014-07-10,2014-07-10,2014-07-10,1
CHN,2014-07-13,2014-07-13,2014-07-13,1
CHN,2014-07-18,2014-07-18,2014-07-18,1
CHN,2014-07-19,2014-07-19,2014-07-19,2
CHN,2014-07-22,2014-07-22,2014-07-22,1
CHN,2014-08,2014-08-01,2014-08-31,1
CHN,2014-08-02,2014-08-02,2014-08-02,1
CHN,2014-08-03,2014-08-03,2014-08-03,1
CHN,2014-08-09,2014-08-09,2014-08-09,1
CHN,2014-08-10,2014-08-10,2014-08-10,1
CHN,2014-08-11,2014-08-11,2014-08-11,1
CHN,2014-08-22,2014-08-22,2014-08-22,1
CHN,2014-08-27,2014-08-27,2014-08-27,1
CHN,2014-09-01,2014-09-01,2014-09-01,1
CHN,2014-09-02,2014-09-02,2014-09-02,1
CHN,2014-09-10,2014-09-10,2014-09-10,2
CHN,2014-09-14,2014-09-14,2014-09-14,1
CHN,2014-09-18,2014-09-18,2014-09-18,1
CHN,2014-10-07,2014-10-07,2014-10-07,1
CHN,2014-11-22,2014-11-22,2014-11-22,1
CHN,2014-11-26,2014-11-26,2014-11-26,1
CHN,2014-12-02,2014-12-02,2014-12-02,1
CHN,2014-12-06,2014-12-06,2014-12-06,1
CHN,2014-12-31,2014-12-31,2014-12-31,1
CHN,2015-01-16,2015-01-16,2015-01-16,1
CHN,2015-02-05,2015-02-05,2015-02-05,1
CHN,2015-02-22,2015-02-22,2015-02-22,1
CHN,2015-03-01,2015-03-01,2015-03-01,1
CHN,2015-03-24,2015-03-24,2015-03-24,1
CHN,2015-03-29,2015-03-29,2015-03-29,1
CHN,2015-04-04,2015-04-04,2015-04-04,2
CHN,2015-04-06,2015-04-06,2015-04-06,1
CHN,2015-04-19,2015-04-19,2015-04-19,2
CHN,2015-04-25,2015-04-25,2015-04-25,1
CHN,2015-05,2015-05-01,2015-05-31,1
CHN,2015-05-07,2015-05-07,2015-05-07,1
CHN,2015-05-12,2015-05-12,2015-05-12,1
CHN,2015-05-13,2015-05-13,2015-05-13,2
CHN,2015-05-15,2015-05-15,2015-05-15,1
CHN,2015-05-25,2015-05-25,2015-05-25,1
CHN,2015-05-28,2015-05-28,2015-05-28,1
CHN,2015-06-01,2015-06-01,2015-06-01,2
CHN,2015-06-07,2015-06-07,2015-06-07,1
CHN,2015-06-16,2015-06-16,2015-06-16,1
CHN,2015-06-21,2015-06-21,2015-06-21,1
CHN,2015-06-22,2015-06-22,2015-06-22,1
CHN,2015-06-26,2015-06-26,2015-06-26,1
CHN,2015-07-03,2015-07-03,2015-07-03,1
CHN,2015-07-04,2015-07-04,2015-07-04,1
CHN,2015-07-09,2015-07-09,2015-07-09,1
CHN,2015-07-11,2015-07-11,2015-07-11,1
CHN,2015-07-13,2015-07-13,2015-07-13,1
CHN,2015-07-20,2015-07-20,2015-07-20,1
CHN,2015-08-02,2015-08-02,2015-08-02,1
CHN,2015-08-09,2015-08-09,2015-08-09,1
CHN,2015-08-10,2015-08-10,2015-08-10,1
CHN,2015-08-12,2015-08-12,2015-08-12,2
CHN,2015-08-16,2015-08-16,2015-08-16,1
CHN,2015-09-15,2015-09-15,2015-09-15,1
CHN,2015-09-16,2015-09-16,2015-09-16,1
CHN,2015-09-20,2015-09-20,2015-09-20,1
CHN,2015-09-25,2015-09-25,2015-09-25,1
CHN,2015-09-28,2015-09-28,2015-09-28,1
CHN,2015-10-04,2015-10-04,2015-10-04,1
CHN,2015-10-06,2015-10-06,2015-10-06,1
CHN,2015-10-10,2015-10-10,2015-10-10,2
CHN,2015-11-10,2015-11-10,2015-11-10,1
CHN,2015-11-13,2015-11-13,2015-11-13,1
CHN,2015-11-21,2015-11-21,2015-11-21,1
CHN,2015-11-22,2015-11-22,2015-11-22,1
CHN,2015-12-20,2015-12-20,2015-12-20,1
CHN,2016-01-20,2016-01-20,2016-01-20,1
CHN,2016-01-26,2016-01-26,2016-01-26,1
CHN,2016-03-19,2016-03-19,2016-03-19,1
CHN,2016-03-23,2016-03-23,2016-03-23,1
CHN,2016-04-13,2016-04-13,2016-04-13,1
CHN,2016-04-20,2016-04-20,2016-04-20,1
CHN,2016-04-24,2016-04-24,2016-04-24,1
CHN,2016-05-04,2016-05-04,2016-05-04,1
CHN,2016-05-18,2016-05-18,2016-05-18,2
CHN,2016-05-21,2016-05-21,2016-05-21,1
CHN,2016-06,2016-06-01,2016-06-30,1
CHN,2016-06-02,2016-06-02,2016-06-02,1
CHN,2016-06-09,2016-06-09,2016-06-09,1
CHN,2016-06-16,2016-06-16,2016-06-16,1
CHN,2016-06-18,2016-06-18,2016-06-18,1
CHN,2016-06-23,2016-06-23,2016-06-23,1
CHN,2016-06-24,2016-06-24,2016-06-24,1
CHN,2016-06-26,2016-06-26,2016-06-26,1
CHN,2016-06-28,2016-06-28,2016-06-28,2
CHN,2016-07-01,2016-07-01,2016-07-01,1
CHN,2016-07-07,2016-07-07,2016-07-07,1
CHN,2016-07-09,2016-07-09,2016-07-09,1
CHN,2016-07-18,2016-07-18,2016-07-18,1
CHN,2016-08-02,2016-08-02,2016-08-02,1
CHN,2016-08-04,2016-08-04,2016-08-04,1
CHN,2016-08-05,2016-08-05,2016-08-05,1
CHN,2016-08-11,2016-08-11,2016-08-11,1
CHN,2016-08-18,2016-08-18,2016-08-18,1
CHN,2016-09-08,2016-09-08,2016-09-08,1
CHN,2016-09-15,2016-09-15,2016-09-15,1
CHN,2016-09-18,2016-09-18,2016-09-18,1
CHN,2016-09-27,2016-09-27,2016-09-27,1
CHN,2016-09-28,2016-09-28,2016-09-28,1
CHN,2016-10-10,2016-10-10,2016-10-10,1
CHN,2016-10-16,2016-10-16,2016-10-16,1
CHN,2016-10-19,2016-10-19,2016-10-19,1
CHN,2016-10-24,2016-10-24,2016-10-24,1
CHN,2016-10-31,2016-10-31,2016-10-31,1
CHN,2016-11-22,2016-11-22,2016-11-22,1
CHN,2016-11-24,2016-11-24,2016-11-24,1
CHN,2016-11-25,2016-11-25,2016-11-25,1
CHN,2016-11-29,2016-11-29,2016-11-29,2
CHN,2016-12-02,2016-12-02,2016-12-02,1
CHN,2016-12-03,2016-12-03,2016-12-03,1
CHN,2016-12-08,2016-12-08,2016-12-08,1
CHN,2017-01-20,2017-01-20,2017-01-20,1
CHN,2017-02-05,2017-02-05,2017-02-05,1
CHN,2017-03-01,2017-03-01,2017-03-01,1
CHN,2017-03-09,2017-03-09,2017-03-09,1
CHN,2017-03-26,2017-03-26,2017-03-26,1
CHN,2017-04,2017-04-01,2017-04-30,1
CHN,2017-04-15,2017-04-15,2017-04-15,1
CHN,2017-04-26,2017-04-26,2017-04-26,1
CHN,2017-05,2017-05-01,2017-05-31,1
CHN,2017-05-09,2017-05-09,2017-05-09,1
CHN,2017-05-11,2017-05-11,2017-05-11,1
CHN,2017-05-20,2017-05-20,2017-05-20,1
CHN,2017-05-31,2017-05-31,2017-05-31,1
CHN,2017-06-08,2017-06-08,2017-06-08,1
CHN,2017-06-15,2017-06-15,2017-06-15,1
CHN,2017-06-22,2017-06-22,2017-06-22,1
CHN,2017-06-23,2017-06-23,2017-06-23,1
CHN,2017-07-06,2017-07-06,2017-07-06,1
CHN,2017-07-08,2017-07-08,2017-07-08,1
CHN,2017-07-13,2017-07-13,2017-07-13,1
CHN,2017-07-14,2017-07-14,2017-07-14,1
CHN,2017-07-16,2017-07-16,2017-07-16,1
CHN,2017-07-17,2017-07-17,2017-07-17,1
CHN,2017-08-03,2017-08-03,2017-08-03,1
CHN,2017-08-07,2017-08-07,2017-08-07,1
CHN,2017-08-08,2017-08-08,2017-08-08,2
CHN,2017-08-10,2017-08-10,2017-08-10,1
CHN,2017-08-11,2017-08-11,2017-08-11,1
CHN,2017-08-24,2017-08-24,2017-08-24,1
CHN,2017-08-27,2017-08-27,2017-08-27,1
CHN,2017-08-28,2017-08-28,2017-08-28,1
CHN,2017-09-24,2017-09-24,2017-09-24,1
CHN,2017-10-01,2017-10-01,2017-10-01,1
CHN,2017-11-15,2017-11-15,2017-11-15,1
CHN,2017-11-18,2017-11-18,2017-11-18,1
CHN,2017-11-19,2017-11-19,2017-11-19,1
CHN,2017-12-01,2017-12-01,2017-12-01,1
CHN,2018-01-02,2018-01-02,2018-01-02,1
CHN,2018-01-06,2018-01-06,2018-01-06,1
CHN,2018-01-24,2018-01-24,2018-01-24,1
CHN,2018-03-03,2018-03-03,2018-03-03,1
CHN,2018-04-21,2018-04-21,2018-04-21,1
CHN,2018-05-05,2018-05-05,2018-05-05,1
CHN,2018-05-07,2018-05-07,2018-05-07,3
CHN,2018-05-28,2018-05-28,2018-05-28,1
CHN,2018-06-05,2018-06-05,2018-06-05,1
CHN,2018-06-28,2018-06-28,2018-06-28,1
CHN,2018-07-07,2018-07-07,2018-07-07,1
CHN,2018-07-10,2018-07-10,2018-07-10,2
CHN,2018-07-12,2018-07-12,2018-07-12,1
CHN,2018-07-19,2018-07-19,2018-07-19,1
CHN,2018-07-22,2018-07-22,2018-07-22,1
CHN,2018-08-12,2018-08-12,2018-08-12,1
CHN,2018-08-13,2018-08-13,2018-08-13,1
CHN,2018-08-15,2018-08-15,2018-08-15,2
CHN,2018-08-22,2018-08-22,2018-08-22,1
CHN,2018-08-25,2018-08-25,2018-08-25,1
CHN,2018-08-29,2018-08-29,2018-08-29,1
CHN,2018-09-10,2018-09-10,2018-09-10,1
CHN,2018-10-20,2018-10-20,2018-10-20,1
CHN,2018-10-28,2018-10-28,2018-10-28,1
CHN,2018-11-28,2018-11-28,2018-11-28,1
CHN,2018-12-27,2018-12-27,2018-12-27,1
CHN,2019-01-02,2019-01-02,2019-01-02,1
CHN,2019-01-12,2019-01-12,2019-01-12,1
CHN,2019-02-23,2019-02-23,2019-02-23,1
CHN,2019-02-25,2019-02-25,2019-02-25,1
CHN,2019-03-21,2019-03-21,2019-03-21,1
CHN,2019-03-22,2019-03-22,2019-03-22,1
CHN,2019-04-01,2019-04-01,2019-04-01,1
CHN,2019-04-11,2019-04-11,2019-04-11,1
CHN,2019-04-15,2019-04-15,2019-04-15,1
CHN,2019-05-16,2019-05-16,2019-05-16,1
CHN,2019-05-25,2019-05-25,2019-05-25,1
CHN,2019-06-13,2019-06-13,2019-06-13,1
CHN,2019-06-17,2019-06-17,2019-06-17,1
CHN,2019-07-03,2019-07-03,2019-07-03,1
CHN,2019-07-15,2019-07-15,2019-07-15,1
CHN,2019-07-19,2019-07-19,2019-07-19,1
CHN,2019-07-23,2019-07-23,2019-07-23,1
CHN,2019-07-29,2019-07-29,2019-07-29,1
CHN,2019-08-04,2019-08-04,2019-08-04,1
CHN,2019-08-10,2019-08-10,2019-08-10,1
CHN,2019-08-19,2019-08-19,2019-08-19,1
CHN,2019-09-05,2019-09-05,2019-09-05,1
CHN,2019-09-08,2019-09-08,2019-09-08,1
CHN,2019-09-28,2019-09-28,2019-09-28,1
CHN,2019-09-29,2019-09-29,2019-09-29,1
CHN,2019-10-02,2019-10-02,2019-10-02,1
CHN,2019-10-15,2019-10-15,2019-10-15,1
CHN,2019-11-18,2019-11-18,2019-11-18,1
CHN,2020-03-07,2020-03-07,2020-03-07,1
CHN,2020-03-30,2020-03-30,2020-03-30,2
CHN,2020-05-01,2020-05-01,2020-05-01,1
CHN,2020-05-18,2020-05-18,2020-05-18,1
CHN,2020-05-21,2020-05-21,2020-05-21,1
CHN,2020-06-13,2020-06-13,2020-06-13,1
CHN,2020-06-17,2020-06-17,2020-06-17,1
CHN,2020-06-22,2020-06-22,2020-06-22,1
CHN,2020-06-30,2020-06-30,2020-06-30,1
CHN,2020-08,2020-08-01,2020-08-31,1
CHN,2020-08-05,2020-08-05,2020-08-05,1
CHN,2020-08-10,2020-08-10,2020-08-10,1
CHN,2020-09-27,2020-09-27,2020-09-27,1
CHN,2020-10-13,2020-10-13,2020-10-13,1
CHN,2020-11-11,2020-11-11,2020-11-11,1
CHN,2020-12-04,2020-12-04,2020-12-04,1
CHN,2021-01-01,2021-01-01,2021-01-01,1
CHN,2021-03-14,2021-03-14,2021-03-14,1
CHN,2021-03-24,2021-03-24,2021-03-24,1
CHN,2021-04-04,2021-04-04,2021-04-04,1
CHN,2021-04-10,2021-04-10,2021-04-10,1
CHN,2021-04-30,2021-04-30,2021-04-30,1
CHN,2021-05-13,2021-05-13,2021-05-13,1
CHN,2021-05-21,2021-05-21,2021-05-21,1
CHN,2021-05-22,2021-05-22,2021-05-22,1
CHN,2021-06-01,2021-06-01,2021-06-01,1
CHN,2021-06-10,2021-06-10,2021-06-10,1
CHN,2021-06-13,2021-06-13,2021-06-13,1
CHN,2021-06-25,2021-06-25,2021-06-25,1
CHN,2021-06-28,2021-06-28,2021-06-28,1
CHN,2021-07-12,2021-07-12,2021-07-12,1
CHN,2021-07-21,2021-07-21,2021-07-21,1
CHN,2021-07-24,2021-07-24,2021-07-24,1
CHN,2021-08-12,2021-08-12,2021-08-12,1
CHN,2021-08-14,2021-08-14,2021-08-14,1
CHN,2021-09-16,2021-09-16,2021-09-16,1
CHN,2021-10-02,2021-10-02,2021-10-02,2
CHN,2021-11-05,2021-11-05,2021-11-05,1
CHN,2021-12-24,2021-12-24,2021-12-24,1
CHN,2022-01,2022-01-01,2022-01-31,1
CHN,2022-01-02,2022-01-02,2022-01-02,1
CHN,2022-01-03,2022-01-03,2022-01-03,1
CHN,2022-01-07,2022-01-07,2022-01-07,1
CHN,2022-01-08,2022-01-08,2022-01-08,1
CHN,2022-03-21,2022-03-21,2022-03-21,1
CHN,2022-04-29,2022-04-29,2022-04-29,1
CHN,2022-05-09,2022-05-09,2022-05-09,1
CHN,2022-06-01,2022-06-01,2022-06-01,1
CHN,2022-06-10,2022-06-10,2022-06-10,1
CHN,2022-07-01,2022-07-01,2022-07-01,1
CHN,2022-07-23,2022-07-23,2022-07-23,1
CHN,2022-07-25,2022-07-25,2022-07-25,1
CHN,2022-08-10,2022-08-10,2022-08-10,1
CHN,2022-08-17,2022-08-17,2022-08-17,1
CHN,2022-09-05,2022-09-05,2022-09-05,1
CHN,2022-09-28,2022-09-28,2022-09-28,1
CHN,2022-11-22,2022-11-22,2022-11-22,1
CHN,2022-11-24,2022-11-24,2022-11-24,1
CHN,2023-01-01,2023-01-01,2023-01-01,1
CHN,2023-01-08,2023-01-08,2023-01-08,1
CHN,2023-01-17,2023-01-17,2023-01-17,1
CHN,2023-02-04,2023-02-04,2023-02-04,1
CHN,2023-02-22,2023-02-22,2023-02-22,1
CHN,2023-04-18,2023-04-18,2023-04-18,1
CHN,2023-05-01,2023-05-01,2023-05-01,1
CHN,2023-05-02,2023-05-02,2023-05-02,1
CHN,2023-05-05,2023-05-05,2023-05-05,1
CHN,2023-06-01,2023-06-01,2023-06-01,1
CHN,2023-06-22,2023-06-22,2023-06-22,1
CHN,2023-06-27,2023-06-27,2023-06-27,1
CHN,2023-07-02,2023-07-02,2023-07-02,1
CHN,2023-07-27,2023-07-27,2023-07-27,1
CHN,2023-08-01,2023-08-01,2023-08-01,1
CHN,2023-08,2023-08-01,2023-08-31,1
CHN,2023-08-05,2023-08-05,2023-08-05,1
CHN,2023-08-11,2023-08-11,2023-08-11,1
CHN,2023-08-13,2023-08-13,2023-08-13,1
CHN,2023-08-21,2023-08-21,2023-08-21,1
CHN,2023-09-03,2023-09-03,2023-09-03,1
CHN,2023-09-07,2023-09-07,2023-09-07,2
CHN,2023-09-24,2023-09-24,2023-09-24,1
CHN,2023-10-06,2023-10-06,2023-10-06,1
CHN,2023-11-16,2023-11-16,2023-11-16,1
CHN,2023-12-14,2023-12-14,2023-12-14,1
CHN,2023-12-19,2023-12-19,2023-12-19,1
CHN,2023-12-21,2023-12-21,2023-12-21,1
CIV,2000-01-30,2000-01-30,2000-01-30,1
CIV,2000-03-29,2000-03-29,2000-03-29,1
CIV,2001-03-23,2001-03-23,2001-03-23,1
CIV,2001-05,2001-05-01,2001-05-31,1
CIV,2001-07-02,2001-07-02,2001-07-02,1
CIV,2002-01,2002-01-01,2002-01-31,2
CIV,2002-12-22,2002-12-22,2002-12-22,1
CIV,2004-08-31,2004-08-31,2004-08-31,1
CIV,2004-12-16,2004-12-16,2004-12-16,1
CIV,2005-01,2005-01-01,2005-01-31,1
CIV,2006-01,2006-01-01,2006-01-31,1
CIV,2006-02-25,2006-02-25,2006-02-25,1
CIV,2006-08-19,2006-08-19,2006-08-19,1
CIV,2007-01,2007-01-01,2007-01-31,1
CIV,2007-07-27,2007-07-27,2007-07-27,1
CIV,2007-08-02,2007-08-02,2007-08-02,1
CIV,2007-12-17,2007-12-17,2007-12-17,1
CIV,2008-01,2008-01-01,2008-01-31,1
CIV,2008-07-03,2008-07-03,2008-07-03,1
CIV,2009-03,2009-03-01,2009-03-31,1
CIV,2009-06-11,2009-06-11,2009-06-11,1
CIV,2010-06-24,2010-06-24,2010-06-24,1
CIV,2010-08,2010-08-01,2010-08-31,1
CIV,2011-08-05,2011-08-05,2011-08-05,1
CIV,2011-08-09,2011-08-09,2011-08-09,1
CIV,2011-12-20,2011-12-20,2011-12-20,1
CIV,2012-03-27,2012-03-27,2012-03-27,1
CIV,2013-01-01,2013-01-01,2013-01-01,1
CIV,2014-06-02,2014-06-02,2014-06-02,1
CIV,2014-06-19,2014-06-19,2014-06-19,1
CIV,2014-11-06,2014-11-06,2014-11-06,1
CIV,2015-06-07,2015-06-07,2015-06-07,1
CIV,2015-09-10,2015-09-10,2015-09-10,1
CIV,2016-09-28,2016-09-28,2016-09-28,1
CIV,2017-04-22,2017-04-22,2017-04-22,1
CIV,2017-06-10,2017-06-10,2017-06-10,1
CIV,2018-06-18,2018-06-18,2018-06-18,1
CIV,2019-10-11,2019-10-11,2019-10-11,1
CIV,2020-06-15,2020-06-15,2020-06-15,1
CIV,2021-07-14,2021-07-14,2021-07-14,1
CIV,2022-06-16,2022-06-16,2022-06-16,1
CIV,2022-08-01,2022-08-01,2022-08-01,1
CIV,2023-03-04,2023-03-04,2023-03-04,1
CMR,2000-01,2000-01-01,2000-01-31,1
CMR,2000-05-17,2000-05-17,2000-05-17,1
CMR,2000-07-07,2000-07-07,2000-07-07,1
CMR,2000-08-03,2000-08-03,2000-08-03,1
CMR,2000-08-27,2000-08-27,2000-08-27,1
CMR,2001-01-01,2001-01-01,2001-01-01,1
CMR,2001-01,2001-01-01,2001-01-31,1
CMR,2001-06-25,2001-06-25,2001-06-25,1
CMR,2001-06-28,2001-06-28,2001-06-28,1
CMR,2003-01-26,2003-01-26,2003-01-26,1
CMR,2003-07-20,2003-07-20,2003-07-20,1
CMR,2003-09-07,2003-09-07,2003-09-07,1
CMR,2003-10-27,2003-10-27,2003-10-27,1
CMR,2003-10-28,2003-10-28,2003-10-28,1
CMR,2004-01-01,2004-01-01,2004-01-01,1
CMR,2005-01-03,2005-01-03,2005-01-03,1
CMR,2005-07-05,2005-07-05,2005-07-05,1
CMR,2005-08-19,2005-08-19,2005-08-19,1
CMR,2005-10,2005-10-01,2005-10-31,1
CMR,2005-10-15,2005-10-15,2005-10-15,1
CMR,2006-03-22,2006-03-22,2006-03-22,1
CMR,2006-05-10,2006-05-10,2006-05-10,1
CMR,2006-06-23,2006-06-23,2006-06-23,1
CMR,2006-07-24,2006-07-24,2006-07-24,1
CMR,2007-02-04,2007-02-04,2007-02-04,1
CMR,2007-05-05,2007-05-05,2007-05-05,1
CMR,2007-05-19,2007-05-19,2007-05-19,1
CMR,2007-06-01,2007-06-01,2007-06-01,1
CMR,2007-08-02,2007-08-02,2007-08-02,1
CMR,2007-11-03,2007-11-03,2007-11-03,1
CMR,2008-04-01,2008-04-01,2008-04-01,1
CMR,2008-07,2008-07-01,2008-07-31,1
CMR,2008-09-18,2008-09-18,2008-09-18,1
CMR,2008-12-07,2008-12-07,2008-12-07,1
CMR,2009-07-28,2009-07-28,2009-07-28,1
CMR,2009-08-29,2009-08-29,2009-08-29,1
CMR,2009-09-15,2009-09-15,2009-09-15,1
CMR,2009-10-22,2009-10-22,2009-10-22,1
CMR,2010-01-24,2010-01-24,2010-01-24,1
CMR,2010-03-07,2010-03-07,2010-03-07,1
CMR,2010-05,2010-05-01,2010-05-31,1
CMR,2010-05-29,2010-05-29,2010-05-29,1
CMR,2010-07-22,2010-07-22,2010-07-22,1
CMR,2010-07-26,2010-07-26,2010-07-26,1
CMR,2011-01,2011-01-01,2011-01-31,1
CMR,2011-02-22,2011-02-22,2011-02-22,1
CMR,2011-08,2011-08-01,2011-08-31,1
CMR,2011-12-04,2011-12-04,2011-12-04,1
CMR,2012-06,2012-06-01,2012-06-30,1
CMR,2012-08-25,2012-08-25,2012-08-25,1
CMR,2012-08-27,2012-08-27,2012-08-27,1
CMR,2013-09-17,2013-09-17,2013-09-17,1
CMR,2014-04-24,2014-04-24,2014-04-24,1
CMR,2014-08-18,2014-08-18,2014-08-18,1
CMR,2014-08-21,2014-08-21,2014-08-21,1
CMR,2015-01-01,2015-01-01,2015-01-01,1
CMR,2015-06-22,2015-06-22,2015-06-22,1
CMR,2016-10-21,2016-10-21,2016-10-21,1
CMR,2017-07-16,2017-07-16,2017-07-16,1
CMR,2017-08-04,2017-08-04,2017-08-04,1
CMR,2017-08-19,2017-08-19,2017-08-19,1
CMR,2018-05-18,2018-05-18,2018-05-18,1
CMR,2019-08-25,2019-08-25,2019-08-25,1
CMR,2019-10-28,2019-10-28,2019-10-28,1
CMR,2020-09-11,2020-09-11,2020-09-11,1
CMR,2020-12-27,2020-12-27,2020-12-27,1
CMR,2021-01-27,2021-01-27,2021-01-27,1
CMR,2021-08-04,2021-08-04,2021-08-04,1
CMR,2021-08-05,2021-08-05,2021-08-05,1
CMR,2021-12-03,2021-12-03,2021-12-03,1
CMR,2022,2022-01-01,2022-12-31,1
CMR,2022-01-22,2022-01-22,2022-01-22,1
CMR,2022-05-11,2022-05-11,2022-05-11,1
CMR,2022-06-26,2022-06-26,2022-06-26,1
CMR,2022-08,2022-08-01,2022-08-31,1
CMR,2022-08-11,2022-08-11,2022-08-11,1
CMR,2022-11-27,2022-11-27,2022-11-27,1
CMR,2023-05-10,2023-05-10,2023-05-10,1
CMR,2023-05-26,2023-05-26,2023-05-26,1
CMR,2023-07-18,2023-07-18,2023-07-18,1
CMR,2023-07-23,2023-07-23,2023-07-23,1
CMR,2023-10-08,2023-10-08,2023-10-08,1
COD,2000-01,2000-01-01,2000-01-31,1
COD,2000-01-15,2000-01-15,2000-01-15,1
COD,2000-04-06,2000-04-06,2000-04-06,1
COD,2000-04-14,2000-04-14,2000-04-14,1
COD,2000-04-19,2000-04-19,2000-04-19,1
COD,2000-08-12,2000-08-12,2000-08-12,1
COD,2001-02,2001-02-01,2001-02-28,1
COD,2001-03-10,2001-03-10,2001-03-10,1
COD,2001-04,2001-04-01,2001-04-30,1
COD,2001-05,2001-05-01,2001-05-31,1
COD,2001-05-03,2001-05-03,2001-05-03,1
COD,2001-05-18,2001-05-18,2001-05-18,1
COD,2001-07,2001-07-01,2001-07-31,1
COD,2001-07-21,2001-07-21,2001-07-21,1
COD,2001-07-26,2001-07-26,2001-07-26,1
COD,2001-08-02,2001-08-02,2001-08-02,1
COD,2001-10-01,2001-10-01,2001-10-01,2
COD,2001-11-01,2001-11-01,2001-11-01,1
COD,2001-11-17,2001-11-17,2001-11-17,1
COD,2001-11-18,2001-11-18,2001-11-18,1
COD,2001-12-14,2001-12-14,2001-12-14,1
COD,2001-12-25,2001-12-25,2001-12-25,1
COD,2002-01,2002-01-01,2002-01-31,1
COD,2002-01-08,2002-01-08,2002-01-08,1
COD,2002-01-17,2002-01-17,2002-01-17,1
COD,2002-01-21,2002-01-21,2002-01-21,1
COD,2002-02,2002-02-01,2002-02-28,1
COD,2002-02-06,2002-02-06,2002-02-06,1
COD,2002-02-12,2002-02-12,2002-02-12,1
COD,2002-07,2002-07-01,2002-07-31,1
COD,2002-08-26,2002-08-26,2002-08-26,1
COD,2002-09-28,2002-09-28,2002-09-28,1
COD,2002-10-01,2002-10-01,2002-10-01,1
COD,2002-10,2002-10-01,2002-10-31,1
COD,2002-10-16,2002-10-16,2002-10-16,1
COD,2002-12,2002-12-01,2002-12-31,2
COD,2002-12-20,2002-12-20,2002-12-20,1
COD,2003-01-12,2003-01-12,2003-01-12,1
COD,2003-02-02,2003-02-02,2003-02-02,1
COD,2003-05-08,2003-05-08,2003-05-08,1
COD,2003-06,2003-06-01,2003-06-30,1
COD,2003-09-17,2003-09-17,2003-09-17,1
COD,2003-10,2003-10-01,2003-10-31,1
COD,2003-10-09,2003-10-09,2003-10-09,1
COD,2003-11-25,2003-11-25,2003-11-25,1
COD,2003-11-26,2003-11-26,2003-11-26,1
COD,2003-11-29,2003-11-29,2003-11-29,1
COD,2003-12-14,2003-12-14,2003-12-14,1
COD,2003-12-24,2003-12-24,2003-12-24,1
COD,2004-01,2004-01-01,2004-01-31,1
COD,2004-02-01,2004-02-01,2004-02-01,1
COD,2004-02,2004-02-01,2004-02-29,1
COD,2004-04-08,2004-04-08,2004-04-08,1
COD,2004-05-31,2004-05-31,2004-05-31,1
COD,2004-06-11,2004-06-11,2004-06-11,1
COD,2004-07-09,2004-07-09,2004-07-09,1
COD,2004-09-27,2004-09-27,2004-09-27,1
COD,2004-10-10,2004-10-10,2004-10-10,1
COD,2004-12-15,2004-12-15,2004-12-15,1
COD,2005-01-01,2005-01-01,2005-01-01,1
COD,2005-01-17,2005-01-17,2005-01-17,2
COD,2005-02-08,2005-02-08,2005-02-08,1
COD,2005-02-21,2005-02-21,2005-02-21,1
COD,2005-03-19,2005-03-19,2005-03-19,1
COD,2005-04-05,2005-04-05,2005-04-05,1
COD,2005-04-10,2005-04-10,2005-04-10,1
COD,2005-04-29,2005-04-29,2005-04-29,1
COD,2005-05-04,2005-05-04,2005-05-04,1
COD,2005-05-25,2005-05-25,2005-05-25,1
COD,2005-05-28,2005-05-28,2005-05-28,1
COD,2005-07-07,2005-07-07,2005-07-07,1
COD,2005-07-29,2005-07-29,2005-07-29,1
COD,2005-09-05,2005-09-05,2005-09-05,1
COD,2005-09-30,2005-09-30,2005-09-30,1
COD,2005-11-07,2005-11-07,2005-11-07,1
COD,2005-11-28,2005-11-28,2005-11-28,1
COD,2005-12-05,2005-12-05,2005-12-05,1
COD,2006-01,2006-01-01,2006-01-31,1
COD,2006-01-06,2006-01-06,2006-01-06,1
COD,2006-02-18,2006-02-18,2006-02-18,1
COD,2006-03-08,2006-03-08,2006-03-08,1
COD,2006-04,2006-04-01,2006-04-30,1
COD,2006-04-08,2006-04-08,2006-04-08,1
COD,2006-04-16,2006-04-16,2006-04-16,1
COD,2006-05-13,2006-05-13,2006-05-13,1
COD,2006-06-06,2006-06-06,2006-06-06,1
COD,2006-07,2006-07-01,2006-07-31,1
COD,2006-07-31,2006-07-31,2006-07-31,1
COD,2006-08-03,2006-08-03,2006-08-03,1
COD,2006-09-04,2006-09-04,2006-09-04,1
COD,2006-09-14,2006-09-14,2006-09-14,1
COD,2006-10,2006-10-01,2006-10-31,1
COD,2006-11-29,2006-11-29,2006-11-29,1
COD,2006-12,2006-12-01,2006-12-31,1
COD,2006-12-30,2006-12-30,2006-12-30,1
COD,2007-01-01,2007-01-01,2007-01-01,1
COD,2007-01-05,2007-01-05,2007-01-05,1
COD,2007-02-13,2007-02-13,2007-02-13,1
COD,2007-05-20,2007-05-20,2007-05-20,1
COD,2007-06,2007-06-01,2007-06-30,1
COD,2007-07-05,2007-07-05,2007-07-05,1
COD,2007-08-01,2007-08-01,2007-08-01,1
COD,2007-08-26,2007-08-26,2007-08-26,1
COD,2007-10-04,2007-10-04,2007-10-04,1
COD,2007-10-13,2007-10-13,2007-10-13,1
COD,2007-10-25,2007-10-25,2007-10-25,1
COD,2007-12-09,2007-12-09,2007-12-09,1
COD,2007-12-18,2007-12-18,2007-12-18,1
COD,2008-01,2008-01-01,2008-01-31,1
COD,2008-01-30,2008-01-30,2008-01-30,1
COD,2008-02-03,2008-02-03,2008-02-03,1
COD,2008-03-26,2008-03-26,2008-03-26,1
COD,2008-04-02,2008-04-02,2008-04-02,1
COD,2008-04-03,2008-04-03,2008-04-03,1
COD,2008-04-15,2008-04-15,2008-04-15,1
COD,2008-05-15,2008-05-15,2008-05-15,1
COD,2008-05-19,2008-05-19,2008-05-19,1
COD,2008-06-12,2008-06-12,2008-06-12,1
COD,2008-07-22,2008-07-22,2008-07-22,1
COD,2008-09-01,2008-09-01,2008-09-01,1
COD,2008-10-03,2008-10-03,2008-10-03,1
COD,2008-11-16,2008-11-16,2008-11-16,1
COD,2008-11-28,2008-11-28,2008-11-28,1
COD,2009-01-01,2009-01-01,2009-01-01,2
COD,2009-05-15,2009-05-15,2009-05-15,1
COD,2009-06-10,2009-06-10,2009-06-10,1
COD,2009-07-12,2009-07-12,2009-07-12,1
COD,2009-08-09,2009-08-09,2009-08-09,1
COD,2009-08-19,2009-08-19,2009-08-19,1
COD,2009-09-13,2009-09-13,2009-09-13,1
COD,2009-09-28,2009-09-28,2009-09-28,1
COD,2009-10,2009-10-01,2009-10-31,1
COD,2009-10-09,2009-10-09,2009-10-09,1
COD,2009-10-29,2009-10-29,2009-10-29,1
COD,2009-11-16,2009-11-16,2009-11-16,1
COD,2009-11-25,2009-11-25,2009-11-25,1
COD,2009-12,2009-12-01,2009-12-31,1
COD,2010-01,2010-01-01,2010-01-31,2
COD,2010-03-17,2010-03-17,2010-03-17,1
COD,2010-05-16,2010-05-16,2010-05-16,1
COD,2010-06-17,2010-06-17,2010-06-17,1
COD,2010-07-02,2010-07-02,2010-07-02,1
COD,2010-07-18,2010-07-18,2010-07-18,1
COD,2010-07-26,2010-07-26,2010-07-26,1
COD,2010-07-28,2010-07-28,2010-07-28,1
COD,2010-08-06,2010-08-06,2010-08-06,1
COD,2010-08-11,2010-08-11,2010-08-11,1
COD,2010-08-25,2010-08-25,2010-08-25,1
COD,2010-09-05,2010-09-05,2010-09-05,1
COD,2010-11-08,2010-11-08,2010-11-08,1
COD,2011-01,2011-01-01,2011-01-31,1
COD,2011-01-03,2011-01-03,2011-01-03,1
COD,2011-02-02,2011-02-02,2011-02-02,1
COD,2011-03-21,2011-03-21,2011-03-21,1
COD,2011-04-01,2011-04-01,2011-04-01,1
COD,2011-04-04,2011-04-04,2011-04-04,1
COD,2011-04-19,2011-04-19,2011-04-19,1
COD,2011-04-24,2011-04-24,2011-04-24,1
COD,2011-05-02,2011-05-02,2011-05-02,1
COD,2011-05-09,2011-05-09,2011-05-09,1
COD,2011-06-24,2011-06-24,2011-06-24,1
COD,2011-07-08,2011-07-08,2011-07-08,1
COD,2011-07-26,2011-07-26,2011-07-26,1
COD,2011-10-30,2011-10-30,2011-10-30,1
COD,2011-12,2011-12-01,2011-12-31,2
COD,2012-01-01,2012-01-01,2012-01-01,1
COD,2012-01-15,2012-01-15,2012-01-15,1
COD,2012-03,2012-03-01,2012-03-31,1
COD,2012-07,2012-07-01,2012-07-31,1
COD,2012-08-17,2012-08-17,2012-08-17,1
COD,2012-12-21,2012-12-21,2012-12-21,1
COD,2013-05-04,2013-05-04,2013-05-04,1
COD,2014-01-18,2014-01-18,2014-01-18,1
COD,2014-01-24,2014-01-24,2014-01-24,1
COD,2014-04-22,2014-04-22,2014-04-22,1
COD,2014-04-25,2014-04-25,2014-04-25,1
COD,2014-05-05,2014-05-05,2014-05-05,1
COD,2014-06-17,2014-06-17,2014-06-17,1
COD,2014-06-21,2014-06-21,2014-06-21,1
COD,2014-08-11,2014-08-11,2014-08-11,1
COD,2014-08-20,2014-08-20,2014-08-20,1
COD,2014-10-25,2014-10-25,2014-10-25,1
COD,2014-12-14,2014-12-14,2014-12-14,1
COD,2014-12-22,2014-12-22,2014-12-22,1
COD,2014-12-26,2014-12-26,2014-12-26,1
COD,2015-02-12,2015-02-12,2015-02-12,1
COD,2015-08-06,2015-08-06,2015-08-06,1
COD,2015-08-17,2015-08-17,2015-08-17,1
COD,2015-08-24,2015-08-24,2015-08-24,1
COD,2015-11-07,2015-11-07,2015-11-07,1
COD,2015-11-19,2015-11-19,2015-11-19,1
COD,2015-11-30,2015-11-30,2015-11-30,1
COD,2015-12-11,2015-12-11,2015-12-11,1
COD,2016-01,2016-01-01,2016-01-31,1
COD,2016,2016-01-01,2016-12-31,1
COD,2016-05-20,2016-05-20,2016-05-20,1
COD,2016-11-09,2016-11-09,2016-11-09,1
COD,2016-12-18,2016-12-18,2016-12-18,1
COD,2016-12-27,2016-12-27,2016-12-27,1
COD,2017-07-13,2017-07-13,2017-07-13,1
COD,2017-08-16,2017-08-16,2017-08-16,1
COD,2017-09-19,2017-09-19,2017-09-19,1
COD,2017-09-30,2017-09-30,2017-09-30,1
COD,2017-11-09,2017-11-09,2017-11-09,1
COD,2017-11-13,2017-11-13,2017-11-13,1
COD,2017-11-15,2017-11-15,2017-11-15,1
COD,2017-11-25,2017-11-25,2017-11-25,1
COD,2017-12-15,2017-12-15,2017-12-15,1
COD,2018-01-03,2018-01-03,2018-01-03,1
COD,2018-02-26,2018-02-26,2018-02-26,1
COD,2018-05-08,2018-05-08,2018-05-08,1
COD,2018-05-23,2018-05-23,2018-05-23,1
COD,2018-07-24,2018-07-24,2018-07-24,1
COD,2018-08-01,2018-08-01,2018-08-01,1
COD,2018-08-18,2018-08-18,2018-08-18,1
COD,2018-08-22,2018-08-22,2018-08-22,1
COD,2018-09-17,2018-09-17,2018-09-17,1
COD,2018-10-06,2018-10-06,2018-10-06,1
COD,2018-10-18,2018-10-18,2018-10-18,1
COD,2018-11-09,2018-11-09,2018-11-09,1
COD,2018-12-24,2018-12-24,2018-12-24,1
COD,2019-01,2019-01-01,2019-01-31,2
COD,2019-03-17,2019-03-17,2019-03-17,1
COD,2019-03-26,2019-03-26,2019-03-26,1
COD,2019-04-26,2019-04-26,2019-04-26,1
COD,2019-04-27,2019-04-27,2019-04-27,1
COD,2019-05-25,2019-05-25,2019-05-25,1
COD,2019-06-30,2019-06-30,2019-06-30,2
COD,2019-08,2019-08-01,2019-08-31,1
COD,2019-08-10,2019-08-10,2019-08-10,1
COD,2019-08-15,2019-08-15,2019-08-15,1
COD,2019-09-20,2019-09-20,2019-09-20,1
COD,2019-10-02,2019-10-02,2019-10-02,1
COD,2019-10-19,2019-10-19,2019-10-19,1
COD,2019-11-01,2019-11-01,2019-11-01,1
COD,2019-11-19,2019-11-19,2019-11-19,1
COD,2019-11-24,2019-11-24,2019-11-24,1
COD,2019-12-13,2019-12-13,2019-12-13,1
COD,2019-12-23,2019-12-23,2019-12-23,1
COD,2020-01-20,2020-01-20,2020-01-20,1
COD,2020-02-16,2020-02-16,2020-02-16,1
COD,2020-03-14,2020-03-14,2020-03-14,1
COD,2020-03-17,2020-03-17,2020-03-17,1
COD,2020-04-13,2020-04-13,2020-04-13,1
COD,2020-04-16,2020-04-16,2020-04-16,1
COD,2020-04-23,2020-04-23,2020-04-23,1
COD,2020-05-05,2020-05-05,2020-05-05,1
COD,2020-06-01,2020-06-01,2020-06-01,2
COD,2020-06-07,2020-06-07,2020-06-07,1
COD,2020-09-11,2020-09-11,2020-09-11,1
COD,2020-10-01,2020-10-01,2020-10-01,1
COD,2020-10-12,2020-10-12,2020-10-12,1
COD,2020-12-02,2020-12-02,2020-12-02,1
COD,2021-02-14,2021-02-14,2021-02-14,1
COD,2021-03-19,2021-03-19,2021-03-19,1
COD,2021-05-22,2021-05-22,2021-05-22,2
COD,2021-06-01,2021-06-01,2021-06-01,1
COD,2021-07,2021-07-01,2021-07-31,1
COD,2021-07-31,2021-07-31,2021-07-31,2
COD,2021-09-07,2021-09-07,2021-09-07,1
COD,2021-10-04,2021-10-04,2021-10-04,1
COD,2021-10-17,2021-10-17,2021-10-17,1
COD,2021-11-12,2021-11-12,2021-11-12,1
COD,2022,2022-01-01,2022-12-31,1
COD,2022-02-02,2022-02-02,2022-02-02,1
COD,2022-03-10,2022-03-10,2022-03-10,1
COD,2022-04-04,2022-04-04,2022-04-04,1
COD,2022-04-23,2022-04-23,2022-04-23,2
COD,2022-10-29,2022-10-29,2022-10-29,1
COD,2022-11-13,2022-11-13,2022-11-13,1
COD,2022-11-17,2022-11-17,2022-11-17,1
COD,2022-12-12,2022-12-12,2022-12-12,1
COD,2022-12-23,2022-12-23,2022-12-23,1
COD,2022-12-30,2022-12-30,2022-12-30,1
COD,2023,2023-01-01,2023-12-31,1
COD,2023-04-02,2023-04-02,2023-04-02,1
COD,2023-05-02,2023-05-02,2023-05-02,1
COD,2023-09-17,2023-09-17,2023-09-17,1
COD,2023-11-13,2023-11-13,2023-11-13,1
COD,2023-12-10,2023-12-10,2023-12-10,1
COD,2023-12-25,2023-12-25,2023-12-25,1
COD,2023-12-26,2023-12-26,2023-12-26,1
COG,2000-01,2000-01-01,2000-01-31,1
COG,2000-04-12,2000-04-12,2000-04-12,1
COG,2001-01-11,2001-01-11,2001-01-11,1
COG,2001-11,2001-11-01,2001-11-30,1
COG,2002-11-10,2002-11-10,2002-11-10,1
COG,2002-12-31,2002-12-31,2002-12-31,1
COG,2003-10-12,2003-10-12,2003-10-12,1
COG,2004-03-22,2004-03-22,2004-03-22,1
COG,2004-12-21,2004-12-21,2004-12-21,1
COG,2005-04-25,2005-04-25,2005-04-25,1
COG,2005-09-09,2005-09-09,2005-09-09,1
COG,2005-12-24,2005-12-24,2005-12-24,1
COG,2006-11-04,2006-11-04,2006-11-04,1
COG,2006-12-04,2006-12-04,2006-12-04,1
COG,2007-07-17,2007-07-17,2007-07-17,1
COG,2007-10-26,2007-10-26,2007-10-26,1
COG,2008-02,2008-02-01,2008-02-29,1
COG,2008-06-05,2008-06-05,2008-06-05,1
COG,2010-06-23,2010-06-23,2010-06-23,1
COG,2010-10-17,2010-10-17,2010-10-17,1
COG,2011-05,2011-05-01,2011-05-31,1
COG,2011-06,2011-06-01,2011-06-30,1
COG,2011-06-14,2011-06-14,2011-06-14,1
COG,2012-03-04,2012-03-04,2012-03-04,1
COG,2012-11-17,2012-11-17,2012-11-17,1
COG,2012-11-30,2012-11-30,2012-11-30,1
COG,2012-12-08,2012-12-08,2012-12-08,1
COG,2013-04,2013-04-01,2013-04-30,1
COG,2018-07-18,2018-07-18,2018-07-18,1
COG,2019-01,2019-01-01,2019-01-31,3
COG,2019-02-20,2019-02-20,2019-02-20,1
COG,2019-11-20,2019-11-20,2019-11-20,1
COG,2019-12,2019-12-01,2019-12-31,1
COG,2020-03-30,2020-03-30,2020-03-30,1
COG,2020-11-02,2020-11-02,2020-11-02,1
COG,2021-01-08,2021-01-08,2021-01-08,1
COG,2021-11-29,2021-11-29,2021-11-29,1
COG,2022-09,2022-09-01,2022-09-30,1
COG,2022-09-26,2022-09-26,2022-09-26,1
COG,2023-07-17,2023-07-17,2023-07-17,1
COG,2023-11-20,2023-11-20,2023-11-20,1
COG,2023-12-07,2023-12-07,2023-12-07,1
COK,2001-12-02,2001-12-02,2001-12-02,1
COK,2005-02-28,2005-02-28,2005-02-28,1
COK,2009-05,2009-05-01,2009-05-31,1
COK,2010-02-11,2010-02-11,2010-02-11,1
COL,2000-02,2000-02-01,2000-02-29,1
COL,2000-05-18,2000-05-18,2000-05-18,1
COL,2000-07-09,2000-07-09,2000-07-09,1
COL,2000-09-20,2000-09-20,2000-09-20,1
COL,2000-10-15,2000-10-15,2000-10-15,1
COL,2000-11-08,2000-11-08,2000-11-08,1
COL,2001-04-09,2001-04-09,2001-04-09,1
COL,2001-04-26,2001-04-26,2001-04-26,1
COL,2001-06-01,2001-06-01,2001-06-01,1
COL,2001-06-05,2001-06-05,2001-06-05,1
COL,2001-08,2001-08-01,2001-08-31,1
COL,2001-08-12,2001-08-12,2001-08-12,1
COL,2001-08-22,2001-08-22,2001-08-22,1
COL,2001-11-22,2001-11-22,2001-11-22,1
COL,2001-12,2001-12-01,2001-12-31,1
COL,2001-12-16,2001-12-16,2001-12-16,1
COL,2002-01-29,2002-01-29,2002-01-29,1
COL,2002-04-12,2002-04-12,2002-04-12,1
COL,2002-04-24,2002-04-24,2002-04-24,1
COL,2002-06-04,2002-06-04,2002-06-04,1
COL,2002-07-05,2002-07-05,2002-07-05,1
COL,2002-10-27,2002-10-27,2002-10-27,1
COL,2002-11,2002-11-01,2002-11-30,1
COL,2003-03-19,2003-03-19,2003-03-19,1
COL,2003-05-14,2003-05-14,2003-05-14,1
COL,2003-06-14,2003-06-14,2003-06-14,1
COL,2003-06-29,2003-06-29,2003-06-29,1
COL,2003-08,2003-08-01,2003-08-31,1
COL,2004-01,2004-01-01,2004-01-31,1
COL,2004-08-15,2004-08-15,2004-08-15,1
COL,2004-08-18,2004-08-18,2004-08-18,1
COL,2004-10-11,2004-10-11,2004-10-11,1
COL,2004-11-15,2004-11-15,2004-11-15,1
COL,2004-12-27,2004-12-27,2004-12-27,1
COL,2005-01-13,2005-01-13,2005-01-13,1
COL,2005-01-16,2005-01-16,2005-01-16,1
COL,2005-01-28,2005-01-28,2005-01-28,1
COL,2005-02-11,2005-02-11,2005-02-11,1
COL,2005-04-12,2005-04-12,2005-04-12,1
COL,2005-04-20,2005-04-20,2005-04-20,1
COL,2005-08-17,2005-08-17,2005-08-17,1
COL,2005-09-15,2005-09-15,2005-09-15,1
COL,2005-10-29,2005-10-29,2005-10-29,1
COL,2005-11-24,2005-11-24,2005-11-24,1
COL,2005-12-07,2005-12-07,2005-12-07,1
COL,2006-01-01,2006-01-01,2006-01-01,1
COL,2006-03-28,2006-03-28,2006-03-28,1
COL,2006-07-12,2006-07-12,2006-07-12,1
COL,2007-02-03,2007-02-03,2007-02-03,1
COL,2007-02-23,2007-02-23,2007-02-23,1
COL,2007-03-06,2007-03-06,2007-03-06,1
COL,2007-04-03,2007-04-03,2007-04-03,1
COL,2007-04-05,2007-04-05,2007-04-05,1
COL,2007-04-18,2007-04-18,2007-04-18,1
COL,2007-04-19,2007-04-19,2007-04-19,1
COL,2007-04-26,2007-04-26,2007-04-26,1
COL,2007-05-19,2007-05-19,2007-05-19,1
COL,2007-09-10,2007-09-10,2007-09-10,1
COL,2007-10-13,2007-10-13,2007-10-13,1
COL,2007-10-20,2007-10-20,2007-10-20,1
COL,2008-01-17,2008-01-17,2008-01-17,1
COL,2008-03-11,2008-03-11,2008-03-11,1
COL,2008-04-14,2008-04-14,2008-04-14,1
COL,2008-05-24,2008-05-24,2008-05-24,1
COL,2008-05-31,2008-05-31,2008-05-31,1
COL,2008-07-22,2008-07-22,2008-07-22,1
COL,2008-09-15,2008-09-15,2008-09-15,1
COL,2008-11-16,2008-11-16,2008-11-16,1
COL,2008-11-20,2008-11-20,2008-11-20,1
COL,2009-02-03,2009-02-03,2009-02-03,1
COL,2009-02-07,2009-02-07,2009-02-07,1
COL,2009-02-15,2009-02-15,2009-02-15,1
COL,2009-07-23,2009-07-23,2009-07-23,1
COL,2010-01,2010-01-01,2010-01-31,1
COL,2010-01-18,2010-01-18,2010-01-18,1
COL,2010-04-04,2010-04-04,2010-04-04,1
COL,2010-04-06,2010-04-06,2010-04-06,1
COL,2010-06-16,2010-06-16,2010-06-16,1
COL,2010-07-01,2010-07-01,2010-07-01,1
COL,2010-08-09,2010-08-09,2010-08-09,1
COL,2010-08-16,2010-08-16,2010-08-16,1
COL,2010-09-27,2010-09-27,2010-09-27,1
COL,2010-11-20,2010-11-20,2010-11-20,1
COL,2010-12-05,2010-12-05,2010-12-05,1
COL,2011-01-26,2011-01-26,2011-01-26,1
COL,2011-03-20,2011-03-20,2011-03-20,1
COL,2011-04,2011-04-01,2011-04-30,1
COL,2011-09-01,2011-09-01,2011-09-01,1
COL,2011-11-04,2011-11-04,2011-11-04,1
COL,2011-12-22,2011-12-22,2011-12-22,1
COL,2012-03-15,2012-03-15,2012-03-15,1
COL,2012-04,2012-04-01,2012-04-30,1
COL,2012-04-20,2012-04-20,2012-04-20,1
COL,2012-04-30,2012-04-30,2012-04-30,1
COL,2012-10-05,2012-10-05,2012-10-05,1
COL,2012-12-17,2012-12-17,2012-12-17,1
COL,2013-02-09,2013-02-09,2013-02-09,1
COL,2013-07,2013-07-01,2013-07-31,1
COL,2013-09-15,2013-09-15,2013-09-15,1
COL,2014-01-06,2014-01-06,2014-01-06,1
COL,2014-01-27,2014-01-27,2014-01-27,1
COL,2014-03-15,2014-03-15,2014-03-15,1
COL,2014-04-30,2014-04-30,2014-04-30,1
COL,2014-05-18,2014-05-18,2014-05-18,1
COL,2014-06-14,2014-06-14,2014-06-14,1
COL,2014-09-06,2014-09-06,2014-09-06,1
COL,2014-10-06,2014-10-06,2014-10-06,1
COL,2014-10-31,2014-10-31,2014-10-31,1
COL,2014-11-01,2014-11-01,2014-11-01,1
COL,2014-12-03,2014-12-03,2014-12-03,1
COL,2015-03-10,2015-03-10,2015-03-10,1
COL,2015-04-01,2015-04-01,2015-04-01,1
COL,2015-05-13,2015-05-13,2015-05-13,1
COL,2015-05-17,2015-05-17,2015-05-17,1
COL,2015-07,2015-07-01,2015-07-31,1
COL,2015-07-22,2015-07-22,2015-07-22,1
COL,2015-07-31,2015-07-31,2015-07-31,1
COL,2015-10,2015-10-01,2015-10-31,1
COL,2016,2016-01-01,2016-12-31,1
COL,2016-01-10,2016-01-10,2016-01-10,1
COL,2016-02,2016-02-01,2016-02-29,1
COL,2016-06-26,2016-06-26,2016-06-26,1
COL,2016-10-18,2016-10-18,2016-10-18,1
COL,2016-11-26,2016-11-26,2016-11-26,1
COL,2016-11-28,2016-11-28,2016-11-28,1
COL,2017-01-05,2017-01-05,2017-01-05,1
COL,2017-02-23,2017-02-23,2017-02-23,1
COL,2017-03-17,2017-03-17,2017-03-17,1
COL,2017-03-31,2017-03-31,2017-03-31,1
COL,2017-04-17,2017-04-17,2017-04-17,1
COL,2017-04-27,2017-04-27,2017-04-27,1
COL,2017-06-23,2017-06-23,2017-06-23,1
COL,2017-10-04,2017-10-04,2017-10-04,1
COL,2017-11-09,2017-11-09,2017-11-09,1
COL,2017-11-19,2017-11-19,2017-11-19,1
COL,2017-11-21,2017-11-21,2017-11-21,1
COL,2018-01-16,2018-01-16,2018-01-16,2
COL,2018-03-12,2018-03-12,2018-03-12,1
COL,2018-10-01,2018-10-01,2018-10-01,1
COL,2019-01,2019-01-01,2019-01-31,1
COL,2019-01-28,2019-01-28,2019-01-28,1
COL,2019-02-20,2019-02-20,2019-02-20,1
COL,2019-03-09,2019-03-09,2019-03-09,1
COL,2019-03-21,2019-03-21,2019-03-21,1
COL,2019-04-07,2019-04-07,2019-04-07,1
COL,2019-04-21,2019-04-21,2019-04-21,1
COL,2019-10-27,2019-10-27,2019-10-27,1
COL,2019-12-06,2019-12-06,2019-12-06,1
COL,2019-12-26,2019-12-26,2019-12-26,1
COL,2020-02-26,2020-02-26,2020-02-26,1
COL,2020-04-04,2020-04-04,2020-04-04,1
COL,2020-07-01,2020-07-01,2020-07-01,1
COL,2020-07-06,2020-07-06,2020-07-06,1
COL,2020-07-21,2020-07-21,2020-07-21,1
COL,2020-10-31,2020-10-31,2020-10-31,1
COL,2020-11-02,2020-11-02,2020-11-02,1
COL,2020-11-14,2020-11-14,2020-11-14,1
COL,2020-11-23,2020-11-23,2020-11-23,1
COL,2021-01-30,2021-01-30,2021-01-30,1
COL,2021-03-26,2021-03-26,2021-03-26,1
COL,2021-04-01,2021-04-01,2021-04-01,1
COL,2021-04-11,2021-04-11,2021-04-11,1
COL,2021-04-14,2021-04-14,2021-04-14,1
COL,2021-04-27,2021-04-27,2021-04-27,1
COL,2021-06-04,2021-06-04,2021-06-04,1
COL,2021-09-15,2021-09-15,2021-09-15,1
COL,2021-09-22,2021-09-22,2021-09-22,1
COL,2021-10-26,2021-10-26,2021-10-26,1
COL,2021-11-02,2021-11-02,2021-11-02,1
COL,2021-11-19,2021-11-19,2021-11-19,1
COL,2021-11-30,2021-11-30,2021-11-30,1
COL,2022-02-01,2022-02-01,2022-02-01,1
COL,2022-02-18,2022-02-18,2022-02-18,1
COL,2022-03-01,2022-03-01,2022-03-01,1
COL,2022-03-15,2022-03-15,2022-03-15,1
COL,2022-04,2022-04-01,2022-04-30,1
COL,2022-04-07,2022-04-07,2022-04-07,1
COL,2022-04-21,2022-04-21,2022-04-21,1
COL,2022-05-25,2022-05-25,2022-05-25,1
COL,2022-05-30,2022-05-30,2022-05-30,1
COL,2022-06-26,2022-06-26,2022-06-26,1
COL,2022-08-27,2022-08-27,2022-08-27,1
COL,2022-10-09,2022-10-09,2022-10-09,1
COL,2022-10-15,2022-10-15,2022-10-15,1
COL,2022-10-19,2022-10-19,2022-10-19,1
COL,2022-11-06,2022-11-06,2022-11-06,1
COL,2022-11-14,2022-11-14,2022-11-14,1
COL,2022-12-04,2022-12-04,2022-12-04,1
COL,2023-01-10,2023-01-10,2023-01-10,1
COL,2023-03-14,2023-03-14,2023-03-14,1
COL,2023-03-28,2023-03-28,2023-03-28,1
COL,2023-07-18,2023-07-18,2023-07-18,1
COL,2023-10-30,2023-10-30,2023-10-30,1
COM,2002-10-29,2002-10-29,2002-10-29,1
COM,2003-04-25,2003-04-25,2003-04-25,1
COM,2005-03-12,2005-03-12,2005-03-12,1
COM,2005-04-16,2005-04-16,2005-04-16,1
COM,2005-08-22,2005-08-22,2005-08-22,1
COM,2005-11-24,2005-11-24,2005-11-24,1
COM,2006,2006-01-01,2006-12-31,1
COM,2006-05-28,2006-05-28,2006-05-28,1
COM,2006-09-09,2006-09-09,2006-09-09,1
COM,2006-09-20,2006-09-20,2006-09-20,1
COM,2007-03,2007-03-01,2007-03-31,1
COM,2007-07-20,2007-07-20,2007-07-20,1
COM,2007-08-13,2007-08-13,2007-08-13,1
COM,2007-12-03,2007-12-03,2007-12-03,1
COM,2009-04-20,2009-04-20,2009-04-20,1
COM,2009-06-30,2009-06-30,2009-06-30,1
COM,2009-11-26,2009-11-26,2009-11-26,1
COM,2011-08-09,2011-08-09,2011-08-09,1
COM,2012-04-20,2012-04-20,2012-04-20,1
COM,2012-05-19,2012-05-19,2012-05-19,1
COM,2012-10-08,2012-10-08,2012-10-08,1
COM,2013-03-16,2013-03-16,2013-03-16,1
COM,2014-03-12,2014-03-12,2014-03-12,1
COM,2014-03-27,2014-03-27,2014-03-27,1
COM,2019-04-24,2019-04-24,2019-04-24,1
COM,2019-12-05,2019-12-05,2019-12-05,1
COM,2022-02-26,2022-02-26,2022-02-26,1
CPV,2002-06,2002-06-01,2002-06-30,1
CPV,2004-08,2004-08-01,2004-08-31,1
CPV,2007-10-18,2007-10-18,2007-10-18,1
CPV,2009-09,2009-09-01,2009-09-30,1
CPV,2009-09-30,2009-09-30,2009-09-30,1
CPV,2014-11-23,2014-11-23,2014-11-23,1
CPV,2015-01-09,2015-01-09,2015-01-09,1
CPV,2015-08-31,2015-08-31,2015-08-31,1
CPV,2017-11,2017-11-01,2017-11-30,1
CPV,2020-09-11,2020-09-11,2020-09-11,1
CPV,2022,2022-01-01,2022-12-31,1
CPV,2023-11-06,2023-11-06,2023-11-06,1
CRI,2000-06-27,2000-06-27,2000-06-27,1
CRI,2000-07-19,2000-07-19,2000-07-19,1
CRI,2000-08-26,2000-08-26,2000-08-26,1
CRI,2001-10-19,2001-10-19,2001-10-19,1
CRI,2002-05-06,2002-05-06,2002-05-06,1
CRI,2002-11-23,2002-11-23,2002-11-23,1
CRI,2003-12-12,2003-12-12,2003-12-12,1
CRI,2003-12-25,2003-12-25,2003-12-25,1
CRI,2004-05-10,2004-05-10,2004-05-10,1
CRI,2004-11,2004-11-01,2004-11-30,1
CRI,2004-11-20,2004-11-20,2004-11-20,1
CRI,2005-01-11,2005-01-11,2005-01-11,1
CRI,2005-07-11,2005-07-11,2005-07-11,1
CRI,2005-09-18,2005-09-18,2005-09-18,1
CRI,2005-10-01,2005-10-01,2005-10-01,1
CRI,2007-09-20,2007-09-20,2007-09-20,1
CRI,2007-10-12,2007-10-12,2007-10-12,1
CRI,2008-05-28,2008-05-28,2008-05-28,1
CRI,2008-09-02,2008-09-02,2008-09-02,1
CRI,2008-10-13,2008-10-13,2008-10-13,1
CRI,2008-11-22,2008-11-22,2008-11-22,1
CRI,2009-01-08,2009-01-08,2009-01-08,1
CRI,2010-09-06,2010-09-06,2010-09-06,1
CRI,2010-11-01,2010-11-01,2010-11-01,1
CRI,2011-10-17,2011-10-17,2011-10-17,1
CRI,2012-07-29,2012-07-29,2012-07-29,1
CRI,2012-09-05,2012-09-05,2012-09-05,1
CRI,2013-07,2013-07-01,2013-07-31,1
CRI,2015-03-12,2015-03-12,2015-03-12,1
CRI,2015-06-27,2015-06-27,2015-06-27,1
CRI,2015-08,2015-08-01,2015-08-31,1
CRI,2016-04-08,2016-04-08,2016-04-08,1
CRI,2016-11-23,2016-11-23,2016-11-23,1
CRI,2017-09-04,2017-09-04,2017-09-04,1
CRI,2017-12-31,2017-12-31,2017-12-31,1
CRI,2018-10-02,2018-10-02,2018-10-02,1
CRI,2019-01,2019-01-01,2019-01-31,1
CRI,2019-03,2019-03-01,2019-03-31,1
CRI,2020-11-03,2020-11-03,2020-11-03,1
CRI,2021-07-22,2021-07-22,2021-07-22,1
CRI,2022-10-08,2022-10-08,2022-10-08,1
CRI,2023-08,2023-08-01,2023-08-31,1
CUB,2000-08,2000-08-01,2000-08-31,1
CUB,2000-12-25,2000-12-25,2000-12-25,1
CUB,2001-11-04,2001-11-04,2001-11-04,1
CUB,2002-03-15,2002-03-15,2002-03-15,1
CUB,2002-06-12,2002-06-12,2002-06-12,1
CUB,2002-09-18,2002-09-18,2002-09-18,1
CUB,2002-10-01,2002-10-01,2002-10-01,1
CUB,2002-12-11,2002-12-11,2002-12-11,1
CUB,2003-04,2003-04-01,2003-04-30,1
CUB,2003-04-16,2003-04-16,2003-04-16,1
CUB,2004-08,2004-08-01,2004-08-31,1
CUB,2004-08-14,2004-08-14,2004-08-14,1
CUB,2004-09-13,2004-09-13,2004-09-13,1
CUB,2005-07-08,2005-07-08,2005-07-08,1
CUB,2005-08-21,2005-08-21,2005-08-21,1
CUB,2005-10-19,2005-10-19,2005-10-19,1
CUB,2006-06-08,2006-06-08,2006-06-08,1
CUB,2006-06-11,2006-06-11,2006-06-11,1
CUB,2007-08-20,2007-08-20,2007-08-20,1
CUB,2007-10-07,2007-10-07,2007-10-07,2
CUB,2007-10-28,2007-10-28,2007-10-28,1
CUB,2007-12-27,2007-12-27,2007-12-27,1
CUB,2008-08-20,2008-08-20,2008-08-20,1
CUB,2008-08-29,2008-08-29,2008-08-29,1
CUB,2008-09-08,2008-09-08,2008-09-08,1
CUB,2008-11-08,2008-11-08,2008-11-08,1
CUB,2008-11-17,2008-11-17,2008-11-17,1
CUB,2009-08-10,2009-08-10,2009-08-10,1
CUB,2010-11-04,2010-11-04,2010-11-04,1
CUB,2011-12-24,2011-12-24,2011-12-24,1
CUB,2012-05-24,2012-05-24,2012-05-24,1
CUB,2012-08-25,2012-08-25,2012-08-25,1
CUB,2012-10-22,2012-10-22,2012-10-22,1
CUB,2013-12-01,2013-12-01,2013-12-01,1
CUB,2015-04-30,2015-04-30,2015-04-30,1
CUB,2015-05,2015-05-01,2015-05-31,1
CUB,2016-09-28,2016-09-28,2016-09-28,1
CUB,2017-09-08,2017-09-08,2017-09-08,1
CUB,2018-05-18,2018-05-18,2018-05-18,1
CUB,2018-05-29,2018-05-29,2018-05-29,1
CUB,2018-10-10,2018-10-10,2018-10-10,1
CUB,2019-01-27,2019-01-27,2019-01-27,1
CUB,2020-05-25,2020-05-25,2020-05-25,1
CUB,2020-07-31,2020-07-31,2020-07-31,1
CUB,2021-01-29,2021-01-29,2021-01-29,1
CUB,2021-07-02,2021-07-02,2021-07-02,1
CUB,2021-08-28,2021-08-28,2021-08-28,1
CUB,2022-05-06,2022-05-06,2022-05-06,1
CUB,2022-06-02,2022-06-02,2022-06-02,2
CUB,2022-08-05,2022-08-05,2022-08-05,1
CUB,2022-09-26,2022-09-26,2022-09-26,1
CUB,2023-01-27,2023-01-27,2023-01-27,1
CUB,2023-06-08,2023-06-08,2023-06-08,1
CUB,2023-08-28,2023-08-28,2023-08-28,1
CUW,2018-01-11,2018-01-11,2018-01-11,1
CYM,2001-10-30,2001-10-30,2001-10-30,1
CYM,2002-09-14,2002-09-14,2002-09-14,1
CYM,2002-09-30,2002-09-30,2002-09-30,1
CYM,2004-08-13,2004-08-13,2004-08-13,1
CYM,2004-09-12,2004-09-12,2004-09-12,1
CYM,2008-08-26,2008-08-26,2008-08-26,1
CYM,2008-11-08,2008-11-08,2008-11-08,1
CYP,2000-03,2000-03-01,2000-03-31,1
CYP,2000-06-13,2000-06-13,2000-06-13,1
CYP,2000-07,2000-07-01,2000-07-31,1
CYP,2003-01-27,2003-01-27,2003-01-27,1
CYP,2004-01-22,2004-01-22,2004-01-22,1
CYP,2005-09-26,2005-09-26,2005-09-26,1
CYP,2007-06,2007-06-01,2007-06-30,1
CYP,2011-07-11,2011-07-11,2011-07-11,1
CYP,2018-07-18,2018-07-18,2018-07-18,1
CYP,2021-07-03,2021-07-03,2021-07-03,1
CYP,2022-05-30,2022-05-30,2022-05-30,1
CYP,2023-07,2023-07-01,2023-07-31,1
CZE,2000-03-08,2000-03-08,2000-03-08,1
CZE,2002-08-07,2002-08-07,2002-08-07,1
CZE,2002-10-26,2002-10-26,2002-10-26,1
CZE,2003-03-08,2003-03-08,2003-03-08,1
CZE,2003-07-19,2003-07-19,2003-07-19,1
CZE,2005-02,2005-02-01,2005-02-28,1
CZE,2005-03-17,2005-03-17,2005-03-17,1
CZE,2005-12-27,2005-12-27,2005-12-27,1
CZE,2006-03-28,2006-03-28,2006-03-28,1
CZE,2006-06-30,2006-06-30,2006-06-30,1
CZE,2007-01-18,2007-01-18,2007-01-18,1
CZE,2007-09-06,2007-09-06,2007-09-06,1
CZE,2008-02-29,2008-02-29,2008-02-29,1
CZE,2008-08-08,2008-08-08,2008-08-08,1
CZE,2009-06-21,2009-06-21,2009-06-21,1
CZE,2009-07-23,2009-07-23,2009-07-23,1
CZE,2010-05-15,2010-05-15,2010-05-15,1
CZE,2010-06-01,2010-06-01,2010-06-01,1
CZE,2010-08-07,2010-08-07,2010-08-07,1
CZE,2010-11,2010-11-01,2010-11-30,1
CZE,2012-01,2012-01-01,2012-01-31,1
CZE,2012-12-07,2012-12-07,2012-12-07,1
CZE,2013-05-28,2013-05-28,2013-05-28,1
CZE,2017-08-10,2017-08-10,2017-08-10,1
CZE,2018-02-23,2018-02-23,2018-02-23,1
CZE,2018-12-20,2018-12-20,2018-12-20,1
CZE,2020-02-09,2020-02-09,2020-02-09,1
CZE,2020-06-07,2020-06-07,2020-06-07,1
CZE,2020-08-08,2020-08-08,2020-08-08,1
CZE,2021-06-24,2021-06-24,2021-06-24,1
CZE,2021-07-13,2021-07-13,2021-07-13,1
CZE,2021-10-21,2021-10-21,2021-10-21,1
CZE,2022-01-28,2022-01-28,2022-01-28,1
CZE,2022-02-16,2022-02-16,2022-02-16,1
CZE,2022-05-30,2022-05-30,2022-05-30,1
CZE,2023-05-13,2023-05-13,2023-05-13,1
CZE,2023-07,2023-07-01,2023-07-31,1
DEU,2000-02-06,2000-02-06,2000-02-06,1
DEU,2000-05-17,2000-05-17,2000-05-17,1
DEU,2000-11-20,2000-11-20,2000-11-20,1
DEU,2001-05-21,2001-05-21,2001-05-21,1
DEU,2002-01-26,2002-01-26,2002-01-26,1
DEU,2002-02-01,2002-02-01,2002-02-01,1
DEU,2002-07-01,2002-07-01,2002-07-01,1
DEU,2002-07-10,2002-07-10,2002-07-10,1
DEU,2002-08-11,2002-08-11,2002-08-11,1
DEU,2002-09,2002-09-01,2002-09-30,1
DEU,2002-10-26,2002-10-26,2002-10-26,1
DEU,2003-01-02,2003-01-02,2003-01-02,1
DEU,2003-06-07,2003-06-07,2003-06-07,1
DEU,2003-08,2003-08-01,2003-08-31,1
DEU,2004-01-12,2004-01-12,2004-01-12,1
DEU,2004-12-05,2004-12-05,2004-12-05,1
DEU,2005-01-08,2005-01-08,2005-01-08,1
DEU,2005-07-07,2005-07-07,2005-07-07,1
DEU,2005-08-21,2005-08-21,2005-08-21,1
DEU,2005-11-25,2005-11-25,2005-11-25,1
DEU,2006-01-02,2006-01-02,2006-01-02,1
DEU,2006-01-22,2006-01-22,2006-01-22,1
DEU,2006-03,2006-03-01,2006-03-31,1
DEU,2006-03-28,2006-03-28,2006-03-28,1
DEU,2006-06-28,2006-06-28,2006-06-28,1
DEU,2006-07-15,2006-07-15,2006-07-15,1
DEU,2006-09-22,2006-09-22,2006-09-22,1
DEU,2007-01-18,2007-01-18,2007-01-18,1
DEU,2007-01-23,2007-01-23,2007-01-23,1
DEU,2007-06-18,2007-06-18,2007-06-18,1
DEU,2007-08-09,2007-08-09,2007-08-09,1
DEU,2008-02-29,2008-02-29,2008-02-29,1
DEU,2008-06-01,2008-06-01,2008-06-01,1
DEU,2008-07-18,2008-07-18,2008-07-18,1
DEU,2008-08-16,2008-08-16,2008-08-16,1
DEU,2008-11-04,2008-11-04,2008-11-04,1
DEU,2009-01-05,2009-01-05,2009-01-05,1
DEU,2009-06-22,2009-06-22,2009-06-22,1
DEU,2009-07-23,2009-07-23,2009-07-23,1
DEU,2009-12-18,2009-12-18,2009-12-18,1
DEU,2010-02-28,2010-02-28,2010-02-28,1
DEU,2010-07-24,2010-07-24,2010-07-24,1
DEU,2010-08-06,2010-08-06,2010-08-06,1
DEU,2010-09-26,2010-09-26,2010-09-26,1
DEU,2010-11-28,2010-11-28,2010-11-28,1
DEU,2010-12-23,2010-12-23,2010-12-23,1
DEU,2011-01-29,2011-01-29,2011-01-29,1
DEU,2012-02,2012-02-01,2012-02-29,1
DEU,2012-11-26,2012-11-26,2012-11-26,1
DEU,2012-12-07,2012-12-07,2012-12-07,1
DEU,2013-05-28,2013-05-28,2013-05-28,1
DEU,2013-07-27,2013-07-27,2013-07-27,1
DEU,2013-10-27,2013-10-27,2013-10-27,1
DEU,2013-12-04,2013-12-04,2013-12-04,1
DEU,2014-06-08,2014-06-08,2014-06-08,1
DEU,2014-07-19,2014-07-19,2014-07-19,1
DEU,2014-07-28,2014-07-28,2014-07-28,1
DEU,2016-02-09,2016-02-09,2016-02-09,1
DEU,2016-05-27,2016-05-27,2016-05-27,1
DEU,2017-06-22,2017-06-22,2017-06-22,1
DEU,2017-07-03,2017-07-03,2017-07-03,1
DEU,2017-07-24,2017-07-24,2017-07-24,1
DEU,2017-08-18,2017-08-18,2017-08-18,1
DEU,2018-01-17,2018-01-17,2018-01-17,1
DEU,2018-07,2018-07-01,2018-07-31,1
DEU,2019-01-05,2019-01-05,2019-01-05,1
DEU,2019-06-24,2019-06-24,2019-06-24,1
DEU,2019-07-24,2019-07-24,2019-07-24,1
DEU,2020-02-09,2020-02-09,2020-02-09,1
DEU,2021-06-28,2021-06-28,2021-06-28,1
DEU,2021-07-12,2021-07-12,2021-07-12,1
DEU,2021-10-21,2021-10-21,2021-10-21,1
DEU,2022-01-28,2022-01-28,2022-01-28,1
DEU,2022-02-16,2022-02-16,2022-02-16,1
DEU,2022-02-18,2022-02-18,2022-02-18,1
DEU,2022-05-30,2022-05-30,2022-05-30,1
DEU,2023-07,2023-07-01,2023-07-31,1
DEU,2023-07-21,2023-07-21,2023-07-21,1
DEU,2023-11-01,2023-11-01,2023-11-01,1
DEU,2023-11-27,2023-11-27,2023-11-27,1
DJI,2000-06,2000-06-01,2000-06-30,1
DJI,2001-06,2001-06-01,2001-06-30,1
DJI,2002-01,2002-01-01,2002-01-31,1
DJI,2004-04-12,2004-04-12,2004-04-12,1
DJI,2005-04,2005-04-01,2005-04-30,1
DJI,2006-02-02,2006-02-02,2006-02-02,1
DJI,2006-04-06,2006-04-06,2006-04-06,1
DJI,2007-01,2007-01-01,2007-01-31,2
DJI,2008-07,2008-07-01,2008-07-31,1
DJI,2009-07-27,2009-07-27,2009-07-27,1
DJI,2010-11,2010-11-01,2010-11-30,1
DJI,2018-05-20,2018-05-20,2018-05-20,1
DJI,2019-01-29,2019-01-29,2019-01-29,1
DJI,2019-01-30,2019-01-30,2019-01-30,1
DJI,2019-11-21,2019-11-21,2019-11-21,1
DJI,2020-02,2020-02-01,2020-02-29,1
DJI,2020-04-20,2020-04-20,2020-04-20,1
DJI,2021-04-12,2021-04-12,2021-04-12,1
DJI,2022-06,2022-06-01,2022-06-30,1
DMA,2004-11-21,2004-11-21,2004-11-21,1
DMA,2007-08-21,2007-08-21,2007-08-21,1
DMA,2011-09-25,2011-09-25,2011-09-25,1
DMA,2015-08-27,2015-08-27,2015-08-27,1
DMA,2017-09-18,2017-09-18,2017-09-18,1
DNK,2001-03-29,2001-03-29,2001-03-29,1
DNK,2002-10-27,2002-10-27,2002-10-27,1
DNK,2004-11-04,2004-11-04,2004-11-04,1
DNK,2005-01-08,2005-01-08,2005-01-08,1
DNK,2007-01-17,2007-01-17,2007-01-17,1
DNK,2010-12-23,2010-12-23,2010-12-23,1
DNK,2013-10-27,2013-10-27,2013-10-27,1
DNK,2013-12-06,2013-12-06,2013-12-06,1
DNK,2022-01-28,2022-01-28,2022-01-28,1
DNK,2022-05-30,2022-05-30,2022-05-30,1
DNK,2023-07,2023-07-01,2023-07-31,1
DOM,2001-10-04,2001-10-04,2001-10-04,1
DOM,2002-05-24,2002-05-24,2002-05-24,1
DOM,2002-09-20,2002-09-20,2002-09-20,1
DOM,2003-04-15,2003-04-15,2003-04-15,1
DOM,2003-04-16,2003-04-16,2003-04-16,1
DOM,2003-09-22,2003-09-22,2003-09-22,1
DOM,2003-11-14,2003-11-14,2003-11-14,1
DOM,2003-12-06,2003-12-06,2003-12-06,1
DOM,2004-05-23,2004-05-23,2004-05-23,1
DOM,2004-08-10,2004-08-10,2004-08-10,1
DOM,2004-09-02,2004-09-02,2004-09-02,1
DOM,2004-09-09,2004-09-09,2004-09-09,1
DOM,2004-09-16,2004-09-16,2004-09-16,1
DOM,2004-11-16,2004-11-16,2004-11-16,1
DOM,2005-03-07,2005-03-07,2005-03-07,1
DOM,2005-03-11,2005-03-11,2005-03-11,1
DOM,2005-05-14,2005-05-14,2005-05-14,1
DOM,2005-10-22,2005-10-22,2005-10-22,1
DOM,2007-03-26,2007-03-26,2007-03-26,1
DOM,2007-05-30,2007-05-30,2007-05-30,1
DOM,2007-08-21,2007-08-21,2007-08-21,1
DOM,2007-10-28,2007-10-28,2007-10-28,1
DOM,2007-12-11,2007-12-11,2007-12-11,1
DOM,2008-08-15,2008-08-15,2008-08-15,1
DOM,2008-08-18,2008-08-18,2008-08-18,1
DOM,2008-08-26,2008-08-26,2008-08-26,1
DOM,2008-09-03,2008-09-03,2008-09-03,1
DOM,2009-01,2009-01-01,2009-01-31,1
DOM,2009-01-08,2009-01-08,2009-01-08,1
DOM,2009-02-02,2009-02-02,2009-02-02,1
DOM,2010-02-14,2010-02-14,2010-02-14,1
DOM,2010-07-15,2010-07-15,2010-07-15,1
DOM,2010-10-29,2010-10-29,2010-10-29,1
DOM,2010-12,2010-12-01,2010-12-31,1
DOM,2011-06,2011-06-01,2011-06-30,1
DOM,2011-08-04,2011-08-04,2011-08-04,1
DOM,2011-08-24,2011-08-24,2011-08-24,1
DOM,2011-12-07,2011-12-07,2011-12-07,1
DOM,2012-02-06,2012-02-06,2012-02-06,1
DOM,2012-04-12,2012-04-12,2012-04-12,1
DOM,2012-04-23,2012-04-23,2012-04-23,1
DOM,2012-05-07,2012-05-07,2012-05-07,1
DOM,2012-08-25,2012-08-25,2012-08-25,1
DOM,2012-10-24,2012-10-24,2012-10-24,1
DOM,2013-12-23,2013-12-23,2013-12-23,1
DOM,2014-11-03,2014-11-03,2014-11-03,1
DOM,2015-02-20,2015-02-20,2015-02-20,1
DOM,2015-08-28,2015-08-28,2015-08-28,1
DOM,2015-09-22,2015-09-22,2015-09-22,1
DOM,2016-05-07,2016-05-07,2016-05-07,1
DOM,2016-10-03,2016-10-03,2016-10-03,1
DOM,2016-11-07,2016-11-07,2016-11-07,1
DOM,2017-04-20,2017-04-20,2017-04-20,1
DOM,2017-09-06,2017-09-06,2017-09-06,1
DOM,2017-09-20,2017-09-20,2017-09-20,1
DOM,2018-07-09,2018-07-09,2018-07-09,2
DOM,2019-09-30,2019-09-30,2019-09-30,1
DOM,2020-07-31,2020-07-31,2020-07-31,1
DOM,2020-08-26,2020-08-26,2020-08-26,1
DOM,2021-07-03,2021-07-03,2021-07-03,1
DOM,2021-08-12,2021-08-12,2021-08-12,1
DOM,2022-02-10,2022-02-10,2022-02-10,1
DOM,2022-03-05,2022-03-05,2022-03-05,1
DOM,2022-09-19,2022-09-19,2022-09-19,1
DOM,2023-06-02,2023-06-02,2023-06-02,1
DOM,2023-08-14,2023-08-14,2023-08-14,1
DOM,2023-08-20,2023-08-20,2023-08-20,1
DOM,2023-11-17,2023-11-17,2023-11-17,1
DZA,2000-08-10,2000-08-10,2000-08-10,1
DZA,2000-10-22,2000-10-22,2000-10-22,1
DZA,2001-11-10,2001-11-10,2001-11-10,1
DZA,2002-02-28,2002-02-28,2002-02-28,1
DZA,2002-04-03,2002-04-03,2002-04-03,1
DZA,2002-04-04,2002-04-04,2002-04-04,1
DZA,2002-05-07,2002-05-07,2002-05-07,1
DZA,2002-08-17,2002-08-17,2002-08-17,2
DZA,2002-10-09,2002-10-09,2002-10-09,1
DZA,2002-11-20,2002-11-20,2002-11-20,1
DZA,2003-01-31,2003-01-31,2003-01-31,1
DZA,2003-03-06,2003-03-06,2003-03-06,1
DZA,2003-04-02,2003-04-02,2003-04-02,1
DZA,2003-05-01,2003-05-01,2003-05-01,1
DZA,2003-05-21,2003-05-21,2003-05-21,1
DZA,2003-05-27,2003-05-27,2003-05-27,1
DZA,2003-06-21,2003-06-21,2003-06-21,1
DZA,2003-07-30,2003-07-30,2003-07-30,1
DZA,2003-08-09,2003-08-09,2003-08-09,1
DZA,2003-08-29,2003-08-29,2003-08-29,1
DZA,2003-10-03,2003-10-03,2003-10-03,1
DZA,2003-10-15,2003-10-15,2003-10-15,1
DZA,2004-01-10,2004-01-10,2004-01-10,1
DZA,2004-01-19,2004-01-19,2004-01-19,1
DZA,2004-04-14,2004-04-14,2004-04-14,1
DZA,2004-08-26,2004-08-26,2004-08-26,1
DZA,2004-09-08,2004-09-08,2004-09-08,1
DZA,2004-11-13,2004-11-13,2004-11-13,1
DZA,2004-11-21,2004-11-21,2004-11-21,1
DZA,2004-12-01,2004-12-01,2004-12-01,1
DZA,2004-12-26,2004-12-26,2004-12-26,1
DZA,2005-02,2005-02-01,2005-02-28,1
DZA,2005-03-06,2005-03-06,2005-03-06,1
DZA,2005-06-18,2005-06-18,2005-06-18,1
DZA,2005-11-30,2005-11-30,2005-11-30,1
DZA,2005-12-31,2005-12-31,2005-12-31,1
DZA,2006-01-01,2006-01-01,2006-01-01,1
DZA,2006-02-10,2006-02-10,2006-02-10,1
DZA,2006-03-20,2006-03-20,2006-03-20,1
DZA,2006-08-20,2006-08-20,2006-08-20,1
DZA,2007-03-21,2007-03-21,2007-03-21,1
DZA,2007-04-13,2007-04-13,2007-04-13,1
DZA,2007-08-03,2007-08-03,2007-08-03,1
DZA,2007-08-12,2007-08-12,2007-08-12,1
DZA,2007-09,2007-09-01,2007-09-30,1
DZA,2007-09-21,2007-09-21,2007-09-21,1
DZA,2007-11-24,2007-11-24,2007-11-24,1
DZA,2008-07-17,2008-07-17,2008-07-17,1
DZA,2008-08-07,2008-08-07,2008-08-07,1
DZA,2008-10-01,2008-10-01,2008-10-01,1
DZA,2009-01-20,2009-01-20,2009-01-20,1
DZA,2009-08-15,2009-08-15,2009-08-15,1
DZA,2009-09-10,2009-09-10,2009-09-10,1
DZA,2009-09-30,2009-09-30,2009-09-30,1
DZA,2009-11-15,2009-11-15,2009-11-15,1
DZA,2009-12-05,2009-12-05,2009-12-05,1
DZA,2010-01-10,2010-01-10,2010-01-10,1
DZA,2010-07-13,2010-07-13,2010-07-13,1
DZA,2011-10-01,2011-10-01,2011-10-01,1
DZA,2012-02-03,2012-02-03,2012-02-03,1
DZA,2012-08-31,2012-08-31,2012-08-31,1
DZA,2012-09-29,2012-09-29,2012-09-29,1
DZA,2014-01-05,2014-01-05,2014-01-05,1
DZA,2014-02-11,2014-02-11,2014-02-11,1
DZA,2014-08-01,2014-08-01,2014-08-01,1
DZA,2014-10-01,2014-10-01,2014-10-01,1
DZA,2015-09-16,2015-09-16,2015-09-16,1
DZA,2015-10-16,2015-10-16,2015-10-16,1
DZA,2015-11-24,2015-11-24,2015-11-24,1
DZA,2016-02-11,2016-02-11,2016-02-11,1
DZA,2016-03-27,2016-03-27,2016-03-27,1
DZA,2016-06-04,2016-06-04,2016-06-04,1
DZA,2017-01-16,2017-01-16,2017-01-16,1
DZA,2017-09-20,2017-09-20,2017-09-20,1
DZA,2018-01-25,2018-01-25,2018-01-25,1
DZA,2018-04-11,2018-04-11,2018-04-11,1
DZA,2018-04-24,2018-04-24,2018-04-24,1
DZA,2019-01-11,2019-01-11,2019-01-11,1
DZA,2020-01-19,2020-01-19,2020-01-19,1
DZA,2020-08-07,2020-08-07,2020-08-07,1
DZA,2020-12-31,2020-12-31,2020-12-31,1
DZA,2021-03-06,2021-03-06,2021-03-06,1
DZA,2021-07-04,2021-07-04,2021-07-04,1
DZA,2021-07-09,2021-07-09,2021-07-09,1
DZA,2021-08-09,2021-08-09,2021-08-09,1
DZA,2021-09-12,2021-09-12,2021-09-12,1
DZA,2021-10-23,2021-10-23,2021-10-23,1
DZA,2022-08-14,2022-08-14,2022-08-14,1
DZA,2022-11-15,2022-11-15,2022-11-15,1
DZA,2023-01-09,2023-01-09,2023-01-09,1
DZA,2023-02-24,2023-02-24,2023-02-24,1
DZA,2023-07-19,2023-07-19,2023-07-19,1
DZA,2023-07-23,2023-07-23,2023-07-23,1
DZA,2023-09-02,2023-09-02,2023-09-02,1
ECU,2000-03,2000-03-01,2000-03-31,2
ECU,2000-04-12,2000-04-12,2000-04-12,1
ECU,2000-05-22,2000-05-22,2000-05-22,1
ECU,2000-07-14,2000-07-14,2000-07-14,1
ECU,2000-10-14,2000-10-14,2000-10-14,1
ECU,2000-11-06,2000-11-06,2000-11-06,1
ECU,2001-01-17,2001-01-17,2001-01-17,1
ECU,2001-03-08,2001-03-08,2001-03-08,1
ECU,2001-06-11,2001-06-11,2001-06-11,1
ECU,2001-08-14,2001-08-14,2001-08-14,1
ECU,2002-01,2002-01-01,2002-01-31,1
ECU,2002-01-17,2002-01-17,2002-01-17,1
ECU,2002-03-06,2002-03-06,2002-03-06,1
ECU,2002-03-19,2002-03-19,2002-03-19,1
ECU,2002-07-16,2002-07-16,2002-07-16,1
ECU,2002-09-09,2002-09-09,2002-09-09,1
ECU,2002-10-02,2002-10-02,2002-10-02,1
ECU,2002-11-03,2002-11-03,2002-11-03,1
ECU,2002-11-20,2002-11-20,2002-11-20,1
ECU,2003-01-09,2003-01-09,2003-01-09,1
ECU,2003-03-15,2003-03-15,2003-03-15,1
ECU,2003-05-06,2003-05-06,2003-05-06,1
ECU,2003-06-05,2003-06-05,2003-06-05,1
ECU,2006-02-16,2006-02-16,2006-02-16,1
ECU,2006-05-10,2006-05-10,2006-05-10,1
ECU,2006-07-14,2006-07-14,2006-07-14,1
ECU,2006-09-24,2006-09-24,2006-09-24,1
ECU,2007-02-16,2007-02-16,2007-02-16,1
ECU,2007-11-26,2007-11-26,2007-11-26,1
ECU,2007-12-10,2007-12-10,2007-12-10,1
ECU,2008-01-30,2008-01-30,2008-01-30,1
ECU,2008-04-19,2008-04-19,2008-04-19,1
ECU,2009-01-19,2009-01-19,2009-01-19,1
ECU,2009-11,2009-11-01,2009-11-30,1
ECU,2010-01,2010-01-01,2010-01-31,1
ECU,2010,2010-01-01,2010-12-31,1
ECU,2010-04-06,2010-04-06,2010-04-06,1
ECU,2010-05-28,2010-05-28,2010-05-28,1
ECU,2010-08-29,2010-08-29,2010-08-29,1
ECU,2010-09-05,2010-09-05,2010-09-05,1
ECU,2010-12-24,2010-12-24,2010-12-24,1
ECU,2011-02,2011-02-01,2011-02-28,1
ECU,2011-07,2011-07-01,2011-07-31,1
ECU,2012-01-01,2012-01-01,2012-01-01,1
ECU,2012-04,2012-04-01,2012-04-30,1
ECU,2012-04-24,2012-04-24,2012-04-24,1
ECU,2012-05-01,2012-05-01,2012-05-01,1
ECU,2012-12-26,2012-12-26,2012-12-26,1
ECU,2013-01,2013-01-01,2013-01-31,1
ECU,2013-01-24,2013-01-24,2013-01-24,1
ECU,2013-02,2013-02-01,2013-02-28,1
ECU,2013-03-16,2013-03-16,2013-03-16,1
ECU,2013-04-23,2013-04-23,2013-04-23,1
ECU,2014-05,2014-05-01,2014-05-31,1
ECU,2014-11-08,2014-11-08,2014-11-08,1
ECU,2014-12-14,2014-12-14,2014-12-14,1
ECU,2014-12-30,2014-12-30,2014-12-30,1
ECU,2015-03-23,2015-03-23,2015-03-23,1
ECU,2015-08-14,2015-08-14,2015-08-14,1
ECU,2015-11-17,2015-11-17,2015-11-17,1
ECU,2016-01-01,2016-01-01,2016-01-01,1
ECU,2016-01-24,2016-01-24,2016-01-24,1
ECU,2016-03-15,2016-03-15,2016-03-15,1
ECU,2016-04-16,2016-04-16,2016-04-16,1
ECU,2016-05-18,2016-05-18,2016-05-18,1
ECU,2017-01-14,2017-01-14,2017-01-14,1
ECU,2017-07-15,2017-07-15,2017-07-15,1
ECU,2018-03-24,2018-03-24,2018-03-24,1
ECU,2018-08-12,2018-08-12,2018-08-12,1
ECU,2018-08-14,2018-08-14,2018-08-14,1
ECU,2019-01-11,2019-01-11,2019-01-11,1
ECU,2019-02-21,2019-02-21,2019-02-21,1
ECU,2019-02-22,2019-02-22,2019-02-22,1
ECU,2019-05-26,2019-05-26,2019-05-26,1
ECU,2019-06-22,2019-06-22,2019-06-22,1
ECU,2020-02-22,2020-02-22,2020-02-22,1
ECU,2020-09-20,2020-09-20,2020-09-20,1
ECU,2021-01-18,2021-01-18,2021-01-18,1
ECU,2021-02-01,2021-02-01,2021-02-01,1
ECU,2021-03,2021-03-01,2021-03-31,1
ECU,2021-05-15,2021-05-15,2021-05-15,1
ECU,2021-11-28,2021-11-28,2021-11-28,1
ECU,2022-01-28,2022-01-28,2022-01-28,1
ECU,2022-03,2022-03-01,2022-03-31,1
ECU,2022-03-07,2022-03-07,2022-03-07,1
ECU,2022-03-26,2022-03-26,2022-03-26,1
ECU,2022-03-27,2022-03-27,2022-03-27,1
ECU,2022-07-03,2022-07-03,2022-07-03,1
ECU,2023-01-01,2023-01-01,2023-01-01,1
ECU,2023-03-18,2023-03-18,2023-03-18,1
ECU,2023-03-26,2023-03-26,2023-03-26,1
ECU,2023-06-01,2023-06-01,2023-06-01,1
EGY,2000-01,2000-01-01,2000-01-31,1
EGY,2000-01-13,2000-01-13,2000-01-13,1
EGY,2000-03-16,2000-03-16,2000-03-16,1
EGY,2000-05-14,2000-05-14,2000-05-14,1
EGY,2000-07-17,2000-07-17,2000-07-17,1
EGY,2000-07-19,2000-07-19,2000-07-19,1
EGY,2000-10-03,2000-10-03,2000-10-03,1
EGY,2000-10-12,2000-10-12,2000-10-12,1
EGY,2000-11-05,2000-11-05,2000-11-05,1
EGY,2000-11-12,2000-11-12,2000-11-12,1
EGY,2000-11-18,2000-11-18,2000-11-18,1
EGY,2000-12-05,2000-12-05,2000-12-05,1
EGY,2001-01-06,2001-01-06,2001-01-06,1
EGY,2001-04-14,2001-04-14,2001-04-14,1
EGY,2001-04-18,2001-04-18,2001-04-18,1
EGY,2001-06-23,2001-06-23,2001-06-23,1
EGY,2001-07-27,2001-07-27,2001-07-27,1
EGY,2001-10-24,2001-10-24,2001-10-24,1
EGY,2001-10-30,2001-10-30,2001-10-30,1
EGY,2001-11-10,2001-11-10,2001-11-10,1
EGY,2001-11-17,2001-11-17,2001-11-17,1
EGY,2001-11-28,2001-11-28,2001-11-28,1
EGY,2001-12-24,2001-12-24,2001-12-24,1
EGY,2002-01-11,2002-01-11,2002-01-11,1
EGY,2002-01-30,2002-01-30,2002-01-30,1
EGY,2002-02-20,2002-02-20,2002-02-20,1
EGY,2002-02-25,2002-02-25,2002-02-25,1
EGY,2002-03-03,2002-03-03,2002-03-03,1
EGY,2002-03-07,2002-03-07,2002-03-07,1
EGY,2002-03-24,2002-03-24,2002-03-24,1
EGY,2002-05-28,2002-05-28,2002-05-28,1
EGY,2002-06-16,2002-06-16,2002-06-16,1
EGY,2002-07-05,2002-07-05,2002-07-05,1
EGY,2002-08-24,2002-08-24,2002-08-24,1
EGY,2002-09-09,2002-09-09,2002-09-09,1
EGY,2002-10-31,2002-10-31,2002-10-31,1
EGY,2002-11-06,2002-11-06,2002-11-06,1
EGY,2002-12-19,2002-12-19,2002-12-19,1
EGY,2002-12-20,2002-12-20,2002-12-20,1
EGY,2003-01-21,2003-01-21,2003-01-21,1
EGY,2003-05-05,2003-05-05,2003-05-05,1
EGY,2003-07-06,2003-07-06,2003-07-06,1
EGY,2003-07-12,2003-07-12,2003-07-12,1
EGY,2003-07-13,2003-07-13,2003-07-13,1
EGY,2003-08-19,2003-08-19,2003-08-19,1
EGY,2003-11-11,2003-11-11,2003-11-11,1
EGY,2003-12-11,2003-12-11,2003-12-11,1
EGY,2004-01-03,2004-01-03,2004-01-03,1
EGY,2004-01-22,2004-01-22,2004-01-22,1
EGY,2004-02-08,2004-02-08,2004-02-08,1
EGY,2004-03-23,2004-03-23,2004-03-23,1
EGY,2004-05-31,2004-05-31,2004-05-31,1
EGY,2004-06-10,2004-06-10,2004-06-10,1
EGY,2004-06-22,2004-06-22,2004-06-22,1
EGY,2004-10-06,2004-10-06,2004-10-06,1
EGY,2004-10-16,2004-10-16,2004-10-16,1
EGY,2004-11-03,2004-11-03,2004-11-03,1
EGY,2004-11-07,2004-11-07,2004-11-07,1
EGY,2005-05-14,2005-05-14,2005-05-14,1
EGY,2005-06-07,2005-06-07,2005-06-07,1
EGY,2005-09-05,2005-09-05,2005-09-05,1
EGY,2005-09-09,2005-09-09,2005-09-09,1
EGY,2005-10-22,2005-10-22,2005-10-22,1
EGY,2005-12-09,2005-12-09,2005-12-09,1
EGY,2006-01-31,2006-01-31,2006-01-31,2
EGY,2006-02-02,2006-02-02,2006-02-02,1
EGY,2006-03-15,2006-03-15,2006-03-15,1
EGY,2006-05-11,2006-05-11,2006-05-11,1
EGY,2006-06-10,2006-06-10,2006-06-10,1
EGY,2006-07-10,2006-07-10,2006-07-10,1
EGY,2006-08-11,2006-08-11,2006-08-11,1
EGY,2006-08-21,2006-08-21,2006-08-21,1
EGY,2006-08-22,2006-08-22,2006-08-22,1
EGY,2006-08-23,2006-08-23,2006-08-23,1
EGY,2006-09-09,2006-09-09,2006-09-09,1
EGY,2006-09-28,2006-09-28,2006-09-28,1
EGY,2006-10-01,2006-10-01,2006-10-01,1
EGY,2006-11-14,2006-11-14,2006-11-14,1
EGY,2007-01-21,2007-01-21,2007-01-21,1
EGY,2007-03-20,2007-03-20,2007-03-20,1
EGY,2007-07-03,2007-07-03,2007-07-03,1
EGY,2007-12-22,2007-12-22,2007-12-22,1
EGY,2007-12-24,2007-12-24,2007-12-24,1
EGY,2008-02-06,2008-02-06,2008-02-06,1
EGY,2008-03-16,2008-03-16,2008-03-16,1
EGY,2008-03-29,2008-03-29,2008-03-29,1
EGY,2008-06-01,2008-06-01,2008-06-01,1
EGY,2008-07-16,2008-07-16,2008-07-16,1
EGY,2008-08-01,2008-08-01,2008-08-01,1
EGY,2008-08-17,2008-08-17,2008-08-17,1
EGY,2008-09-06,2008-09-06,2008-09-06,1
EGY,2008-09-15,2008-09-15,2008-09-15,1
EGY,2008-10-05,2008-10-05,2008-10-05,1
EGY,2008-10-08,2008-10-08,2008-10-08,1
EGY,2008-12,2008-12-01,2008-12-31,1
EGY,2008-12-14,2008-12-14,2008-12-14,1
EGY,2009-02-14,2009-02-14,2009-02-14,1
EGY,2009-03-09,2009-03-09,2009-03-09,1
EGY,2009-03-31,2009-03-31,2009-03-31,1
EGY,2009-04-11,2009-04-11,2009-04-11,1
EGY,2009-07-16,2009-07-16,2009-07-16,1
EGY,2009-10-24,2009-10-24,2009-10-24,1
EGY,2009-12-04,2009-12-04,2009-12-04,1
EGY,2010-01-18,2010-01-18,2010-01-18,1
EGY,2010-09-09,2010-09-09,2010-09-09,1
EGY,2010-12-12,2010-12-12,2010-12-12,1
EGY,2010-12-30,2010-12-30,2010-12-30,1
EGY,2011-01-11,2011-01-11,2011-01-11,2
EGY,2011-02-11,2011-02-11,2011-02-11,1
EGY,2011-04-29,2011-04-29,2011-04-29,1
EGY,2011-07-29,2011-07-29,2011-07-29,1
EGY,2011-11-06,2011-11-06,2011-11-06,1
EGY,2012-02,2012-02-01,2012-02-29,1
EGY,2012-07-14,2012-07-14,2012-07-14,1
EGY,2012-10-08,2012-10-08,2012-10-08,1
EGY,2012-11-17,2012-11-17,2012-11-17,2
EGY,2013-01-15,2013-01-15,2013-01-15,1
EGY,2013-01-16,2013-01-16,2013-01-16,1
EGY,2013-02-26,2013-02-26,2013-02-26,1
EGY,2013-07-21,2013-07-21,2013-07-21,1
EGY,2013-09-28,2013-09-28,2013-09-28,1
EGY,2013-11-18,2013-11-18,2013-11-18,1
EGY,2013-12-10,2013-12-10,2013-12-10,1
EGY,2014-03-10,2014-03-10,2014-03-10,1
EGY,2014-03-11,2014-03-11,2014-03-11,1
EGY,2014-07-15,2014-07-15,2014-07-15,1
EGY,2014-07-25,2014-07-25,2014-07-25,1
EGY,2014-08-22,2014-08-22,2014-08-22,1
EGY,2014-08-26,2014-08-26,2014-08-26,1
EGY,2014-10-13,2014-10-13,2014-10-13,1
EGY,2014-11-05,2014-11-05,2014-11-05,1
EGY,2014-11-25,2014-11-25,2014-11-25,1
EGY,2014-12-16,2014-12-16,2014-12-16,1
EGY,2015-02,2015-02-01,2015-02-28,1
EGY,2015-05-29,2015-05-29,2015-05-29,1
EGY,2015-06-14,2015-06-14,2015-06-14,2
EGY,2015-07-22,2015-07-22,2015-07-22,1
EGY,2015-07-28,2015-07-28,2015-07-28,1
EGY,2015-08-09,2015-08-09,2015-08-09,1
EGY,2015-10-10,2015-10-10,2015-10-10,1
EGY,2015-11-03,2015-11-03,2015-11-03,1
EGY,2016-01-01,2016-01-01,2016-01-01,1
EGY,2016-03-09,2016-03-09,2016-03-09,1
EGY,2016-08-15,2016-08-15,2016-08-15,1
EGY,2016-09-07,2016-09-07,2016-09-07,1
EGY,2016-09-21,2016-09-21,2016-09-21,1
EGY,2016-10-27,2016-10-27,2016-10-27,1
EGY,2017-08-11,2017-08-11,2017-08-11,1
EGY,2017-08-29,2017-08-29,2017-08-29,1
EGY,2017-12-20,2017-12-20,2017-12-20,1
EGY,2017-12-23,2017-12-23,2017-12-23,1
EGY,2018-02-28,2018-02-28,2018-02-28,1
EGY,2019-02-27,2019-02-27,2019-02-27,1
EGY,2019-06-12,2019-06-12,2019-06-12,1
EGY,2019-08-05,2019-08-05,2019-08-05,1
EGY,2019-12-28,2019-12-28,2019-12-28,1
EGY,2020-03-11,2020-03-11,2020-03-11,1
EGY,2021-02-22,2021-02-22,2021-02-22,1
EGY,2021-03-11,2021-03-11,2021-03-11,1
EGY,2021-03-26,2021-03-26,2021-03-26,1
EGY,2021-04-18,2021-04-18,2021-04-18,1
EGY,2021-09-04,2021-09-04,2021-09-04,1
EGY,2021-10-20,2021-10-20,2021-10-20,1
EGY,2021-11-12,2021-11-12,2021-11-12,1
EGY,2022-01-08,2022-01-08,2022-01-08,1
EGY,2022-01-11,2022-01-11,2022-01-11,1
EGY,2022-04-13,2022-04-13,2022-04-13,1
EGY,2022-07-14,2022-07-14,2022-07-14,1
EGY,2022-08-14,2022-08-14,2022-08-14,1
EGY,2022-11-12,2022-11-12,2022-11-12,1
EGY,2022-11-20,2022-11-20,2022-11-20,1
EGY,2023-05-04,2023-05-04,2023-05-04,1
ERI,2003-07-28,2003-07-28,2003-07-28,1
ERI,2004-07-27,2004-07-27,2004-07-27,1
ERI,2005-07-10,2005-07-10,2005-07-10,1
ERI,2008-10,2008-10-01,2008-10-31,1
ERI,2020-02,2020-02-01,2020-02-29,1
ESP,2000,2000-01-01,2000-12-31,1
ESP,2000-02-03,2000-02-03,2000-02-03,1
ESP,2000-05-07,2000-05-07,2000-05-07,1
ESP,2000-06-10,2000-06-10,2000-06-10,1
ESP,2000-07-06,2000-07-06,2000-07-06,1
ESP,2000-09-18,2000-09-18,2000-09-18,1
ESP,2000-10-20,2000-10-20,2000-10-20,1
ESP,2001-01-03,2001-01-03,2001-01-03,1
ESP,2001-02-05,2001-02-05,2001-02-05,1
ESP,2001-02-27,2001-02-27,2001-02-27,1
ESP,2001-05-31,2001-05-31,2001-05-31,1
ESP,2001-07-01,2001-07-01,2001-07-01,1
ESP,2001-11-10,2001-11-10,2001-11-10,1
ESP,2001-11-14,2001-11-14,2001-11-14,1
ESP,2002-03-30,2002-03-30,2002-03-30,1
ESP,2002-06-22,2002-06-22,2002-06-22,1
ESP,2002-08-01,2002-08-01,2002-08-01,1
ESP,2002-10-08,2002-10-08,2002-10-08,1
ESP,2002-11-13,2002-11-13,2002-11-13,1
ESP,2003-01,2003-01-01,2003-01-31,1
ESP,2003-06-03,2003-06-03,2003-06-03,1
ESP,2003-08-01,2003-08-01,2003-08-01,1
ESP,2003-10-25,2003-10-25,2003-10-25,1
ESP,2004-03-27,2004-03-27,2004-03-27,1
ESP,2004-06-03,2004-06-03,2004-06-03,1
ESP,2004-07-26,2004-07-26,2004-07-26,1
ESP,2004-07-28,2004-07-28,2004-07-28,1
ESP,2005-02-06,2005-02-06,2005-02-06,1
ESP,2005-07-18,2005-07-18,2005-07-18,1
ESP,2005-12-27,2005-12-27,2005-12-27,1
ESP,2006-07-03,2006-07-03,2006-07-03,1
ESP,2006-07-15,2006-07-15,2006-07-15,1
ESP,2006-08-04,2006-08-04,2006-08-04,1
ESP,2006-10-22,2006-10-22,2006-10-22,1
ESP,2007-01-23,2007-01-23,2007-01-23,1
ESP,2007-04-03,2007-04-03,2007-04-03,1
ESP,2007-05-23,2007-05-23,2007-05-23,1
ESP,2007-07-19,2007-07-19,2007-07-19,1
ESP,2007-10-11,2007-10-11,2007-10-11,1
ESP,2008-07-07,2008-07-07,2008-07-07,1
ESP,2008-07-09,2008-07-09,2008-07-09,1
ESP,2008-08-20,2008-08-20,2008-08-20,1
ESP,2009-01-23,2009-01-23,2009-01-23,1
ESP,2009-07-20,2009-07-20,2009-07-20,1
ESP,2009-11-13,2009-11-13,2009-11-13,1
ESP,2010-02-19,2010-02-19,2010-02-19,1
ESP,2010-02-27,2010-02-27,2010-02-27,1
ESP,2010-06-23,2010-06-23,2010-06-23,1
ESP,2010-12-06,2010-12-06,2010-12-06,1
ESP,2011-05-06,2011-05-06,2011-05-06,1
ESP,2011-05-11,2011-05-11,2011-05-11,1
ESP,2011-11-07,2011-11-07,2011-11-07,1
ESP,2012-07-22,2012-07-22,2012-07-22,1
ESP,2012-09-28,2012-09-28,2012-09-28,1
ESP,2012-11-13,2012-11-13,2012-11-13,1
ESP,2013-06-18,2013-06-18,2013-06-18,1
ESP,2013-07-26,2013-07-26,2013-07-26,1
ESP,2013-12-24,2013-12-24,2013-12-24,1
ESP,2014-01-07,2014-01-07,2014-01-07,1
ESP,2014-11-08,2014-11-08,2014-11-08,1
ESP,2015-01-27,2015-01-27,2015-01-27,1
ESP,2015-02-26,2015-02-26,2015-02-26,1
ESP,2015-09-07,2015-09-07,2015-09-07,1
ESP,2016-03-20,2016-03-20,2016-03-20,1
ESP,2016-12-16,2016-12-16,2016-12-16,1
ESP,2017-06-24,2017-06-24,2017-06-24,1
ESP,2017-10-17,2017-10-17,2017-10-17,1
ESP,2018-01-03,2018-01-03,2018-01-03,1
ESP,2018-08,2018-08-01,2018-08-31,1
ESP,2018-08-06,2018-08-06,2018-08-06,1
ESP,2018-08-12,2018-08-12,2018-08-12,1
ESP,2018-10-09,2018-10-09,2018-10-09,1
ESP,2019-04-18,2019-04-18,2019-04-18,1
ESP,2019-06-26,2019-06-26,2019-06-26,1
ESP,2019-09-11,2019-09-11,2019-09-11,1
ESP,2019-10-22,2019-10-22,2019-10-22,1
ESP,2019-10-28,2019-10-28,2019-10-28,1
ESP,2019-12-14,2019-12-14,2019-12-14,1
ESP,2020-01-19,2020-01-19,2020-01-19,1
ESP,2021-01-08,2021-01-08,2021-01-08,1
ESP,2021-08-29,2021-08-29,2021-08-29,1
ESP,2021-10-16,2021-10-16,2021-10-16,1
ESP,2021-11-22,2021-11-22,2021-11-22,1
ESP,2022-05-30,2022-05-30,2022-05-30,1
ESP,2022-06-18,2022-06-18,2022-06-18,1
ESP,2022-12-07,2022-12-07,2022-12-07,1
ESP,2023-01,2023-01-01,2023-01-31,1
ESP,2023-07,2023-07-01,2023-07-31,1
ESP,2023-09-02,2023-09-02,2023-09-02,1
ESP,2023-10-01,2023-10-01,2023-10-01,1
ESP,2023-11-02,2023-11-02,2023-11-02,2
ESP,2023-11-04,2023-11-04,2023-11-04,1
EST,2001-09-08,2001-09-08,2001-09-08,1
EST,2005-01-07,2005-01-07,2005-01-07,1
EST,2006-01,2006-01-01,2006-01-31,1
EST,2011-02-20,2011-02-20,2011-02-20,1
EST,2011-11-25,2011-11-25,2011-11-25,1
EST,2012-02,2012-02-01,2012-02-29,1
EST,2013-10-27,2013-10-27,2013-10-27,1
EST,2018-02-01,2018-02-01,2018-02-01,1
EST,2022-05-30,2022-05-30,2022-05-30,1
EST,2023-07,2023-07-01,2023-07-31,1
ETH,2000-01-01,2000-01-01,2000-01-01,1
ETH,2000-01,2000-01-01,2000-01-31,1
ETH,2000-02,2000-02-01,2000-02-29,1
ETH,2000-02-07,2000-02-07,2000-02-07,1
ETH,2000-03,2000-03-01,2000-03-31,1
ETH,2000-03-23,2000-03-23,2000-03-23,1
ETH,2000-05,2000-05-01,2000-05-31,1
ETH,2000-06-05,2000-06-05,2000-06-05,1
ETH,2000-06-29,2000-06-29,2000-06-29,1
ETH,2000-07-04,2000-07-04,2000-07-04,1
ETH,2000-08-10,2000-08-10,2000-08-10,1
ETH,2000-11,2000-11-01,2000-11-30,1
ETH,2001-01,2001-01-01,2001-01-31,1
ETH,2001-03-10,2001-03-10,2001-03-10,1
ETH,2001-07,2001-07-01,2001-07-31,1
ETH,2001-07-17,2001-07-17,2001-07-17,1
ETH,2001-08,2001-08-01,2001-08-31,1
ETH,2001-08-10,2001-08-10,2001-08-10,1
ETH,2001-09-10,2001-09-10,2001-09-10,1
ETH,2002-01-15,2002-01-15,2002-01-15,1
ETH,2002-02-02,2002-02-02,2002-02-02,1
ETH,2002-04-16,2002-04-16,2002-04-16,1
ETH,2002-11,2002-11-01,2002-11-30,1
ETH,2002-11-23,2002-11-23,2002-11-23,1
ETH,2002-12-03,2002-12-03,2002-12-03,1
ETH,2003,2003-01-01,2003-12-31,1
ETH,2003-04-28,2003-04-28,2003-04-28,1
ETH,2003-11-29,2003-11-29,2003-11-29,1
ETH,2003-12-29,2003-12-29,2003-12-29,1
ETH,2004-03-26,2004-03-26,2004-03-26,1
ETH,2004-09-29,2004-09-29,2004-09-29,1
ETH,2005-04,2005-04-01,2005-04-30,1
ETH,2005-04-23,2005-04-23,2005-04-23,1
ETH,2005-05-20,2005-05-20,2005-05-20,1
ETH,2005-07,2005-07-01,2005-07-31,1
ETH,2005-07-06,2005-07-06,2005-07-06,1
ETH,2005-08-19,2005-08-19,2005-08-19,1
ETH,2005-09-01,2005-09-01,2005-09-01,1
ETH,2005-09,2005-09-01,2005-09-30,1
ETH,2005-09-21,2005-09-21,2005-09-21,1
ETH,2005-11,2005-11-01,2005-11-30,1
ETH,2006-04-09,2006-04-09,2006-04-09,1
ETH,2006-04-15,2006-04-15,2006-04-15,2
ETH,2006-05-30,2006-05-30,2006-05-30,1
ETH,2006-08-05,2006-08-05,2006-08-05,1
ETH,2006-08-09,2006-08-09,2006-08-09,1
ETH,2006-08-13,2006-08-13,2006-08-13,2
ETH,2006-08-23,2006-08-23,2006-08-23,1
ETH,2006-10-27,2006-10-27,2006-10-27,1
ETH,2007-06-06,2007-06-06,2007-06-06,1
ETH,2007-07-29,2007-07-29,2007-07-29,1
ETH,2007-08-12,2007-08-12,2007-08-12,1
ETH,2008-05,2008-05-01,2008-05-31,1
ETH,2008-05-30,2008-05-30,2008-05-30,1
ETH,2008-08-20,2008-08-20,2008-08-20,1
ETH,2008-09,2008-09-01,2008-09-30,1
ETH,2008-11-16,2008-11-16,2008-11-16,1
ETH,2009-01,2009-01-01,2009-01-31,1
ETH,2009-08,2009-08-01,2009-08-31,1
ETH,2010-01-01,2010-01-01,2010-01-01,1
ETH,2010-03-01,2010-03-01,2010-03-01,1
ETH,2010-08-22,2010-08-22,2010-08-22,1
ETH,2011-01,2011-01-01,2011-01-31,1
ETH,2011-11-07,2011-11-07,2011-11-07,1
ETH,2012,2012-01-01,2012-12-31,1
ETH,2013-04-10,2013-04-10,2013-04-10,1
ETH,2013-07,2013-07-01,2013-07-31,2
ETH,2013-10-14,2013-10-14,2013-10-14,1
ETH,2015-09,2015-09-01,2015-09-30,1
ETH,2015-11,2015-11-01,2015-11-30,1
ETH,2016-04-02,2016-04-02,2016-04-02,1
ETH,2016-05-09,2016-05-09,2016-05-09,1
ETH,2016-09-03,2016-09-03,2016-09-03,1
ETH,2016-10-01,2016-10-01,2016-10-01,1
ETH,2018-05-20,2018-05-20,2018-05-20,1
ETH,2018-09-04,2018-09-04,2018-09-04,1
ETH,2018-10,2018-10-01,2018-10-31,1
ETH,2018-10-27,2018-10-27,2018-10-27,1
ETH,2019-03-10,2019-03-10,2019-03-10,1
ETH,2019-04-25,2019-04-25,2019-04-25,1
ETH,2019-10-01,2019-10-01,2019-10-01,1
ETH,2019-10-15,2019-10-15,2019-10-15,1
ETH,2019-11,2019-11-01,2019-11-30,1
ETH,2019-12,2019-12-01,2019-12-31,1
ETH,2020-01-20,2020-01-20,2020-01-20,1
ETH,2020-04-20,2020-04-20,2020-04-20,1
ETH,2020-05-09,2020-05-09,2020-05-09,1
ETH,2020-05-28,2020-05-28,2020-05-28,1
ETH,2020-06,2020-06-01,2020-06-30,1
ETH,2021-05-01,2021-05-01,2021-05-01,1
ETH,2021-05,2021-05-01,2021-05-31,1
ETH,2022,2022-01-01,2022-12-31,1
ETH,2022-08,2022-08-01,2022-08-31,1
ETH,2022-09-16,2022-09-16,2022-09-16,1
ETH,2023-03-25,2023-03-25,2023-03-25,1
ETH,2023-10,2023-10-01,2023-10-31,1
FIN,2004-03-19,2004-03-19,2004-03-19,1
FIN,2005-05-25,2005-05-25,2005-05-25,1
FIN,2022-05-30,2022-05-30,2022-05-30,1
FIN,2023-07,2023-07-01,2023-07-31,1
FJI,2003-01-14,2003-01-14,2003-01-14,1
FJI,2004-04-08,2004-04-08,2004-04-08,1
FJI,2004-06-05,2004-06-05,2004-06-05,1
FJI,2006-01-29,2006-01-29,2006-01-29,1
FJI,2006-02-04,2006-02-04,2006-02-04,1
FJI,2007-02-03,2007-02-03,2007-02-03,1
FJI,2007-03-09,2007-03-09,2007-03-09,1
FJI,2007-04-05,2007-04-05,2007-04-05,1
FJI,2007-12-05,2007-12-05,2007-12-05,1
FJI,2008-01-28,2008-01-28,2008-01-28,1
FJI,2009-01-08,2009-01-08,2009-01-08,1
FJI,2009-12-14,2009-12-14,2009-12-14,1
FJI,2010-03-14,2010-03-14,2010-03-14,1
FJI,2012-01-22,2012-01-22,2012-01-22,1
FJI,2012-03-29,2012-03-29,2012-03-29,1
FJI,2012-12-16,2012-12-16,2012-12-16,1
FJI,2015-09,2015-09-01,2015-09-30,1
FJI,2016-02-20,2016-02-20,2016-02-20,1
FJI,2016-04-04,2016-04-04,2016-04-04,1
FJI,2018-04-02,2018-04-02,2018-04-02,1
FJI,2018-04-09,2018-04-09,2018-04-09,1
FJI,2019-11,2019-11-01,2019-11-30,1
FJI,2019-12-26,2019-12-26,2019-12-26,1
FJI,2020-01-17,2020-01-17,2020-01-17,1
FJI,2020-04-08,2020-04-08,2020-04-08,1
FJI,2020-12-17,2020-12-17,2020-12-17,1
FJI,2021-01-30,2021-01-30,2021-01-30,1
FJI,2022-01-08,2022-01-08,2022-01-08,1
FJI,2023-11-14,2023-11-14,2023-11-14,1
FRA,2000-06-09,2000-06-09,2000-06-09,1
FRA,2000-07-06,2000-07-06,2000-07-06,1
FRA,2000-07-25,2000-07-25,2000-07-25,1
FRA,2000-09-19,2000-09-19,2000-09-19,1
FRA,2000-11-05,2000-11-05,2000-11-05,1
FRA,2000-12-02,2000-12-02,2000-12-02,1
FRA,2000-12-11,2000-12-11,2000-12-11,1
FRA,2001-01-01,2001-01-01,2001-01-01,1
FRA,2001-01-10,2001-01-10,2001-01-10,1
FRA,2001-03-21,2001-03-21,2001-03-21,1
FRA,2001-04-07,2001-04-07,2001-04-07,1
FRA,2001-07-04,2001-07-04,2001-07-04,1
FRA,2001-07-06,2001-07-06,2001-07-06,1
FRA,2001-07-08,2001-07-08,2001-07-08,1
FRA,2001-09-21,2001-09-21,2001-09-21,1
FRA,2001-10-20,2001-10-20,2001-10-20,1
FRA,2002-01-02,2002-01-02,2002-01-02,1
FRA,2002-08-25,2002-08-25,2002-08-25,1
FRA,2002-09-08,2002-09-08,2002-09-08,1
FRA,2002-10-27,2002-10-27,2002-10-27,1
FRA,2002-11-06,2002-11-06,2002-11-06,1
FRA,2002-11-18,2002-11-18,2002-11-18,1
FRA,2003-01-01,2003-01-01,2003-01-01,1
FRA,2003-01-02,2003-01-02,2003-01-02,1
FRA,2003-05-14,2003-05-14,2003-05-14,1
FRA,2003-05-17,2003-05-17,2003-05-17,1
FRA,2003-07-15,2003-07-15,2003-07-15,1
FRA,2003-07-28,2003-07-28,2003-07-28,1
FRA,2003-08-01,2003-08-01,2003-08-01,1
FRA,2003-11-15,2003-11-15,2003-11-15,1
FRA,2003-12-01,2003-12-01,2003-12-01,1
FRA,2004-06-23,2004-06-23,2004-06-23,1
FRA,2004-08-17,2004-08-17,2004-08-17,1
FRA,2004-12-26,2004-12-26,2004-12-26,1
FRA,2005-04-14,2005-04-14,2005-04-14,1
FRA,2005-06-20,2005-06-20,2005-06-20,1
FRA,2005-08-25,2005-08-25,2005-08-25,1
FRA,2005-09-03,2005-09-03,2005-09-03,1
FRA,2005-09-07,2005-09-07,2005-09-07,1
FRA,2005-11-15,2005-11-15,2005-11-15,1
FRA,2005-11-23,2005-11-23,2005-11-23,1
FRA,2005-12-27,2005-12-27,2005-12-27,1
FRA,2006-03-01,2006-03-01,2006-03-01,1
FRA,2006-07-15,2006-07-15,2006-07-15,1
FRA,2006-10-11,2006-10-11,2006-10-11,1
FRA,2006-10-23,2006-10-23,2006-10-23,1
FRA,2007-01-18,2007-01-18,2007-01-18,1
FRA,2007-01-23,2007-01-23,2007-01-23,1
FRA,2007-05-25,2007-05-25,2007-05-25,1
FRA,2007-07-22,2007-07-22,2007-07-22,1
FRA,2008-06-10,2008-06-10,2008-06-10,1
FRA,2008-08-03,2008-08-03,2008-08-03,1
FRA,2009-01-06,2009-01-06,2009-01-06,1
FRA,2009-01-14,2009-01-14,2009-01-14,1
FRA,2009-01-24,2009-01-24,2009-01-24,1
FRA,2009-07,2009-07-01,2009-07-31,1
FRA,2009-12-18,2009-12-18,2009-12-18,1
FRA,2010-02-28,2010-02-28,2010-02-28,1
FRA,2010-06-15,2010-06-15,2010-06-15,1
FRA,2010-11-28,2010-11-28,2010-11-28,1
FRA,2010-12-23,2010-12-23,2010-12-23,1
FRA,2011-11-04,2011-11-04,2011-11-04,1
FRA,2012-02,2012-02-01,2012-02-29,1
FRA,2013-03-05,2013-03-05,2013-03-05,1
FRA,2013-06-17,2013-06-17,2013-06-17,1
FRA,2013-07-12,2013-07-12,2013-07-12,1
FRA,2013-10-27,2013-10-27,2013-10-27,1
FRA,2013-12-23,2013-12-23,2013-12-23,1
FRA,2014-01-07,2014-01-07,2014-01-07,1
FRA,2014-01-16,2014-01-16,2014-01-16,1
FRA,2014-02-14,2014-02-14,2014-02-14,1
FRA,2014-06-08,2014-06-08,2014-06-08,1
FRA,2014-09-16,2014-09-16,2014-09-16,1
FRA,2014-11-15,2014-11-15,2014-11-15,1
FRA,2014-11-25,2014-11-25,2014-11-25,1
FRA,2015-06-29,2015-06-29,2015-06-29,1
FRA,2015-09-16,2015-09-16,2015-09-16,1
FRA,2015-10-03,2015-10-03,2015-10-03,1
FRA,2015-10-23,2015-10-23,2015-10-23,1
FRA,2015-11-14,2015-11-14,2015-11-14,1
FRA,2016-03-24,2016-03-24,2016-03-24,1
FRA,2016-05-28,2016-05-28,2016-05-28,1
FRA,2016-08-06,2016-08-06,2016-08-06,1
FRA,2017-03-06,2017-03-06,2017-03-06,1
FRA,2017-06-13,2017-06-13,2017-06-13,1
FRA,2017-07-24,2017-07-24,2017-07-24,1
FRA,2018-01-03,2018-01-03,2018-01-03,1
FRA,2018-01-17,2018-01-17,2018-01-17,1
FRA,2018-01-21,2018-01-21,2018-01-21,1
FRA,2018-02-23,2018-02-23,2018-02-23,1
FRA,2018-07,2018-07-01,2018-07-31,1
FRA,2018-10-14,2018-10-14,2018-10-14,1
FRA,2018-10-29,2018-10-29,2018-10-29,1
FRA,2019-06-15,2019-06-15,2019-06-15,1
FRA,2019-06-24,2019-06-24,2019-06-24,1
FRA,2019-07-21,2019-07-21,2019-07-21,1
FRA,2019-08-09,2019-08-09,2019-08-09,1
FRA,2019-10-22,2019-10-22,2019-10-22,1
FRA,2019-10-28,2019-10-28,2019-10-28,1
FRA,2019-11-11,2019-11-11,2019-11-11,1
FRA,2019-11-22,2019-11-22,2019-11-22,1
FRA,2019-11-23,2019-11-23,2019-11-23,1
FRA,2019-12-10,2019-12-10,2019-12-10,1
FRA,2019-12-19,2019-12-19,2019-12-19,1
FRA,2020-01-21,2020-01-21,2020-01-21,1
FRA,2020-02-10,2020-02-10,2020-02-10,1
FRA,2020-02-15,2020-02-15,2020-02-15,1
FRA,2020-05-09,2020-05-09,2020-05-09,1
FRA,2020-06-10,2020-06-10,2020-06-10,1
FRA,2020-07-30,2020-07-30,2020-07-30,1
FRA,2020-09-18,2020-09-18,2020-09-18,1
FRA,2020-10-02,2020-10-02,2020-10-02,1
FRA,2021-02-01,2021-02-01,2021-02-01,1
FRA,2021-04-05,2021-04-05,2021-04-05,1
FRA,2021-06-21,2021-06-21,2021-06-21,1
FRA,2021-07-15,2021-07-15,2021-07-15,1
FRA,2021-07-23,2021-07-23,2021-07-23,1
FRA,2021-09-14,2021-09-14,2021-09-14,1
FRA,2021-10-21,2021-10-21,2021-10-21,1
FRA,2021-11-24,2021-11-24,2021-11-24,1
FRA,2021-11-27,2021-11-27,2021-11-27,1
FRA,2021-12-09,2021-12-09,2021-12-09,1
FRA,2022-02-18,2022-02-18,2022-02-18,1
FRA,2022-05-30,2022-05-30,2022-05-30,1
FRA,2022-06-04,2022-06-04,2022-06-04,1
FRA,2022-07,2022-07-01,2022-07-31,1
FRA,2022-08-17,2022-08-17,2022-08-17,1
FRA,2022-10-23,2022-10-23,2022-10-23,1
FRA,2022-12-16,2022-12-16,2022-12-16,1
FRA,2023-06-16,2023-06-16,2023-06-16,1
FRA,2023-07,2023-07-01,2023-07-31,1
FRA,2023-08-09,2023-08-09,2023-08-09,1
FRA,2023-08-14,2023-08-14,2023-08-14,1
FRA,2023-11-02,2023-11-02,2023-11-02,1
FRA,2023-11-04,2023-11-04,2023-11-04,1
FRA,2023-11-06,2023-11-06,2023-11-06,1
FRA,2023-11-15,2023-11-15,2023-11-15,1
FRA,2023-12-30,2023-12-30,2023-12-30,1
FSM,2000-04-17,2000-04-17,2000-04-17,1
FSM,2002-03-03,2002-03-03,2002-03-03,1
FSM,2002-07-01,2002-07-01,2002-07-01,1
FSM,2003-11-21,2003-11-21,2003-11-21,1
FSM,2004-04-03,2004-04-03,2004-04-03,1
FSM,2008-12-09,2008-12-09,2008-12-09,1
FSM,2015-03-27,2015-03-27,2015-03-27,1
FSM,2016,2016-01-01,2016-12-31,1
FSM,2019-02-19,2019-02-19,2019-02-19,1
FSM,2023-09,2023-09-01,2023-09-30,1
GAB,2001-11,2001-11-01,2001-11-30,1
GAB,2002-05-10,2002-05-10,2002-05-10,1
GAB,2003-08-24,2003-08-24,2003-08-24,1
GAB,2004-06-08,2004-06-08,2004-06-08,1
GAB,2004-12,2004-12-01,2004-12-31,1
GAB,2007-05-10,2007-05-10,2007-05-10,1
GAB,2007-12-03,2007-12-03,2007-12-03,1
GAB,2008-06-30,2008-06-30,2008-06-30,1
GAB,2008-08-04,2008-08-04,2008-08-04,1
GAB,2009-04-05,2009-04-05,2009-04-05,1
GAB,2010-04,2010-04-01,2010-04-30,1
GAB,2010-04-10,2010-04-10,2010-04-10,1
GAB,2010-04-17,2010-04-17,2010-04-17,1
GAB,2010-12,2010-12-01,2010-12-31,1
GAB,2011-08-13,2011-08-13,2011-08-13,1
GAB,2012-06,2012-06-01,2012-06-30,1
GAB,2013-03-21,2013-03-21,2013-03-21,1
GAB,2016-08-06,2016-08-06,2016-08-06,1
GAB,2023-03-08,2023-03-08,2023-03-08,1
GAB,2023-05-15,2023-05-15,2023-05-15,1
GBR,2000-04-26,2000-04-26,2000-04-26,1
GBR,2000-06-04,2000-06-04,2000-06-04,1
GBR,2000-10-09,2000-10-09,2000-10-09,1
GBR,2000-10-28,2000-10-28,2000-10-28,1
GBR,2000-12,2000-12-01,2000-12-31,1
GBR,2001-01,2001-01-01,2001-01-31,1
GBR,2001-02-09,2001-02-09,2001-02-09,1
GBR,2001-02-28,2001-02-28,2001-02-28,1
GBR,2001-10-21,2001-10-21,2001-10-21,1
GBR,2002-01-28,2002-01-28,2002-01-28,1
GBR,2002-07-16,2002-07-16,2002-07-16,1
GBR,2002-07-20,2002-07-20,2002-07-20,1
GBR,2002-08-10,2002-08-10,2002-08-10,1
GBR,2002-10-26,2002-10-26,2002-10-26,1
GBR,2002-11-14,2002-11-14,2002-11-14,1
GBR,2003-07,2003-07-01,2003-07-31,1
GBR,2004-01-30,2004-01-30,2004-01-30,1
GBR,2004-08-16,2004-08-16,2004-08-16,1
GBR,2004-11-06,2004-11-06,2004-11-06,1
GBR,2005-01-07,2005-01-07,2005-01-07,1
GBR,2005-01-11,2005-01-11,2005-01-11,1
GBR,2005-10-12,2005-10-12,2005-10-12,1
GBR,2005-11-25,2005-11-25,2005-11-25,1
GBR,2005-12-27,2005-12-27,2005-12-27,1
GBR,2007-01-17,2007-01-17,2007-01-17,1
GBR,2007-04-28,2007-04-28,2007-04-28,1
GBR,2007-06-15,2007-06-15,2007-06-15,1
GBR,2007-06-25,2007-06-25,2007-06-25,1
GBR,2007-07-20,2007-07-20,2007-07-20,1
GBR,2008-01-15,2008-01-15,2008-01-15,1
GBR,2008-09-06,2008-09-06,2008-09-06,1
GBR,2009-04-01,2009-04-01,2009-04-01,1
GBR,2009-11-13,2009-11-13,2009-11-13,1
GBR,2009-11-18,2009-11-18,2009-11-18,1
GBR,2009-12-19,2009-12-19,2009-12-19,1
GBR,2010-02-27,2010-02-27,2010-02-27,1
GBR,2010-11-16,2010-11-16,2010-11-16,1
GBR,2010-11-28,2010-11-28,2010-11-28,1
GBR,2011-11-25,2011-11-25,2011-11-25,1
GBR,2012-06-10,2012-06-10,2012-06-10,1
GBR,2012-09-23,2012-09-23,2012-09-23,1
GBR,2012-11-21,2012-11-21,2012-11-21,1
GBR,2012-12-23,2012-12-23,2012-12-23,1
GBR,2013-07,2013-07-01,2013-07-31,1
GBR,2013-10-27,2013-10-27,2013-10-27,1
GBR,2013-11-29,2013-11-29,2013-11-29,1
GBR,2013-12-05,2013-12-05,2013-12-05,1
GBR,2013-12-23,2013-12-23,2013-12-23,2
GBR,2014-01-03,2014-01-03,2014-01-03,1
GBR,2014-02-12,2014-02-12,2014-02-12,1
GBR,2015-08-24,2015-08-24,2015-08-24,1
GBR,2015-12-04,2015-12-04,2015-12-04,1
GBR,2015-12-26,2015-12-26,2015-12-26,1
GBR,2016-01-29,2016-01-29,2016-01-29,1
GBR,2017-06-14,2017-06-14,2017-06-14,1
GBR,2017-07-18,2017-07-18,2017-07-18,1
GBR,2017-11-22,2017-11-22,2017-11-22,1
GBR,2018-01-02,2018-01-02,2018-01-02,1
GBR,2018-06-30,2018-06-30,2018-06-30,1
GBR,2018-10-12,2018-10-12,2018-10-12,1
GBR,2019-06-26,2019-06-26,2019-06-26,1
GBR,2019-07-21,2019-07-21,2019-07-21,1
GBR,2019-11-07,2019-11-07,2019-11-07,1
GBR,2020-02-09,2020-02-09,2020-02-09,1
GBR,2020-02-15,2020-02-15,2020-02-15,1
GBR,2020-02-28,2020-02-28,2020-02-28,1
GBR,2020-06,2020-06-01,2020-06-30,1
GBR,2021-10-21,2021-10-21,2021-10-21,1
GBR,2022-01-28,2022-01-28,2022-01-28,1
GBR,2022-02-16,2022-02-16,2022-02-16,1
GBR,2022-02-18,2022-02-18,2022-02-18,1
GBR,2022-04,2022-04-01,2022-04-30,1
GBR,2022-05-30,2022-05-30,2022-05-30,1
GBR,2023-07,2023-07-01,2023-07-31,1
GBR,2023-11-02,2023-11-02,2023-11-02,1
GEO,2000-08,2000-08-01,2000-08-31,1
GEO,2000-10-25,2000-10-25,2000-10-25,1
GEO,2001-02,2001-02-01,2001-02-28,1
GEO,2002-04-25,2002-04-25,2002-04-25,1
GEO,2004-03-05,2004-03-05,2004-03-05,1
GEO,2004-07-15,2004-07-15,2004-07-15,1
GEO,2005-04-23,2005-04-23,2005-04-23,1
GEO,2006-04-15,2006-04-15,2006-04-15,1
GEO,2009-09-07,2009-09-07,2009-09-07,1
GEO,2011-06-12,2011-06-12,2011-06-12,1
GEO,2012-05-12,2012-05-12,2012-05-12,1
GEO,2012-07-19,2012-07-19,2012-07-19,1
GEO,2013-03-24,2013-03-24,2013-03-24,1
GEO,2013-07-19,2013-07-19,2013-07-19,1
GEO,2013-08-17,2013-08-17,2013-08-17,1
GEO,2014-09-21,2014-09-21,2014-09-21,1
GEO,2015-06-07,2015-06-07,2015-06-07,1
GEO,2017-11-24,2017-11-24,2017-11-24,1
GEO,2018-07-05,2018-07-05,2018-07-05,1
GEO,2019-05-12,2019-05-12,2019-05-12,1
GEO,2020-07-29,2020-07-29,2020-07-29,1
GEO,2020-08-24,2020-08-24,2020-08-24,1
GEO,2021-09-22,2021-09-22,2021-09-22,1
GEO,2022-06-21,2022-06-21,2022-06-21,1
GEO,2023-06-15,2023-06-15,2023-06-15,1
GEO,2023-08-03,2023-08-03,2023-08-03,1
GHA,2000-06-24,2000-06-24,2000-06-24,1
GHA,2001-01,2001-01-01,2001-01-31,1
GHA,2001-04-01,2001-04-01,2001-04-01,1
GHA,2001-04-21,2001-04-21,2001-04-21,1
GHA,2001-05-09,2001-05-09,2001-05-09,1
GHA,2001-06-05,2001-06-05,2001-06-05,1
GHA,2001-06-27,2001-06-27,2001-06-27,1
GHA,2002-01-22,2002-01-22,2002-01-22,1
GHA,2002-04-08,2002-04-08,2002-04-08,1
GHA,2002-04-18,2002-04-18,2002-04-18,1
GHA,2002-06-10,2002-06-10,2002-06-10,1
GHA,2004-11-29,2004-11-29,2004-11-29,1
GHA,2005-03-25,2005-03-25,2005-03-25,1
GHA,2005-08-10,2005-08-10,2005-08-10,1
GHA,2005-11,2005-11-01,2005-11-30,1
GHA,2006-04-08,2006-04-08,2006-04-08,1
GHA,2006-09-05,2006-09-05,2006-09-05,1
GHA,2007-04-16,2007-04-16,2007-04-16,1
GHA,2007-08-10,2007-08-10,2007-08-10,1
GHA,2007-09-21,2007-09-21,2007-09-21,1
GHA,2008-07,2008-07-01,2008-07-31,1
GHA,2008-11-26,2008-11-26,2008-11-26,1
GHA,2009-06-06,2009-06-06,2009-06-06,1
GHA,2009-09-17,2009-09-17,2009-09-17,1
GHA,2009-10-19,2009-10-19,2009-10-19,1
GHA,2009-11-12,2009-11-12,2009-11-12,1
GHA,2010,2010-01-01,2010-12-31,1
GHA,2010-06-20,2010-06-20,2010-06-20,1
GHA,2010-06-29,2010-06-29,2010-06-29,1
GHA,2010-09,2010-09-01,2010-09-30,1
GHA,2011-07-22,2011-07-22,2011-07-22,1
GHA,2011-09,2011-09-01,2011-09-30,1
GHA,2011-09-06,2011-09-06,2011-09-06,1
GHA,2011-10-08,2011-10-08,2011-10-08,1
GHA,2011-10-26,2011-10-26,2011-10-26,1
GHA,2012-01-01,2012-01-01,2012-01-01,2
GHA,2012-06-02,2012-06-02,2012-06-02,1
GHA,2013-01-08,2013-01-08,2013-01-08,1
GHA,2013-03-03,2013-03-03,2013-03-03,1
GHA,2013-04-17,2013-04-17,2013-04-17,1
GHA,2014-06,2014-06-01,2014-06-30,1
GHA,2015-06-02,2015-06-02,2015-06-02,1
GHA,2015-06-04,2015-06-04,2015-06-04,1
GHA,2015-12,2015-12-01,2015-12-31,1
GHA,2016-02-18,2016-02-18,2016-02-18,1
GHA,2016-06-10,2016-06-10,2016-06-10,1
GHA,2016-10-21,2016-10-21,2016-10-21,1
GHA,2017-03-19,2017-03-19,2017-03-19,1
GHA,2017-04-01,2017-04-01,2017-04-01,1
GHA,2017-07-02,2017-07-02,2017-07-02,1
GHA,2018-08-31,2018-08-31,2018-08-31,1
GHA,2019-01-23,2019-01-23,2019-01-23,1
GHA,2019-03-22,2019-03-22,2019-03-22,1
GHA,2019-06-04,2019-06-04,2019-06-04,1
GHA,2019-10-06,2019-10-06,2019-10-06,1
GHA,2020-01-14,2020-01-14,2020-01-14,1
GHA,2020-03-09,2020-03-09,2020-03-09,1
GHA,2020-06-08,2020-06-08,2020-06-08,1
GHA,2020-09-05,2020-09-05,2020-09-05,1
GHA,2020-10-23,2020-10-23,2020-10-23,1
GHA,2021-06-26,2021-06-26,2021-06-26,1
GHA,2021-08-26,2021-08-26,2021-08-26,1
GHA,2022-01-20,2022-01-20,2022-01-20,1
GHA,2022-05-06,2022-05-06,2022-05-06,1
GHA,2022-10-04,2022-10-04,2022-10-04,1
GHA,2023-06-21,2023-06-21,2023-06-21,1
GHA,2023-10-13,2023-10-13,2023-10-13,1
GIN,2000-05,2000-05-01,2000-05-31,1
GIN,2000-06-22,2000-06-22,2000-06-22,1
GIN,2000-10-12,2000-10-12,2000-10-12,1
GIN,2000-11-26,2000-11-26,2000-11-26,1
GIN,2001-03-03,2001-03-03,2001-03-03,1
GIN,2001-03-04,2001-03-04,2001-03-04,1
GIN,2001-03-09,2001-03-09,2001-03-09,1
GIN,2001-03-25,2001-03-25,2001-03-25,1
GIN,2001-04-23,2001-04-23,2001-04-23,1
GIN,2001-08-06,2001-08-06,2001-08-06,1
GIN,2001-08-18,2001-08-18,2001-08-18,1
GIN,2002-01,2002-01-01,2002-01-31,1
GIN,2002-04-20,2002-04-20,2002-04-20,1
GIN,2002-08-15,2002-08-15,2002-08-15,1
GIN,2003-01-01,2003-01-01,2003-01-01,1
GIN,2004-01-10,2004-01-10,2004-01-10,1
GIN,2004-05-23,2004-05-23,2004-05-23,1
GIN,2004-06,2004-06-01,2004-06-30,1
GIN,2004-09-15,2004-09-15,2004-09-15,1
GIN,2005-04-11,2005-04-11,2005-04-11,1
GIN,2005-09-02,2005-09-02,2005-09-02,1
GIN,2006-01-01,2006-01-01,2006-01-01,1
GIN,2006-01,2006-01-01,2006-01-31,1
GIN,2006-01-04,2006-01-04,2006-01-04,1
GIN,2006-05-25,2006-05-25,2006-05-25,1
GIN,2006-08-31,2006-08-31,2006-08-31,1
GIN,2006-12-23,2006-12-23,2006-12-23,1
GIN,2007-01,2007-01-01,2007-01-31,1
GIN,2007-03-19,2007-03-19,2007-03-19,1
GIN,2007-03-28,2007-03-28,2007-03-28,1
GIN,2007-09,2007-09-01,2007-09-30,1
GIN,2008-03-14,2008-03-14,2008-03-14,1
GIN,2008-08-08,2008-08-08,2008-08-08,1
GIN,2008-11-13,2008-11-13,2008-11-13,1
GIN,2009-05-07,2009-05-07,2009-05-07,1
GIN,2009-08-03,2009-08-03,2009-08-03,1
GIN,2010-07-06,2010-07-06,2010-07-06,1
GIN,2010-09-15,2010-09-15,2010-09-15,1
GIN,2010-11-29,2010-11-29,2010-11-29,1
GIN,2011-09,2011-09-01,2011-09-30,1
GIN,2011-10-28,2011-10-28,2011-10-28,1
GIN,2011-12,2011-12-01,2011-12-31,1
GIN,2012-02-02,2012-02-02,2012-02-02,1
GIN,2012-03-03,2012-03-03,2012-03-03,1
GIN,2012-08-24,2012-08-24,2012-08-24,1
GIN,2012-08-31,2012-08-31,2012-08-31,1
GIN,2012-12-22,2012-12-22,2012-12-22,1
GIN,2013-08-01,2013-08-01,2013-08-01,1
GIN,2013-11-19,2013-11-19,2013-11-19,1
GIN,2013-12,2013-12-01,2013-12-31,1
GIN,2014-02,2014-02-01,2014-02-28,1
GIN,2014-06-13,2014-06-13,2014-06-13,1
GIN,2014-07-29,2014-07-29,2014-07-29,1
GIN,2014-10-10,2014-10-10,2014-10-10,1
GIN,2015-03-20,2015-03-20,2015-03-20,1
GIN,2015-07-24,2015-07-24,2015-07-24,1
GIN,2015-09-06,2015-09-06,2015-09-06,1
GIN,2015-12-13,2015-12-13,2015-12-13,1
GIN,2016-02-10,2016-02-10,2016-02-10,1
GIN,2017-01,2017-01-01,2017-01-31,1
GIN,2017-07-04,2017-07-04,2017-07-04,1
GIN,2018-12-06,2018-12-06,2018-12-06,1
GIN,2019-02-03,2019-02-03,2019-02-03,1
GIN,2019-11-07,2019-11-07,2019-11-07,1
GIN,2020-09-06,2020-09-06,2020-09-06,1
GIN,2021-05-08,2021-05-08,2021-05-08,1
GIN,2021-08-06,2021-08-06,2021-08-06,1
GIN,2021-08-30,2021-08-30,2021-08-30,1
GIN,2022-03-01,2022-03-01,2022-03-01,1
GIN,2022-08-25,2022-08-25,2022-08-25,1
GIN,2022-11-06,2022-11-06,2022-11-06,1
GIN,2023-08-06,2023-08-06,2023-08-06,1
GIN,2023-12-18,2023-12-18,2023-12-18,1
GLP,2001-03-24,2001-03-24,2001-03-24,1
GLP,2004-11-21,2004-11-21,2004-11-21,1
GLP,2007-08-29,2007-08-29,2007-08-29,1
GLP,2010-08,2010-08-01,2010-08-31,1
GLP,2017-09-20,2017-09-20,2017-09-20,1
GLP,2022-09-16,2022-09-16,2022-09-16,1
GMB,2000-11,2000-11-01,2000-11-30,1
GMB,2001-07-05,2001-07-05,2001-07-05,1
GMB,2002-02-14,2002-02-14,2002-02-14,1
GMB,2002-05,2002-05-01,2002-05-31,1
GMB,2002-09-26,2002-09-26,2002-09-26,1
GMB,2003-08-24,2003-08-24,2003-08-24,1
GMB,2004-05-24,2004-05-24,2004-05-24,1
GMB,2004-08,2004-08-01,2004-08-31,1
GMB,2007-07-18,2007-07-18,2007-07-18,1
GMB,2007-10-12,2007-10-12,2007-10-12,1
GMB,2008-01-14,2008-01-14,2008-01-14,1
GMB,2008-06-02,2008-06-02,2008-06-02,1
GMB,2008-09,2008-09-01,2008-09-30,1
GMB,2009-07-02,2009-07-02,2009-07-02,1
GMB,2009-09,2009-09-01,2009-09-30,1
GMB,2010-07-15,2010-07-15,2010-07-15,1
GMB,2010-09-05,2010-09-05,2010-09-05,1
GMB,2012-03,2012-03-01,2012-03-31,1
GMB,2013-08-12,2013-08-12,2013-08-12,1
GMB,2014-02,2014-02-01,2014-02-28,1
GMB,2015-01,2015-01-01,2015-01-31,1
GMB,2017-08,2017-08-01,2017-08-31,1
GMB,2019-06-19,2019-06-19,2019-06-19,1
GMB,2021-07-02,2021-07-02,2021-07-02,1
GMB,2022-07-30,2022-07-30,2022-07-30,1
GNB,2002-05,2002-05-01,2002-05-31,1
GNB,2003-10,2003-10-01,2003-10-31,1
GNB,2004-09-27,2004-09-27,2004-09-27,1
GNB,2004-10,2004-10-01,2004-10-31,1
GNB,2005-03-23,2005-03-23,2005-03-23,1
GNB,2005-06-06,2005-06-06,2005-06-06,1
GNB,2006-02-19,2006-02-19,2006-02-19,1
GNB,2006-05,2006-05-01,2006-05-31,1
GNB,2007-06-06,2007-06-06,2007-06-06,1
GNB,2008-05,2008-05-01,2008-05-31,1
GNB,2008-07-21,2008-07-21,2008-07-21,1
GNB,2009-01-11,2009-01-11,2009-01-11,1
GNB,2009-01-12,2009-01-12,2009-01-12,1
GNB,2010-04-25,2010-04-25,2010-04-25,1
GNB,2010-08,2010-08-01,2010-08-31,1
GNB,2012-12-28,2012-12-28,2012-12-28,1
GNB,2014-09-27,2014-09-27,2014-09-27,1
GNB,2015-08-03,2015-08-03,2015-08-03,1
GNB,2018-01-05,2018-01-05,2018-01-05,1
GNB,2018-03-08,2018-03-08,2018-03-08,1
GNB,2018-06-27,2018-06-27,2018-06-27,1
GNB,2021-05-23,2021-05-23,2021-05-23,1
GNB,2023-01-14,2023-01-14,2023-01-14,1
GNQ,2000-12-28,2000-12-28,2000-12-28,1
GNQ,2001-02-22,2001-02-22,2001-02-22,1
GNQ,2002-09-15,2002-09-15,2002-09-15,1
GNQ,2003-01-22,2003-01-22,2003-01-22,1
GNQ,2004-02-21,2004-02-21,2004-02-21,1
GNQ,2004-02-25,2004-02-25,2004-02-25,1
GNQ,2004-12-13,2004-12-13,2004-12-13,1
GNQ,2005-06-20,2005-06-20,2005-06-20,1
GNQ,2005-07-16,2005-07-16,2005-07-16,1
GNQ,2005-07-21,2005-07-21,2005-07-21,1
GNQ,2006-06-19,2006-06-19,2006-06-19,1
GNQ,2008-04-16,2008-04-16,2008-04-16,1
GNQ,2008-10-19,2008-10-19,2008-10-19,1
GNQ,2010-04-12,2010-04-12,2010-04-12,1
GNQ,2021-03-07,2021-03-07,2021-03-07,1
GNQ,2023-02-13,2023-02-13,2023-02-13,1
GRC,2000-05-26,2000-05-26,2000-05-26,1
GRC,2000-07,2000-07-01,2000-07-31,2
GRC,2000-08-24,2000-08-24,2000-08-24,1
GRC,2000-08-26,2000-08-26,2000-08-26,1
GRC,2000-09-27,2000-09-27,2000-09-27,1
GRC,2000-10-31,2000-10-31,2000-10-31,1
GRC,2000-11-18,2000-11-18,2000-11-18,1
GRC,2001-01-14,2001-01-14,2001-01-14,1
GRC,2001-07-26,2001-07-26,2001-07-26,1
GRC,2001-11-29,2001-11-29,2001-11-29,1
GRC,2002-01-04,2002-01-04,2002-01-04,1
GRC,2002-04-17,2002-04-17,2002-04-17,1
GRC,2002-11-07,2002-11-07,2002-11-07,1
GRC,2002-12-02,2002-12-02,2002-12-02,1
GRC,2002-12-06,2002-12-06,2002-12-06,1
GRC,2002-12-13,2002-12-13,2002-12-13,1
GRC,2002-12-19,2002-12-19,2002-12-19,1
GRC,2003-01-25,2003-01-25,2003-01-25,1
GRC,2003-02-02,2003-02-02,2003-02-02,1
GRC,2003-02-23,2003-02-23,2003-02-23,1
GRC,2003-04-13,2003-04-13,2003-04-13,1
GRC,2004-01-22,2004-01-22,2004-01-22,1
GRC,2004-01-29,2004-01-29,2004-01-29,1
GRC,2004-02-13,2004-02-13,2004-02-13,1
GRC,2004-09-11,2004-09-11,2004-09-11,2
GRC,2005-08-14,2005-08-14,2005-08-14,1
GRC,2006-10-08,2006-10-08,2006-10-08,1
GRC,2006-10-17,2006-10-17,2006-10-17,1
GRC,2006-10-21,2006-10-21,2006-10-21,1
GRC,2007-02-02,2007-02-02,2007-02-02,1
GRC,2007-02-18,2007-02-18,2007-02-18,1
GRC,2007-06,2007-06-01,2007-06-30,1
GRC,2007-08-24,2007-08-24,2007-08-24,1
GRC,2007-11-16,2007-11-16,2007-11-16,1
GRC,2008-06-08,2008-06-08,2008-06-08,1
GRC,2009-07,2009-07-01,2009-07-31,1
GRC,2009-08-21,2009-08-21,2009-08-21,1
GRC,2009-12-31,2009-12-31,2009-12-31,1
GRC,2010-12-04,2010-12-04,2010-12-04,1
GRC,2011-01-16,2011-01-16,2011-01-16,1
GRC,2011-09-03,2011-09-03,2011-09-03,1
GRC,2012-02,2012-02-01,2012-02-29,1
GRC,2012-02-05,2012-02-05,2012-02-05,1
GRC,2012-12-16,2012-12-16,2012-12-16,1
GRC,2013-11-15,2013-11-15,2013-11-15,1
GRC,2014-01,2014-01-01,2014-01-31,1
GRC,2014-01-26,2014-01-26,2014-01-26,1
GRC,2014-05-05,2014-05-05,2014-05-05,1
GRC,2014-05-24,2014-05-24,2014-05-24,1
GRC,2014-07-11,2014-07-11,2014-07-11,1
GRC,2014-10-24,2014-10-24,2014-10-24,1
GRC,2014-12-28,2014-12-28,2014-12-28,1
GRC,2015-01-30,2015-01-30,2015-01-30,1
GRC,2015-07-07,2015-07-07,2015-07-07,1
GRC,2015-09-13,2015-09-13,2015-09-13,1
GRC,2015-10-29,2015-10-29,2015-10-29,1
GRC,2015-11-16,2015-11-16,2015-11-16,1
GRC,2016-01-22,2016-01-22,2016-01-22,1
GRC,2016-01-28,2016-01-28,2016-01-28,1
GRC,2016-01-30,2016-01-30,2016-01-30,1
GRC,2016-06-03,2016-06-03,2016-06-03,1
GRC,2016-09-06,2016-09-06,2016-09-06,1
GRC,2017-01-20,2017-01-20,2017-01-20,1
GRC,2017-04-24,2017-04-24,2017-04-24,1
GRC,2017-06-12,2017-06-12,2017-06-12,1
GRC,2017-07-21,2017-07-21,2017-07-21,1
GRC,2017-11-14,2017-11-14,2017-11-14,1
GRC,2018-03-17,2018-03-17,2018-03-17,1
GRC,2018-07-23,2018-07-23,2018-07-23,1
GRC,2019-07-07,2019-07-07,2019-07-07,1
GRC,2020-01-11,2020-01-11,2020-01-11,1
GRC,2020-04-27,2020-04-27,2020-04-27,1
GRC,2020-08-08,2020-08-08,2020-08-08,1
GRC,2020-09-09,2020-09-09,2020-09-09,1
GRC,2020-09-16,2020-09-16,2020-09-16,1
GRC,2020-10-30,2020-10-30,2020-10-30,1
GRC,2020-11-10,2020-11-10,2020-11-10,1
GRC,2021-03-03,2021-03-03,2021-03-03,1
GRC,2021-07-23,2021-07-23,2021-07-23,1
GRC,2021-07-29,2021-07-29,2021-07-29,1
GRC,2021-09-27,2021-09-27,2021-09-27,1
GRC,2021-12-24,2021-12-24,2021-12-24,1
GRC,2022-02-18,2022-02-18,2022-02-18,1
GRC,2022-05-30,2022-05-30,2022-05-30,1
GRC,2022-07-03,2022-07-03,2022-07-03,1
GRC,2022-10-05,2022-10-05,2022-10-05,1
GRC,2023-03-01,2023-03-01,2023-03-01,1
GRC,2023-06-14,2023-06-14,2023-06-14,1
GRC,2023-07,2023-07-01,2023-07-31,1
GRC,2023-07-17,2023-07-17,2023-07-17,1
GRC,2023-08-19,2023-08-19,2023-08-19,1
GRC,2023-09-04,2023-09-04,2023-09-04,1
GRC,2023-09-27,2023-09-27,2023-09-27,1
GRD,2002-09-24,2002-09-24,2002-09-24,1
GRD,2004-09-08,2004-09-08,2004-09-08,1
GRD,2005-07-14,2005-07-14,2005-07-14,1
GRD,2010-01,2010-01-01,2010-01-31,1
GTM,2000-01-16,2000-01-16,2000-01-16,1
GTM,2000-04-15,2000-04-15,2000-04-15,1
GTM,2000-06-06,2000-06-06,2000-06-06,1
GTM,2000-09-15,2000-09-15,2000-09-15,1
GTM,2000-10-16,2000-10-16,2000-10-16,1
GTM,2001-01-13,2001-01-13,2001-01-13,1
GTM,2001-02-10,2001-02-10,2001-02-10,1
GTM,2001-02-27,2001-02-27,2001-02-27,1
GTM,2001-03-20,2001-03-20,2001-03-20,1
GTM,2001-09,2001-09-01,2001-09-30,1
GTM,2001-10-08,2001-10-08,2001-10-08,1
GTM,2001-11,2001-11-01,2001-11-30,1
GTM,2002-02-04,2002-02-04,2002-02-04,1
GTM,2002-07,2002-07-01,2002-07-31,1
GTM,2002-07-19,2002-07-19,2002-07-19,1
GTM,2002-09-13,2002-09-13,2002-09-13,1
GTM,2002-09-20,2002-09-20,2002-09-20,1
GTM,2002-09-29,2002-09-29,2002-09-29,1
GTM,2003-03,2003-03-01,2003-03-31,1
GTM,2003-04-23,2003-04-23,2003-04-23,1
GTM,2004-01,2004-01-01,2004-01-31,1
GTM,2004-01-11,2004-01-11,2004-01-11,1
GTM,2004-02-04,2004-02-04,2004-02-04,1
GTM,2005-06-15,2005-06-15,2005-06-15,1
GTM,2005-07-12,2005-07-12,2005-07-12,1
GTM,2005-10-01,2005-10-01,2005-10-01,1
GTM,2005-10-03,2005-10-03,2005-10-03,1
GTM,2006-08-14,2006-08-14,2006-08-14,1
GTM,2006-10-09,2006-10-09,2006-10-09,1
GTM,2006-11,2006-11-01,2006-11-30,1
GTM,2006-11-20,2006-11-20,2006-11-20,1
GTM,2007-09-04,2007-09-04,2007-09-04,1
GTM,2007-09-22,2007-09-22,2007-09-22,1
GTM,2007-10-12,2007-10-12,2007-10-12,1
GTM,2008-02-29,2008-02-29,2008-02-29,1
GTM,2008-06-20,2008-06-20,2008-06-20,1
GTM,2008-07-02,2008-07-02,2008-07-02,1
GTM,2008-07-21,2008-07-21,2008-07-21,1
GTM,2008-08-24,2008-08-24,2008-08-24,1
GTM,2008-10-22,2008-10-22,2008-10-22,1
GTM,2009-01-04,2009-01-04,2009-01-04,1
GTM,2009-03,2009-03-01,2009-03-31,1
GTM,2009-06-19,2009-06-19,2009-06-19,1
GTM,2010-05-27,2010-05-27,2010-05-27,1
GTM,2010-05-28,2010-05-28,2010-05-28,1
GTM,2010-06-27,2010-06-27,2010-06-27,1
GTM,2010-08-27,2010-08-27,2010-08-27,1
GTM,2010-09-04,2010-09-04,2010-09-04,1
GTM,2010-09-25,2010-09-25,2010-09-25,1
GTM,2010-11-28,2010-11-28,2010-11-28,1
GTM,2011-01-08,2011-01-08,2011-01-08,1
GTM,2011-07-18,2011-07-18,2011-07-18,1
GTM,2011-07-20,2011-07-20,2011-07-20,1
GTM,2011-08-29,2011-08-29,2011-08-29,1
GTM,2011-09-19,2011-09-19,2011-09-19,1
GTM,2011-09-20,2011-09-20,2011-09-20,1
GTM,2011-10-12,2011-10-12,2011-10-12,1
GTM,2011-12,2011-12-01,2011-12-31,1
GTM,2012-06,2012-06-01,2012-06-30,1
GTM,2012-09-13,2012-09-13,2012-09-13,1
GTM,2012-11-07,2012-11-07,2012-11-07,1
GTM,2013-07,2013-07-01,2013-07-31,1
GTM,2013-09-07,2013-09-07,2013-09-07,1
GTM,2013-09-09,2013-09-09,2013-09-09,1
GTM,2014-05-30,2014-05-30,2014-05-30,1
GTM,2014-07-07,2014-07-07,2014-07-07,1
GTM,2014-08,2014-08-01,2014-08-31,1
GTM,2014-10-15,2014-10-15,2014-10-15,1
GTM,2014-11,2014-11-01,2014-11-30,1
GTM,2015-01,2015-01-01,2015-01-31,1
GTM,2015-06-06,2015-06-06,2015-06-06,1
GTM,2015-08-10,2015-08-10,2015-08-10,1
GTM,2015-09-27,2015-09-27,2015-09-27,1
GTM,2015-10-02,2015-10-02,2015-10-02,1
GTM,2016-08-06,2016-08-06,2016-08-06,1
GTM,2016-09-06,2016-09-06,2016-09-06,1
GTM,2017-03-07,2017-03-07,2017-03-07,1
GTM,2017-06-10,2017-06-10,2017-06-10,1
GTM,2017-06-20,2017-06-20,2017-06-20,1
GTM,2017-09,2017-09-01,2017-09-30,1
GTM,2017-09-08,2017-09-08,2017-09-08,1
GTM,2017-09-18,2017-09-18,2017-09-18,1
GTM,2017-10-05,2017-10-05,2017-10-05,1
GTM,2017-10-23,2017-10-23,2017-10-23,1
GTM,2018-05-18,2018-05-18,2018-05-18,1
GTM,2018-06,2018-06-01,2018-06-30,1
GTM,2018-06-03,2018-06-03,2018-06-03,1
GTM,2018-10-01,2018-10-01,2018-10-01,1
GTM,2019-03-27,2019-03-27,2019-03-27,1
GTM,2019-06-29,2019-06-29,2019-06-29,1
GTM,2019-08-17,2019-08-17,2019-08-17,1
GTM,2019-10-16,2019-10-16,2019-10-16,1
GTM,2019-12-21,2019-12-21,2019-12-21,1
GTM,2020-05-09,2020-05-09,2020-05-09,1
GTM,2020-05-30,2020-05-30,2020-05-30,1
GTM,2020-06-17,2020-06-17,2020-06-17,1
GTM,2020-11-03,2020-11-03,2020-11-03,1
GTM,2020-11-17,2020-11-17,2020-11-17,1
GTM,2021-04-18,2021-04-18,2021-04-18,1
GTM,2021-05-21,2021-05-21,2021-05-21,1
GTM,2021-09-13,2021-09-13,2021-09-13,1
GTM,2022-02-16,2022-02-16,2022-02-16,1
GTM,2022-05-01,2022-05-01,2022-05-01,1
GTM,2022-10-05,2022-10-05,2022-10-05,1
GTM,2022-10-09,2022-10-09,2022-10-09,1
GTM,2023-05,2023-05-01,2023-05-31,1
GTM,2023-05-05,2023-05-05,2023-05-05,1
GTM,2023-11-22,2023-11-22,2023-11-22,1
GUF,2000-04-19,2000-04-19,2000-04-19,1
GUF,2020-05-05,2020-05-05,2020-05-05,1
GUM,2002-07-05,2002-07-05,2002-07-05,1
GUM,2002-12-08,2002-12-08,2002-12-08,1
GUM,2004-06-27,2004-06-27,2004-06-27,1
GUM,2004-08-30,2004-08-30,2004-08-30,1
GUM,2023-05-24,2023-05-24,2023-05-24,1
GUY,2005-01-15,2005-01-15,2005-01-15,1
GUY,2006-01-08,2006-01-08,2006-01-08,1
GUY,2008-12-08,2008-12-08,2008-12-08,1
GUY,2010-01,2010-01-01,2010-01-31,1
GUY,2015-07-15,2015-07-15,2015-07-15,1
GUY,2017-05-20,2017-05-20,2017-05-20,1
GUY,2021-05-11,2021-05-11,2021-05-11,1
GUY,2022-05-15,2022-05-15,2022-05-15,1
HKG,2000-07-03,2000-07-03,2000-07-03,1
HKG,2003-07-10,2003-07-10,2003-07-10,1
HKG,2003-07-26,2003-07-26,2003-07-26,1
HKG,2003-09-02,2003-09-02,2003-09-02,1
HKG,2008-03-23,2008-03-23,2008-03-23,1
HKG,2008-05-01,2008-05-01,2008-05-01,1
HKG,2008-08-05,2008-08-05,2008-08-05,1
HKG,2008-09-22,2008-09-22,2008-09-22,1
HKG,2008-09-25,2008-09-25,2008-09-25,1
HKG,2009-09-15,2009-09-15,2009-09-15,1
HKG,2010-07-21,2010-07-21,2010-07-21,1
HKG,2012-10-01,2012-10-01,2012-10-01,1
HKG,2014-05-05,2014-05-05,2014-05-05,1
HKG,2015-10-25,2015-10-25,2015-10-25,1
HKG,2017-08-24,2017-08-24,2017-08-24,1
HKG,2017-08-27,2017-08-27,2017-08-27,1
HKG,2018-02-10,2018-02-10,2018-02-10,1
HKG,2018-09-17,2018-09-17,2018-09-17,1
HKG,2021-10-08,2021-10-08,2021-10-08,1
HKG,2021-10-13,2021-10-13,2021-10-13,1
HKG,2023-09-01,2023-09-01,2023-09-01,1
HKG,2023-09-08,2023-09-08,2023-09-08,1
HKG,2023-10-06,2023-10-06,2023-10-06,1
HND,2000-02,2000-02-01,2000-02-29,1
HND,2000-04-23,2000-04-23,2000-04-23,1
HND,2000-07,2000-07-01,2000-07-31,1
HND,2001-07,2001-07-01,2001-07-31,1
HND,2001-10-30,2001-10-30,2001-10-30,1
HND,2002-01-01,2002-01-01,2002-01-01,1
HND,2002-01,2002-01-01,2002-01-31,1
HND,2002-05-23,2002-05-23,2002-05-23,1
HND,2002-09-09,2002-09-09,2002-09-09,1
HND,2003-04-05,2003-04-05,2003-04-05,1
HND,2003-09-14,2003-09-14,2003-09-14,1
HND,2003-11-28,2003-11-28,2003-11-28,1
HND,2004-05-17,2004-05-17,2004-05-17,1
HND,2004-07,2004-07-01,2004-07-31,1
HND,2004-11-29,2004-11-29,2004-11-29,1
HND,2005-01-23,2005-01-23,2005-01-23,1
HND,2005-06-24,2005-06-24,2005-06-24,1
HND,2005-09-27,2005-09-27,2005-09-27,1
HND,2005-09-28,2005-09-28,2005-09-28,1
HND,2005-10-21,2005-10-21,2005-10-21,1
HND,2005-10-30,2005-10-30,2005-10-30,1
HND,2005-11-18,2005-11-18,2005-11-18,1
HND,2006-06-25,2006-06-25,2006-06-25,1
HND,2007-09-04,2007-09-04,2007-09-04,1
HND,2007-09-15,2007-09-15,2007-09-15,1
HND,2007-10-12,2007-10-12,2007-10-12,1
HND,2007-11-04,2007-11-04,2007-11-04,1
HND,2008-03-25,2008-03-25,2008-03-25,1
HND,2008-05-28,2008-05-28,2008-05-28,1
HND,2008-10-19,2008-10-19,2008-10-19,1
HND,2009-01,2009-01-01,2009-01-31,1
HND,2009-05-28,2009-05-28,2009-05-28,1
HND,2009-11,2009-11-01,2009-11-30,1
HND,2010-01,2010-01-01,2010-01-31,1
HND,2010-05-29,2010-05-29,2010-05-29,1
HND,2010-08,2010-08-01,2010-08-31,1
HND,2010-08-30,2010-08-30,2010-08-30,1
HND,2010-09-25,2010-09-25,2010-09-25,1
HND,2011-02-14,2011-02-14,2011-02-14,1
HND,2011-10-17,2011-10-17,2011-10-17,1
HND,2012-02-14,2012-02-14,2012-02-14,1
HND,2012-03-29,2012-03-29,2012-03-29,1
HND,2012-09,2012-09-01,2012-09-30,1
HND,2013-07,2013-07-01,2013-07-31,1
HND,2014-01-08,2014-01-08,2014-01-08,1
HND,2014-04,2014-04-01,2014-04-30,1
HND,2014-10-15,2014-10-15,2014-10-15,1
HND,2014-10-31,2014-10-31,2014-10-31,1
HND,2016-08-06,2016-08-06,2016-08-06,1
HND,2016-10-18,2016-10-18,2016-10-18,1
HND,2017-01-07,2017-01-07,2017-01-07,1
HND,2017-06-10,2017-06-10,2017-06-10,1
HND,2017-10-05,2017-10-05,2017-10-05,1
HND,2017-10-23,2017-10-23,2017-10-23,1
HND,2018-06,2018-06-01,2018-06-30,1
HND,2018-10-11,2018-10-11,2018-10-11,1
HND,2019-04,2019-04-01,2019-04-30,1
HND,2019-07-03,2019-07-03,2019-07-03,1
HND,2020-02-28,2020-02-28,2020-02-28,1
HND,2020-05-30,2020-05-30,2020-05-30,1
HND,2020-11-03,2020-11-03,2020-11-03,1
HND,2020-11-17,2020-11-17,2020-11-17,1
HND,2021-10-02,2021-10-02,2021-10-02,1
HND,2022-02-14,2022-02-14,2022-02-14,1
HND,2022-07-02,2022-07-02,2022-07-02,1
HND,2022-10-09,2022-10-09,2022-10-09,1
HND,2023-01,2023-01-01,2023-01-31,1
HND,2023-10-29,2023-10-29,2023-10-29,1
HND,2023-11-03,2023-11-03,2023-11-03,1
HND,2023-12-05,2023-12-05,2023-12-05,1
HRV,2000-06,2000-06-01,2000-06-30,1
HRV,2000-08,2000-08-01,2000-08-31,1
HRV,2000-12-28,2000-12-28,2000-12-28,1
HRV,2001-09-06,2001-09-06,2001-09-06,1
HRV,2002-05-13,2002-05-13,2002-05-13,1
HRV,2003-02,2003-02-01,2003-02-28,1
HRV,2003-07,2003-07-01,2003-07-31,1
HRV,2003-07-18,2003-07-18,2003-07-18,1
HRV,2005-02,2005-02-01,2005-02-28,1
HRV,2005-08-22,2005-08-22,2005-08-22,1
HRV,2005-12-27,2005-12-27,2005-12-27,1
HRV,2006-04-04,2006-04-04,2006-04-04,1
HRV,2007-08-04,2007-08-04,2007-08-04,1
HRV,2007-08-30,2007-08-30,2007-08-30,1
HRV,2008-09-07,2008-09-07,2008-09-07,1
HRV,2010-05-30,2010-05-30,2010-05-30,1
HRV,2010-12-01,2010-12-01,2010-12-01,1
HRV,2012-02,2012-02-01,2012-02-29,1
HRV,2012-11-05,2012-11-05,2012-11-05,1
HRV,2012-12-07,2012-12-07,2012-12-07,1
HRV,2014-05-15,2014-05-15,2014-05-15,1
HRV,2014-09-08,2014-09-08,2014-09-08,1
HRV,2015-10-14,2015-10-14,2015-10-14,1
HRV,2017-07-16,2017-07-16,2017-07-16,1
HRV,2017-09-10,2017-09-10,2017-09-10,1
HRV,2018-03-10,2018-03-10,2018-03-10,1
HRV,2019-05-12,2019-05-12,2019-05-12,1
HRV,2020-03-22,2020-03-22,2020-03-22,1
HRV,2020-12-29,2020-12-29,2020-12-29,1
HRV,2021-07-25,2021-07-25,2021-07-25,1
HRV,2022-05-30,2022-05-30,2022-05-30,1
HRV,2022-12-11,2022-12-11,2022-12-11,1
HRV,2023-05-12,2023-05-12,2023-05-12,1
HRV,2023-07,2023-07-01,2023-07-31,1
HRV,2023-07-18,2023-07-18,2023-07-18,1
HTI,2000-09-22,2000-09-22,2000-09-22,1
HTI,2000-12,2000-12-01,2000-12-31,1
HTI,2001-03-03,2001-03-03,2001-03-03,1
HTI,2001-05-16,2001-05-16,2001-05-16,1
HTI,2001-09-08,2001-09-08,2001-09-08,1
HTI,2001-10-30,2001-10-30,2001-10-30,1
HTI,2002-02-16,2002-02-16,2002-02-16,1
HTI,2002-05-23,2002-05-23,2002-05-23,1
HTI,2002-09-30,2002-09-30,2002-09-30,1
HTI,2003-02,2003-02-01,2003-02-28,1
HTI,2003-03-27,2003-03-27,2003-03-27,1
HTI,2003-04,2003-04-01,2003-04-30,1
HTI,2003-07-03,2003-07-03,2003-07-03,1
HTI,2003-08-24,2003-08-24,2003-08-24,2
HTI,2003-08-29,2003-08-29,2003-08-29,1
HTI,2003-10-06,2003-10-06,2003-10-06,1
HTI,2003-12-20,2003-12-20,2003-12-20,1
HTI,2004-05-23,2004-05-23,2004-05-23,1
HTI,2004-09-13,2004-09-13,2004-09-13,1
HTI,2004-09-17,2004-09-17,2004-09-17,1
HTI,2005-06-07,2005-06-07,2005-06-07,1
HTI,2005-07-07,2005-07-07,2005-07-07,1
HTI,2005-07-14,2005-07-14,2005-07-14,1
HTI,2005-07-17,2005-07-17,2005-07-17,1
HTI,2005-10,2005-10-01,2005-10-31,2
HTI,2005-10-19,2005-10-19,2005-10-19,1
HTI,2005-10-22,2005-10-22,2005-10-22,1
HTI,2006-07-30,2006-07-30,2006-07-30,1
HTI,2006-08-25,2006-08-25,2006-08-25,1
HTI,2006-11-28,2006-11-28,2006-11-28,1
HTI,2007-03-26,2007-03-26,2007-03-26,1
HTI,2007-04-24,2007-04-24,2007-04-24,1
HTI,2007-05-30,2007-05-30,2007-05-30,1
HTI,2007-07-23,2007-07-23,2007-07-23,1
HTI,2007-08-18,2007-08-18,2007-08-18,1
HTI,2007-10-07,2007-10-07,2007-10-07,1
HTI,2007-10-28,2007-10-28,2007-10-28,1
HTI,2007-12-11,2007-12-11,2007-12-11,1
HTI,2008-05-10,2008-05-10,2008-05-10,1
HTI,2008-07-27,2008-07-27,2008-07-27,1
HTI,2008-08-18,2008-08-18,2008-08-18,1
HTI,2008-08-26,2008-08-26,2008-08-26,1
HTI,2008-09-02,2008-09-02,2008-09-02,1
HTI,2008-09-06,2008-09-06,2008-09-06,1
HTI,2008-11-07,2008-11-07,2008-11-07,1
HTI,2009-03-06,2009-03-06,2009-03-06,1
HTI,2009-05-13,2009-05-13,2009-05-13,1
HTI,2009-05-15,2009-05-15,2009-05-15,1
HTI,2009-07-10,2009-07-10,2009-07-10,1
HTI,2009-07-20,2009-07-20,2009-07-20,1
HTI,2009-09-18,2009-09-18,2009-09-18,1
HTI,2009-10-09,2009-10-09,2009-10-09,1
HTI,2009-10-20,2009-10-20,2009-10-20,1
HTI,2010-01-12,2010-01-12,2010-01-12,1
HTI,2010-02-15,2010-02-15,2010-02-15,1
HTI,2010-02-18,2010-02-18,2010-02-18,1
HTI,2010-09-24,2010-09-24,2010-09-24,1
HTI,2010-10-18,2010-10-18,2010-10-18,1
HTI,2010-10-22,2010-10-22,2010-10-22,1
HTI,2010-11-04,2010-11-04,2010-11-04,1
HTI,2010-12-04,2010-12-04,2010-12-04,1
HTI,2011-06-06,2011-06-06,2011-06-06,1
HTI,2011-07-27,2011-07-27,2011-07-27,1
HTI,2011-08-04,2011-08-04,2011-08-04,1
HTI,2011-08-24,2011-08-24,2011-08-24,1
HTI,2011-10-06,2011-10-06,2011-10-06,1
HTI,2012-04-07,2012-04-07,2012-04-07,1
HTI,2012-04-08,2012-04-08,2012-04-08,1
HTI,2012-05,2012-05-01,2012-05-31,1
HTI,2012-08-25,2012-08-25,2012-08-25,1
HTI,2012-10-24,2012-10-24,2012-10-24,1
HTI,2012-10-26,2012-10-26,2012-10-26,1
HTI,2012-10-31,2012-10-31,2012-10-31,1
HTI,2012-11-10,2012-11-10,2012-11-10,1
HTI,2013-01-25,2013-01-25,2013-01-25,1
HTI,2013-06-14,2013-06-14,2013-06-14,1
HTI,2014-01,2014-01-01,2014-01-31,1
HTI,2014-05-03,2014-05-03,2014-05-03,1
HTI,2014-05-31,2014-05-31,2014-05-31,1
HTI,2014-06-14,2014-06-14,2014-06-14,1
HTI,2014-09-09,2014-09-09,2014-09-09,1
HTI,2014-10-10,2014-10-10,2014-10-10,1
HTI,2014-11-03,2014-11-03,2014-11-03,1
HTI,2015,2015-01-01,2015-12-31,1
HTI,2015-02-17,2015-02-17,2015-02-17,1
HTI,2015-04-04,2015-04-04,2015-04-04,1
HTI,2015-08-15,2015-08-15,2015-08-15,1
HTI,2015-08-29,2015-08-29,2015-08-29,1
HTI,2016-01,2016-01-01,2016-01-31,1
HTI,2016-02-28,2016-02-28,2016-02-28,1
HTI,2016-04-23,2016-04-23,2016-04-23,1
HTI,2016-05-02,2016-05-02,2016-05-02,1
HTI,2016-05-07,2016-05-07,2016-05-07,1
HTI,2016-05-26,2016-05-26,2016-05-26,1
HTI,2016-09-28,2016-09-28,2016-09-28,1
HTI,2016-10,2016-10-01,2016-10-31,1
HTI,2016-11-05,2016-11-05,2016-11-05,1
HTI,2017-03-12,2017-03-12,2017-03-12,1
HTI,2017-04-20,2017-04-20,2017-04-20,1
HTI,2017-05-17,2017-05-17,2017-05-17,1
HTI,2017-09-07,2017-09-07,2017-09-07,1
HTI,2017-09-21,2017-09-21,2017-09-21,1
HTI,2017-11-14,2017-11-14,2017-11-14,1
HTI,2017-11-15,2017-11-15,2017-11-15,1
HTI,2018-10-06,2018-10-06,2018-10-06,1
HTI,2019-03-31,2019-03-31,2019-03-31,1
HTI,2019-06-03,2019-06-03,2019-06-03,1
HTI,2019-09-18,2019-09-18,2019-09-18,1
HTI,2020-02-14,2020-02-14,2020-02-14,1
HTI,2020-08-23,2020-08-23,2020-08-23,1
HTI,2021-04-03,2021-04-03,2021-04-03,1
HTI,2021-07-03,2021-07-03,2021-07-03,1
HTI,2021-08-12,2021-08-12,2021-08-12,1
HTI,2021-08-14,2021-08-14,2021-08-14,1
HTI,2021-12-13,2021-12-13,2021-12-13,1
HTI,2022-01-24,2022-01-24,2022-01-24,1
HTI,2022-01-30,2022-01-30,2022-01-30,1
HTI,2022-03-05,2022-03-05,2022-03-05,1
HTI,2022-10-01,2022-10-01,2022-10-01,1
HTI,2023-06-02,2023-06-02,2023-06-02,1
HTI,2023-11-17,2023-11-17,2023-11-17,1
HUN,2000-01-30,2000-01-30,2000-01-30,1
HUN,2000-04-05,2000-04-05,2000-04-05,1
HUN,2001-03-04,2001-03-04,2001-03-04,1
HUN,2001-12,2001-12-01,2001-12-31,1
HUN,2002-07-01,2002-07-01,2002-07-01,1
HUN,2002-08-07,2002-08-07,2002-08-07,1
HUN,2003-05-08,2003-05-08,2003-05-08,1
HUN,2003-07,2003-07-01,2003-07-31,1
HUN,2004-07-27,2004-07-27,2004-07-27,1
HUN,2005-01,2005-01-01,2005-01-31,1
HUN,2005-03-17,2005-03-17,2005-03-17,1
HUN,2005-08-14,2005-08-14,2005-08-14,1
HUN,2005-12-27,2005-12-27,2005-12-27,1
HUN,2006-01-19,2006-01-19,2006-01-19,1
HUN,2006-03-28,2006-03-28,2006-03-28,1
HUN,2006-08-20,2006-08-20,2006-08-20,1
HUN,2007-07,2007-07-01,2007-07-31,1
HUN,2008-01,2008-01-01,2008-01-31,1
HUN,2010-05-15,2010-05-15,2010-05-15,1
HUN,2010-10-04,2010-10-04,2010-10-04,1
HUN,2011-10-31,2011-10-31,2011-10-31,1
HUN,2012-02,2012-02-01,2012-02-29,1
HUN,2013-03-15,2013-03-15,2013-03-15,1
HUN,2013-04-14,2013-04-14,2013-04-14,1
HUN,2013-06-03,2013-06-03,2013-06-03,1
HUN,2014-09-14,2014-09-14,2014-09-14,1
HUN,2016-06-21,2016-06-21,2016-06-21,1
HUN,2017-06-21,2017-06-21,2017-06-21,1
HUN,2018-12,2018-12-01,2018-12-31,1
HUN,2019-05-29,2019-05-29,2019-05-29,1
HUN,2019-06-27,2019-06-27,2019-06-27,1
HUN,2022-05-30,2022-05-30,2022-05-30,1
HUN,2023-07,2023-07-01,2023-07-31,1
IDN,2000-01,2000-01-01,2000-01-31,1
IDN,2000-01-03,2000-01-03,2000-01-03,1
IDN,2000-01-05,2000-01-05,2000-01-05,1
IDN,2000-02,2000-02-01,2000-02-29,1
IDN,2000-02-22,2000-02-22,2000-02-22,1
IDN,2000-03-06,2000-03-06,2000-03-06,1
IDN,2000-03-14,2000-03-14,2000-03-14,1
IDN,2000-05,2000-05-01,2000-05-31,1
IDN,2000-05-04,2000-05-04,2000-05-04,1
IDN,2000-05-07,2000-05-07,2000-05-07,1
IDN,2000-05-16,2000-05-16,2000-05-16,1
IDN,2000-06-04,2000-06-04,2000-06-04,1
IDN,2000-06-07,2000-06-07,2000-06-07,1
IDN,2000-06-24,2000-06-24,2000-06-24,1
IDN,2000-06-28,2000-06-28,2000-06-28,1
IDN,2000-06-29,2000-06-29,2000-06-29,1
IDN,2000-07-12,2000-07-12,2000-07-12,1
IDN,2000-07-20,2000-07-20,2000-07-20,1
IDN,2000-09-11,2000-09-11,2000-09-11,1
IDN,2000-09-13,2000-09-13,2000-09-13,1
IDN,2000-10-25,2000-10-25,2000-10-25,1
IDN,2000-10-29,2000-10-29,2000-10-29,1
IDN,2000-11-05,2000-11-05,2000-11-05,1
IDN,2000-11-28,2000-11-28,2000-11-28,1
IDN,2000-12-03,2000-12-03,2000-12-03,1
IDN,2000-12-10,2000-12-10,2000-12-10,1
IDN,2001-01-22,2001-01-22,2001-01-22,1
IDN,2001-02-04,2001-02-04,2001-02-04,1
IDN,2001-02-05,2001-02-05,2001-02-05,1
IDN,2001-02-08,2001-02-08,2001-02-08,1
IDN,2001-02-13,2001-02-13,2001-02-13,1
IDN,2001-04-23,2001-04-23,2001-04-23,1
IDN,2001-05-06,2001-05-06,2001-05-06,1
IDN,2001-05-27,2001-05-27,2001-05-27,1
IDN,2001-06-28,2001-06-28,2001-06-28,1
IDN,2001-07-31,2001-07-31,2001-07-31,1
IDN,2001-08-01,2001-08-01,2001-08-01,1
IDN,2001-08-19,2001-08-19,2001-08-19,1
IDN,2001-09-02,2001-09-02,2001-09-02,1
IDN,2001-10-19,2001-10-19,2001-10-19,1
IDN,2001-10-23,2001-10-23,2001-10-23,1
IDN,2001-10-25,2001-10-25,2001-10-25,1
IDN,2001-10-30,2001-10-30,2001-10-30,1
IDN,2001-11-04,2001-11-04,2001-11-04,1
IDN,2001-12-25,2001-12-25,2001-12-25,1
IDN,2001-12-28,2001-12-28,2001-12-28,1
IDN,2002-01-08,2002-01-08,2002-01-08,1
IDN,2002-01-10,2002-01-10,2002-01-10,1
IDN,2002-01-13,2002-01-13,2002-01-13,1
IDN,2002-01-27,2002-01-27,2002-01-27,1
IDN,2002-02-25,2002-02-25,2002-02-25,1
IDN,2002-03-27,2002-03-27,2002-03-27,1
IDN,2002-04-17,2002-04-17,2002-04-17,1
IDN,2002-05,2002-05-01,2002-05-31,1
IDN,2002-07-02,2002-07-02,2002-07-02,1
IDN,2002-07-09,2002-07-09,2002-07-09,2
IDN,2002-08,2002-08-01,2002-08-31,1
IDN,2002-08-15,2002-08-15,2002-08-15,1
IDN,2002-08-23,2002-08-23,2002-08-23,1
IDN,2002-08-30,2002-08-30,2002-08-30,1
IDN,2002-09-20,2002-09-20,2002-09-20,1
IDN,2002-09-21,2002-09-21,2002-09-21,1
IDN,2002-09-22,2002-09-22,2002-09-22,1
IDN,2002-10-10,2002-10-10,2002-10-10,1
IDN,2002-11-02,2002-11-02,2002-11-02,1
IDN,2002-11-03,2002-11-03,2002-11-03,1
IDN,2002-11-11,2002-11-11,2002-11-11,1
IDN,2002-11-19,2002-11-19,2002-11-19,1
IDN,2002-12-11,2002-12-11,2002-12-11,1
IDN,2003-01,2003-01-01,2003-01-31,2
IDN,2003-01-08,2003-01-08,2003-01-08,1
IDN,2003-01-10,2003-01-10,2003-01-10,1
IDN,2003-01-23,2003-01-23,2003-01-23,1
IDN,2003-01-28,2003-01-28,2003-01-28,1
IDN,2003-01-29,2003-01-29,2003-01-29,1
IDN,2003-01-31,2003-01-31,2003-01-31,1
IDN,2003-02-13,2003-02-13,2003-02-13,1
IDN,2003-02-24,2003-02-24,2003-02-24,1
IDN,2003-03-01,2003-03-01,2003-03-01,1
IDN,2003-03-18,2003-03-18,2003-03-18,1
IDN,2003-03-31,2003-03-31,2003-03-31,1
IDN,2003-05-27,2003-05-27,2003-05-27,1
IDN,2003-06-06,2003-06-06,2003-06-06,1
IDN,2003-06-15,2003-06-15,2003-06-15,1
IDN,2003-06-20,2003-06-20,2003-06-20,1
IDN,2003-07-16,2003-07-16,2003-07-16,1
IDN,2003-08,2003-08-01,2003-08-31,1
IDN,2003-08-10,2003-08-10,2003-08-10,1
IDN,2003-08-11,2003-08-11,2003-08-11,1
IDN,2003-09-07,2003-09-07,2003-09-07,1
IDN,2003-09-25,2003-09-25,2003-09-25,1
IDN,2003-11-02,2003-11-02,2003-11-02,1
IDN,2003-11-20,2003-11-20,2003-11-20,1
IDN,2003-11-30,2003-11-30,2003-11-30,1
IDN,2003-12-10,2003-12-10,2003-12-10,1
IDN,2004-01-01,2004-01-01,2004-01-01,2
IDN,2004-01-23,2004-01-23,2004-01-23,1
IDN,2004-01-29,2004-01-29,2004-01-29,1
IDN,2004-02-03,2004-02-03,2004-02-03,1
IDN,2004-02-05,2004-02-05,2004-02-05,1
IDN,2004-02-16,2004-02-16,2004-02-16,1
IDN,2004-02-18,2004-02-18,2004-02-18,1
IDN,2004-03-03,2004-03-03,2004-03-03,1
IDN,2004-03-18,2004-03-18,2004-03-18,1
IDN,2004-03-27,2004-03-27,2004-03-27,1
IDN,2004-03-30,2004-03-30,2004-03-30,1
IDN,2004-04-02,2004-04-02,2004-04-02,1
IDN,2004-04-22,2004-04-22,2004-04-22,1
IDN,2004-04-23,2004-04-23,2004-04-23,1
IDN,2004-06-01,2004-06-01,2004-06-01,1
IDN,2004-06-08,2004-06-08,2004-06-08,1
IDN,2004-06-26,2004-06-26,2004-06-26,1
IDN,2004-07-07,2004-07-07,2004-07-07,1
IDN,2004-07-16,2004-07-16,2004-07-16,1
IDN,2004-07-26,2004-07-26,2004-07-26,1
IDN,2004-08-13,2004-08-13,2004-08-13,1
IDN,2004-08-16,2004-08-16,2004-08-16,1
IDN,2004-09-04,2004-09-04,2004-09-04,1
IDN,2004-11-11,2004-11-11,2004-11-11,1
IDN,2004-11-24,2004-11-24,2004-11-24,1
IDN,2004-11-26,2004-11-26,2004-11-26,1
IDN,2004-11-30,2004-11-30,2004-11-30,1
IDN,2004-12-23,2004-12-23,2004-12-23,1
IDN,2004-12-26,2004-12-26,2004-12-26,1
IDN,2005-01-23,2005-01-23,2005-01-23,1
IDN,2005-02-21,2005-02-21,2005-02-21,1
IDN,2005-03-13,2005-03-13,2005-03-13,1
IDN,2005-03-22,2005-03-22,2005-03-22,1
IDN,2005-03-28,2005-03-28,2005-03-28,1
IDN,2005-04-12,2005-04-12,2005-04-12,1
IDN,2005-04-26,2005-04-26,2005-04-26,1
IDN,2005-06,2005-06-01,2005-06-30,1
IDN,2005-06-30,2005-06-30,2005-06-30,1
IDN,2005-07-07,2005-07-07,2005-07-07,1
IDN,2005-08-09,2005-08-09,2005-08-09,1
IDN,2005-09-02,2005-09-02,2005-09-02,1
IDN,2005-09-05,2005-09-05,2005-09-05,1
IDN,2005-09-24,2005-09-24,2005-09-24,1
IDN,2005-10-18,2005-10-18,2005-10-18,1
IDN,2005-12-31,2005-12-31,2005-12-31,1
IDN,2006-01-01,2006-01-01,2006-01-01,2
IDN,2006-01-22,2006-01-22,2006-01-22,1
IDN,2006-01-26,2006-01-26,2006-01-26,1
IDN,2006-01-31,2006-01-31,2006-01-31,1
IDN,2006-02-13,2006-02-13,2006-02-13,1
IDN,2006-03-14,2006-03-14,2006-03-14,1
IDN,2006-04-06,2006-04-06,2006-04-06,1
IDN,2006-04-15,2006-04-15,2006-04-15,1
IDN,2006-04-18,2006-04-18,2006-04-18,2
IDN,2006-04-19,2006-04-19,2006-04-19,1
IDN,2006-05-06,2006-05-06,2006-05-06,1
IDN,2006-05-26,2006-05-26,2006-05-26,1
IDN,2006-05-29,2006-05-29,2006-05-29,1
IDN,2006-06-19,2006-06-19,2006-06-19,1
IDN,2006-06-21,2006-06-21,2006-06-21,1
IDN,2006-06-23,2006-06-23,2006-06-23,1
IDN,2006-06-24,2006-06-24,2006-06-24,1
IDN,2006-06-25,2006-06-25,2006-06-25,1
IDN,2006-07-17,2006-07-17,2006-07-17,1
IDN,2006-08,2006-08-01,2006-08-31,1
IDN,2006-09-08,2006-09-08,2006-09-08,1
IDN,2006-11-17,2006-11-17,2006-11-17,1
IDN,2006-11-22,2006-11-22,2006-11-22,1
IDN,2006-12-01,2006-12-01,2006-12-01,1
IDN,2006-12-15,2006-12-15,2006-12-15,1
IDN,2006-12-17,2006-12-17,2006-12-17,1
IDN,2006-12-22,2006-12-22,2006-12-22,1
IDN,2006-12-29,2006-12-29,2006-12-29,1
IDN,2006-12-30,2006-12-30,2006-12-30,1
IDN,2007-01-01,2007-01-01,2007-01-01,2
IDN,2007-01-09,2007-01-09,2007-01-09,1
IDN,2007-01-12,2007-01-12,2007-01-12,1
IDN,2007-01-16,2007-01-16,2007-01-16,1
IDN,2007-01-31,2007-01-31,2007-01-31,1
IDN,2007-02,2007-02-01,2007-02-28,2
IDN,2007-02-22,2007-02-22,2007-02-22,1
IDN,2007-03-01,2007-03-01,2007-03-01,1
IDN,2007-03-06,2007-03-06,2007-03-06,1
IDN,2007-03-07,2007-03-07,2007-03-07,1
IDN,2007-05-15,2007-05-15,2007-05-15,1
IDN,2007-07,2007-07-01,2007-07-31,2
IDN,2007-07-09,2007-07-09,2007-07-09,1
IDN,2007-07-11,2007-07-11,2007-07-11,1
IDN,2007-07-22,2007-07-22,2007-07-22,1
IDN,2007-07-25,2007-07-25,2007-07-25,1
IDN,2007-09-02,2007-09-02,2007-09-02,1
IDN,2007-09-09,2007-09-09,2007-09-09,1
IDN,2007-09-12,2007-09-12,2007-09-12,1
IDN,2007-10-16,2007-10-16,2007-10-16,1
IDN,2007-10-18,2007-10-18,2007-10-18,1
IDN,2007-10-25,2007-10-25,2007-10-25,1
IDN,2007-11-25,2007-11-25,2007-11-25,1
IDN,2007-12-25,2007-12-25,2007-12-25,1
IDN,2007-12-26,2007-12-26,2007-12-26,1
IDN,2008-01-02,2008-01-02,2008-01-02,1
IDN,2008-01-30,2008-01-30,2008-01-30,1
IDN,2008-02-01,2008-02-01,2008-02-01,1
IDN,2008-02-08,2008-02-08,2008-02-08,1
IDN,2008-02-11,2008-02-11,2008-02-11,1
IDN,2008-03-01,2008-03-01,2008-03-01,1
IDN,2008-03-10,2008-03-10,2008-03-10,1
IDN,2008-04-15,2008-04-15,2008-04-15,1
IDN,2008-04-23,2008-04-23,2008-04-23,1
IDN,2008-05-05,2008-05-05,2008-05-05,1
IDN,2008-07-29,2008-07-29,2008-07-29,1
IDN,2008-09-06,2008-09-06,2008-09-06,1
IDN,2008-09-09,2008-09-09,2008-09-09,1
IDN,2008-09-15,2008-09-15,2008-09-15,1
IDN,2008-10,2008-10-01,2008-10-31,1
IDN,2008-10-29,2008-10-29,2008-10-29,1
IDN,2008-11-15,2008-11-15,2008-11-15,1
IDN,2008-11-16,2008-11-16,2008-11-16,1
IDN,2008-12-26,2008-12-26,2008-12-26,1
IDN,2009-01-03,2009-01-03,2009-01-03,1
IDN,2009-01-10,2009-01-10,2009-01-10,1
IDN,2009-01-13,2009-01-13,2009-01-13,1
IDN,2009-01-18,2009-01-18,2009-01-18,1
IDN,2009-01-27,2009-01-27,2009-01-27,1
IDN,2009-02-11,2009-02-11,2009-02-11,1
IDN,2009-03-26,2009-03-26,2009-03-26,1
IDN,2009-04-06,2009-04-06,2009-04-06,1
IDN,2009-04-17,2009-04-17,2009-04-17,1
IDN,2009-05-20,2009-05-20,2009-05-20,1
IDN,2009-05-23,2009-05-23,2009-05-23,1
IDN,2009-06-16,2009-06-16,2009-06-16,1
IDN,2009-09-02,2009-09-02,2009-09-02,1
IDN,2009-09-15,2009-09-15,2009-09-15,1
IDN,2009-09-30,2009-09-30,2009-09-30,1
IDN,2009-10-08,2009-10-08,2009-10-08,1
IDN,2009-11-08,2009-11-08,2009-11-08,2
IDN,2009-11-22,2009-11-22,2009-11-22,1
IDN,2009-12-04,2009-12-04,2009-12-04,1
IDN,2009-12-08,2009-12-08,2009-12-08,1
IDN,2010-01-11,2010-01-11,2010-01-11,1
IDN,2010-01-22,2010-01-22,2010-01-22,1
IDN,2010-02-23,2010-02-23,2010-02-23,1
IDN,2010-06-06,2010-06-06,2010-06-06,1
IDN,2010-06-16,2010-06-16,2010-06-16,1
IDN,2010-07-23,2010-07-23,2010-07-23,1
IDN,2010-08-09,2010-08-09,2010-08-09,1
IDN,2010-08-29,2010-08-29,2010-08-29,1
IDN,2010-09-11,2010-09-11,2010-09-11,1
IDN,2010-10-02,2010-10-02,2010-10-02,2
IDN,2010-10-12,2010-10-12,2010-10-12,1
IDN,2010-10-22,2010-10-22,2010-10-22,1
IDN,2010-10-24,2010-10-24,2010-10-24,1
IDN,2010-10-25,2010-10-25,2010-10-25,1
IDN,2010-11-02,2010-11-02,2010-11-02,1
IDN,2011-01-16,2011-01-16,2011-01-16,1
IDN,2011-01-28,2011-01-28,2011-01-28,1
IDN,2011-02-06,2011-02-06,2011-02-06,1
IDN,2011-03-10,2011-03-10,2011-03-10,1
IDN,2011-03-11,2011-03-11,2011-03-11,1
IDN,2011-03-17,2011-03-17,2011-03-17,1
IDN,2011-04-01,2011-04-01,2011-04-01,1
IDN,2011-05-06,2011-05-06,2011-05-06,1
IDN,2011-05-07,2011-05-07,2011-05-07,1
IDN,2011-06-06,2011-06-06,2011-06-06,1
IDN,2011-07-11,2011-07-11,2011-07-11,1
IDN,2011-07-12,2011-07-12,2011-07-12,1
IDN,2011-08-03,2011-08-03,2011-08-03,1
IDN,2011-09-05,2011-09-05,2011-09-05,1
IDN,2011-09-22,2011-09-22,2011-09-22,1
IDN,2011-09-29,2011-09-29,2011-09-29,1
IDN,2011-11-26,2011-11-26,2011-11-26,1
IDN,2011-11-30,2011-11-30,2011-11-30,1
IDN,2011-12-04,2011-12-04,2011-12-04,1
IDN,2011-12-17,2011-12-17,2011-12-17,1
IDN,2011-12-18,2011-12-18,2011-12-18,1
IDN,2012-01-25,2012-01-25,2012-01-25,1
IDN,2012-02-25,2012-02-25,2012-02-25,1
IDN,2012-04-11,2012-04-11,2012-04-11,1
IDN,2012-05-01,2012-05-01,2012-05-01,1
IDN,2012-05-09,2012-05-09,2012-05-09,2
IDN,2012-05-24,2012-05-24,2012-05-24,2
IDN,2012-06-17,2012-06-17,2012-06-17,1
IDN,2012-06-21,2012-06-21,2012-06-21,1
IDN,2012-07-24,2012-07-24,2012-07-24,1
IDN,2012-07-31,2012-07-31,2012-07-31,1
IDN,2012-08-18,2012-08-18,2012-08-18,1
IDN,2012-08-25,2012-08-25,2012-08-25,1
IDN,2012-09-12,2012-09-12,2012-09-12,1
IDN,2012-09-13,2012-09-13,2012-09-13,1
IDN,2012-09-28,2012-09-28,2012-09-28,1
IDN,2012-11-07,2012-11-07,2012-11-07,1
IDN,2012-12-24,2012-12-24,2012-12-24,1
IDN,2013-01-03,2013-01-03,2013-01-03,1
IDN,2013-01-17,2013-01-17,2013-01-17,1
IDN,2013-01-22,2013-01-22,2013-01-22,1
IDN,2013-01-25,2013-01-25,2013-01-25,1
IDN,2013-02-15,2013-02-15,2013-02-15,1
IDN,2013-02-26,2013-02-26,2013-02-26,1
IDN,2013-03-25,2013-03-25,2013-03-25,1
IDN,2013-04-07,2013-04-07,2013-04-07,1
IDN,2013-05-14,2013-05-14,2013-05-14,1
IDN,2013-07-02,2013-07-02,2013-07-02,1
IDN,2013-07-14,2013-07-14,2013-07-14,1
IDN,2013-07-23,2013-07-23,2013-07-23,1
IDN,2013-07-28,2013-07-28,2013-07-28,1
IDN,2013-09,2013-09-01,2013-09-30,1
IDN,2013-09-12,2013-09-12,2013-09-12,1
IDN,2013-09-30,2013-09-30,2013-09-30,1
IDN,2013-10-07,2013-10-07,2013-10-07,1
IDN,2013-10-22,2013-10-22,2013-10-22,1
IDN,2013-12-14,2013-12-14,2013-12-14,1
IDN,2013-12-28,2013-12-28,2013-12-28,1
IDN,2014-01-08,2014-01-08,2014-01-08,1
IDN,2014-01-14,2014-01-14,2014-01-14,1
IDN,2014-01-19,2014-01-19,2014-01-19,1
IDN,2014-01-24,2014-01-24,2014-01-24,1
IDN,2014-01-28,2014-01-28,2014-01-28,1
IDN,2014-02-01,2014-02-01,2014-02-01,1
IDN,2014-02-14,2014-02-14,2014-02-14,1
IDN,2014-02-25,2014-02-25,2014-02-25,1
IDN,2014-06-03,2014-06-03,2014-06-03,1
IDN,2014-07-01,2014-07-01,2014-07-01,1
IDN,2014-07-29,2014-07-29,2014-07-29,1
IDN,2014-07-30,2014-07-30,2014-07-30,1
IDN,2014-09-16,2014-09-16,2014-09-16,1
IDN,2014-10-05,2014-10-05,2014-10-05,1
IDN,2014-10-07,2014-10-07,2014-10-07,1
IDN,2014-11-22,2014-11-22,2014-11-22,1
IDN,2014-12-12,2014-12-12,2014-12-12,1
IDN,2014-12-28,2014-12-28,2014-12-28,1
IDN,2015-01-23,2015-01-23,2015-01-23,1
IDN,2015-01-30,2015-01-30,2015-01-30,1
IDN,2015-02-05,2015-02-05,2015-02-05,1
IDN,2015-02-08,2015-02-08,2015-02-08,1
IDN,2015-03-15,2015-03-15,2015-03-15,1
IDN,2015-03-28,2015-03-28,2015-03-28,1
IDN,2015-05-06,2015-05-06,2015-05-06,1
IDN,2015-06-30,2015-06-30,2015-06-30,1
IDN,2015-07,2015-07-01,2015-07-31,1
IDN,2015-07-15,2015-07-15,2015-07-15,1
IDN,2015-08-16,2015-08-16,2015-08-16,1
IDN,2015-09,2015-09-01,2015-09-30,1
IDN,2015-09-24,2015-09-24,2015-09-24,1
IDN,2015-12-03,2015-12-03,2015-12-03,1
IDN,2015-12-06,2015-12-06,2015-12-06,1
IDN,2015-12-13,2015-12-13,2015-12-13,1
IDN,2015-12-19,2015-12-19,2015-12-19,1
IDN,2016-01-16,2016-01-16,2016-01-16,1
IDN,2016-02-07,2016-02-07,2016-02-07,1
IDN,2016-02-19,2016-02-19,2016-02-19,1
IDN,2016-03-07,2016-03-07,2016-03-07,1
IDN,2016-03-08,2016-03-08,2016-03-08,1
IDN,2016-05-15,2016-05-15,2016-05-15,1
IDN,2016-06-17,2016-06-17,2016-06-17,1
IDN,2016-06-26,2016-06-26,2016-06-26,1
IDN,2016-07-11,2016-07-11,2016-07-11,1
IDN,2016-08-01,2016-08-01,2016-08-01,1
IDN,2016-09-20,2016-09-20,2016-09-20,1
IDN,2016-10-23,2016-10-23,2016-10-23,1
IDN,2016-10-26,2016-10-26,2016-10-26,1
IDN,2016-11-02,2016-11-02,2016-11-02,1
IDN,2016-11-13,2016-11-13,2016-11-13,1
IDN,2016-11-30,2016-11-30,2016-11-30,1
IDN,2016-12-07,2016-12-07,2016-12-07,1
IDN,2016-12-18,2016-12-18,2016-12-18,1
IDN,2016-12-21,2016-12-21,2016-12-21,1
IDN,2017-01-01,2017-01-01,2017-01-01,1
IDN,2017-02-09,2017-02-09,2017-02-09,1
IDN,2017-02-21,2017-02-21,2017-02-21,1
IDN,2017-03-03,2017-03-03,2017-03-03,1
IDN,2017-04-01,2017-04-01,2017-04-01,1
IDN,2017-04-29,2017-04-29,2017-04-29,1
IDN,2017-04-30,2017-04-30,2017-04-30,1
IDN,2017-05-12,2017-05-12,2017-05-12,1
IDN,2017-06-01,2017-06-01,2017-06-01,1
IDN,2017-07-14,2017-07-14,2017-07-14,1
IDN,2017-09-22,2017-09-22,2017-09-22,1
IDN,2017-10-26,2017-10-26,2017-10-26,1
IDN,2017-11-03,2017-11-03,2017-11-03,1
IDN,2017-11-19,2017-11-19,2017-11-19,1
IDN,2017-11-28,2017-11-28,2017-11-28,1
IDN,2017-12-15,2017-12-15,2017-12-15,1
IDN,2018-01-14,2018-01-14,2018-01-14,1
IDN,2018-01-23,2018-01-23,2018-01-23,1
IDN,2018-02-21,2018-02-21,2018-02-21,1
IDN,2018-02-22,2018-02-22,2018-02-22,1
IDN,2018-03-05,2018-03-05,2018-03-05,1
IDN,2018-03-22,2018-03-22,2018-03-22,1
IDN,2018-04-25,2018-04-25,2018-04-25,1
IDN,2018-06-18,2018-06-18,2018-06-18,1
IDN,2018-07-04,2018-07-04,2018-07-04,1
IDN,2018-07-29,2018-07-29,2018-07-29,1
IDN,2018-08-05,2018-08-05,2018-08-05,1
IDN,2018-08-19,2018-08-19,2018-08-19,1
IDN,2018-09-08,2018-09-08,2018-09-08,1
IDN,2018-09-14,2018-09-14,2018-09-14,1
IDN,2018-09-28,2018-09-28,2018-09-28,1
IDN,2018-10-11,2018-10-11,2018-10-11,1
IDN,2018-10-29,2018-10-29,2018-10-29,1
IDN,2018-11-26,2018-11-26,2018-11-26,1
IDN,2018-12-06,2018-12-06,2018-12-06,1
IDN,2018-12-22,2018-12-22,2018-12-22,1
IDN,2018-12-31,2018-12-31,2018-12-31,1
IDN,2019-01-17,2019-01-17,2019-01-17,1
IDN,2019-01-21,2019-01-21,2019-01-21,1
IDN,2019-02,2019-02-01,2019-02-28,1
IDN,2019-02-26,2019-02-26,2019-02-26,1
IDN,2019-02-28,2019-02-28,2019-02-28,1
IDN,2019-03-06,2019-03-06,2019-03-06,1
IDN,2019-03-16,2019-03-16,2019-03-16,1
IDN,2019-03-17,2019-03-17,2019-03-17,1
IDN,2019-03-20,2019-03-20,2019-03-20,1
IDN,2019-04-25,2019-04-25,2019-04-25,2
IDN,2019-06-03,2019-06-03,2019-06-03,1
IDN,2019-06-09,2019-06-09,2019-06-09,1
IDN,2019-06-17,2019-06-17,2019-06-17,2
IDN,2019-06-21,2019-06-21,2019-06-21,1
IDN,2019-07-14,2019-07-14,2019-07-14,1
IDN,2019-08-02,2019-08-02,2019-08-02,1
IDN,2019-08-23,2019-08-23,2019-08-23,1
IDN,2019-09-26,2019-09-26,2019-09-26,1
IDN,2019-10-26,2019-10-26,2019-10-26,1
IDN,2019-12-12,2019-12-12,2019-12-12,1
IDN,2019-12-19,2019-12-19,2019-12-19,1
IDN,2019-12-23,2019-12-23,2019-12-23,1
IDN,2019-12-31,2019-12-31,2019-12-31,1
IDN,2020-01-14,2020-01-14,2020-01-14,1
IDN,2020-01-19,2020-01-19,2020-01-19,1
IDN,2020-01-23,2020-01-23,2020-01-23,2
IDN,2020-01-28,2020-01-28,2020-01-28,1
IDN,2020-02-11,2020-02-11,2020-02-11,1
IDN,2020-02-13,2020-02-13,2020-02-13,1
IDN,2020-02-26,2020-02-26,2020-02-26,1
IDN,2020-03-04,2020-03-04,2020-03-04,1
IDN,2020-03-20,2020-03-20,2020-03-20,1
IDN,2020-03-29,2020-03-29,2020-03-29,1
IDN,2020-04-04,2020-04-04,2020-04-04,1
IDN,2020-04-09,2020-04-09,2020-04-09,1
IDN,2020-04-20,2020-04-20,2020-04-20,1
IDN,2020-04-30,2020-04-30,2020-04-30,1
IDN,2020-05-08,2020-05-08,2020-05-08,1
IDN,2020-05-22,2020-05-22,2020-05-22,1
IDN,2020-06-03,2020-06-03,2020-06-03,1
IDN,2020-06-04,2020-06-04,2020-06-04,1
IDN,2020-06-11,2020-06-11,2020-06-11,1
IDN,2020-06-18,2020-06-18,2020-06-18,1
IDN,2020-07-03,2020-07-03,2020-07-03,1
IDN,2020-08-01,2020-08-01,2020-08-01,1
IDN,2020-09-28,2020-09-28,2020-09-28,1
IDN,2020-10-21,2020-10-21,2020-10-21,1
IDN,2020-11-29,2020-11-29,2020-11-29,1
IDN,2020-12-01,2020-12-01,2020-12-01,1
IDN,2020-12-02,2020-12-02,2020-12-02,1
IDN,2020-12-06,2020-12-06,2020-12-06,1
IDN,2020-12-12,2020-12-12,2020-12-12,1
IDN,2021-01-06,2021-01-06,2021-01-06,1
IDN,2021-01-09,2021-01-09,2021-01-09,1
IDN,2021-01-15,2021-01-15,2021-01-15,2
IDN,2021-01-17,2021-01-17,2021-01-17,1
IDN,2021-02-03,2021-02-03,2021-02-03,1
IDN,2021-02-14,2021-02-14,2021-02-14,1
IDN,2021-02-19,2021-02-19,2021-02-19,1
IDN,2021-02-23,2021-02-23,2021-02-23,1
IDN,2021-03-10,2021-03-10,2021-03-10,1
IDN,2021-03-17,2021-03-17,2021-03-17,1
IDN,2021-03-25,2021-03-25,2021-03-25,1
IDN,2021-04-02,2021-04-02,2021-04-02,1
IDN,2021-04-11,2021-04-11,2021-04-11,1
IDN,2021-04-29,2021-04-29,2021-04-29,1
IDN,2021-05-25,2021-05-25,2021-05-25,1
IDN,2021-06-16,2021-06-16,2021-06-16,1
IDN,2021-07-05,2021-07-05,2021-07-05,1
IDN,2021-07-14,2021-07-14,2021-07-14,1
IDN,2021-08-19,2021-08-19,2021-08-19,1
IDN,2021-09-08,2021-09-08,2021-09-08,1
IDN,2021-09-13,2021-09-13,2021-09-13,1
IDN,2021-10-05,2021-10-05,2021-10-05,1
IDN,2021-10-16,2021-10-16,2021-10-16,1
IDN,2021-10-27,2021-10-27,2021-10-27,1
IDN,2021-11-04,2021-11-04,2021-11-04,1
IDN,2021-11-19,2021-11-19,2021-11-19,1
IDN,2021-12-04,2021-12-04,2021-12-04,1
IDN,2021-12-05,2021-12-05,2021-12-05,1
IDN,2021-12-14,2021-12-14,2021-12-14,1
IDN,2021-12-18,2021-12-18,2021-12-18,1
IDN,2021-12-31,2021-12-31,2021-12-31,1
IDN,2022-01-10,2022-01-10,2022-01-10,2
IDN,2022-01-14,2022-01-14,2022-01-14,1
IDN,2022-02-07,2022-02-07,2022-02-07,1
IDN,2022-02-10,2022-02-10,2022-02-10,1
IDN,2022-02-25,2022-02-25,2022-02-25,1
IDN,2022-02-26,2022-02-26,2022-02-26,1
IDN,2022-03-06,2022-03-06,2022-03-06,1
IDN,2022-03-14,2022-03-14,2022-03-14,1
IDN,2022-03-20,2022-03-20,2022-03-20,1
IDN,2022-05-21,2022-05-21,2022-05-21,1
IDN,2022-05-26,2022-05-26,2022-05-26,1
IDN,2022-07-05,2022-07-05,2022-07-05,1
IDN,2022-08-31,2022-08-31,2022-08-31,1
IDN,2022-09-11,2022-09-11,2022-09-11,1
IDN,2022-10-01,2022-10-01,2022-10-01,1
IDN,2022-10-03,2022-10-03,2022-10-03,1
IDN,2022-10-04,2022-10-04,2022-10-04,1
IDN,2022-10-24,2022-10-24,2022-10-24,1
IDN,2022-11-07,2022-11-07,2022-11-07,1
IDN,2022-11-08,2022-11-08,2022-11-08,1
IDN,2022-11-21,2022-11-21,2022-11-21,1
IDN,2022-11-25,2022-11-25,2022-11-25,1
IDN,2022-12-04,2022-12-04,2022-12-04,1
IDN,2022-12-09,2022-12-09,2022-12-09,1
IDN,2022-12-25,2022-12-25,2022-12-25,1
IDN,2022-12-26,2022-12-26,2022-12-26,1
IDN,2023-01-10,2023-01-10,2023-01-10,1
IDN,2023-01-20,2023-01-20,2023-01-20,1
IDN,2023-01-27,2023-01-27,2023-01-27,1
IDN,2023-02-09,2023-02-09,2023-02-09,1
IDN,2023-03-03,2023-03-03,2023-03-03,1
IDN,2023-03-05,2023-03-05,2023-03-05,1
IDN,2023-03-06,2023-03-06,2023-03-06,1
IDN,2023-04-15,2023-04-15,2023-04-15,1
IDN,2023-06,2023-06-01,2023-06-30,1
IDN,2023-06-24,2023-06-24,2023-06-24,1
IDN,2023-06-30,2023-06-30,2023-06-30,1
IDN,2023-07-07,2023-07-07,2023-07-07,1
IDN,2023-07-24,2023-07-24,2023-07-24,1
IDN,2023-09-01,2023-09-01,2023-09-01,1
IDN,2023-11-24,2023-11-24,2023-11-24,1
IDN,2023-12,2023-12-01,2023-12-31,1
IDN,2023-12-03,2023-12-03,2023-12-03,1
IDN,2023-12-24,2023-12-24,2023-12-24,1
IND,2000-01,2000-01-01,2000-01-31,1
IND,2000-01-09,2000-01-09,2000-01-09,1
IND,2000-01-21,2000-01-21,2000-01-21,1
IND,2000-01-30,2000-01-30,2000-01-30,1
IND,2000-01-31,2000-01-31,2000-01-31,1
IND,2000-02-19,2000-02-19,2000-02-19,1
IND,2000-02-27,2000-02-27,2000-02-27,1
IND,2000-03,2000-03-01,2000-03-31,1
IND,2000-03-07,2000-03-07,2000-03-07,1
IND,2000-03-08,2000-03-08,2000-03-08,1
IND,2000-03-31,2000-03-31,2000-03-31,1
IND,2000-04,2000-04-01,2000-04-30,1
IND,2000-04-03,2000-04-03,2000-04-03,1
IND,2000-04-12,2000-04-12,2000-04-12,1
IND,2000-04-21,2000-04-21,2000-04-21,1
IND,2000-04-27,2000-04-27,2000-04-27,1
IND,2000-05,2000-05-01,2000-05-31,2
IND,2000-05-08,2000-05-08,2000-05-08,1
IND,2000-05-12,2000-05-12,2000-05-12,1
IND,2000-06,2000-06-01,2000-06-30,1
IND,2000-06-03,2000-06-03,2000-06-03,1
IND,2000-06-10,2000-06-10,2000-06-10,1
IND,2000-06-11,2000-06-11,2000-06-11,1
IND,2000-07,2000-07-01,2000-07-31,2
IND,2000-07-12,2000-07-12,2000-07-12,1
IND,2000-07-17,2000-07-17,2000-07-17,1
IND,2000-08,2000-08-01,2000-08-31,1
IND,2000-08-02,2000-08-02,2000-08-02,1
IND,2000-08-11,2000-08-11,2000-08-11,1
IND,2000-08-23,2000-08-23,2000-08-23,2
IND,2000-08-31,2000-08-31,2000-08-31,1
IND,2000-09-02,2000-09-02,2000-09-02,1
IND,2000-09-18,2000-09-18,2000-09-18,1
IND,2000-10,2000-10-01,2000-10-31,1
IND,2000-10-12,2000-10-12,2000-10-12,1
IND,2000-10-19,2000-10-19,2000-10-19,1
IND,2000-10-21,2000-10-21,2000-10-21,1
IND,2000-10-26,2000-10-26,2000-10-26,1
IND,2000-11-01,2000-11-01,2000-11-01,1
IND,2000-11-29,2000-11-29,2000-11-29,1
IND,2000-12-02,2000-12-02,2000-12-02,1
IND,2000-12-19,2000-12-19,2000-12-19,1
IND,2001-01,2001-01-01,2001-01-31,1
IND,2001-01-26,2001-01-26,2001-01-26,1
IND,2001-02-01,2001-02-01,2001-02-01,1
IND,2001-02-02,2001-02-02,2001-02-02,1
IND,2001-03-11,2001-03-11,2001-03-11,1
IND,2001-05-24,2001-05-24,2001-05-24,1
IND,2001-05-27,2001-05-27,2001-05-27,1
IND,2001-05-30,2001-05-30,2001-05-30,1
IND,2001-06,2001-06-01,2001-06-30,1
IND,2001-06-05,2001-06-05,2001-06-05,1
IND,2001-06-17,2001-06-17,2001-06-17,1
IND,2001-06-18,2001-06-18,2001-06-18,1
IND,2001-06-22,2001-06-22,2001-06-22,1
IND,2001-06-23,2001-06-23,2001-06-23,1
IND,2001-06-30,2001-06-30,2001-06-30,1
IND,2001-07-04,2001-07-04,2001-07-04,1
IND,2001-07-07,2001-07-07,2001-07-07,1
IND,2001-07-08,2001-07-08,2001-07-08,1
IND,2001-07-16,2001-07-16,2001-07-16,1
IND,2001-08,2001-08-01,2001-08-31,3
IND,2001-08-06,2001-08-06,2001-08-06,1
IND,2001-08-14,2001-08-14,2001-08-14,1
IND,2001-08-16,2001-08-16,2001-08-16,3
IND,2001-08-20,2001-08-20,2001-08-20,1
IND,2001-08-24,2001-08-24,2001-08-24,1
IND,2001-09,2001-09-01,2001-09-30,1
IND,2001-09-07,2001-09-07,2001-09-07,1
IND,2001-09-26,2001-09-26,2001-09-26,1
IND,2001-09-28,2001-09-28,2001-09-28,1
IND,2001-10,2001-10-01,2001-10-31,1
IND,2001-11,2001-11-01,2001-11-30,1
IND,2001-11-09,2001-11-09,2001-11-09,1
IND,2001-11-20,2001-11-20,2001-11-20,1
IND,2001-11-26,2001-11-26,2001-11-26,1
IND,2001-12,2001-12-01,2001-12-31,1
IND,2002-01-05,2002-01-05,2002-01-05,1
IND,2002-01-09,2002-01-09,2002-01-09,1
IND,2002-03-12,2002-03-12,2002-03-12,1
IND,2002-03-14,2002-03-14,2002-03-14,1
IND,2002-04-03,2002-04-03,2002-04-03,1
IND,2002-04-11,2002-04-11,2002-04-11,1
IND,2002-04-27,2002-04-27,2002-04-27,2
IND,2002-05-01,2002-05-01,2002-05-01,1
IND,2002-05-02,2002-05-02,2002-05-02,1
IND,2002-05-10,2002-05-10,2002-05-10,1
IND,2002-05-11,2002-05-11,2002-05-11,1
IND,2002-05-24,2002-05-24,2002-05-24,1
IND,2002-05-26,2002-05-26,2002-05-26,1
IND,2002-05-27,2002-05-27,2002-05-27,1
IND,2002-06-04,2002-06-04,2002-06-04,1
IND,2002-06-10,2002-06-10,2002-06-10,1
IND,2002-06-16,2002-06-16,2002-06-16,1
IND,2002-06-21,2002-06-21,2002-06-21,1
IND,2002-07,2002-07-01,2002-07-31,1
IND,2002-07-27,2002-07-27,2002-07-27,1
IND,2002-08-11,2002-08-11,2002-08-11,1
IND,2002-08-13,2002-08-13,2002-08-13,1
IND,2002-08-16,2002-08-16,2002-08-16,1
IND,2002-08-20,2002-08-20,2002-08-20,1
IND,2002-08-31,2002-08-31,2002-08-31,1
IND,2002-09-01,2002-09-01,2002-09-01,1
IND,2002-09-02,2002-09-02,2002-09-02,1
IND,2002-09-03,2002-09-03,2002-09-03,1
IND,2002-09-07,2002-09-07,2002-09-07,1
IND,2002-09-09,2002-09-09,2002-09-09,1
IND,2002-09-13,2002-09-13,2002-09-13,1
IND,2002-09-16,2002-09-16,2002-09-16,1
IND,2002-10-01,2002-10-01,2002-10-01,2
IND,2002-10-10,2002-10-10,2002-10-10,1
IND,2002-10-13,2002-10-13,2002-10-13,1
IND,2002-10-22,2002-10-22,2002-10-22,1
IND,2002-11-13,2002-11-13,2002-11-13,1
IND,2002-11-21,2002-11-21,2002-11-21,1
IND,2002-11-24,2002-11-24,2002-11-24,1
IND,2002-11-30,2002-11-30,2002-11-30,1
IND,2002-12,2002-12-01,2002-12-31,1
IND,2002-12-13,2002-12-13,2002-12-13,1
IND,2002-12-21,2002-12-21,2002-12-21,1
IND,2003-01-02,2003-01-02,2003-01-02,1
IND,2003-01-28,2003-01-28,2003-01-28,1
IND,2003-02-17,2003-02-17,2003-02-17,1
IND,2003-02-18,2003-02-18,2003-02-18,1
IND,2003-02-19,2003-02-19,2003-02-19,1
IND,2003-03-03,2003-03-03,2003-03-03,1
IND,2003-03-09,2003-03-09,2003-03-09,1
IND,2003-03-12,2003-03-12,2003-03-12,1
IND,2003-03-18,2003-03-18,2003-03-18,1
IND,2003-03-30,2003-03-30,2003-03-30,1
IND,2003-04-05,2003-04-05,2003-04-05,1
IND,2003-04-12,2003-04-12,2003-04-12,1
IND,2003-04-22,2003-04-22,2003-04-22,1
IND,2003-05-10,2003-05-10,2003-05-10,1
IND,2003-05-14,2003-05-14,2003-05-14,1
IND,2003-05-15,2003-05-15,2003-05-15,1
IND,2003-05-26,2003-05-26,2003-05-26,1
IND,2003-06-01,2003-06-01,2003-06-01,1
IND,2003-06-11,2003-06-11,2003-06-11,1
IND,2003-06-16,2003-06-16,2003-06-16,2
IND,2003-06-22,2003-06-22,2003-06-22,1
IND,2003-06-26,2003-06-26,2003-06-26,1
IND,2003-07-02,2003-07-02,2003-07-02,1
IND,2003-07-13,2003-07-13,2003-07-13,1
IND,2003-07-15,2003-07-15,2003-07-15,1
IND,2003-07-16,2003-07-16,2003-07-16,1
IND,2003-07-24,2003-07-24,2003-07-24,1
IND,2003-08-03,2003-08-03,2003-08-03,1
IND,2003-08-07,2003-08-07,2003-08-07,1
IND,2003-08-11,2003-08-11,2003-08-11,2
IND,2003-08-27,2003-08-27,2003-08-27,2
IND,2003-08-28,2003-08-28,2003-08-28,1
IND,2003-09-02,2003-09-02,2003-09-02,1
IND,2003-09-10,2003-09-10,2003-09-10,1
IND,2003-10-07,2003-10-07,2003-10-07,1
IND,2003-10-16,2003-10-16,2003-10-16,1
IND,2003-11-01,2003-11-01,2003-11-01,1
IND,2003-11-06,2003-11-06,2003-11-06,1
IND,2003-11-25,2003-11-25,2003-11-25,1
IND,2003-12-01,2003-12-01,2003-12-01,1
IND,2003-12-02,2003-12-02,2003-12-02,1
IND,2003-12-07,2003-12-07,2003-12-07,1
IND,2003-12-15,2003-12-15,2003-12-15,1
IND,2003-12-17,2003-12-17,2003-12-17,1
IND,2004-01-16,2004-01-16,2004-01-16,1
IND,2004-01-23,2004-01-23,2004-01-23,1
IND,2004-02-27,2004-02-27,2004-02-27,1
IND,2004-03-05,2004-03-05,2004-03-05,1
IND,2004-03-29,2004-03-29,2004-03-29,1
IND,2004-04-02,2004-04-02,2004-04-02,1
IND,2004-04-10,2004-04-10,2004-04-10,1
IND,2004-05-07,2004-05-07,2004-05-07,1
IND,2004-05-22,2004-05-22,2004-05-22,2
IND,2004-06-09,2004-06-09,2004-06-09,1
IND,2004-06-16,2004-06-16,2004-06-16,1
IND,2004-06-20,2004-06-20,2004-06-20,1
IND,2004-06-27,2004-06-27,2004-06-27,1
IND,2004-07-15,2004-07-15,2004-07-15,1
IND,2004-07-16,2004-07-16,2004-07-16,1
IND,2004-07-19,2004-07-19,2004-07-19,1
IND,2004-07-31,2004-07-31,2004-07-31,1
IND,2004-08-01,2004-08-01,2004-08-01,1
IND,2004-08-02,2004-08-02,2004-08-02,1
IND,2004-08-26,2004-08-26,2004-08-26,1
IND,2004-09-20,2004-09-20,2004-09-20,1
IND,2004-10-07,2004-10-07,2004-10-07,1
IND,2004-11-14,2004-11-14,2004-11-14,1
IND,2004-12-14,2004-12-14,2004-12-14,1
IND,2004-12-26,2004-12-26,2004-12-26,2
IND,2005-01-10,2005-01-10,2005-01-10,1
IND,2005-01-25,2005-01-25,2005-01-25,1
IND,2005-02-03,2005-02-03,2005-02-03,1
IND,2005-02-06,2005-02-06,2005-02-06,1
IND,2005-02-15,2005-02-15,2005-02-15,1
IND,2005-03-12,2005-03-12,2005-03-12,1
IND,2005-03-23,2005-03-23,2005-03-23,1
IND,2005-04-01,2005-04-01,2005-04-01,1
IND,2005-04-07,2005-04-07,2005-04-07,1
IND,2005-04-11,2005-04-11,2005-04-11,1
IND,2005-04-21,2005-04-21,2005-04-21,1
IND,2005-05-01,2005-05-01,2005-05-01,1
IND,2005-05-04,2005-05-04,2005-05-04,1
IND,2005-05-17,2005-05-17,2005-05-17,1
IND,2005-05-18,2005-05-18,2005-05-18,1
IND,2005-05-27,2005-05-27,2005-05-27,1
IND,2005-06,2005-06-01,2005-06-30,1
IND,2005-06-08,2005-06-08,2005-06-08,1
IND,2005-06-15,2005-06-15,2005-06-15,1
IND,2005-06-26,2005-06-26,2005-06-26,1
IND,2005-06-28,2005-06-28,2005-06-28,1
IND,2005-07-01,2005-07-01,2005-07-01,1
IND,2005-07-02,2005-07-02,2005-07-02,2
IND,2005-07-05,2005-07-05,2005-07-05,1
IND,2005-07-06,2005-07-06,2005-07-06,1
IND,2005-07-07,2005-07-07,2005-07-07,1
IND,2005-07-09,2005-07-09,2005-07-09,1
IND,2005-07-10,2005-07-10,2005-07-10,1
IND,2005-07-11,2005-07-11,2005-07-11,1
IND,2005-07-23,2005-07-23,2005-07-23,1
IND,2005-07-24,2005-07-24,2005-07-24,1
IND,2005-07-27,2005-07-27,2005-07-27,1
IND,2005-07-29,2005-07-29,2005-07-29,1
IND,2005-08-16,2005-08-16,2005-08-16,1
IND,2005-08-22,2005-08-22,2005-08-22,1
IND,2005-08-24,2005-08-24,2005-08-24,1
IND,2005-08-25,2005-08-25,2005-08-25,1
IND,2005-08-26,2005-08-26,2005-08-26,1
IND,2005-08-28,2005-08-28,2005-08-28,1
IND,2005-09-14,2005-09-14,2005-09-14,1
IND,2005-09-15,2005-09-15,2005-09-15,1
IND,2005-09-16,2005-09-16,2005-09-16,1
IND,2005-09-20,2005-09-20,2005-09-20,1
IND,2005-09-22,2005-09-22,2005-09-22,1
IND,2005-09-29,2005-09-29,2005-09-29,1
IND,2005-10-03,2005-10-03,2005-10-03,1
IND,2005-10-07,2005-10-07,2005-10-07,2
IND,2005-10-08,2005-10-08,2005-10-08,1
IND,2005-10-16,2005-10-16,2005-10-16,1
IND,2005-10-21,2005-10-21,2005-10-21,1
IND,2005-10-23,2005-10-23,2005-10-23,1
IND,2005-10-26,2005-10-26,2005-10-26,1
IND,2005-10-29,2005-10-29,2005-10-29,2
IND,2005-11-25,2005-11-25,2005-11-25,2
IND,2005-12,2005-12-01,2005-12-31,2
IND,2005-12-02,2005-12-02,2005-12-02,1
IND,2005-12-07,2005-12-07,2005-12-07,1
IND,2005-12-18,2005-12-18,2005-12-18,1
IND,2005-12-28,2005-12-28,2005-12-28,1
IND,2006-01-04,2006-01-04,2006-01-04,1
IND,2006-01-20,2006-01-20,2006-01-20,1
IND,2006-02-22,2006-02-22,2006-02-22,1
IND,2006-03-09,2006-03-09,2006-03-09,1
IND,2006-04-03,2006-04-03,2006-04-03,1
IND,2006-04-07,2006-04-07,2006-04-07,1
IND,2006-04-10,2006-04-10,2006-04-10,1
IND,2006-04-15,2006-04-15,2006-04-15,1
IND,2006-04-20,2006-04-20,2006-04-20,1
IND,2006-05-01,2006-05-01,2006-05-01,1
IND,2006-05,2006-05-01,2006-05-31,1
IND,2006-05-02,2006-05-02,2006-05-02,1
IND,2006-05-25,2006-05-25,2006-05-25,1
IND,2006-05-30,2006-05-30,2006-05-30,1
IND,2006-05-31,2006-05-31,2006-05-31,2
IND,2006-06-18,2006-06-18,2006-06-18,1
IND,2006-06-24,2006-06-24,2006-06-24,1
IND,2006-07-03,2006-07-03,2006-07-03,1
IND,2006-07-04,2006-07-04,2006-07-04,1
IND,2006-07-24,2006-07-24,2006-07-24,1
IND,2006-07-28,2006-07-28,2006-07-28,1
IND,2006-08-01,2006-08-01,2006-08-01,1
IND,2006-08,2006-08-01,2006-08-31,1
IND,2006-08-18,2006-08-18,2006-08-18,1
IND,2006-08-26,2006-08-26,2006-08-26,1
IND,2006-08-27,2006-08-27,2006-08-27,1
IND,2006-08-29,2006-08-29,2006-08-29,1
IND,2006-08-31,2006-08-31,2006-08-31,2
IND,2006-09-06,2006-09-06,2006-09-06,1
IND,2006-09-18,2006-09-18,2006-09-18,1
IND,2006-10-01,2006-10-01,2006-10-01,1
IND,2006-10-19,2006-10-19,2006-10-19,1
IND,2006-10-26,2006-10-26,2006-10-26,1
IND,2006-11-08,2006-11-08,2006-11-08,1
IND,2006-12-02,2006-12-02,2006-12-02,1
IND,2007-01-10,2007-01-10,2007-01-10,1
IND,2007-01-18,2007-01-18,2007-01-18,1
IND,2007-02-01,2007-02-01,2007-02-01,1
IND,2007-02-11,2007-02-11,2007-02-11,1
IND,2007-02-20,2007-02-20,2007-02-20,1
IND,2007-02-26,2007-02-26,2007-02-26,1
IND,2007-03-11,2007-03-11,2007-03-11,1
IND,2007-03-12,2007-03-12,2007-03-12,1
IND,2007-04,2007-04-01,2007-04-30,1
IND,2007-04-22,2007-04-22,2007-04-22,1
IND,2007-05-14,2007-05-14,2007-05-14,1
IND,2007-05-19,2007-05-19,2007-05-19,1
IND,2007-05-23,2007-05-23,2007-05-23,1
IND,2007-06-18,2007-06-18,2007-06-18,1
IND,2007-06-22,2007-06-22,2007-06-22,1
IND,2007-06-30,2007-06-30,2007-06-30,1
IND,2007-07-01,2007-07-01,2007-07-01,2
IND,2007-07-03,2007-07-03,2007-07-03,1
IND,2007-07-12,2007-07-12,2007-07-12,1
IND,2007-07-16,2007-07-16,2007-07-16,1
IND,2007-07-19,2007-07-19,2007-07-19,1
IND,2007-07-21,2007-07-21,2007-07-21,1
IND,2007-08-03,2007-08-03,2007-08-03,1
IND,2007-08-06,2007-08-06,2007-08-06,1
IND,2007-08-08,2007-08-08,2007-08-08,1
IND,2007-08-12,2007-08-12,2007-08-12,1
IND,2007-08-14,2007-08-14,2007-08-14,1
IND,2007-09-07,2007-09-07,2007-09-07,1
IND,2007-09-09,2007-09-09,2007-09-09,1
IND,2007-09-16,2007-09-16,2007-09-16,1
IND,2007-09-22,2007-09-22,2007-09-22,1
IND,2007-10-14,2007-10-14,2007-10-14,1
IND,2007-10-27,2007-10-27,2007-10-27,1
IND,2007-11-01,2007-11-01,2007-11-01,1
IND,2007-11-15,2007-11-15,2007-11-15,1
IND,2007-12,2007-12-01,2007-12-31,1
IND,2007-12-14,2007-12-14,2007-12-14,1
IND,2008-02-08,2008-02-08,2008-02-08,1
IND,2008-02-28,2008-02-28,2008-02-28,1
IND,2008-03-20,2008-03-20,2008-03-20,1
IND,2008-03-29,2008-03-29,2008-03-29,1
IND,2008-04-16,2008-04-16,2008-04-16,1
IND,2008-05-14,2008-05-14,2008-05-14,1
IND,2008-05-29,2008-05-29,2008-05-29,1
IND,2008-06-11,2008-06-11,2008-06-11,1
IND,2008-07-05,2008-07-05,2008-07-05,1
IND,2008-07-20,2008-07-20,2008-07-20,1
IND,2008-07-23,2008-07-23,2008-07-23,1
IND,2008-08-01,2008-08-01,2008-08-01,1
IND,2008-08-03,2008-08-03,2008-08-03,1
IND,2008-08-30,2008-08-30,2008-08-30,1
IND,2008-09-05,2008-09-05,2008-09-05,1
IND,2008-09-14,2008-09-14,2008-09-14,1
IND,2008-09-30,2008-09-30,2008-09-30,1
IND,2008-10-13,2008-10-13,2008-10-13,2
IND,2008-10-23,2008-10-23,2008-10-23,1
IND,2008-11-04,2008-11-04,2008-11-04,1
IND,2008-11-27,2008-11-27,2008-11-27,1
IND,2008-12,2008-12-01,2008-12-31,1
IND,2008-12-10,2008-12-10,2008-12-10,1
IND,2009-01,2009-01-01,2009-01-31,1
IND,2009-02-14,2009-02-14,2009-02-14,1
IND,2009-03-31,2009-03-31,2009-03-31,1
IND,2009-04-14,2009-04-14,2009-04-14,1
IND,2009-05-11,2009-05-11,2009-05-11,1
IND,2009-05-25,2009-05-25,2009-05-25,1
IND,2009-06-07,2009-06-07,2009-06-07,1
IND,2009-06-28,2009-06-28,2009-06-28,1
IND,2009-07,2009-07-01,2009-07-31,2
IND,2009-07-29,2009-07-29,2009-07-29,1
IND,2009-08-08,2009-08-08,2009-08-08,1
IND,2009-08-26,2009-08-26,2009-08-26,1
IND,2009-09-03,2009-09-03,2009-09-03,1
IND,2009-09-23,2009-09-23,2009-09-23,1
IND,2009-09-25,2009-09-25,2009-09-25,1
IND,2009-09-30,2009-09-30,2009-09-30,1
IND,2009-10-09,2009-10-09,2009-10-09,1
IND,2009-10-17,2009-10-17,2009-10-17,1
IND,2009-10-21,2009-10-21,2009-10-21,1
IND,2009-10-29,2009-10-29,2009-10-29,1
IND,2009-11-03,2009-11-03,2009-11-03,1
IND,2009-11-11,2009-11-11,2009-11-11,1
IND,2009-12-24,2009-12-24,2009-12-24,1
IND,2010-01-02,2010-01-02,2010-01-02,2
IND,2010-01-30,2010-01-30,2010-01-30,1
IND,2010-02-08,2010-02-08,2010-02-08,1
IND,2010-02-11,2010-02-11,2010-02-11,1
IND,2010-03,2010-03-01,2010-03-31,1
IND,2010-03-04,2010-03-04,2010-03-04,1
IND,2010-04-10,2010-04-10,2010-04-10,1
IND,2010-04-13,2010-04-13,2010-04-13,1
IND,2010-05-06,2010-05-06,2010-05-06,1
IND,2010-05-18,2010-05-18,2010-05-18,1
IND,2010-05-20,2010-05-20,2010-05-20,1
IND,2010-05-22,2010-05-22,2010-05-22,1
IND,2010-05-24,2010-05-24,2010-05-24,1
IND,2010-05-29,2010-05-29,2010-05-29,1
IND,2010-06-09,2010-06-09,2010-06-09,1
IND,2010-06-14,2010-06-14,2010-06-14,1
IND,2010-06-26,2010-06-26,2010-06-26,1
IND,2010-07-05,2010-07-05,2010-07-05,1
IND,2010-07-13,2010-07-13,2010-07-13,1
IND,2010-07-19,2010-07-19,2010-07-19,1
IND,2010-07-23,2010-07-23,2010-07-23,1
IND,2010-08-06,2010-08-06,2010-08-06,1
IND,2010-08-18,2010-08-18,2010-08-18,2
IND,2010-08-25,2010-08-25,2010-08-25,1
IND,2010-09,2010-09-01,2010-09-30,1
IND,2010-09-05,2010-09-05,2010-09-05,1
IND,2010-09-09,2010-09-09,2010-09-09,2
IND,2010-09-18,2010-09-18,2010-09-18,1
IND,2010-09-20,2010-09-20,2010-09-20,1
IND,2010-10-11,2010-10-11,2010-10-11,1
IND,2010-10-17,2010-10-17,2010-10-17,1
IND,2010-10-30,2010-10-30,2010-10-30,1
IND,2010-10-31,2010-10-31,2010-10-31,1
IND,2010-11-15,2010-11-15,2010-11-15,2
IND,2011-01-01,2011-01-01,2011-01-01,1
IND,2011-01-05,2011-01-05,2011-01-05,1
IND,2011-01-14,2011-01-14,2011-01-14,1
IND,2011-03-19,2011-03-19,2011-03-19,1
IND,2011-04-15,2011-04-15,2011-04-15,1
IND,2011-04-19,2011-04-19,2011-04-19,1
IND,2011-05-20,2011-05-20,2011-05-20,1
IND,2011-05-26,2011-05-26,2011-05-26,1
IND,2011-05-30,2011-05-30,2011-05-30,1
IND,2011-06-15,2011-06-15,2011-06-15,1
IND,2011-07-07,2011-07-07,2011-07-07,1
IND,2011-07-10,2011-07-10,2011-07-10,1
IND,2011-07-23,2011-07-23,2011-07-23,1
IND,2011-08-10,2011-08-10,2011-08-10,1
IND,2011-08-15,2011-08-15,2011-08-15,2
IND,2011-09-05,2011-09-05,2011-09-05,1
IND,2011-09-13,2011-09-13,2011-09-13,1
IND,2011-09-18,2011-09-18,2011-09-18,1
IND,2011-09-23,2011-09-23,2011-09-23,1
IND,2011-10-22,2011-10-22,2011-10-22,1
IND,2011-11-08,2011-11-08,2011-11-08,1
IND,2011-11-20,2011-11-20,2011-11-20,1
IND,2011-12-09,2011-12-09,2011-12-09,1
IND,2011-12-16,2011-12-16,2011-12-16,1
IND,2011-12-29,2011-12-29,2011-12-29,1
IND,2012-01-15,2012-01-15,2012-01-15,1
IND,2012-02-23,2012-02-23,2012-02-23,1
IND,2012-04-30,2012-04-30,2012-04-30,1
IND,2012-05-22,2012-05-22,2012-05-22,1
IND,2012-06-26,2012-06-26,2012-06-26,1
IND,2012-07-12,2012-07-12,2012-07-12,1
IND,2012-07-26,2012-07-26,2012-07-26,1
IND,2012-07-30,2012-07-30,2012-07-30,1
IND,2012-08-01,2012-08-01,2012-08-01,1
IND,2012-08-04,2012-08-04,2012-08-04,1
IND,2012-08-08,2012-08-08,2012-08-08,1
IND,2012-08-11,2012-08-11,2012-08-11,1
IND,2012-08-21,2012-08-21,2012-08-21,2
IND,2012-09-05,2012-09-05,2012-09-05,1
IND,2012-09-16,2012-09-16,2012-09-16,1
IND,2012-09-19,2012-09-19,2012-09-19,1
IND,2012-11-04,2012-11-04,2012-11-04,1
IND,2012-12-22,2012-12-22,2012-12-22,1
IND,2013-02-04,2013-02-04,2013-02-04,1
IND,2013-02-27,2013-02-27,2013-02-27,1
IND,2013-03-04,2013-03-04,2013-03-04,1
IND,2013-03-19,2013-03-19,2013-03-19,1
IND,2013-03-29,2013-03-29,2013-03-29,1
IND,2013-04-01,2013-04-01,2013-04-01,1
IND,2013-05-01,2013-05-01,2013-05-01,1
IND,2013-05-16,2013-05-16,2013-05-16,1
IND,2013-05-20,2013-05-20,2013-05-20,1
IND,2013-05-27,2013-05-27,2013-05-27,1
IND,2013-06-12,2013-06-12,2013-06-12,1
IND,2013-06-14,2013-06-14,2013-06-14,1
IND,2013-06-23,2013-06-23,2013-06-23,1
IND,2013-06-26,2013-06-26,2013-06-26,1
IND,2013-07-09,2013-07-09,2013-07-09,1
IND,2013-07-14,2013-07-14,2013-07-14,1
IND,2013-08-19,2013-08-19,2013-08-19,1
IND,2013-08-22,2013-08-22,2013-08-22,1
IND,2013-09-27,2013-09-27,2013-09-27,1
IND,2013-10-05,2013-10-05,2013-10-05,1
IND,2013-10-12,2013-10-12,2013-10-12,1
IND,2013-10-13,2013-10-13,2013-10-13,1
IND,2013-10-21,2013-10-21,2013-10-21,1
IND,2013-10-30,2013-10-30,2013-10-30,1
IND,2013-11-22,2013-11-22,2013-11-22,1
IND,2013-11-25,2013-11-25,2013-11-25,1
IND,2013-12-28,2013-12-28,2013-12-28,1
IND,2014-01-02,2014-01-02,2014-01-02,1
IND,2014-01-04,2014-01-04,2014-01-04,1
IND,2014-01-18,2014-01-18,2014-01-18,1
IND,2014-01-20,2014-01-20,2014-01-20,1
IND,2014-01-26,2014-01-26,2014-01-26,1
IND,2014-03-06,2014-03-06,2014-03-06,1
IND,2014-03-10,2014-03-10,2014-03-10,1
IND,2014-04-17,2014-04-17,2014-04-17,1
IND,2014-05-04,2014-05-04,2014-05-04,1
IND,2014-05-26,2014-05-26,2014-05-26,1
IND,2014-05-30,2014-05-30,2014-05-30,1
IND,2014-06-08,2014-06-08,2014-06-08,1
IND,2014-06-26,2014-06-26,2014-06-26,1
IND,2014-06-27,2014-06-27,2014-06-27,1
IND,2014-06-28,2014-06-28,2014-06-28,2
IND,2014-07-16,2014-07-16,2014-07-16,1
IND,2014-07-30,2014-07-30,2014-07-30,1
IND,2014-08-03,2014-08-03,2014-08-03,1
IND,2014-08-09,2014-08-09,2014-08-09,1
IND,2014-08-16,2014-08-16,2014-08-16,1
IND,2014-08-18,2014-08-18,2014-08-18,1
IND,2014-08-25,2014-08-25,2014-08-25,1
IND,2014-09,2014-09-01,2014-09-30,1
IND,2014-09-04,2014-09-04,2014-09-04,1
IND,2014-09-13,2014-09-13,2014-09-13,1
IND,2014-09-24,2014-09-24,2014-09-24,1
IND,2014-10-01,2014-10-01,2014-10-01,1
IND,2014-10-03,2014-10-03,2014-10-03,1
IND,2014-10-12,2014-10-12,2014-10-12,1
IND,2014-12-07,2014-12-07,2014-12-07,1
IND,2014-12-17,2014-12-17,2014-12-17,1
IND,2015-01,2015-01-01,2015-01-31,1
IND,2015-03-06,2015-03-06,2015-03-06,1
IND,2015-03-20,2015-03-20,2015-03-20,2
IND,2015-04-04,2015-04-04,2015-04-04,1
IND,2015-04-21,2015-04-21,2015-04-21,1
IND,2015-04-25,2015-04-25,2015-04-25,1
IND,2015-05-11,2015-05-11,2015-05-11,1
IND,2015-05-12,2015-05-12,2015-05-12,1
IND,2015-05-17,2015-05-17,2015-05-17,1
IND,2015-05-19,2015-05-19,2015-05-19,1
IND,2015-05-20,2015-05-20,2015-05-20,1
IND,2015-05-25,2015-05-25,2015-05-25,1
IND,2015-06-02,2015-06-02,2015-06-02,1
IND,2015-06-14,2015-06-14,2015-06-14,1
IND,2015-06-19,2015-06-19,2015-06-19,1
IND,2015-06-23,2015-06-23,2015-06-23,1
IND,2015-07-01,2015-07-01,2015-07-01,1
IND,2015-07-07,2015-07-07,2015-07-07,1
IND,2015-07-14,2015-07-14,2015-07-14,2
IND,2015-07-15,2015-07-15,2015-07-15,1
IND,2015-08-05,2015-08-05,2015-08-05,1
IND,2015-08-10,2015-08-10,2015-08-10,1
IND,2015-08-13,2015-08-13,2015-08-13,1
IND,2015-08-28,2015-08-28,2015-08-28,1
IND,2015-09-06,2015-09-06,2015-09-06,1
IND,2015-09-13,2015-09-13,2015-09-13,1
IND,2015-10-03,2015-10-03,2015-10-03,1
IND,2015-10-26,2015-10-26,2015-10-26,1
IND,2015-11-08,2015-11-08,2015-11-08,1
IND,2015-12-07,2015-12-07,2015-12-07,1
IND,2015-12-22,2015-12-22,2015-12-22,1
IND,2016-01-03,2016-01-03,2016-01-03,1
IND,2016-02-01,2016-02-01,2016-02-01,2
IND,2016-02-03,2016-02-03,2016-02-03,1
IND,2016-02-05,2016-02-05,2016-02-05,1
IND,2016-03-31,2016-03-31,2016-03-31,1
IND,2016-04-01,2016-04-01,2016-04-01,1
IND,2016-04-09,2016-04-09,2016-04-09,1
IND,2016-04-17,2016-04-17,2016-04-17,1
IND,2016-04-22,2016-04-22,2016-04-22,1
IND,2016-05-04,2016-05-04,2016-05-04,1
IND,2016-05-14,2016-05-14,2016-05-14,1
IND,2016-05-20,2016-05-20,2016-05-20,1
IND,2016-05-21,2016-05-21,2016-05-21,1
IND,2016-05-22,2016-05-22,2016-05-22,1
IND,2016-05-31,2016-05-31,2016-05-31,1
IND,2016-06-12,2016-06-12,2016-06-12,1
IND,2016-06-20,2016-06-20,2016-06-20,1
IND,2016-06-25,2016-06-25,2016-06-25,1
IND,2016-07,2016-07-01,2016-07-31,1
IND,2016-07-09,2016-07-09,2016-07-09,1
IND,2016-07-15,2016-07-15,2016-07-15,1
IND,2016-07-17,2016-07-17,2016-07-17,1
IND,2016-07-22,2016-07-22,2016-07-22,1
IND,2016-07-28,2016-07-28,2016-07-28,1
IND,2016-08-01,2016-08-01,2016-08-01,1
IND,2016-08-03,2016-08-03,2016-08-03,1
IND,2016-09-21,2016-09-21,2016-09-21,1
IND,2016-10-15,2016-10-15,2016-10-15,1
IND,2016-10-17,2016-10-17,2016-10-17,1
IND,2016-11-11,2016-11-11,2016-11-11,1
IND,2016-11-20,2016-11-20,2016-11-20,1
IND,2016-12-12,2016-12-12,2016-12-12,1
IND,2016-12-29,2016-12-29,2016-12-29,1
IND,2017-01-14,2017-01-14,2017-01-14,1
IND,2017-01-20,2017-01-20,2017-01-20,1
IND,2017-01-21,2017-01-21,2017-01-21,1
IND,2017-01-25,2017-01-25,2017-01-25,1
IND,2017-03-25,2017-03-25,2017-03-25,1
IND,2017-04,2017-04-01,2017-04-30,1
IND,2017-04-12,2017-04-12,2017-04-12,1
IND,2017-04-19,2017-04-19,2017-04-19,1
IND,2017-04-21,2017-04-21,2017-04-21,1
IND,2017-05-10,2017-05-10,2017-05-10,1
IND,2017-05-28,2017-05-28,2017-05-28,1
IND,2017-05-30,2017-05-30,2017-05-30,1
IND,2017-06-01,2017-06-01,2017-06-01,1
IND,2017-06,2017-06-01,2017-06-30,1
IND,2017-06-04,2017-06-04,2017-06-04,1
IND,2017-06-05,2017-06-05,2017-06-05,1
IND,2017-06-07,2017-06-07,2017-06-07,1
IND,2017-06-25,2017-06-25,2017-06-25,1
IND,2017-07,2017-07-01,2017-07-31,1
IND,2017-07-08,2017-07-08,2017-07-08,1
IND,2017-07-11,2017-07-11,2017-07-11,1
IND,2017-07-13,2017-07-13,2017-07-13,1
IND,2017-07-20,2017-07-20,2017-07-20,1
IND,2017-07-25,2017-07-25,2017-07-25,1
IND,2017-08-11,2017-08-11,2017-08-11,1
IND,2017-08-12,2017-08-12,2017-08-12,1
IND,2017-08-13,2017-08-13,2017-08-13,1
IND,2017-08-16,2017-08-16,2017-08-16,1
IND,2017-08-19,2017-08-19,2017-08-19,1
IND,2017-08-23,2017-08-23,2017-08-23,1
IND,2017-08-29,2017-08-29,2017-08-29,1
IND,2017-08-31,2017-08-31,2017-08-31,1
IND,2017-09-14,2017-09-14,2017-09-14,1
IND,2017-09-29,2017-09-29,2017-09-29,1
IND,2017-10-30,2017-10-30,2017-10-30,1
IND,2017-10-31,2017-10-31,2017-10-31,1
IND,2017-11-01,2017-11-01,2017-11-01,1
IND,2017-11-12,2017-11-12,2017-11-12,1
IND,2017-12-02,2017-12-02,2017-12-02,1
IND,2017-12-23,2017-12-23,2017-12-23,1
IND,2017-12-29,2017-12-29,2017-12-29,1
IND,2018-01-01,2018-01-01,2018-01-01,1
IND,2018-01-20,2018-01-20,2018-01-20,1
IND,2018-02-16,2018-02-16,2018-02-16,1
IND,2018-03-06,2018-03-06,2018-03-06,1
IND,2018-03-10,2018-03-10,2018-03-10,1
IND,2018-04-09,2018-04-09,2018-04-09,1
IND,2018-04-10,2018-04-10,2018-04-10,1
IND,2018-04-11,2018-04-11,2018-04-11,1
IND,2018-04-17,2018-04-17,2018-04-17,1
IND,2018-05-01,2018-05-01,2018-05-01,1
IND,2018-05-06,2018-05-06,2018-05-06,1
IND,2018-05-13,2018-05-13,2018-05-13,1
IND,2018-05-17,2018-05-17,2018-05-17,1
IND,2018-05-26,2018-05-26,2018-05-26,1
IND,2018-05-28,2018-05-28,2018-05-28,1
IND,2018-05-29,2018-05-29,2018-05-29,1
IND,2018-06-01,2018-06-01,2018-06-01,1
IND,2018-06-08,2018-06-08,2018-06-08,1
IND,2018-06-22,2018-06-22,2018-06-22,1
IND,2018-07-19,2018-07-19,2018-07-19,1
IND,2018-07-20,2018-07-20,2018-07-20,1
IND,2018-07-26,2018-07-26,2018-07-26,1
IND,2018-08-02,2018-08-02,2018-08-02,1
IND,2018-08-07,2018-08-07,2018-08-07,1
IND,2018-09-01,2018-09-01,2018-09-01,1
IND,2018-09,2018-09-01,2018-09-30,1
IND,2018-09-11,2018-09-11,2018-09-11,1
IND,2018-09-23,2018-09-23,2018-09-23,1
IND,2018-10-11,2018-10-11,2018-10-11,1
IND,2018-10-19,2018-10-19,2018-10-19,1
IND,2018-11-16,2018-11-16,2018-11-16,1
IND,2018-11-24,2018-11-24,2018-11-24,1
IND,2018-12-01,2018-12-01,2018-12-01,1
IND,2018-12-08,2018-12-08,2018-12-08,1
IND,2018-12-17,2018-12-17,2018-12-17,2
IND,2019-01-01,2019-01-01,2019-01-01,1
IND,2019-01-02,2019-01-02,2019-01-02,1
IND,2019-02-12,2019-02-12,2019-02-12,1
IND,2019-02-23,2019-02-23,2019-02-23,1
IND,2019-04-16,2019-04-16,2019-04-16,1
IND,2019-05-03,2019-05-03,2019-05-03,1
IND,2019-05-24,2019-05-24,2019-05-24,1
IND,2019-06-01,2019-06-01,2019-06-01,1
IND,2019-06,2019-06-01,2019-06-30,2
IND,2019-06-06,2019-06-06,2019-06-06,1
IND,2019-06-25,2019-06-25,2019-06-25,1
IND,2019-06-28,2019-06-28,2019-06-28,1
IND,2019-07-01,2019-07-01,2019-07-01,1
IND,2019-07-08,2019-07-08,2019-07-08,1
IND,2019-07-14,2019-07-14,2019-07-14,1
IND,2019-08-12,2019-08-12,2019-08-12,1
IND,2019-09-04,2019-09-04,2019-09-04,1
IND,2019-09-15,2019-09-15,2019-09-15,1
IND,2019-10,2019-10-01,2019-10-31,1
IND,2019-10-19,2019-10-19,2019-10-19,1
IND,2019-11-09,2019-11-09,2019-11-09,1
IND,2019-11-29,2019-11-29,2019-11-29,1
IND,2019-12-08,2019-12-08,2019-12-08,1
IND,2020-01-11,2020-01-11,2020-01-11,1
IND,2020-01-28,2020-01-28,2020-01-28,1
IND,2020-05-07,2020-05-07,2020-05-07,1
IND,2020-05-08,2020-05-08,2020-05-08,1
IND,2020-05-10,2020-05-10,2020-05-10,1
IND,2020-05-20,2020-05-20,2020-05-20,1
IND,2020-05-24,2020-05-24,2020-05-24,1
IND,2020-05-27,2020-05-27,2020-05-27,1
IND,2020-06-01,2020-06-01,2020-06-01,1
IND,2020-06,2020-06-01,2020-06-30,1
IND,2020-06-03,2020-06-03,2020-06-03,1
IND,2020-08-07,2020-08-07,2020-08-07,2
IND,2020-09-21,2020-09-21,2020-09-21,1
IND,2020-10-01,2020-10-01,2020-10-01,1
IND,2020-11-03,2020-11-03,2020-11-03,1
IND,2020-11-25,2020-11-25,2020-11-25,1
IND,2021-01-03,2021-01-03,2021-01-03,1
IND,2021-01-09,2021-01-09,2021-01-09,1
IND,2021-01-19,2021-01-19,2021-01-19,1
IND,2021-02-07,2021-02-07,2021-02-07,1
IND,2021-02-12,2021-02-12,2021-02-12,1
IND,2021-02-16,2021-02-16,2021-02-16,1
IND,2021-04-23,2021-04-23,2021-04-23,1
IND,2021-04-28,2021-04-28,2021-04-28,1
IND,2021-05-01,2021-05-01,2021-05-01,1
IND,2021-05-14,2021-05-14,2021-05-14,1
IND,2021-05-25,2021-05-25,2021-05-25,1
IND,2021-06-01,2021-06-01,2021-06-01,2
IND,2021-06-07,2021-06-07,2021-06-07,1
IND,2021-07-01,2021-07-01,2021-07-01,1
IND,2021-07-17,2021-07-17,2021-07-17,1
IND,2021-07-28,2021-07-28,2021-07-28,2
IND,2021-08-11,2021-08-11,2021-08-11,1
IND,2021-09-08,2021-09-08,2021-09-08,1
IND,2021-09-13,2021-09-13,2021-09-13,1
IND,2021-09-26,2021-09-26,2021-09-26,1
IND,2021-10-03,2021-10-03,2021-10-03,1
IND,2021-10-11,2021-10-11,2021-10-11,1
IND,2021-10-18,2021-10-18,2021-10-18,1
IND,2021-11-06,2021-11-06,2021-11-06,2
IND,2021-11-18,2021-11-18,2021-11-18,1
IND,2021-12-04,2021-12-04,2021-12-04,1
IND,2022-01-01,2022-01-01,2022-01-01,1
IND,2022-02-16,2022-02-16,2022-02-16,1
IND,2022-03,2022-03-01,2022-03-31,1
IND,2022-04-01,2022-04-01,2022-04-01,1
IND,2022-04-27,2022-04-27,2022-04-27,1
IND,2022-05-13,2022-05-13,2022-05-13,1
IND,2022-05-17,2022-05-17,2022-05-17,1
IND,2022-06-05,2022-06-05,2022-06-05,1
IND,2022-06-30,2022-06-30,2022-06-30,1
IND,2022-08,2022-08-01,2022-08-31,1
IND,2022-08-03,2022-08-03,2022-08-03,1
IND,2022-09-18,2022-09-18,2022-09-18,1
IND,2022-10-01,2022-10-01,2022-10-01,1
IND,2022-10-05,2022-10-05,2022-10-05,1
IND,2022-10-30,2022-10-30,2022-10-30,1
IND,2022-12-09,2022-12-09,2022-12-09,1
IND,2022-12-23,2022-12-23,2022-12-23,1
IND,2023-01-24,2023-01-24,2023-01-24,1
IND,2023-03-17,2023-03-17,2023-03-17,1
IND,2023-03-30,2023-03-30,2023-03-30,1
IND,2023-04,2023-04-01,2023-04-30,2
IND,2023-05-07,2023-05-07,2023-05-07,1
IND,2023-05-14,2023-05-14,2023-05-14,1
IND,2023-06-02,2023-06-02,2023-06-02,1
IND,2023-06-14,2023-06-14,2023-06-14,1
IND,2023-06-19,2023-06-19,2023-06-19,1
IND,2023-06-25,2023-06-25,2023-06-25,1
IND,2023-06-26,2023-06-26,2023-06-26,1
IND,2023-06-30,2023-06-30,2023-06-30,1
IND,2023-07-19,2023-07-19,2023-07-19,1
IND,2023-07-27,2023-07-27,2023-07-27,1
IND,2023-08-01,2023-08-01,2023-08-01,1
IND,2023-08-23,2023-08-23,2023-08-23,3
IND,2023-09-02,2023-09-02,2023-09-02,1
IND,2023-10-05,2023-10-05,2023-10-05,1
IND,2023-11-15,2023-11-15,2023-11-15,1
IND,2023-11-26,2023-11-26,2023-11-26,1
IND,2023-12-05,2023-12-05,2023-12-05,1
IND,2023-12-18,2023-12-18,2023-12-18,1
IRL,2000-01-01,2000-01-01,2000-01-01,1
IRL,2000-11-05,2000-11-05,2000-11-05,1
IRL,2002-11-14,2002-11-14,2002-11-14,1
IRL,2004-10-27,2004-10-27,2004-10-27,1
IRL,2005-01-07,2005-01-07,2005-01-07,1
IRL,2007-01-17,2007-01-17,2007-01-17,1
IRL,2009-11-18,2009-11-18,2009-11-18,1
IRL,2011-10-24,2011-10-24,2011-10-24,1
IRL,2014-02-12,2014-02-12,2014-02-12,1
IRL,2015-12-04,2015-12-04,2015-12-04,1
IRL,2017-08-22,2017-08-22,2017-08-22,1
IRL,2017-11-22,2017-11-22,2017-11-22,1
IRL,2018-01-02,2018-01-02,2018-01-02,1
IRL,2020-02-09,2020-02-09,2020-02-09,1
IRL,2020-02-14,2020-02-14,2020-02-14,1
IRL,2022-02-18,2022-02-18,2022-02-18,1
IRL,2022-05-30,2022-05-30,2022-05-30,1
IRL,2023-07,2023-07-01,2023-07-31,1
IRN,2000-01-18,2000-01-18,2000-01-18,1
IRN,2000-02-02,2000-02-02,2000-02-02,2
IRN,2000-02-14,2000-02-14,2000-02-14,1
IRN,2000-03-25,2000-03-25,2000-03-25,2
IRN,2000-03-29,2000-03-29,2000-03-29,1
IRN,2000-05-02,2000-05-02,2000-05-02,1
IRN,2000-06-01,2000-06-01,2000-06-01,1
IRN,2000-06-21,2000-06-21,2000-06-21,1
IRN,2000-08-01,2000-08-01,2000-08-01,1
IRN,2000-08-08,2000-08-08,2000-08-08,1
IRN,2000-09-09,2000-09-09,2000-09-09,1
IRN,2000-09-14,2000-09-14,2000-09-14,1
IRN,2001-01-06,2001-01-06,2001-01-06,1
IRN,2001-03-12,2001-03-12,2001-03-12,1
IRN,2001-05-06,2001-05-06,2001-05-06,2
IRN,2001-05-16,2001-05-16,2001-05-16,1
IRN,2001-05-17,2001-05-17,2001-05-17,1
IRN,2001-06-09,2001-06-09,2001-06-09,1
IRN,2001-06-12,2001-06-12,2001-06-12,1
IRN,2001-06-15,2001-06-15,2001-06-15,1
IRN,2001-06-27,2001-06-27,2001-06-27,1
IRN,2001-07-04,2001-07-04,2001-07-04,1
IRN,2001-07-20,2001-07-20,2001-07-20,1
IRN,2001-08-10,2001-08-10,2001-08-10,1
IRN,2001-08-18,2001-08-18,2001-08-18,1
IRN,2001-09-30,2001-09-30,2001-09-30,1
IRN,2001-10-01,2001-10-01,2001-10-01,1
IRN,2001-10-08,2001-10-08,2001-10-08,1
IRN,2001-10-22,2001-10-22,2001-10-22,1
IRN,2001-12-17,2001-12-17,2001-12-17,1
IRN,2002-01-04,2002-01-04,2002-01-04,1
IRN,2002-01-11,2002-01-11,2002-01-11,1
IRN,2002-02-07,2002-02-07,2002-02-07,1
IRN,2002-02-12,2002-02-12,2002-02-12,1
IRN,2002-02-16,2002-02-16,2002-02-16,1
IRN,2002-02-17,2002-02-17,2002-02-17,1
IRN,2002-04-14,2002-04-14,2002-04-14,1
IRN,2002-04-24,2002-04-24,2002-04-24,1
IRN,2002-05-01,2002-05-01,2002-05-01,1
IRN,2002-06,2002-06-01,2002-06-30,1
IRN,2002-06-09,2002-06-09,2002-06-09,1
IRN,2002-06-14,2002-06-14,2002-06-14,1
IRN,2002-06-22,2002-06-22,2002-06-22,1
IRN,2002-07-14,2002-07-14,2002-07-14,1
IRN,2002-08-10,2002-08-10,2002-08-10,1
IRN,2002-08-13,2002-08-13,2002-08-13,1
IRN,2002-09-07,2002-09-07,2002-09-07,1
IRN,2002-09-25,2002-09-25,2002-09-25,1
IRN,2002-10-24,2002-10-24,2002-10-24,1
IRN,2002-12-15,2002-12-15,2002-12-15,1
IRN,2002-12-23,2002-12-23,2002-12-23,1
IRN,2002-12-24,2002-12-24,2002-12-24,1
IRN,2002-12-27,2002-12-27,2002-12-27,1
IRN,2002-12-30,2002-12-30,2002-12-30,1
IRN,2003-01-04,2003-01-04,2003-01-04,1
IRN,2003-01-11,2003-01-11,2003-01-11,1
IRN,2003-01-14,2003-01-14,2003-01-14,1
IRN,2003-02-10,2003-02-10,2003-02-10,1
IRN,2003-02-19,2003-02-19,2003-02-19,1
IRN,2003-02-26,2003-02-26,2003-02-26,1
IRN,2003-03-06,2003-03-06,2003-03-06,1
IRN,2003-03-26,2003-03-26,2003-03-26,1
IRN,2003-05-30,2003-05-30,2003-05-30,1
IRN,2003-07-03,2003-07-03,2003-07-03,1
IRN,2003-07-10,2003-07-10,2003-07-10,1
IRN,2003-07-26,2003-07-26,2003-07-26,1
IRN,2003-09-11,2003-09-11,2003-09-11,1
IRN,2003-09-27,2003-09-27,2003-09-27,1
IRN,2003-11-08,2003-11-08,2003-11-08,1
IRN,2003-11-16,2003-11-16,2003-11-16,1
IRN,2003-12-11,2003-12-11,2003-12-11,1
IRN,2003-12-16,2003-12-16,2003-12-16,1
IRN,2003-12-26,2003-12-26,2003-12-26,1
IRN,2004-02-15,2004-02-15,2004-02-15,1
IRN,2004-02-18,2004-02-18,2004-02-18,1
IRN,2004-04-05,2004-04-05,2004-04-05,1
IRN,2004-05-28,2004-05-28,2004-05-28,1
IRN,2004-06-12,2004-06-12,2004-06-12,1
IRN,2004-06-24,2004-06-24,2004-06-24,1
IRN,2004-07-14,2004-07-14,2004-07-14,1
IRN,2004-08-18,2004-08-18,2004-08-18,1
IRN,2004-09-11,2004-09-11,2004-09-11,1
IRN,2004-09-20,2004-09-20,2004-09-20,1
IRN,2004-10-03,2004-10-03,2004-10-03,1
IRN,2004-10-17,2004-10-17,2004-10-17,1
IRN,2004-10-21,2004-10-21,2004-10-21,1
IRN,2004-11-19,2004-11-19,2004-11-19,1
IRN,2004-12-09,2004-12-09,2004-12-09,1
IRN,2004-12-10,2004-12-10,2004-12-10,1
IRN,2005-01-04,2005-01-04,2005-01-04,1
IRN,2005-01-10,2005-01-10,2005-01-10,1
IRN,2005-01-13,2005-01-13,2005-01-13,1
IRN,2005-01-18,2005-01-18,2005-01-18,1
IRN,2005-01-21,2005-01-21,2005-01-21,1
IRN,2005-02-10,2005-02-10,2005-02-10,1
IRN,2005-02-13,2005-02-13,2005-02-13,1
IRN,2005-02-14,2005-02-14,2005-02-14,1
IRN,2005-02-22,2005-02-22,2005-02-22,1
IRN,2005-03-11,2005-03-11,2005-03-11,1
IRN,2005-03-13,2005-03-13,2005-03-13,1
IRN,2005-06-28,2005-06-28,2005-06-28,1
IRN,2005-07-16,2005-07-16,2005-07-16,1
IRN,2005-07-31,2005-07-31,2005-07-31,1
IRN,2005-08-09,2005-08-09,2005-08-09,1
IRN,2005-08-15,2005-08-15,2005-08-15,1
IRN,2005-08-25,2005-08-25,2005-08-25,2
IRN,2005-09-15,2005-09-15,2005-09-15,1
IRN,2005-09-22,2005-09-22,2005-09-22,1
IRN,2005-11-07,2005-11-07,2005-11-07,1
IRN,2005-11-27,2005-11-27,2005-11-27,1
IRN,2005-12-06,2005-12-06,2005-12-06,1
IRN,2006-01-09,2006-01-09,2006-01-09,1
IRN,2006-02-28,2006-02-28,2006-02-28,1
IRN,2006-03-31,2006-03-31,2006-03-31,1
IRN,2006-05,2006-05-01,2006-05-31,1
IRN,2006-05-07,2006-05-07,2006-05-07,1
IRN,2006-05-08,2006-05-08,2006-05-08,1
IRN,2006-06-26,2006-06-26,2006-06-26,1
IRN,2006-07-26,2006-07-26,2006-07-26,1
IRN,2006-09-01,2006-09-01,2006-09-01,1
IRN,2006-09-03,2006-09-03,2006-09-03,1
IRN,2006-11-26,2006-11-26,2006-11-26,1
IRN,2006-11-27,2006-11-27,2006-11-27,1
IRN,2007-01-11,2007-01-11,2007-01-11,1
IRN,2007-04-09,2007-04-09,2007-04-09,1
IRN,2007-06-06,2007-06-06,2007-06-06,1
IRN,2007-06-27,2007-06-27,2007-06-27,1
IRN,2007-07-07,2007-07-07,2007-07-07,1
IRN,2007-07-14,2007-07-14,2007-07-14,1
IRN,2008-01,2008-01-01,2008-01-31,1
IRN,2008-03-16,2008-03-16,2008-03-16,1
IRN,2008-05-01,2008-05-01,2008-05-01,1
IRN,2008-05-23,2008-05-23,2008-05-23,1
IRN,2008-05-25,2008-05-25,2008-05-25,1
IRN,2008-06-30,2008-06-30,2008-06-30,1
IRN,2008-08-07,2008-08-07,2008-08-07,1
IRN,2008-08-21,2008-08-21,2008-08-21,1
IRN,2008-09-09,2008-09-09,2008-09-09,1
IRN,2008-09-10,2008-09-10,2008-09-10,1
IRN,2008-11-27,2008-11-27,2008-11-27,1
IRN,2008-12-23,2008-12-23,2008-12-23,1
IRN,2009-03-25,2009-03-25,2009-03-25,1
IRN,2009-04-19,2009-04-19,2009-04-19,1
IRN,2009-05-04,2009-05-04,2009-05-04,1
IRN,2009-07-15,2009-07-15,2009-07-15,1
IRN,2009-07-24,2009-07-24,2009-07-24,1
IRN,2009-11-03,2009-11-03,2009-11-03,1
IRN,2010-01-16,2010-01-16,2010-01-16,1
IRN,2010-07-30,2010-07-30,2010-07-30,1
IRN,2010-08-27,2010-08-27,2010-08-27,1
IRN,2010-09-10,2010-09-10,2010-09-10,1
IRN,2010-09-15,2010-09-15,2010-09-15,1
IRN,2010-09-27,2010-09-27,2010-09-27,1
IRN,2010-10-12,2010-10-12,2010-10-12,1
IRN,2010-11-06,2010-11-06,2010-11-06,1
IRN,2010-12-20,2010-12-20,2010-12-20,1
IRN,2011-01-19,2011-01-19,2011-01-19,1
IRN,2011-07-31,2011-07-31,2011-07-31,1
IRN,2011-09-22,2011-09-22,2011-09-22,1
IRN,2011-10-20,2011-10-20,2011-10-20,1
IRN,2011-11-17,2011-11-17,2011-11-17,1
IRN,2012-01-19,2012-01-19,2012-01-19,1
IRN,2012-01-21,2012-01-21,2012-01-21,1
IRN,2012-08-11,2012-08-11,2012-08-11,1
IRN,2012-09-02,2012-09-02,2012-09-02,1
IRN,2012-10-12,2012-10-12,2012-10-12,1
IRN,2012-10-19,2012-10-19,2012-10-19,1
IRN,2012-11-14,2012-11-14,2012-11-14,1
IRN,2012-12-05,2012-12-05,2012-12-05,1
IRN,2013-04-05,2013-04-05,2013-04-05,1
IRN,2013-04-09,2013-04-09,2013-04-09,1
IRN,2013-04-16,2013-04-16,2013-04-16,1
IRN,2013-09-09,2013-09-09,2013-09-09,1
IRN,2013-09-17,2013-09-17,2013-09-17,1
IRN,2013-11-28,2013-11-28,2013-11-28,1
IRN,2014-01-02,2014-01-02,2014-01-02,1
IRN,2014-06-01,2014-06-01,2014-06-01,1
IRN,2014-08-10,2014-08-10,2014-08-10,1
IRN,2014-08-18,2014-08-18,2014-08-18,1
IRN,2015-03-10,2015-03-10,2015-03-10,1
IRN,2015-03-11,2015-03-11,2015-03-11,1
IRN,2015-06-02,2015-06-02,2015-06-02,1
IRN,2015-07-14,2015-07-14,2015-07-14,1
IRN,2015-09-06,2015-09-06,2015-09-06,1
IRN,2015-09-18,2015-09-18,2015-09-18,1
IRN,2015-10-18,2015-10-18,2015-10-18,1
IRN,2015-11-12,2015-11-12,2015-11-12,1
IRN,2016-07-23,2016-07-23,2016-07-23,1
IRN,2016-09-01,2016-09-01,2016-09-01,1
IRN,2016-11-09,2016-11-09,2016-11-09,1
IRN,2016-11-25,2016-11-25,2016-11-25,1
IRN,2017-01-19,2017-01-19,2017-01-19,1
IRN,2017-04-15,2017-04-15,2017-04-15,1
IRN,2017-05-03,2017-05-03,2017-05-03,1
IRN,2017-05-13,2017-05-13,2017-05-13,1
IRN,2017-08-10,2017-08-10,2017-08-10,1
IRN,2017-09-01,2017-09-01,2017-09-01,1
IRN,2017-11-12,2017-11-12,2017-11-12,1
IRN,2017-12-20,2017-12-20,2017-12-20,1
IRN,2018-02-18,2018-02-18,2018-02-18,1
IRN,2018-03-11,2018-03-11,2018-03-11,1
IRN,2018-07-11,2018-07-11,2018-07-11,1
IRN,2018-07-22,2018-07-22,2018-07-22,1
IRN,2018-08-26,2018-08-26,2018-08-26,1
IRN,2018-09-17,2018-09-17,2018-09-17,1
IRN,2018-10-05,2018-10-05,2018-10-05,1
IRN,2018-11-25,2018-11-25,2018-11-25,1
IRN,2018-12-26,2018-12-26,2018-12-26,1
IRN,2019-01-14,2019-01-14,2019-01-14,1
IRN,2019-03-09,2019-03-09,2019-03-09,1
IRN,2019-03-19,2019-03-19,2019-03-19,1
IRN,2019-07-08,2019-07-08,2019-07-08,1
IRN,2019-07-16,2019-07-16,2019-07-16,1
IRN,2019-10-12,2019-10-12,2019-10-12,1
IRN,2019-11-08,2019-11-08,2019-11-08,1
IRN,2019-11-14,2019-11-14,2019-11-14,1
IRN,2020-01-07,2020-01-07,2020-01-07,1
IRN,2020-01-09,2020-01-09,2020-01-09,1
IRN,2020-02-23,2020-02-23,2020-02-23,1
IRN,2020-02-24,2020-02-24,2020-02-24,2
IRN,2020-04,2020-04-01,2020-04-30,1
IRN,2020-04-10,2020-04-10,2020-04-10,1
IRN,2020-09-04,2020-09-04,2020-09-04,1
IRN,2020-11-24,2020-11-24,2020-11-24,1
IRN,2020-11-29,2020-11-29,2020-11-29,1
IRN,2020-12-25,2020-12-25,2020-12-25,1
IRN,2021,2021-01-01,2021-12-31,1
IRN,2021-02-17,2021-02-17,2021-02-17,1
IRN,2021-04-18,2021-04-18,2021-04-18,1
IRN,2021-05-01,2021-05-01,2021-05-01,1
IRN,2021-07-14,2021-07-14,2021-07-14,1
IRN,2021-09-01,2021-09-01,2021-09-01,1
IRN,2021-10-01,2021-10-01,2021-10-01,1
IRN,2021-11-14,2021-11-14,2021-11-14,1
IRN,2021-12-25,2021-12-25,2021-12-25,1
IRN,2022-01-01,2022-01-01,2022-01-01,1
IRN,2022-01-15,2022-01-15,2022-01-15,1
IRN,2022-05-21,2022-05-21,2022-05-21,1
IRN,2022-06-08,2022-06-08,2022-06-08,1
IRN,2022-07-02,2022-07-02,2022-07-02,1
IRN,2022-07-23,2022-07-23,2022-07-23,1
IRN,2022-08-30,2022-08-30,2022-08-30,1
IRN,2022-10-05,2022-10-05,2022-10-05,1
IRN,2023-01-18,2023-01-18,2023-01-18,1
IRN,2023-01-28,2023-01-28,2023-01-28,1
IRN,2023-03-13,2023-03-13,2023-03-13,1
IRN,2023-03-24,2023-03-24,2023-03-24,1
IRN,2023-04-10,2023-04-10,2023-04-10,1
IRN,2023-06-26,2023-06-26,2023-06-26,1
IRN,2023-08-25,2023-08-25,2023-08-25,1
IRN,2023-09-20,2023-09-20,2023-09-20,1
IRN,2023-11-03,2023-11-03,2023-11-03,1
IRQ,2000-09,2000-09-01,2000-09-30,1
IRQ,2003-04-28,2003-04-28,2003-04-28,1
IRQ,2003-06-28,2003-06-28,2003-06-28,1
IRQ,2003-08-18,2003-08-18,2003-08-18,1
IRQ,2004-11-30,2004-11-30,2004-11-30,1
IRQ,2004-12-12,2004-12-12,2004-12-12,1
IRQ,2005-01-23,2005-01-23,2005-01-23,1
IRQ,2005-02-04,2005-02-04,2005-02-04,1
IRQ,2005-08-31,2005-08-31,2005-08-31,1
IRQ,2006-01-07,2006-01-07,2006-01-07,1
IRQ,2006-02-04,2006-02-04,2006-02-04,1
IRQ,2006-08-29,2006-08-29,2006-08-29,1
IRQ,2006-11-05,2006-11-05,2006-11-05,1
IRQ,2007-01-09,2007-01-09,2007-01-09,1
IRQ,2007-01-20,2007-01-20,2007-01-20,1
IRQ,2007-08-14,2007-08-14,2007-08-14,1
IRQ,2008-03-11,2008-03-11,2008-03-11,1
IRQ,2008-08-07,2008-08-07,2008-08-07,1
IRQ,2008-09-10,2008-09-10,2008-09-10,1
IRQ,2009-10-30,2009-10-30,2009-10-30,1
IRQ,2009-11-26,2009-11-26,2009-11-26,1
IRQ,2010-07-16,2010-07-16,2010-07-16,1
IRQ,2010-08-07,2010-08-07,2010-08-07,1
IRQ,2010-12-03,2010-12-03,2010-12-03,1
IRQ,2011-04-22,2011-04-22,2011-04-22,1
IRQ,2012-12-25,2012-12-25,2012-12-25,1
IRQ,2013-11-18,2013-11-18,2013-11-18,1
IRQ,2015-09-15,2015-09-15,2015-09-15,1
IRQ,2015-10-28,2015-10-28,2015-10-28,1
IRQ,2016-08-10,2016-08-10,2016-08-10,1
IRQ,2017-08-19,2017-08-19,2017-08-19,1
IRQ,2017-11-12,2017-11-12,2017-11-12,1
IRQ,2018-11-22,2018-11-22,2018-11-22,1
IRQ,2019-03-21,2019-03-21,2019-03-21,1
IRQ,2019-03-24,2019-03-24,2019-03-24,1
IRQ,2020-03-18,2020-03-18,2020-03-18,1
IRQ,2021-01,2021-01-01,2021-01-31,1
IRQ,2021-04,2021-04-01,2021-04-30,1
IRQ,2021-07-12,2021-07-12,2021-07-12,1
IRQ,2021-10-29,2021-10-29,2021-10-29,1
IRQ,2021-12-16,2021-12-16,2021-12-16,1
IRQ,2022-04-16,2022-04-16,2022-04-16,1
IRQ,2022-05-01,2022-05-01,2022-05-01,1
IRQ,2022-09-11,2022-09-11,2022-09-11,1
IRQ,2022-11-17,2022-11-17,2022-11-17,1
IRQ,2023-04-10,2023-04-10,2023-04-10,1
IRQ,2023-09-01,2023-09-01,2023-09-01,1
IRQ,2023-09-27,2023-09-27,2023-09-27,1
ISL,2000-06-17,2000-06-17,2000-06-17,1
ISL,2000-06-21,2000-06-21,2000-06-21,1
ISL,2010-03,2010-03-01,2010-03-31,1
ISL,2023-07,2023-07-01,2023-07-31,1
ISL,2023-10-25,2023-10-25,2023-10-25,1
ISR,2000-01-19,2000-01-19,2000-01-19,1
ISR,2000-07,2000-07-01,2000-07-31,1
ISR,2000-08,2000-08-01,2000-08-31,1
ISR,2001-05-25,2001-05-25,2001-05-25,1
ISR,2005-06-22,2005-06-22,2005-06-22,1
ISR,2008-12-16,2008-12-16,2008-12-16,1
ISR,2010-01-19,2010-01-19,2010-01-19,1
ISR,2010-12-02,2010-12-02,2010-12-02,1
ISR,2013-12-02,2013-12-02,2013-12-02,1
ISR,2015-09-08,2015-09-08,2015-09-08,1
ISR,2016-11-18,2016-11-18,2016-11-18,1
ISR,2018-04-24,2018-04-24,2018-04-24,1
ISR,2020-01-04,2020-01-04,2020-01-04,1
ISR,2020-10-09,2020-10-09,2020-10-09,1
ISR,2021-04-30,2021-04-30,2021-04-30,1
ITA,2000-02-14,2000-02-14,2000-02-14,1
ITA,2000-09-08,2000-09-08,2000-09-08,1
ITA,2000-09-20,2000-09-20,2000-09-20,1
ITA,2000-10-13,2000-10-13,2000-10-13,1
ITA,2000-11-06,2000-11-06,2000-11-06,1
ITA,2001-07-18,2001-07-18,2001-07-18,1
ITA,2001-10-08,2001-10-08,2001-10-08,1
ITA,2001-12-16,2001-12-16,2001-12-16,1
ITA,2002-03-08,2002-03-08,2002-03-08,1
ITA,2002-05,2002-05-01,2002-05-31,1
ITA,2002-06,2002-06-01,2002-06-30,1
ITA,2002-06-06,2002-06-06,2002-06-06,1
ITA,2002-08-04,2002-08-04,2002-08-04,1
ITA,2002-09-06,2002-09-06,2002-09-06,1
ITA,2002-09-14,2002-09-14,2002-09-14,1
ITA,2002-10-29,2002-10-29,2002-10-29,1
ITA,2002-10-31,2002-10-31,2002-10-31,1
ITA,2002-11-22,2002-11-22,2002-11-22,1
ITA,2003-01-23,2003-01-23,2003-01-23,1
ITA,2003-03-13,2003-03-13,2003-03-13,1
ITA,2003-04-11,2003-04-11,2003-04-11,1
ITA,2003-06-10,2003-06-10,2003-06-10,1
ITA,2003-07-16,2003-07-16,2003-07-16,1
ITA,2003-08-29,2003-08-29,2003-08-29,1
ITA,2004-01-10,2004-01-10,2004-01-10,1
ITA,2004-11-13,2004-11-13,2004-11-13,1
ITA,2005-01-07,2005-01-07,2005-01-07,1
ITA,2005-08-06,2005-08-06,2005-08-06,1
ITA,2005-11-18,2005-11-18,2005-11-18,1
ITA,2005-12-27,2005-12-27,2005-12-27,1
ITA,2006-02-06,2006-02-06,2006-02-06,1
ITA,2006-03,2006-03-01,2006-03-31,1
ITA,2006-04-30,2006-04-30,2006-04-30,1
ITA,2006-10-17,2006-10-17,2006-10-17,1
ITA,2007-06,2007-06-01,2007-06-30,1
ITA,2007-06-17,2007-06-17,2007-06-17,1
ITA,2007-07,2007-07-01,2007-07-31,1
ITA,2007-11-04,2007-11-04,2007-11-04,1
ITA,2008-05-29,2008-05-29,2008-05-29,1
ITA,2008-07-12,2008-07-12,2008-07-12,1
ITA,2008-12-11,2008-12-11,2008-12-11,1
ITA,2009-01-24,2009-01-24,2009-01-24,1
ITA,2009-04-06,2009-04-06,2009-04-06,1
ITA,2009-06-29,2009-06-29,2009-06-29,1
ITA,2009-07-20,2009-07-20,2009-07-20,1
ITA,2009-10-01,2009-10-01,2009-10-01,1
ITA,2009-12-21,2009-12-21,2009-12-21,1
ITA,2010-04-12,2010-04-12,2010-04-12,1
ITA,2010-10-31,2010-10-31,2010-10-31,1
ITA,2010-11-08,2010-11-08,2010-11-08,1
ITA,2010-12-01,2010-12-01,2010-12-01,1
ITA,2011-03-15,2011-03-15,2011-03-15,1
ITA,2011-04-06,2011-04-06,2011-04-06,1
ITA,2011-08-01,2011-08-01,2011-08-01,1
ITA,2011-08-17,2011-08-17,2011-08-17,1
ITA,2011-10-25,2011-10-25,2011-10-25,1
ITA,2011-11-04,2011-11-04,2011-11-04,1
ITA,2011-11-26,2011-11-26,2011-11-26,1
ITA,2012-01-13,2012-01-13,2012-01-13,1
ITA,2012-02,2012-02-01,2012-02-29,1
ITA,2012-04-03,2012-04-03,2012-04-03,1
ITA,2012-05-20,2012-05-20,2012-05-20,1
ITA,2012-05-29,2012-05-29,2012-05-29,1
ITA,2012-06-01,2012-06-01,2012-06-01,1
ITA,2012-09-06,2012-09-06,2012-09-06,1
ITA,2012-10-29,2012-10-29,2012-10-29,1
ITA,2012-11-11,2012-11-11,2012-11-11,1
ITA,2013-07-28,2013-07-28,2013-07-28,1
ITA,2013-09-30,2013-09-30,2013-09-30,1
ITA,2013-10-03,2013-10-03,2013-10-03,1
ITA,2013-10-11,2013-10-11,2013-10-11,1
ITA,2013-11-18,2013-11-18,2013-11-18,1
ITA,2014-01-18,2014-01-18,2014-01-18,1
ITA,2014-01-31,2014-01-31,2014-01-31,1
ITA,2014-05-02,2014-05-02,2014-05-02,1
ITA,2014-07-02,2014-07-02,2014-07-02,1
ITA,2014-07-19,2014-07-19,2014-07-19,1
ITA,2014-08-23,2014-08-23,2014-08-23,1
ITA,2014-10-08,2014-10-08,2014-10-08,1
ITA,2014-11-09,2014-11-09,2014-11-09,1
ITA,2014-12-28,2014-12-28,2014-12-28,1
ITA,2015-02-08,2015-02-08,2015-02-08,1
ITA,2015-03-02,2015-03-02,2015-03-02,1
ITA,2015-03-04,2015-03-04,2015-03-04,1
ITA,2015-05-05,2015-05-05,2015-05-05,1
ITA,2015-07-11,2015-07-11,2015-07-11,1
ITA,2015-07-24,2015-07-24,2015-07-24,1
ITA,2015-08-11,2015-08-11,2015-08-11,1
ITA,2015-08-13,2015-08-13,2015-08-13,1
ITA,2015-08-26,2015-08-26,2015-08-26,1
ITA,2015-09-03,2015-09-03,2015-09-03,1
ITA,2015-10-14,2015-10-14,2015-10-14,1
ITA,2016-07-12,2016-07-12,2016-07-12,1
ITA,2016-08-24,2016-08-24,2016-08-24,1
ITA,2016-10-26,2016-10-26,2016-10-26,1
ITA,2016-10-30,2016-10-30,2016-10-30,1
ITA,2016-11-21,2016-11-21,2016-11-21,1
ITA,2017-01-18,2017-01-18,2017-01-18,1
ITA,2017-01-21,2017-01-21,2017-01-21,1
ITA,2017-06-03,2017-06-03,2017-06-03,1
ITA,2017-07,2017-07-01,2017-07-31,1
ITA,2017-08-05,2017-08-05,2017-08-05,1
ITA,2017-08-21,2017-08-21,2017-08-21,1
ITA,2017-09-09,2017-09-09,2017-09-09,1
ITA,2017-11-05,2017-11-05,2017-11-05,1
ITA,2017-12-11,2017-12-11,2017-12-11,1
ITA,2018-02-23,2018-02-23,2018-02-23,1
ITA,2018-08,2018-08-01,2018-08-31,1
ITA,2018-08-06,2018-08-06,2018-08-06,1
ITA,2018-08-14,2018-08-14,2018-08-14,1
ITA,2018-08-21,2018-08-21,2018-08-21,1
ITA,2018-10-29,2018-10-29,2018-10-29,1
ITA,2018-12-24,2018-12-24,2018-12-24,1
ITA,2019-05-11,2019-05-11,2019-05-11,1
ITA,2019-06-26,2019-06-26,2019-06-26,1
ITA,2019-10-07,2019-10-07,2019-10-07,1
ITA,2019-10-20,2019-10-20,2019-10-20,1
ITA,2019-11-03,2019-11-03,2019-11-03,1
ITA,2019-11-12,2019-11-12,2019-11-12,1
ITA,2019-11-23,2019-11-23,2019-11-23,1
ITA,2020-02-08,2020-02-08,2020-02-08,1
ITA,2020-08-12,2020-08-12,2020-08-12,1
ITA,2020-08-29,2020-08-29,2020-08-29,1
ITA,2020-10-02,2020-10-02,2020-10-02,1
ITA,2020-11-20,2020-11-20,2020-11-20,1
ITA,2020-11-28,2020-11-28,2020-11-28,1
ITA,2020-12-04,2020-12-04,2020-12-04,1
ITA,2021-02-13,2021-02-13,2021-02-13,1
ITA,2021-02-20,2021-02-20,2021-02-20,1
ITA,2021-05-23,2021-05-23,2021-05-23,1
ITA,2021-07-13,2021-07-13,2021-07-13,1
ITA,2021-07-23,2021-07-23,2021-07-23,1
ITA,2022-05-30,2022-05-30,2022-05-30,1
ITA,2022-06,2022-06-01,2022-06-30,1
ITA,2022-07-03,2022-07-03,2022-07-03,1
ITA,2022-08-14,2022-08-14,2022-08-14,1
ITA,2022-09-15,2022-09-15,2022-09-15,1
ITA,2022-11-26,2022-11-26,2022-11-26,1
ITA,2023,2023-01-01,2023-12-31,1
ITA,2023-02-04,2023-02-04,2023-02-04,1
ITA,2023-02-26,2023-02-26,2023-02-26,2
ITA,2023-04-09,2023-04-09,2023-04-09,1
ITA,2023-04-30,2023-04-30,2023-04-30,1
ITA,2023-05-16,2023-05-16,2023-05-16,1
ITA,2023-06-22,2023-06-22,2023-06-22,1
ITA,2023-07-12,2023-07-12,2023-07-12,1
ITA,2023-07-19,2023-07-19,2023-07-19,1
ITA,2023-07-21,2023-07-21,2023-07-21,1
ITA,2023-10-03,2023-10-03,2023-10-03,1
ITA,2023-11-02,2023-11-02,2023-11-02,1
JAM,2000-03,2000-03-01,2000-03-31,1
JAM,2001-11-06,2001-11-06,2001-11-06,1
JAM,2002-05-23,2002-05-23,2002-05-23,1
JAM,2002-09-18,2002-09-18,2002-09-18,1
JAM,2002-09-30,2002-09-30,2002-09-30,1
JAM,2004-08-13,2004-08-13,2004-08-13,1
JAM,2004-09-11,2004-09-11,2004-09-11,1
JAM,2005-07-07,2005-07-07,2005-07-07,1
JAM,2005-07-18,2005-07-18,2005-07-18,1
JAM,2005-10-19,2005-10-19,2005-10-19,1
JAM,2006-11-06,2006-11-06,2006-11-06,1
JAM,2006-11-22,2006-11-22,2006-11-22,1
JAM,2007-08-20,2007-08-20,2007-08-20,1
JAM,2007-10-28,2007-10-28,2007-10-28,1
JAM,2008-08-18,2008-08-18,2008-08-18,1
JAM,2008-08-28,2008-08-28,2008-08-28,1
JAM,2010-09-29,2010-09-29,2010-09-29,1
JAM,2012-10-24,2012-10-24,2012-10-24,1
JAM,2014-01,2014-01-01,2014-01-31,1
JAM,2016-09-27,2016-09-27,2016-09-27,1
JAM,2017-04-20,2017-04-20,2017-04-20,1
JOR,2000-01-24,2000-01-24,2000-01-24,1
JOR,2000-07,2000-07-01,2000-07-31,1
JOR,2000-07-25,2000-07-25,2000-07-25,1
JOR,2000-08,2000-08-01,2000-08-31,1
JOR,2001-12-14,2001-12-14,2001-12-14,1
JOR,2003-06-04,2003-06-04,2003-06-04,1
JOR,2003-06-26,2003-06-26,2003-06-26,1
JOR,2004-10-28,2004-10-28,2004-10-28,1
JOR,2006-09-20,2006-09-20,2006-09-20,1
JOR,2008-01-26,2008-01-26,2008-01-26,1
JOR,2013-03-16,2013-03-16,2013-03-16,1
JOR,2016-03-16,2016-03-16,2016-03-16,1
JOR,2018-10-25,2018-10-25,2018-10-25,1
JOR,2018-11-09,2018-11-09,2018-11-09,1
JOR,2022-06-27,2022-06-27,2022-06-27,1
JOR,2023-11-19,2023-11-19,2023-11-19,1
JPN,2000-03-31,2000-03-31,2000-03-31,1
JPN,2000-05-24,2000-05-24,2000-05-24,1
JPN,2000-06-01,2000-06-01,2000-06-01,1
JPN,2000-07-01,2000-07-01,2000-07-01,1
JPN,2000-07-08,2000-07-08,2000-07-08,1
JPN,2000-08-02,2000-08-02,2000-08-02,1
JPN,2000-08-10,2000-08-10,2000-08-10,1
JPN,2000-09-10,2000-09-10,2000-09-10,1
JPN,2000-09-11,2000-09-11,2000-09-11,2
JPN,2000-10-06,2000-10-06,2000-10-06,1
JPN,2001-01-20,2001-01-20,2001-01-20,1
JPN,2001-03-24,2001-03-24,2001-03-24,1
JPN,2001-04-11,2001-04-11,2001-04-11,1
JPN,2001-05-05,2001-05-05,2001-05-05,1
JPN,2001-06,2001-06-01,2001-06-30,1
JPN,2001-06-20,2001-06-20,2001-06-20,1
JPN,2001-07-21,2001-07-21,2001-07-21,1
JPN,2001-08-21,2001-08-21,2001-08-21,1
JPN,2001-09-01,2001-09-01,2001-09-01,1
JPN,2001-09-10,2001-09-10,2001-09-10,1
JPN,2002-03-22,2002-03-22,2002-03-22,1
JPN,2002-07-05,2002-07-05,2002-07-05,2
JPN,2002-07-15,2002-07-15,2002-07-15,1
JPN,2002-09-04,2002-09-04,2002-09-04,1
JPN,2002-12-09,2002-12-09,2002-12-09,1
JPN,2003-05-26,2003-05-26,2003-05-26,1
JPN,2003-07-19,2003-07-19,2003-07-19,1
JPN,2003-07-25,2003-07-25,2003-07-25,1
JPN,2003-08-08,2003-08-08,2003-08-08,1
JPN,2003-09-12,2003-09-12,2003-09-12,1
JPN,2003-09-25,2003-09-25,2003-09-25,1
JPN,2004-06-16,2004-06-16,2004-06-16,1
JPN,2004-07,2004-07-01,2004-07-31,1
JPN,2004-07-12,2004-07-12,2004-07-12,1
JPN,2004-08-17,2004-08-17,2004-08-17,1
JPN,2004-08-23,2004-08-23,2004-08-23,1
JPN,2004-08-30,2004-08-30,2004-08-30,1
JPN,2004-09-03,2004-09-03,2004-09-03,1
JPN,2004-09-23,2004-09-23,2004-09-23,1
JPN,2004-10-03,2004-10-03,2004-10-03,1
JPN,2004-10-15,2004-10-15,2004-10-15,1
JPN,2004-10-23,2004-10-23,2004-10-23,1
JPN,2004-11-11,2004-11-11,2004-11-11,1
JPN,2005-03-20,2005-03-20,2005-03-20,1
JPN,2005-04-19,2005-04-19,2005-04-19,1
JPN,2005-04-25,2005-04-25,2005-04-25,1
JPN,2005-06-28,2005-06-28,2005-06-28,1
JPN,2005-08-25,2005-08-25,2005-08-25,1
JPN,2005-09-02,2005-09-02,2005-09-02,1
JPN,2005-12-09,2005-12-09,2005-12-09,1
JPN,2006-01-21,2006-01-21,2006-01-21,1
JPN,2006-06-19,2006-06-19,2006-06-19,1
JPN,2006-07-22,2006-07-22,2006-07-22,1
JPN,2006-09-15,2006-09-15,2006-09-15,1
JPN,2006-10-07,2006-10-07,2006-10-07,1
JPN,2006-11,2006-11-01,2006-11-30,1
JPN,2007-03-25,2007-03-25,2007-03-25,1
JPN,2007-04-15,2007-04-15,2007-04-15,1
JPN,2007-07-04,2007-07-04,2007-07-04,1
JPN,2007-07-13,2007-07-13,2007-07-13,1
JPN,2007-07-16,2007-07-16,2007-07-16,1
JPN,2007-08,2007-08-01,2007-08-31,1
JPN,2007-08-28,2007-08-28,2007-08-28,1
JPN,2007-09-17,2007-09-17,2007-09-17,1
JPN,2008-06-13,2008-06-13,2008-06-13,1
JPN,2008-06-23,2008-06-23,2008-06-23,1
JPN,2008-07,2008-07-01,2008-07-31,1
JPN,2008-07-23,2008-07-23,2008-07-23,1
JPN,2008-07-28,2008-07-28,2008-07-28,1
JPN,2008-09-30,2008-09-30,2008-09-30,1
JPN,2009-03-10,2009-03-10,2009-03-10,1
JPN,2009-04-14,2009-04-14,2009-04-14,1
JPN,2009-07,2009-07-01,2009-07-31,1
JPN,2009-07-20,2009-07-20,2009-07-20,1
JPN,2009-07-26,2009-07-26,2009-07-26,1
JPN,2009-08-10,2009-08-10,2009-08-10,2
JPN,2009-10-07,2009-10-07,2009-10-07,1
JPN,2010-07-18,2010-07-18,2010-07-18,1
JPN,2010-07-19,2010-07-19,2010-07-19,1
JPN,2010-11-10,2010-11-10,2010-11-10,1
JPN,2011-03-11,2011-03-11,2011-03-11,1
JPN,2011-04-07,2011-04-07,2011-04-07,1
JPN,2011-07,2011-07-01,2011-07-31,1
JPN,2011-07-19,2011-07-19,2011-07-19,1
JPN,2011-07-29,2011-07-29,2011-07-29,1
JPN,2011-09-02,2011-09-02,2011-09-02,1
JPN,2011-09-22,2011-09-22,2011-09-22,1
JPN,2012-01-01,2012-01-01,2012-01-01,1
JPN,2012-04-03,2012-04-03,2012-04-03,1
JPN,2012-05-06,2012-05-06,2012-05-06,1
JPN,2012-07-12,2012-07-12,2012-07-12,1
JPN,2012-08-25,2012-08-25,2012-08-25,1
JPN,2012-09-15,2012-09-15,2012-09-15,1
JPN,2012-09-24,2012-09-24,2012-09-24,1
JPN,2012-09-29,2012-09-29,2012-09-29,1
JPN,2013-01-14,2013-01-14,2013-01-14,1
JPN,2013-02-23,2013-02-23,2013-02-23,1
JPN,2013-02-27,2013-02-27,2013-02-27,1
JPN,2013-04-12,2013-04-12,2013-04-12,1
JPN,2013-05,2013-05-01,2013-05-31,1
JPN,2013-07-28,2013-07-28,2013-07-28,1
JPN,2013-09-02,2013-09-02,2013-09-02,1
JPN,2013-09-04,2013-09-04,2013-09-04,1
JPN,2013-09-16,2013-09-16,2013-09-16,1
JPN,2013-10-07,2013-10-07,2013-10-07,1
JPN,2013-10-10,2013-10-10,2013-10-10,1
JPN,2013-10-14,2013-10-14,2013-10-14,1
JPN,2014-02-08,2014-02-08,2014-02-08,1
JPN,2014-02-14,2014-02-14,2014-02-14,1
JPN,2014-07-07,2014-07-07,2014-07-07,1
JPN,2014-07-14,2014-07-14,2014-07-14,1
JPN,2014-08-03,2014-08-03,2014-08-03,1
JPN,2014-08-10,2014-08-10,2014-08-10,1
JPN,2014-08-20,2014-08-20,2014-08-20,1
JPN,2014-09-27,2014-09-27,2014-09-27,1
JPN,2014-10-06,2014-10-06,2014-10-06,1
JPN,2014-10-12,2014-10-12,2014-10-12,1
JPN,2014-11-22,2014-11-22,2014-11-22,1
JPN,2014-12-02,2014-12-02,2014-12-02,1
JPN,2014-12-17,2014-12-17,2014-12-17,1
JPN,2015-05-11,2015-05-11,2015-05-11,1
JPN,2015-05-12,2015-05-12,2015-05-12,1
JPN,2015-07-09,2015-07-09,2015-07-09,1
JPN,2015-07-12,2015-07-12,2015-07-12,1
JPN,2015-07-16,2015-07-16,2015-07-16,1
JPN,2015-08-03,2015-08-03,2015-08-03,1
JPN,2015-08-25,2015-08-25,2015-08-25,1
JPN,2015-09-08,2015-09-08,2015-09-08,1
JPN,2015-09-09,2015-09-09,2015-09-09,1
JPN,2015-09-28,2015-09-28,2015-09-28,1
JPN,2016-01-14,2016-01-14,2016-01-14,1
JPN,2016-01-20,2016-01-20,2016-01-20,1
JPN,2016-04-14,2016-04-14,2016-04-14,1
JPN,2016-04-15,2016-04-15,2016-04-15,1
JPN,2016-06-20,2016-06-20,2016-06-20,1
JPN,2016-08-06,2016-08-06,2016-08-06,1
JPN,2016-08-22,2016-08-22,2016-08-22,1
JPN,2016-09-04,2016-09-04,2016-09-04,1
JPN,2016-09-20,2016-09-20,2016-09-20,1
JPN,2016-10-05,2016-10-05,2016-10-05,1
JPN,2016-10-21,2016-10-21,2016-10-21,1
JPN,2017-07-06,2017-07-06,2017-07-06,1
JPN,2017-08-05,2017-08-05,2017-08-05,1
JPN,2017-09-17,2017-09-17,2017-09-17,1
JPN,2017-10-05,2017-10-05,2017-10-05,1
JPN,2017-10-22,2017-10-22,2017-10-22,1
JPN,2018-02-01,2018-02-01,2018-02-01,1
JPN,2018-06-18,2018-06-18,2018-06-18,1
JPN,2018-06-29,2018-06-29,2018-06-29,1
JPN,2018-07-01,2018-07-01,2018-07-01,1
JPN,2018-09-04,2018-09-04,2018-09-04,1
JPN,2018-09-06,2018-09-06,2018-09-06,1
JPN,2018-09-28,2018-09-28,2018-09-28,1
JPN,2018-10-06,2018-10-06,2018-10-06,1
JPN,2019-06-18,2019-06-18,2019-06-18,1
JPN,2019-06-29,2019-06-29,2019-06-29,1
JPN,2019-07-22,2019-07-22,2019-07-22,1
JPN,2019-07-29,2019-07-29,2019-07-29,1
JPN,2019-08-27,2019-08-27,2019-08-27,1
JPN,2019-09-05,2019-09-05,2019-09-05,1
JPN,2019-09-24,2019-09-24,2019-09-24,1
JPN,2019-10-08,2019-10-08,2019-10-08,1
JPN,2019-10-12,2019-10-12,2019-10-12,1
JPN,2019-10-25,2019-10-25,2019-10-25,1
JPN,2020-02-29,2020-02-29,2020-02-29,1
JPN,2020-06-29,2020-06-29,2020-06-29,1
JPN,2020-09-02,2020-09-02,2020-09-02,1
JPN,2020-09-07,2020-09-07,2020-09-07,1
JPN,2020-12-16,2020-12-16,2020-12-16,1
JPN,2021-01-07,2021-01-07,2021-01-07,1
JPN,2021-02-13,2021-02-13,2021-02-13,1
JPN,2021-03-20,2021-03-20,2021-03-20,1
JPN,2021-07-03,2021-07-03,2021-07-03,1
JPN,2021-07-10,2021-07-10,2021-07-10,1
JPN,2021-08-11,2021-08-11,2021-08-11,1
JPN,2021-12-17,2021-12-17,2021-12-17,1
JPN,2022-03-16,2022-03-16,2022-03-16,1
JPN,2022-04-23,2022-04-23,2022-04-23,1
JPN,2022-06-20,2022-06-20,2022-06-20,1
JPN,2022-07-04,2022-07-04,2022-07-04,1
JPN,2022-08-02,2022-08-02,2022-08-02,1
JPN,2022-09-18,2022-09-18,2022-09-18,1
JPN,2022-09-25,2022-09-25,2022-09-25,1
JPN,2022-12-17,2022-12-17,2022-12-17,1
JPN,2023-01-24,2023-01-24,2023-01-24,1
JPN,2023-05-06,2023-05-06,2023-05-06,1
JPN,2023-06-02,2023-06-02,2023-06-02,1
JPN,2023-07-01,2023-07-01,2023-07-01,1
JPN,2023-08-02,2023-08-02,2023-08-02,1
JPN,2023-08-15,2023-08-15,2023-08-15,1
JPN,2023-09-08,2023-09-08,2023-09-08,1
KAZ,2000-01,2000-01-01,2000-01-31,1
KAZ,2000-04,2000-04-01,2000-04-30,1
KAZ,2001-01,2001-01-01,2001-01-31,1
KAZ,2001-05-13,2001-05-13,2001-05-13,1
KAZ,2003-05-23,2003-05-23,2003-05-23,1
KAZ,2004-03-14,2004-03-14,2004-03-14,1
KAZ,2004-11-28,2004-11-28,2004-11-28,1
KAZ,2004-12-05,2004-12-05,2004-12-05,1
KAZ,2005-02-24,2005-02-24,2005-02-24,1
KAZ,2006-09-20,2006-09-20,2006-09-20,1
KAZ,2008-01-11,2008-01-11,2008-01-11,1
KAZ,2008-02-20,2008-02-20,2008-02-20,1
KAZ,2009-09-08,2009-09-08,2009-09-08,1
KAZ,2009-09-13,2009-09-13,2009-09-13,1
KAZ,2009-11-09,2009-11-09,2009-11-09,1
KAZ,2010-02,2010-02-01,2010-02-28,1
KAZ,2010-03-17,2010-03-17,2010-03-17,1
KAZ,2011-04-09,2011-04-09,2011-04-09,1
KAZ,2012-02-18,2012-02-18,2012-02-18,1
KAZ,2012-05-08,2012-05-08,2012-05-08,1
KAZ,2012-12-18,2012-12-18,2012-12-18,1
KAZ,2012-12-25,2012-12-25,2012-12-25,1
KAZ,2013-01-29,2013-01-29,2013-01-29,1
KAZ,2014-03-23,2014-03-23,2014-03-23,1
KAZ,2015-04-08,2015-04-08,2015-04-08,1
KAZ,2015-04-19,2015-04-19,2015-04-19,1
KAZ,2017-04-14,2017-04-14,2017-04-14,1
KAZ,2018-01-18,2018-01-18,2018-01-18,1
KAZ,2018-03-09,2018-03-09,2018-03-09,1
KAZ,2019-03-28,2019-03-28,2019-03-28,1
KAZ,2019-12-27,2019-12-27,2019-12-27,1
KAZ,2020-05-01,2020-05-01,2020-05-01,1
KAZ,2021-06,2021-06-01,2021-06-30,1
KAZ,2023-06-08,2023-06-08,2023-06-08,1
KEN,2000-01,2000-01-01,2000-01-31,1
KEN,2000-01-06,2000-01-06,2000-01-06,1
KEN,2000-02-20,2000-02-20,2000-02-20,1
KEN,2000-03-29,2000-03-29,2000-03-29,1
KEN,2000-04-01,2000-04-01,2000-04-01,1
KEN,2000-04-20,2000-04-20,2000-04-20,1
KEN,2000-06,2000-06-01,2000-06-30,1
KEN,2000-08,2000-08-01,2000-08-31,1
KEN,2000-08-15,2000-08-15,2000-08-15,1
KEN,2000-08-20,2000-08-20,2000-08-20,1
KEN,2000-08-24,2000-08-24,2000-08-24,1
KEN,2000-10-07,2000-10-07,2000-10-07,1
KEN,2000-11-15,2000-11-15,2000-11-15,1
KEN,2001-01-04,2001-01-04,2001-01-04,1
KEN,2001-02,2001-02-01,2001-02-28,1
KEN,2001-03-25,2001-03-25,2001-03-25,1
KEN,2001-04-01,2001-04-01,2001-04-01,1
KEN,2001-06-01,2001-06-01,2001-06-01,1
KEN,2001-08,2001-08-01,2001-08-31,1
KEN,2001-08-15,2001-08-15,2001-08-15,1
KEN,2001-12,2001-12-01,2001-12-31,1
KEN,2002-04-26,2002-04-26,2002-04-26,1
KEN,2002-04-30,2002-04-30,2002-04-30,1
KEN,2002-10-29,2002-10-29,2002-10-29,1
KEN,2002-11-17,2002-11-17,2002-11-17,1
KEN,2002-12-21,2002-12-21,2002-12-21,1
KEN,2003-01-04,2003-01-04,2003-01-04,1
KEN,2003-04,2003-04-01,2003-04-30,1
KEN,2003-07-14,2003-07-14,2003-07-14,1
KEN,2003-07-19,2003-07-19,2003-07-19,1
KEN,2004-02-19,2004-02-19,2004-02-19,1
KEN,2004-04-09,2004-04-09,2004-04-09,2
KEN,2004-04-10,2004-04-10,2004-04-10,1
KEN,2004-04-17,2004-04-17,2004-04-17,1
KEN,2004-05-15,2004-05-15,2004-05-15,1
KEN,2004-07,2004-07-01,2004-07-31,1
KEN,2004-08-16,2004-08-16,2004-08-16,1
KEN,2004-10-05,2004-10-05,2004-10-05,1
KEN,2004-12-26,2004-12-26,2004-12-26,1
KEN,2005-04-23,2005-04-23,2005-04-23,1
KEN,2005-05-10,2005-05-10,2005-05-10,1
KEN,2005-05-18,2005-05-18,2005-05-18,1
KEN,2005-06-17,2005-06-17,2005-06-17,1
KEN,2005-06-26,2005-06-26,2005-06-26,1
KEN,2005-07-18,2005-07-18,2005-07-18,1
KEN,2005-08-13,2005-08-13,2005-08-13,1
KEN,2005-11,2005-11-01,2005-11-30,1
KEN,2005-12-01,2005-12-01,2005-12-01,1
KEN,2005-12,2005-12-01,2005-12-31,1
KEN,2006-01-01,2006-01-01,2006-01-01,1
KEN,2006-01-16,2006-01-16,2006-01-16,1
KEN,2006-01-23,2006-01-23,2006-01-23,1
KEN,2006-04-04,2006-04-04,2006-04-04,1
KEN,2006-04-10,2006-04-10,2006-04-10,1
KEN,2006-04-25,2006-04-25,2006-04-25,1
KEN,2006-05,2006-05-01,2006-05-31,1
KEN,2006-05-29,2006-05-29,2006-05-29,1
KEN,2006-06-10,2006-06-10,2006-06-10,1
KEN,2006-08-19,2006-08-19,2006-08-19,1
KEN,2006-10-15,2006-10-15,2006-10-15,1
KEN,2006-10-23,2006-10-23,2006-10-23,1
KEN,2006-10-24,2006-10-24,2006-10-24,1
KEN,2006-11-14,2006-11-14,2006-11-14,1
KEN,2006-11-30,2006-11-30,2006-11-30,1
KEN,2007-05-15,2007-05-15,2007-05-15,1
KEN,2007-06-09,2007-06-09,2007-06-09,1
KEN,2007-08-10,2007-08-10,2007-08-10,1
KEN,2007-08-15,2007-08-15,2007-08-15,1
KEN,2007-11-05,2007-11-05,2007-11-05,1
KEN,2007-11-11,2007-11-11,2007-11-11,1
KEN,2007-11-21,2007-11-21,2007-11-21,1
KEN,2007-12-03,2007-12-03,2007-12-03,1
KEN,2007-12-12,2007-12-12,2007-12-12,1
KEN,2008-02,2008-02-01,2008-02-29,1
KEN,2008-03-17,2008-03-17,2008-03-17,1
KEN,2008-03-20,2008-03-20,2008-03-20,1
KEN,2008-06-13,2008-06-13,2008-06-13,1
KEN,2008-07,2008-07-01,2008-07-31,1
KEN,2008-09-01,2008-09-01,2008-09-01,1
KEN,2008-10-04,2008-10-04,2008-10-04,1
KEN,2008-10-14,2008-10-14,2008-10-14,1
KEN,2008-11-08,2008-11-08,2008-11-08,1
KEN,2008-11-10,2008-11-10,2008-11-10,1
KEN,2009-01,2009-01-01,2009-01-31,1
KEN,2009-01-19,2009-01-19,2009-01-19,1
KEN,2009-01-30,2009-01-30,2009-01-30,1
KEN,2009-01-31,2009-01-31,2009-01-31,1
KEN,2009-07-21,2009-07-21,2009-07-21,1
KEN,2009-09-05,2009-09-05,2009-09-05,1
KEN,2009-10-19,2009-10-19,2009-10-19,1
KEN,2009-10-29,2009-10-29,2009-10-29,1
KEN,2009-11-13,2009-11-13,2009-11-13,1
KEN,2009-11-23,2009-11-23,2009-11-23,1
KEN,2009-12-24,2009-12-24,2009-12-24,1
KEN,2010-01-01,2010-01-01,2010-01-01,1
KEN,2010-03-01,2010-03-01,2010-03-01,1
KEN,2010-04-30,2010-04-30,2010-04-30,1
KEN,2010-05-08,2010-05-08,2010-05-08,1
KEN,2010-12-27,2010-12-27,2010-12-27,1
KEN,2011-01,2011-01-01,2011-01-31,1
KEN,2011,2011-01-01,2011-12-31,1
KEN,2011-02-08,2011-02-08,2011-02-08,1
KEN,2011-02-10,2011-02-10,2011-02-10,1
KEN,2011-02-28,2011-02-28,2011-02-28,1
KEN,2011-03-08,2011-03-08,2011-03-08,1
KEN,2011-06-14,2011-06-14,2011-06-14,1
KEN,2011-08-02,2011-08-02,2011-08-02,1
KEN,2011-08-15,2011-08-15,2011-08-15,1
KEN,2011-08-21,2011-08-21,2011-08-21,1
KEN,2011-09-13,2011-09-13,2011-09-13,1
KEN,2011-11-04,2011-11-04,2011-11-04,1
KEN,2011-11-29,2011-11-29,2011-11-29,1
KEN,2012-01-02,2012-01-02,2012-01-02,1
KEN,2012-04-20,2012-04-20,2012-04-20,1
KEN,2013-01-13,2013-01-13,2013-01-13,1
KEN,2013-01-26,2013-01-26,2013-01-26,1
KEN,2013-02-27,2013-02-27,2013-02-27,1
KEN,2013-03-10,2013-03-10,2013-03-10,1
KEN,2013-08-05,2013-08-05,2013-08-05,1
KEN,2013-08-29,2013-08-29,2013-08-29,1
KEN,2013-10-30,2013-10-30,2013-10-30,1
KEN,2013-12,2013-12-01,2013-12-31,1
KEN,2014-01,2014-01-01,2014-01-31,1
KEN,2014-12-26,2014-12-26,2014-12-26,1
KEN,2015-04-04,2015-04-04,2015-04-04,1
KEN,2015-04-12,2015-04-12,2015-04-12,1
KEN,2015-04-27,2015-04-27,2015-04-27,1
KEN,2015-12-01,2015-12-01,2015-12-01,1
KEN,2016-03-10,2016-03-10,2016-03-10,1
KEN,2016-04,2016-04-01,2016-04-30,1
KEN,2016-04-29,2016-04-29,2016-04-29,1
KEN,2016-06,2016-06-01,2016-06-30,1
KEN,2016-12-10,2016-12-10,2016-12-10,1
KEN,2017-01-01,2017-01-01,2017-01-01,1
KEN,2017-01-05,2017-01-05,2017-01-05,1
KEN,2017-04-24,2017-04-24,2017-04-24,1
KEN,2017-05-08,2017-05-08,2017-05-08,1
KEN,2017-06-20,2017-06-20,2017-06-20,1
KEN,2017-12-15,2017-12-15,2017-12-15,1
KEN,2017-12-31,2017-12-31,2017-12-31,1
KEN,2018-03-14,2018-03-14,2018-03-14,2
KEN,2018-04-10,2018-04-10,2018-04-10,1
KEN,2018-05-09,2018-05-09,2018-05-09,1
KEN,2018-06-07,2018-06-07,2018-06-07,1
KEN,2018-06-28,2018-06-28,2018-06-28,1
KEN,2018-10-10,2018-10-10,2018-10-10,1
KEN,2019-01,2019-01-01,2019-01-31,2
KEN,2019-10-10,2019-10-10,2019-10-10,1
KEN,2019-11-23,2019-11-23,2019-11-23,1
KEN,2020-02,2020-02-01,2020-02-29,1
KEN,2020-02-03,2020-02-03,2020-02-03,1
KEN,2020-04-18,2020-04-18,2020-04-18,1
KEN,2020-12,2020-12-01,2020-12-31,1
KEN,2021-03,2021-03-01,2021-03-31,1
KEN,2021-04-07,2021-04-07,2021-04-07,1
KEN,2021-07-18,2021-07-18,2021-07-18,1
KEN,2021-12-04,2021-12-04,2021-12-04,1
KEN,2022-07-24,2022-07-24,2022-07-24,1
KEN,2022-10-19,2022-10-19,2022-10-19,1
KEN,2023-01-08,2023-01-08,2023-01-08,1
KEN,2023-03-25,2023-03-25,2023-03-25,1
KEN,2023-04-25,2023-04-25,2023-04-25,1
KEN,2023-06-30,2023-06-30,2023-06-30,1
KEN,2023-10-15,2023-10-15,2023-10-15,1
KGZ,2000-10-16,2000-10-16,2000-10-16,1
KGZ,2001-12-03,2001-12-03,2001-12-03,1
KGZ,2002-05-02,2002-05-02,2002-05-02,1
KGZ,2003-03-27,2003-03-27,2003-03-27,1
KGZ,2003-04-20,2003-04-20,2003-04-20,1
KGZ,2004-04-17,2004-04-17,2004-04-17,1
KGZ,2004-04-26,2004-04-26,2004-04-26,1
KGZ,2004-08-05,2004-08-05,2004-08-05,1
KGZ,2004-09-18,2004-09-18,2004-09-18,1
KGZ,2005-06-10,2005-06-10,2005-06-10,1
KGZ,2006-01,2006-01-01,2006-01-31,1
KGZ,2006-12-26,2006-12-26,2006-12-26,1
KGZ,2007-04-17,2007-04-17,2007-04-17,1
KGZ,2008-01-13,2008-01-13,2008-01-13,1
KGZ,2008-08-24,2008-08-24,2008-08-24,1
KGZ,2008-10-05,2008-10-05,2008-10-05,1
KGZ,2009,2009-01-01,2009-12-31,1
KGZ,2010-03,2010-03-01,2010-03-31,1
KGZ,2010-06-03,2010-06-03,2010-06-03,1
KGZ,2011-07-19,2011-07-19,2011-07-19,1
KGZ,2012-04-23,2012-04-23,2012-04-23,1
KGZ,2012-12-18,2012-12-18,2012-12-18,1
KGZ,2014-02-01,2014-02-01,2014-02-01,1
KGZ,2015-11-17,2015-11-17,2015-11-17,1
KGZ,2017-01-16,2017-01-16,2017-01-16,1
KGZ,2017-04-29,2017-04-29,2017-04-29,1
KGZ,2017-05-03,2017-05-03,2017-05-03,1
KGZ,2021-07-12,2021-07-12,2021-07-12,1
KGZ,2022-07-18,2022-07-18,2022-07-18,1
KGZ,2023-01,2023-01-01,2023-01-31,1
KHM,2000-07-11,2000-07-11,2000-07-11,1
KHM,2001-08-15,2001-08-15,2001-08-15,1
KHM,2001-09,2001-09-01,2001-09-30,1
KHM,2001-11-26,2001-11-26,2001-11-26,1
KHM,2002-01,2002-01-01,2002-01-31,1
KHM,2002-08-18,2002-08-18,2002-08-18,1
KHM,2004-08-24,2004-08-24,2004-08-24,1
KHM,2005-04,2005-04-01,2005-04-30,1
KHM,2005-09-08,2005-09-08,2005-09-08,1
KHM,2005-11-13,2005-11-13,2005-11-13,1
KHM,2006,2006-01-01,2006-12-31,1
KHM,2006-07-06,2006-07-06,2006-07-06,1
KHM,2006-08-10,2006-08-10,2006-08-10,1
KHM,2007-06-25,2007-06-25,2007-06-25,1
KHM,2007-07,2007-07-01,2007-07-31,1
KHM,2007-08-10,2007-08-10,2007-08-10,1
KHM,2009-09-29,2009-09-29,2009-09-29,1
KHM,2009-10-10,2009-10-10,2009-10-10,1
KHM,2009-11-02,2009-11-02,2009-11-02,1
KHM,2010-10-18,2010-10-18,2010-10-18,1
KHM,2010-10-20,2010-10-20,2010-10-20,1
KHM,2010-11-22,2010-11-22,2010-11-22,1
KHM,2011-08-10,2011-08-10,2011-08-10,1
KHM,2012-09-17,2012-09-17,2012-09-17,1
KHM,2013-09-24,2013-09-24,2013-09-24,1
KHM,2014-07-30,2014-07-30,2014-07-30,1
KHM,2015-09-16,2015-09-16,2015-09-16,1
KHM,2015-09-19,2015-09-19,2015-09-19,1
KHM,2016-05,2016-05-01,2016-05-31,1
KHM,2018-07-23,2018-07-23,2018-07-23,1
KHM,2019-06-22,2019-06-22,2019-06-22,1
KHM,2019-09-11,2019-09-11,2019-09-11,1
KHM,2020-09-18,2020-09-18,2020-09-18,1
KHM,2020-10-01,2020-10-01,2020-10-01,1
KHM,2021-04-16,2021-04-16,2021-04-16,1
KHM,2021-09-15,2021-09-15,2021-09-15,1
KHM,2021-10-12,2021-10-12,2021-10-12,1
KHM,2021-10-25,2021-10-25,2021-10-25,1
KHM,2022-09-01,2022-09-01,2022-09-01,1
KHM,2022-09-23,2022-09-23,2022-09-23,1
KHM,2022-09-28,2022-09-28,2022-09-28,1
KHM,2022-10-13,2022-10-13,2022-10-13,1
KHM,2022-12-28,2022-12-28,2022-12-28,1
KHM,2023-04-14,2023-04-14,2023-04-14,1
KIR,2008-12-09,2008-12-09,2008-12-09,1
KIR,2014-03-03,2014-03-03,2014-03-03,1
KIR,2015-03-12,2015-03-12,2015-03-12,1
KIR,2018-01-19,2018-01-19,2018-01-19,1
KNA,2008-10-15,2008-10-15,2008-10-15,1
KNA,2017-09-06,2017-09-06,2017-09-06,1
KOR,2000-03,2000-03-01,2000-03-31,1
KOR,2000-04-06,2000-04-06,2000-04-06,1
KOR,2000-07-14,2000-07-14,2000-07-14,1
KOR,2000-07-22,2000-07-22,2000-07-22,1
KOR,2000-08-26,2000-08-26,2000-08-26,1
KOR,2000-08-31,2000-08-31,2000-08-31,1
KOR,2000-09-16,2000-09-16,2000-09-16,1
KOR,2000-09-23,2000-09-23,2000-09-23,1
KOR,2001-01-08,2001-01-08,2001-01-08,1
KOR,2001-06,2001-06-01,2001-06-30,1
KOR,2001-07-14,2001-07-14,2001-07-14,1
KOR,2001-07-29,2001-07-29,2001-07-29,1
KOR,2002-02-10,2002-02-10,2002-02-10,1
KOR,2002-04-15,2002-04-15,2002-04-15,1
KOR,2002-06-15,2002-06-15,2002-06-15,1
KOR,2002-07-05,2002-07-05,2002-07-05,1
KOR,2002-07-13,2002-07-13,2002-07-13,1
KOR,2002-08-05,2002-08-05,2002-08-05,1
KOR,2002-08-31,2002-08-31,2002-08-31,1
KOR,2003-02-18,2003-02-18,2003-02-18,1
KOR,2003-08-08,2003-08-08,2003-08-08,1
KOR,2003-09-12,2003-09-12,2003-09-12,1
KOR,2004-03-05,2004-03-05,2004-03-05,1
KOR,2004-03-10,2004-03-10,2004-03-10,1
KOR,2004-06-18,2004-06-18,2004-06-18,1
KOR,2004-08-15,2004-08-15,2004-08-15,2
KOR,2004-09-06,2004-09-06,2004-09-06,1
KOR,2004-09-11,2004-09-11,2004-09-11,1
KOR,2005-04-04,2005-04-04,2005-04-04,1
KOR,2005-08-02,2005-08-02,2005-08-02,2
KOR,2005-09-08,2005-09-08,2005-09-08,1
KOR,2005-10-03,2005-10-03,2005-10-03,1
KOR,2005-12-01,2005-12-01,2005-12-01,1
KOR,2005-12-22,2005-12-22,2005-12-22,1
KOR,2006-07-12,2006-07-12,2006-07-12,1
KOR,2006-10-23,2006-10-23,2006-10-23,1
KOR,2007-09-04,2007-09-04,2007-09-04,1
KOR,2007-09-16,2007-09-16,2007-09-16,1
KOR,2007-12-07,2007-12-07,2007-12-07,1
KOR,2007-12-25,2007-12-25,2007-12-25,1
KOR,2008-01-07,2008-01-07,2008-01-07,1
KOR,2008-05-04,2008-05-04,2008-05-04,1
KOR,2009-12-16,2009-12-16,2009-12-16,1
KOR,2010-03-26,2010-03-26,2010-03-26,1
KOR,2010-09-02,2010-09-02,2010-09-02,1
KOR,2010-11-12,2010-11-12,2010-11-12,1
KOR,2011-02-09,2011-02-09,2011-02-09,1
KOR,2011-07-08,2011-07-08,2011-07-08,1
KOR,2011-07-26,2011-07-26,2011-07-26,1
KOR,2011-07-27,2011-07-27,2011-07-27,1
KOR,2011-12-26,2011-12-26,2011-12-26,1
KOR,2012-08-28,2012-08-28,2012-08-28,1
KOR,2012-08-30,2012-08-30,2012-08-30,1
KOR,2012-09-15,2012-09-15,2012-09-15,1
KOR,2012-09-27,2012-09-27,2012-09-27,1
KOR,2014-02-17,2014-02-17,2014-02-17,1
KOR,2014-02-18,2014-02-18,2014-02-18,1
KOR,2014-04-16,2014-04-16,2014-04-16,1
KOR,2014-05-02,2014-05-02,2014-05-02,1
KOR,2014-05-28,2014-05-28,2014-05-28,1
KOR,2014-08-03,2014-08-03,2014-08-03,1
KOR,2014-08-25,2014-08-25,2014-08-25,1
KOR,2014-10-17,2014-10-17,2014-10-17,1
KOR,2015-01-10,2015-01-10,2015-01-10,1
KOR,2015-05,2015-05-01,2015-05-31,1
KOR,2016-01-20,2016-01-20,2016-01-20,1
KOR,2016-09-12,2016-09-12,2016-09-12,1
KOR,2016-10-05,2016-10-05,2016-10-05,1
KOR,2017-11-15,2017-11-15,2017-11-15,1
KOR,2017-12-03,2017-12-03,2017-12-03,1
KOR,2017-12-21,2017-12-21,2017-12-21,1
KOR,2018-01-26,2018-01-26,2018-01-26,1
KOR,2018-07,2018-07-01,2018-07-31,1
KOR,2019-04-04,2019-04-04,2019-04-04,1
KOR,2019-09-06,2019-09-06,2019-09-06,1
KOR,2019-09-24,2019-09-24,2019-09-24,1
KOR,2019-10-02,2019-10-02,2019-10-02,1
KOR,2019-11-19,2019-11-19,2019-11-19,1
KOR,2020-04-29,2020-04-29,2020-04-29,1
KOR,2020-07-13,2020-07-13,2020-07-13,1
KOR,2020-08-01,2020-08-01,2020-08-01,1
KOR,2020-08-03,2020-08-03,2020-08-03,1
KOR,2020-09-03,2020-09-03,2020-09-03,1
KOR,2020-09-06,2020-09-06,2020-09-06,1
KOR,2021-08-23,2021-08-23,2021-08-23,1
KOR,2022-02-15,2022-02-15,2022-02-15,1
KOR,2022-07-01,2022-07-01,2022-07-01,1
KOR,2022-08-07,2022-08-07,2022-08-07,1
KOR,2022-09-04,2022-09-04,2022-09-04,1
KOR,2022-10-29,2022-10-29,2022-10-29,1
KOR,2023-01-20,2023-01-20,2023-01-20,1
KOR,2023-04-11,2023-04-11,2023-04-11,1
KOR,2023-07-09,2023-07-09,2023-07-09,1
KOR,2023-08-10,2023-08-10,2023-08-10,1
KWT,2009-08-15,2009-08-15,2009-08-15,1
KWT,2018-04-01,2018-04-01,2018-04-01,1
KWT,2018-11-09,2018-11-09,2018-11-09,1
LAO,2000-01,2000-01-01,2000-01-31,1
LAO,2000-06,2000-06-01,2000-06-30,1
LAO,2000-06-25,2000-06-25,2000-06-25,1
LAO,2000-09,2000-09-01,2000-09-30,1
LAO,2000-10-20,2000-10-20,2000-10-20,1
LAO,2001-08,2001-08-01,2001-08-31,1
LAO,2002-08,2002-08-01,2002-08-31,1
LAO,2008-08-12,2008-08-12,2008-08-12,1
LAO,2009-08-10,2009-08-10,2009-08-10,1
LAO,2009-09-29,2009-09-29,2009-09-29,1
LAO,2011-06-23,2011-06-23,2011-06-23,1
LAO,2011-08-01,2011-08-01,2011-08-01,1
LAO,2013-01,2013-01-01,2013-01-31,1
LAO,2013-06,2013-06-01,2013-06-30,1
LAO,2013-09-16,2013-09-16,2013-09-16,1
LAO,2013-10-16,2013-10-16,2013-10-16,1
LAO,2014-08-12,2014-08-12,2014-08-12,1
LAO,2015-07-29,2015-07-29,2015-07-29,1
LAO,2015-08-01,2015-08-01,2015-08-01,1
LAO,2015-09-07,2015-09-07,2015-09-07,1
LAO,2016-08-11,2016-08-11,2016-08-11,1
LAO,2017-07-17,2017-07-17,2017-07-17,1
LAO,2018-07-18,2018-07-18,2018-07-18,1
LAO,2018-07-23,2018-07-23,2018-07-23,1
LAO,2018-08-13,2018-08-13,2018-08-13,1
LAO,2019-07,2019-07-01,2019-07-31,1
LAO,2019-08-29,2019-08-29,2019-08-29,1
LAO,2020-08-01,2020-08-01,2020-08-01,1
LAO,2020-10-06,2020-10-06,2020-10-06,1
LAO,2021-06-13,2021-06-13,2021-06-13,1
LAO,2021-12-24,2021-12-24,2021-12-24,1
LAO,2022-08-07,2022-08-07,2022-08-07,1
LAO,2023-07-04,2023-07-04,2023-07-04,1
LBN,2000-11-11,2000-11-11,2000-11-11,1
LBN,2002-12-20,2002-12-20,2002-12-20,1
LBN,2003-01-16,2003-01-16,2003-01-16,1
LBN,2003-02,2003-02-01,2003-02-28,1
LBN,2003-03-09,2003-03-09,2003-03-09,1
LBN,2003-12-15,2003-12-15,2003-12-15,1
LBN,2007-10-01,2007-10-01,2007-10-01,1
LBN,2009-12-17,2009-12-17,2009-12-17,1
LBN,2010-01-25,2010-01-25,2010-01-25,1
LBN,2015-01-06,2015-01-06,2015-01-06,1
LBN,2015-02-10,2015-02-10,2015-02-10,1
LBN,2015-09-08,2015-09-08,2015-09-08,1
LBN,2018-01-19,2018-01-19,2018-01-19,1
LBN,2019-01-11,2019-01-11,2019-01-11,1
LBN,2020-08-04,2020-08-04,2020-08-04,1
LBN,2020-10-08,2020-10-08,2020-10-08,1
LBN,2021-08-15,2021-08-15,2021-08-15,1
LBN,2022-10,2022-10-01,2022-10-31,1
LBN,2023-01,2023-01-01,2023-01-31,1
LBR,2000-05,2000-05-01,2000-05-31,1
LBR,2000-06,2000-06-01,2000-06-30,1
LBR,2002-07-01,2002-07-01,2002-07-01,1
LBR,2002-12-14,2002-12-14,2002-12-14,1
LBR,2003-06-25,2003-06-25,2003-06-25,1
LBR,2003-08,2003-08-01,2003-08-31,1
LBR,2005-08-02,2005-08-02,2005-08-02,1
LBR,2007-03-21,2007-03-21,2007-03-21,1
LBR,2007-08-26,2007-08-26,2007-08-26,1
LBR,2008-07,2008-07-01,2008-07-31,1
LBR,2009-01-15,2009-01-15,2009-01-15,1
LBR,2009-07,2009-07-01,2009-07-31,1
LBR,2010-06-01,2010-06-01,2010-06-01,1
LBR,2010-06-25,2010-06-25,2010-06-25,1
LBR,2013-02-11,2013-02-11,2013-02-11,1
LBR,2014-03-21,2014-03-21,2014-03-21,1
LBR,2016-06-29,2016-06-29,2016-06-29,1
LBR,2019-09-17,2019-09-17,2019-09-17,1
LBR,2020-05-04,2020-05-04,2020-05-04,1
LBR,2021-07-17,2021-07-17,2021-07-17,1
LBR,2022-04-21,2022-04-21,2022-04-21,1
LBR,2023-09-01,2023-09-01,2023-09-01,1
LBR,2023-12-26,2023-12-26,2023-12-26,1
LBY,2000-01-13,2000-01-13,2000-01-13,1
LBY,2002-06-13,2002-06-13,2002-06-13,1
LBY,2002-11-30,2002-11-30,2002-11-30,1
LBY,2004-03-09,2004-03-09,2004-03-09,1
LBY,2004-09-25,2004-09-25,2004-09-25,1
LBY,2008-06-07,2008-06-07,2008-06-07,1
LBY,2009-03-29,2009-03-29,2009-03-29,1
LBY,2010-05-12,2010-05-12,2010-05-12,1
LBY,2011-10-24,2011-10-24,2011-10-24,1
LBY,2012-01-28,2012-01-28,2012-01-28,1
LBY,2013-05-16,2013-05-16,2013-05-16,1
LBY,2013-11-28,2013-11-28,2013-11-28,1
LBY,2013-11-30,2013-11-30,2013-11-30,1
LBY,2014-05-06,2014-05-06,2014-05-06,1
LBY,2014-05-12,2014-05-12,2014-05-12,1
LBY,2014-06-13,2014-06-13,2014-06-13,1
LBY,2014-07-29,2014-07-29,2014-07-29,1
LBY,2014-08-22,2014-08-22,2014-08-22,1
LBY,2014-08-23,2014-08-23,2014-08-23,1
LBY,2014-08-30,2014-08-30,2014-08-30,1
LBY,2014-09-21,2014-09-21,2014-09-21,1
LBY,2014-10-02,2014-10-02,2014-10-02,1
LBY,2015-04-19,2015-04-19,2015-04-19,1
LBY,2015-07-22,2015-07-22,2015-07-22,1
LBY,2015-08-15,2015-08-15,2015-08-15,1
LBY,2015-08-28,2015-08-28,2015-08-28,1
LBY,2016-03-30,2016-03-30,2016-03-30,1
LBY,2016-04-20,2016-04-20,2016-04-20,1
LBY,2016-04-29,2016-04-29,2016-04-29,2
LBY,2016-05-27,2016-05-27,2016-05-27,1
LBY,2016-10-04,2016-10-04,2016-10-04,1
LBY,2016-10-12,2016-10-12,2016-10-12,1
LBY,2016-10-24,2016-10-24,2016-10-24,1
LBY,2016-11-03,2016-11-03,2016-11-03,1
LBY,2016-11-14,2016-11-14,2016-11-14,1
LBY,2017-01-14,2017-01-14,2017-01-14,1
LBY,2017-05-24,2017-05-24,2017-05-24,1
LBY,2017-06-01,2017-06-01,2017-06-01,1
LBY,2017-06-19,2017-06-19,2017-06-19,1
LBY,2017-06-30,2017-06-30,2017-06-30,1
LBY,2017-09-21,2017-09-21,2017-09-21,1
LBY,2017-11-25,2017-11-25,2017-11-25,1
LBY,2018-01-06,2018-01-06,2018-01-06,1
LBY,2018-01-09,2018-01-09,2018-01-09,1
LBY,2018-02-02,2018-02-02,2018-02-02,1
LBY,2018-02-14,2018-02-14,2018-02-14,1
LBY,2018-03-06,2018-03-06,2018-03-06,1
LBY,2018-06-12,2018-06-12,2018-06-12,1
LBY,2018-06-29,2018-06-29,2018-06-29,1
LBY,2018-07-03,2018-07-03,2018-07-03,1
LBY,2019-01-19,2019-01-19,2019-01-19,1
LBY,2019-05-28,2019-05-28,2019-05-28,1
LBY,2019-06-02,2019-06-02,2019-06-02,1
LBY,2019-07-29,2019-07-29,2019-07-29,1
LBY,2019-08-27,2019-08-27,2019-08-27,1
LBY,2020-08-19,2020-08-19,2020-08-19,1
LBY,2020-09-24,2020-09-24,2020-09-24,1
LBY,2020-10-25,2020-10-25,2020-10-25,1
LBY,2020-11-11,2020-11-11,2020-11-11,2
LBY,2021-01-19,2021-01-19,2021-01-19,1
LBY,2021-07-26,2021-07-26,2021-07-26,1
LBY,2021-08-24,2021-08-24,2021-08-24,1
LBY,2021-10-05,2021-10-05,2021-10-05,1
LBY,2021-12-25,2021-12-25,2021-12-25,1
LBY,2022-04-16,2022-04-16,2022-04-16,1
LBY,2022-06-27,2022-06-27,2022-06-27,1
LBY,2022-08-30,2022-08-30,2022-08-30,1
LBY,2023-09-10,2023-09-10,2023-09-10,1
LBY,2023-12-16,2023-12-16,2023-12-16,1
LCA,2004-09-08,2004-09-08,2004-09-08,1
LCA,2007-08-17,2007-08-17,2007-08-17,1
LCA,2007-11-29,2007-11-29,2007-11-29,1
LCA,2010-01,2010-01-01,2010-01-31,1
LCA,2010-10-06,2010-10-06,2010-10-06,1
LCA,2010-10-30,2010-10-30,2010-10-30,1
LCA,2013-12-23,2013-12-23,2013-12-23,1
LCA,2016-09-28,2016-09-28,2016-09-28,1
LCA,2020-08-26,2020-08-26,2020-08-26,1
LCA,2021-07-03,2021-07-03,2021-07-03,1
LCA,2022-11-06,2022-11-06,2022-11-06,1
LIE,2023-07,2023-07-01,2023-07-31,1
LKA,2000-03-30,2000-03-30,2000-03-30,1
LKA,2000-09-18,2000-09-18,2000-09-18,1
LKA,2000-09-25,2000-09-25,2000-09-25,1
LKA,2000-11-18,2000-11-18,2000-11-18,1
LKA,2000-12-24,2000-12-24,2000-12-24,1
LKA,2001-02,2001-02-01,2001-02-28,1
LKA,2001-08-18,2001-08-18,2001-08-18,1
LKA,2001-09,2001-09-01,2001-09-30,1
LKA,2002-01-13,2002-01-13,2002-01-13,1
LKA,2002-08-01,2002-08-01,2002-08-01,1
LKA,2002-12-16,2002-12-16,2002-12-16,1
LKA,2003-05-17,2003-05-17,2003-05-17,1
LKA,2004-07-28,2004-07-28,2004-07-28,1
LKA,2004-12-11,2004-12-11,2004-12-11,1
LKA,2004-12-26,2004-12-26,2004-12-26,1
LKA,2005-04-27,2005-04-27,2005-04-27,1
LKA,2005-11-21,2005-11-21,2005-11-21,1
LKA,2006-10-26,2006-10-26,2006-10-26,1
LKA,2007-01-12,2007-01-12,2007-01-12,1
LKA,2007-04-10,2007-04-10,2007-04-10,1
LKA,2007-05-02,2007-05-02,2007-05-02,1
LKA,2007-12-16,2007-12-16,2007-12-16,1
LKA,2008-03-12,2008-03-12,2008-03-12,1
LKA,2008-04-27,2008-04-27,2008-04-27,1
LKA,2008-05-29,2008-05-29,2008-05-29,1
LKA,2008-11-22,2008-11-22,2008-11-22,1
LKA,2009-01,2009-01-01,2009-01-31,1
LKA,2009-08-15,2009-08-15,2009-08-15,1
LKA,2009-11-21,2009-11-21,2009-11-21,1
LKA,2009-12-14,2009-12-14,2009-12-14,1
LKA,2010-05-14,2010-05-14,2010-05-14,1
LKA,2010-09-17,2010-09-17,2010-09-17,1
LKA,2010-11-10,2010-11-10,2010-11-10,1
LKA,2011-01,2011-01-01,2011-01-31,1
LKA,2011-01-05,2011-01-05,2011-01-05,1
LKA,2011-02-01,2011-02-01,2011-02-01,1
LKA,2011-05-29,2011-05-29,2011-05-29,1
LKA,2011-11-24,2011-11-24,2011-11-24,1
LKA,2012-01,2012-01-01,2012-01-31,1
LKA,2012-10-29,2012-10-29,2012-10-29,1
LKA,2012-12-17,2012-12-17,2012-12-17,1
LKA,2013-01-08,2013-01-08,2013-01-08,1
LKA,2013-05-13,2013-05-13,2013-05-13,1
LKA,2013-06-08,2013-06-08,2013-06-08,1
LKA,2013-10-09,2013-10-09,2013-10-09,1
LKA,2014-01,2014-01-01,2014-01-31,1
LKA,2014-02-06,2014-02-06,2014-02-06,1
LKA,2014-06-04,2014-06-04,2014-06-04,1
LKA,2014-10-02,2014-10-02,2014-10-02,1
LKA,2014-10-28,2014-10-28,2014-10-28,1
LKA,2014-10-29,2014-10-29,2014-10-29,1
LKA,2014-12-01,2014-12-01,2014-12-01,1
LKA,2015-09-15,2015-09-15,2015-09-15,1
LKA,2015-11-15,2015-11-15,2015-11-15,1
LKA,2016-05-14,2016-05-14,2016-05-14,1
LKA,2016-10,2016-10-01,2016-10-31,1
LKA,2017-01-01,2017-01-01,2017-01-01,1
LKA,2017-02-19,2017-02-19,2017-02-19,1
LKA,2017-04-18,2017-04-18,2017-04-18,1
LKA,2017-05-25,2017-05-25,2017-05-25,1
LKA,2017-11-03,2017-11-03,2017-11-03,1
LKA,2017-11-29,2017-11-29,2017-11-29,1
LKA,2018-05-19,2018-05-19,2018-05-19,1
LKA,2018-10-06,2018-10-06,2018-10-06,1
LKA,2018-12-22,2018-12-22,2018-12-22,1
LKA,2019-01,2019-01-01,2019-01-31,1
LKA,2019-08,2019-08-01,2019-08-31,1
LKA,2019-09-23,2019-09-23,2019-09-23,1
LKA,2019-10-24,2019-10-24,2019-10-24,1
LKA,2019-11-29,2019-11-29,2019-11-29,1
LKA,2019-12-02,2019-12-02,2019-12-02,1
LKA,2019-12-18,2019-12-18,2019-12-18,1
LKA,2020-05-17,2020-05-17,2020-05-17,1
LKA,2020-09-01,2020-09-01,2020-09-01,1
LKA,2020-12-02,2020-12-02,2020-12-02,1
LKA,2021-01-01,2021-01-01,2021-01-01,1
LKA,2021-05-13,2021-05-13,2021-05-13,1
LKA,2021-05-16,2021-05-16,2021-05-16,1
LKA,2021-05-21,2021-05-21,2021-05-21,1
LKA,2021-10-25,2021-10-25,2021-10-25,1
LKA,2021-11-06,2021-11-06,2021-11-06,1
LKA,2022-05-29,2022-05-29,2022-05-29,1
LKA,2022-08-01,2022-08-01,2022-08-01,1
LKA,2022-09-02,2022-09-02,2022-09-02,1
LKA,2022-10-14,2022-10-14,2022-10-14,1
LKA,2022-12-06,2022-12-06,2022-12-06,1
LKA,2023-04-24,2023-04-24,2023-04-24,1
LKA,2023-07-04,2023-07-04,2023-07-04,1
LKA,2023-09-28,2023-09-28,2023-09-28,1
LKA,2023-11-01,2023-11-01,2023-11-01,1
LKA,2023-12-01,2023-12-01,2023-12-01,1
LSO,2000-01-07,2000-01-07,2000-01-07,1
LSO,2001-12,2001-12-01,2001-12-31,1
LSO,2001-12-19,2001-12-19,2001-12-19,1
LSO,2002-04,2002-04-01,2002-04-30,1
LSO,2007-05-07,2007-05-07,2007-05-07,1
LSO,2007-07,2007-07-01,2007-07-31,1
LSO,2008-01,2008-01-01,2008-01-31,1
LSO,2011-02-01,2011-02-01,2011-02-01,1
LSO,2011-03-14,2011-03-14,2011-03-14,1
LSO,2011-12,2011-12-01,2011-12-31,1
LSO,2014-10-11,2014-10-11,2014-10-11,1
LSO,2016-02,2016-02-01,2016-02-29,1
LSO,2019,2019-01-01,2019-12-31,1
LSO,2020-09,2020-09-01,2020-09-30,1
LSO,2021-08-27,2021-08-27,2021-08-27,1
LSO,2023-12,2023-12-01,2023-12-31,1
LSO,2023-12-22,2023-12-22,2023-12-22,1
LTU,2001-12,2001-12-01,2001-12-31,1
LTU,2005-01-08,2005-01-08,2005-01-08,1
LTU,2005-08-08,2005-08-08,2005-08-08,1
LTU,2006-08,2006-08-01,2006-08-31,1
LTU,2007-02-22,2007-02-22,2007-02-22,1
LTU,2010-08-08,2010-08-08,2010-08-08,1
LTU,2010-11-27,2010-11-27,2010-11-27,1
LTU,2012-01,2012-01-01,2012-01-31,1
LTU,2012-12-07,2012-12-07,2012-12-07,1
LTU,2018-02-23,2018-02-23,2018-02-23,1
LTU,2018-05,2018-05-01,2018-05-31,1
LTU,2022-05-30,2022-05-30,2022-05-30,1
LTU,2023-07,2023-07-01,2023-07-31,1
LUX,2002-11-06,2002-11-06,2002-11-06,1
LUX,2003-07,2003-07-01,2003-07-31,1
LUX,2010-02-28,2010-02-28,2010-02-28,1
LUX,2019-08-09,2019-08-09,2019-08-09,1
LUX,2021-07-14,2021-07-14,2021-07-14,1
LUX,2022-05-30,2022-05-30,2022-05-30,1
LUX,2023-07,2023-07-01,2023-07-31,1
LVA,2000-08-21,2000-08-21,2000-08-21,1
LVA,2001-10,2001-10-01,2001-10-31,1
LVA,2003-01,2003-01-01,2003-01-31,1
LVA,2005-01-09,2005-01-09,2005-01-09,1
LVA,2006-01,2006-01-01,2006-01-31,1
LVA,2012-02,2012-02-01,2012-02-29,1
LVA,2013-10-29,2013-10-29,2013-10-29,1
LVA,2013-11-21,2013-11-21,2013-11-21,1
LVA,2018-07-18,2018-07-18,2018-07-18,1
LVA,2022-05-30,2022-05-30,2022-05-30,1
LVA,2023-03-30,2023-03-30,2023-03-30,1
LVA,2023-07,2023-07-01,2023-07-31,1
MAC,2008-01-11,2008-01-11,2008-01-11,1
MAC,2017-08-24,2017-08-24,2017-08-24,1
MAC,2017-08-27,2017-08-27,2017-08-27,1
MAF,2017-09-08,2017-09-08,2017-09-08,1
MAR,2000-02-08,2000-02-08,2000-02-08,1
MAR,2000-03-01,2000-03-01,2000-03-01,1
MAR,2000-04-09,2000-04-09,2000-04-09,1
MAR,2000-07-06,2000-07-06,2000-07-06,1
MAR,2000-07-09,2000-07-09,2000-07-09,1
MAR,2000-08,2000-08-01,2000-08-31,1
MAR,2000-10-22,2000-10-22,2000-10-22,1
MAR,2000-12-22,2000-12-22,2000-12-22,1
MAR,2001-05-02,2001-05-02,2001-05-02,1
MAR,2001-12-23,2001-12-23,2001-12-23,1
MAR,2002-03-03,2002-03-03,2002-03-03,1
MAR,2002-03-09,2002-03-09,2002-03-09,1
MAR,2002-04-09,2002-04-09,2002-04-09,1
MAR,2002-04-21,2002-04-21,2002-04-21,1
MAR,2002-11-01,2002-11-01,2002-11-01,1
MAR,2002-11-24,2002-11-24,2002-11-24,1
MAR,2002-11-30,2002-11-30,2002-11-30,1
MAR,2003-01-18,2003-01-18,2003-01-18,1
MAR,2003-02-11,2003-02-11,2003-02-11,1
MAR,2003-11-17,2003-11-17,2003-11-17,1
MAR,2004-02-24,2004-02-24,2004-02-24,1
MAR,2004-05-04,2004-05-04,2004-05-04,1
MAR,2004-07,2004-07-01,2004-07-31,1
MAR,2004-08-04,2004-08-04,2004-08-04,1
MAR,2004-08-28,2004-08-28,2004-08-28,1
MAR,2004-10-09,2004-10-09,2004-10-09,1
MAR,2004-11-06,2004-11-06,2004-11-06,1
MAR,2004-12-14,2004-12-14,2004-12-14,1
MAR,2005-06-12,2005-06-12,2005-06-12,1
MAR,2005-06-13,2005-06-13,2005-06-13,1
MAR,2005-08-05,2005-08-05,2005-08-05,1
MAR,2005-09-23,2005-09-23,2005-09-23,1
MAR,2005-11-28,2005-11-28,2005-11-28,1
MAR,2006-01-10,2006-01-10,2006-01-10,1
MAR,2006-03-10,2006-03-10,2006-03-10,1
MAR,2006-05-26,2006-05-26,2006-05-26,1
MAR,2006-07-03,2006-07-03,2006-07-03,1
MAR,2006-08-01,2006-08-01,2006-08-01,1
MAR,2006-08-30,2006-08-30,2006-08-30,1
MAR,2006-09-22,2006-09-22,2006-09-22,1
MAR,2006-10-25,2006-10-25,2006-10-25,1
MAR,2006-10-28,2006-10-28,2006-10-28,1
MAR,2006-11-26,2006-11-26,2006-11-26,1
MAR,2006-12-02,2006-12-02,2006-12-02,1
MAR,2007-09-16,2007-09-16,2007-09-16,1
MAR,2007-12-08,2007-12-08,2007-12-08,1
MAR,2008-01-16,2008-01-16,2008-01-16,1
MAR,2008-02-12,2008-02-12,2008-02-12,1
MAR,2008-04-26,2008-04-26,2008-04-26,1
MAR,2008-09-24,2008-09-24,2008-09-24,1
MAR,2008-10-23,2008-10-23,2008-10-23,1
MAR,2009-02-01,2009-02-01,2009-02-01,1
MAR,2009-12-25,2009-12-25,2009-12-25,1
MAR,2010-02-19,2010-02-19,2010-02-19,1
MAR,2010-03-09,2010-03-09,2010-03-09,1
MAR,2010-11-25,2010-11-25,2010-11-25,1
MAR,2011-04-27,2011-04-27,2011-04-27,1
MAR,2011-07-21,2011-07-21,2011-07-21,1
MAR,2011-07-26,2011-07-26,2011-07-26,1
MAR,2012-02,2012-02-01,2012-02-29,1
MAR,2012-07-09,2012-07-09,2012-07-09,1
MAR,2012-07-10,2012-07-10,2012-07-10,1
MAR,2012-09-04,2012-09-04,2012-09-04,1
MAR,2013-04-17,2013-04-17,2013-04-17,1
MAR,2013-08-10,2013-08-10,2013-08-10,1
MAR,2013-10-30,2013-10-30,2013-10-30,1
MAR,2014-01-07,2014-01-07,2014-01-07,1
MAR,2014-07-11,2014-07-11,2014-07-11,1
MAR,2014-11-21,2014-11-21,2014-11-21,1
MAR,2014-11-28,2014-11-28,2014-11-28,1
MAR,2015-04-10,2015-04-10,2015-04-10,1
MAR,2016-02-27,2016-02-27,2016-02-27,1
MAR,2017-01-07,2017-01-07,2017-01-07,1
MAR,2017-01-15,2017-01-15,2017-01-15,1
MAR,2017-02-27,2017-02-27,2017-02-27,1
MAR,2017-06-05,2017-06-05,2017-06-05,1
MAR,2017-11-19,2017-11-19,2017-11-19,1
MAR,2018-01-05,2018-01-05,2018-01-05,1
MAR,2018-10-01,2018-10-01,2018-10-01,1
MAR,2019-04-27,2019-04-27,2019-04-27,1
MAR,2019-07-24,2019-07-24,2019-07-24,1
MAR,2019-08-28,2019-08-28,2019-08-28,1
MAR,2019-09-08,2019-09-08,2019-09-08,1
MAR,2019-09-26,2019-09-26,2019-09-26,1
MAR,2019-10-02,2019-10-02,2019-10-02,1
MAR,2019-11-23,2019-11-23,2019-11-23,1
MAR,2019-12-01,2019-12-01,2019-12-01,1
MAR,2020-02-18,2020-02-18,2020-02-18,1
MAR,2020-08-04,2020-08-04,2020-08-04,1
MAR,2021-02-01,2021-02-01,2021-02-01,1
MAR,2021-03-01,2021-03-01,2021-03-01,1
MAR,2022-01-16,2022-01-16,2022-01-16,1
MAR,2022-11-22,2022-11-22,2022-11-22,1
MAR,2022-12-30,2022-12-30,2022-12-30,1
MAR,2023-03-29,2023-03-29,2023-03-29,1
MAR,2023-04-08,2023-04-08,2023-04-08,1
MAR,2023-07-14,2023-07-14,2023-07-14,1
MAR,2023-09-08,2023-09-08,2023-09-08,1
MDA,2000-05,2000-05-01,2000-05-31,1
MDA,2000-11-26,2000-11-26,2000-11-26,1
MDA,2002-06,2002-06-01,2002-06-30,1
MDA,2005-08-18,2005-08-18,2005-08-18,1
MDA,2006-01-20,2006-01-20,2006-01-20,1
MDA,2007,2007-01-01,2007-12-31,1
MDA,2008-07-26,2008-07-26,2008-07-26,1
MDA,2010-07-05,2010-07-05,2010-07-05,1
MDA,2012-01-30,2012-01-30,2012-01-30,1
MDA,2012-08-09,2012-08-09,2012-08-09,1
MDA,2012-11,2012-11-01,2012-11-30,1
MDA,2019-01-11,2019-01-11,2019-01-11,1
MDA,2023-11-26,2023-11-26,2023-11-26,1
MDG,2000-02-17,2000-02-17,2000-02-17,1
MDG,2000-04-02,2000-04-02,2000-04-02,1
MDG,2000-06,2000-06-01,2000-06-30,1
MDG,2001-05-10,2001-05-10,2001-05-10,1
MDG,2001-06-11,2001-06-11,2001-06-11,1
MDG,2002-01-02,2002-01-02,2002-01-02,1
MDG,2002-05-09,2002-05-09,2002-05-09,1
MDG,2002-07-04,2002-07-04,2002-07-04,1
MDG,2002-11,2002-11-01,2002-11-30,1
MDG,2003-01-18,2003-01-18,2003-01-18,1
MDG,2003-01-29,2003-01-29,2003-01-29,1
MDG,2003-05-08,2003-05-08,2003-05-08,1
MDG,2003-07-20,2003-07-20,2003-07-20,1
MDG,2003-12-09,2003-12-09,2003-12-09,1
MDG,2004-01-26,2004-01-26,2004-01-26,1
MDG,2004-03-07,2004-03-07,2004-03-07,1
MDG,2004-08-11,2004-08-11,2004-08-11,1
MDG,2005-01-22,2005-01-22,2005-01-22,1
MDG,2005-03-02,2005-03-02,2005-03-02,1
MDG,2005-03-24,2005-03-24,2005-03-24,1
MDG,2005-11,2005-11-01,2005-11-30,1
MDG,2006-02-04,2006-02-04,2006-02-04,1
MDG,2006-12-25,2006-12-25,2006-12-25,1
MDG,2007-01-03,2007-01-03,2007-01-03,1
MDG,2007-02-08,2007-02-08,2007-02-08,1
MDG,2007-03-15,2007-03-15,2007-03-15,1
MDG,2008-01,2008-01-01,2008-01-31,1
MDG,2008,2008-01-01,2008-12-31,1
MDG,2008-01-27,2008-01-27,2008-01-27,1
MDG,2008-02-17,2008-02-17,2008-02-17,1
MDG,2008-03-05,2008-03-05,2008-03-05,1
MDG,2009-01-19,2009-01-19,2009-01-19,1
MDG,2009-03-17,2009-03-17,2009-03-17,1
MDG,2009-04-06,2009-04-06,2009-04-06,1
MDG,2009-10,2009-10-01,2009-10-31,1
MDG,2010-03-10,2010-03-10,2010-03-10,1
MDG,2010-10,2010-10-01,2010-10-31,1
MDG,2011-02-14,2011-02-14,2011-02-14,1
MDG,2011-08-28,2011-08-28,2011-08-28,1
MDG,2012-01-24,2012-01-24,2012-01-24,1
MDG,2012-02-14,2012-02-14,2012-02-14,1
MDG,2012-02-26,2012-02-26,2012-02-26,1
MDG,2013-01-30,2013-01-30,2013-01-30,1
MDG,2013-02-22,2013-02-22,2013-02-22,1
MDG,2013-03-14,2013-03-14,2013-03-14,1
MDG,2013-10-05,2013-10-05,2013-10-05,1
MDG,2014-03-29,2014-03-29,2014-03-29,1
MDG,2014-11,2014-11-01,2014-11-30,1
MDG,2015-01-16,2015-01-16,2015-01-16,1
MDG,2015-02-07,2015-02-07,2015-02-07,1
MDG,2015-02-27,2015-02-27,2015-02-27,1
MDG,2016-01,2016-01-01,2016-01-31,1
MDG,2016-06-30,2016-06-30,2016-06-30,1
MDG,2016-07-24,2016-07-24,2016-07-24,1
MDG,2017-01,2017-01-01,2017-01-31,1
MDG,2017-01-28,2017-01-28,2017-01-28,1
MDG,2017-03-07,2017-03-07,2017-03-07,1
MDG,2017-08-01,2017-08-01,2017-08-01,1
MDG,2017-08-19,2017-08-19,2017-08-19,1
MDG,2018-01-05,2018-01-05,2018-01-05,1
MDG,2018-03-14,2018-03-14,2018-03-14,1
MDG,2018-10-04,2018-10-04,2018-10-04,1
MDG,2019-01-19,2019-01-19,2019-01-19,1
MDG,2019-03-15,2019-03-15,2019-03-15,1
MDG,2019-12-09,2019-12-09,2019-12-09,1
MDG,2020-01-01,2020-01-01,2020-01-01,1
MDG,2020-01,2020-01-01,2020-01-31,1
MDG,2020-03-13,2020-03-13,2020-03-13,1
MDG,2021-01-23,2021-01-23,2021-01-23,1
MDG,2021-02-18,2021-02-18,2021-02-18,1
MDG,2021-12-20,2021-12-20,2021-12-20,1
MDG,2022-01-17,2022-01-17,2022-01-17,1
MDG,2022-01-22,2022-01-22,2022-01-22,1
MDG,2022-02-05,2022-02-05,2022-02-05,1
MDG,2022-02-15,2022-02-15,2022-02-15,1
MDG,2022-02-23,2022-02-23,2022-02-23,1
MDG,2022-03-11,2022-03-11,2022-03-11,1
MDG,2022-04-26,2022-04-26,2022-04-26,1
MDG,2023-01-19,2023-01-19,2023-01-19,1
MDG,2023-02-21,2023-02-21,2023-02-21,1
MDG,2023-03-11,2023-03-11,2023-03-11,1
MDG,2023-08-25,2023-08-25,2023-08-25,1
MDV,2004-03-17,2004-03-17,2004-03-17,1
MDV,2004-12-26,2004-12-26,2004-12-26,1
MDV,2007-05-15,2007-05-15,2007-05-15,1
MDV,2011-06,2011-06-01,2011-06-30,1
MDV,2014-12-04,2014-12-04,2014-12-04,1
MDV,2016-01-26,2016-01-26,2016-01-26,1
MDV,2019-05-30,2019-05-30,2019-05-30,1
MDV,2019-09-20,2019-09-20,2019-09-20,1
MDV,2021-05-16,2021-05-16,2021-05-16,1
MDV,2022-11-09,2022-11-09,2022-11-09,1
MDV,2023-12,2023-12-01,2023-12-31,1
MEX,2000-05-13,2000-05-13,2000-05-13,1
MEX,2000-05-30,2000-05-30,2000-05-30,1
MEX,2000-06-10,2000-06-10,2000-06-10,1
MEX,2000-07-08,2000-07-08,2000-07-08,1
MEX,2000-09-12,2000-09-12,2000-09-12,1
MEX,2000-09-21,2000-09-21,2000-09-21,1
MEX,2000-09-29,2000-09-29,2000-09-29,1
MEX,2000-10,2000-10-01,2000-10-31,1
MEX,2000-10-20,2000-10-20,2000-10-20,1
MEX,2000-11-01,2000-11-01,2000-11-01,1
MEX,2000-11-26,2000-11-26,2000-11-26,1
MEX,2000-12-18,2000-12-18,2000-12-18,2
MEX,2001-07-25,2001-07-25,2001-07-25,1
MEX,2001-08-21,2001-08-21,2001-08-21,1
MEX,2001-09-12,2001-09-12,2001-09-12,1
MEX,2001-09-18,2001-09-18,2001-09-18,1
MEX,2001-09-24,2001-09-24,2001-09-24,1
MEX,2001-10-04,2001-10-04,2001-10-04,1
MEX,2002-01-23,2002-01-23,2002-01-23,1
MEX,2002-02-06,2002-02-06,2002-02-06,1
MEX,2002-03-18,2002-03-18,2002-03-18,1
MEX,2002-04,2002-04-01,2002-04-30,1
MEX,2002-08-06,2002-08-06,2002-08-06,1
MEX,2002-08-15,2002-08-15,2002-08-15,1
MEX,2002-09-17,2002-09-17,2002-09-17,1
MEX,2002-09-20,2002-09-20,2002-09-20,1
MEX,2002-09-25,2002-09-25,2002-09-25,1
MEX,2002-10-25,2002-10-25,2002-10-25,1
MEX,2002-11-10,2002-11-10,2002-11-10,1
MEX,2002-12-24,2002-12-24,2002-12-24,1
MEX,2002-12-31,2002-12-31,2002-12-31,1
MEX,2003-01-22,2003-01-22,2003-01-22,1
MEX,2003-04-26,2003-04-26,2003-04-26,1
MEX,2003-06-05,2003-06-05,2003-06-05,1
MEX,2003-06-12,2003-06-12,2003-06-12,1
MEX,2003-07-17,2003-07-17,2003-07-17,1
MEX,2003-08-24,2003-08-24,2003-08-24,1
MEX,2003-09-06,2003-09-06,2003-09-06,1
MEX,2003-09-22,2003-09-22,2003-09-22,1
MEX,2003-10-25,2003-10-25,2003-10-25,1
MEX,2003-12,2003-12-01,2003-12-31,1
MEX,2004-04-04,2004-04-04,2004-04-04,1
MEX,2004-06-12,2004-06-12,2004-06-12,1
MEX,2004-11,2004-11-01,2004-11-30,1
MEX,2005-01-05,2005-01-05,2005-01-05,1
MEX,2005-04-06,2005-04-06,2005-04-06,1
MEX,2005-05-05,2005-05-05,2005-05-05,1
MEX,2005-06-29,2005-06-29,2005-06-29,1
MEX,2005-07-18,2005-07-18,2005-07-18,1
MEX,2005-08-21,2005-08-21,2005-08-21,1
MEX,2005-09-15,2005-09-15,2005-09-15,1
MEX,2005-09-26,2005-09-26,2005-09-26,1
MEX,2005-10-01,2005-10-01,2005-10-01,1
MEX,2005-10-19,2005-10-19,2005-10-19,1
MEX,2006-02-19,2006-02-19,2006-02-19,1
MEX,2006-04-17,2006-04-17,2006-04-17,1
MEX,2006-07-27,2006-07-27,2006-07-27,1
MEX,2006-08-02,2006-08-02,2006-08-02,1
MEX,2006-09-02,2006-09-02,2006-09-02,1
MEX,2006-09-06,2006-09-06,2006-09-06,1
MEX,2006-09-16,2006-09-16,2006-09-16,1
MEX,2006-10-16,2006-10-16,2006-10-16,1
MEX,2006-10-25,2006-10-25,2006-10-25,1
MEX,2006-11,2006-11-01,2006-11-30,1
MEX,2006-12-28,2006-12-28,2006-12-28,1
MEX,2007-01-24,2007-01-24,2007-01-24,1
MEX,2007-07-04,2007-07-04,2007-07-04,1
MEX,2007-08-21,2007-08-21,2007-08-21,1
MEX,2007-09-01,2007-09-01,2007-09-01,1
MEX,2007-09-04,2007-09-04,2007-09-04,2
MEX,2007-09-09,2007-09-09,2007-09-09,1
MEX,2007-09-15,2007-09-15,2007-09-15,1
MEX,2007-09-28,2007-09-28,2007-09-28,1
MEX,2007-10-19,2007-10-19,2007-10-19,1
MEX,2007-10-23,2007-10-23,2007-10-23,1
MEX,2007-10-28,2007-10-28,2007-10-28,1
MEX,2007-11-06,2007-11-06,2007-11-06,1
MEX,2008-04-18,2008-04-18,2008-04-18,1
MEX,2008-05-19,2008-05-19,2008-05-19,1
MEX,2008-06-20,2008-06-20,2008-06-20,1
MEX,2008-06-29,2008-06-29,2008-06-29,1
MEX,2008-07-06,2008-07-06,2008-07-06,1
MEX,2008-07-07,2008-07-07,2008-07-07,1
MEX,2008-07-20,2008-07-20,2008-07-20,1
MEX,2008-09-17,2008-09-17,2008-09-17,1
MEX,2008-10-18,2008-10-18,2008-10-18,1
MEX,2008-11-04,2008-11-04,2008-11-04,1
MEX,2008-11-07,2008-11-07,2008-11-07,1
MEX,2009-03-16,2009-03-16,2009-03-16,1
MEX,2009-03-21,2009-03-21,2009-03-21,1
MEX,2009-04-16,2009-04-16,2009-04-16,1
MEX,2009-06-05,2009-06-05,2009-06-05,1
MEX,2009-07-14,2009-07-14,2009-07-14,1
MEX,2009-09-01,2009-09-01,2009-09-01,1
MEX,2009-09-02,2009-09-02,2009-09-02,1
MEX,2009-09-10,2009-09-10,2009-09-10,1
MEX,2009-10,2009-10-01,2009-10-31,1
MEX,2009-10-02,2009-10-02,2009-10-02,1
MEX,2009-11-01,2009-11-01,2009-11-01,1
MEX,2009-11-08,2009-11-08,2009-11-08,1
MEX,2010-01-26,2010-01-26,2010-01-26,1
MEX,2010-04-04,2010-04-04,2010-04-04,1
MEX,2010-06-15,2010-06-15,2010-06-15,1
MEX,2010-06-17,2010-06-17,2010-06-17,1
MEX,2010-06-30,2010-06-30,2010-06-30,1
MEX,2010-08-23,2010-08-23,2010-08-23,1
MEX,2010-09-03,2010-09-03,2010-09-03,1
MEX,2010-09-15,2010-09-15,2010-09-15,1
MEX,2010-09-20,2010-09-20,2010-09-20,1
MEX,2010-09-21,2010-09-21,2010-09-21,1
MEX,2010-09-25,2010-09-25,2010-09-25,1
MEX,2010-09-28,2010-09-28,2010-09-28,1
MEX,2010-10-18,2010-10-18,2010-10-18,1
MEX,2010-11-06,2010-11-06,2010-11-06,1
MEX,2010-12-08,2010-12-08,2010-12-08,1
MEX,2010-12-19,2010-12-19,2010-12-19,1
MEX,2011-02-01,2011-02-01,2011-02-01,1
MEX,2011-03,2011-03-01,2011-03-31,1
MEX,2011-05-03,2011-05-03,2011-05-03,1
MEX,2011-05-20,2011-05-20,2011-05-20,1
MEX,2011-06-20,2011-06-20,2011-06-20,1
MEX,2011-06-30,2011-06-30,2011-06-30,1
MEX,2011-07-18,2011-07-18,2011-07-18,1
MEX,2011-07-20,2011-07-20,2011-07-20,1
MEX,2011-08-23,2011-08-23,2011-08-23,1
MEX,2011-09,2011-09-01,2011-09-30,1
MEX,2011-09-09,2011-09-09,2011-09-09,1
MEX,2011-10-10,2011-10-10,2011-10-10,1
MEX,2011-10-20,2011-10-20,2011-10-20,1
MEX,2011-12-11,2011-12-11,2011-12-11,1
MEX,2012-03-20,2012-03-20,2012-03-20,1
MEX,2012-04-20,2012-04-20,2012-04-20,1
MEX,2012-06-15,2012-06-15,2012-06-15,1
MEX,2012-06-24,2012-06-24,2012-06-24,1
MEX,2012-08-10,2012-08-10,2012-08-10,1
MEX,2012-09-19,2012-09-19,2012-09-19,1
MEX,2013-01-31,2013-01-31,2013-01-31,1
MEX,2013-03-15,2013-03-15,2013-03-15,1
MEX,2013-05-07,2013-05-07,2013-05-07,1
MEX,2013-05-29,2013-05-29,2013-05-29,1
MEX,2013-08-22,2013-08-22,2013-08-22,1
MEX,2013-08-25,2013-08-25,2013-08-25,1
MEX,2013-09-05,2013-09-05,2013-09-05,1
MEX,2013-09-12,2013-09-12,2013-09-12,1
MEX,2013-09-13,2013-09-13,2013-09-13,1
MEX,2013-10-04,2013-10-04,2013-10-04,1
MEX,2013-10-14,2013-10-14,2013-10-14,1
MEX,2014-04-18,2014-04-18,2014-04-18,1
MEX,2014-05-30,2014-05-30,2014-05-30,1
MEX,2014-07-07,2014-07-07,2014-07-07,1
MEX,2014-08-22,2014-08-22,2014-08-22,1
MEX,2014-09-02,2014-09-02,2014-09-02,1
MEX,2014-09-04,2014-09-04,2014-09-04,1
MEX,2014-09-10,2014-09-10,2014-09-10,1
MEX,2014-10-18,2014-10-18,2014-10-18,1
MEX,2015-01-27,2015-01-27,2015-01-27,1
MEX,2015-02-13,2015-02-13,2015-02-13,1
MEX,2015-03-13,2015-03-13,2015-03-13,1
MEX,2015-03-26,2015-03-26,2015-03-26,2
MEX,2015-05-25,2015-05-25,2015-05-25,1
MEX,2015-07-29,2015-07-29,2015-07-29,1
MEX,2015-10-22,2015-10-22,2015-10-22,1
MEX,2015-11-22,2015-11-22,2015-11-22,1
MEX,2015-12-19,2015-12-19,2015-12-19,1
MEX,2016-01-11,2016-01-11,2016-01-11,1
MEX,2016-02-03,2016-02-03,2016-02-03,1
MEX,2016-02-28,2016-02-28,2016-02-28,1
MEX,2016-04-21,2016-04-21,2016-04-21,1
MEX,2016-08-06,2016-08-06,2016-08-06,1
MEX,2016-09-03,2016-09-03,2016-09-03,1
MEX,2016-09-06,2016-09-06,2016-09-06,1
MEX,2016-09-14,2016-09-14,2016-09-14,1
MEX,2016-09-29,2016-09-29,2016-09-29,1
MEX,2016-11-03,2016-11-03,2016-11-03,1
MEX,2016-12-20,2016-12-20,2016-12-20,1
MEX,2017-04-13,2017-04-13,2017-04-13,1
MEX,2017-05-08,2017-05-08,2017-05-08,1
MEX,2017-05-21,2017-05-21,2017-05-21,1
MEX,2017-06-01,2017-06-01,2017-06-01,1
MEX,2017-08-07,2017-08-07,2017-08-07,1
MEX,2017-08-30,2017-08-30,2017-08-30,1
MEX,2017-09-07,2017-09-07,2017-09-07,1
MEX,2017-09-08,2017-09-08,2017-09-08,1
MEX,2017-09-17,2017-09-17,2017-09-17,1
MEX,2017-09-26,2017-09-26,2017-09-26,1
MEX,2017-12-12,2017-12-12,2017-12-12,1
MEX,2017-12-19,2017-12-19,2017-12-19,1
MEX,2018-02-16,2018-02-16,2018-02-16,2
MEX,2018-07-05,2018-07-05,2018-07-05,1
MEX,2018-07-20,2018-07-20,2018-07-20,1
MEX,2018-09-20,2018-09-20,2018-09-20,1
MEX,2018-10-19,2018-10-19,2018-10-19,1
MEX,2018-10-23,2018-10-23,2018-10-23,1
MEX,2019-01-18,2019-01-18,2019-01-18,1
MEX,2019-03-07,2019-03-07,2019-03-07,1
MEX,2019-05-05,2019-05-05,2019-05-05,1
MEX,2019-05-29,2019-05-29,2019-05-29,1
MEX,2019-06-02,2019-06-02,2019-06-02,1
MEX,2019-06-28,2019-06-28,2019-06-28,1
MEX,2019-09-05,2019-09-05,2019-09-05,1
MEX,2019-09-20,2019-09-20,2019-09-20,1
MEX,2019-09-30,2019-09-30,2019-09-30,1
MEX,2019-11-27,2019-11-27,2019-11-27,1
MEX,2019-12-18,2019-12-18,2019-12-18,1
MEX,2020-06-03,2020-06-03,2020-06-03,1
MEX,2020-06-23,2020-06-23,2020-06-23,1
MEX,2020-07-25,2020-07-25,2020-07-25,1
MEX,2020-08-08,2020-08-08,2020-08-08,1
MEX,2020-10-02,2020-10-02,2020-10-02,1
MEX,2020-10-07,2020-10-07,2020-10-07,1
MEX,2020-11-02,2020-11-02,2020-11-02,1
MEX,2020-11-09,2020-11-09,2020-11-09,1
MEX,2021-02-12,2021-02-12,2021-02-12,1
MEX,2021-05-04,2021-05-04,2021-05-04,1
MEX,2021-06-18,2021-06-18,2021-06-18,1
MEX,2021-06-25,2021-06-25,2021-06-25,1
MEX,2021-08-21,2021-08-21,2021-08-21,1
MEX,2021-08-28,2021-08-28,2021-08-28,1
MEX,2021-09-02,2021-09-02,2021-09-02,1
MEX,2021-09-03,2021-09-03,2021-09-03,1
MEX,2021-09-08,2021-09-08,2021-09-08,1
MEX,2021-10-01,2021-10-01,2021-10-01,1
MEX,2021-10-25,2021-10-25,2021-10-25,1
MEX,2021-11-06,2021-11-06,2021-11-06,1
MEX,2021-11-26,2021-11-26,2021-11-26,1
MEX,2021-12-09,2021-12-09,2021-12-09,1
MEX,2022-01-29,2022-01-29,2022-01-29,1
MEX,2022-05-30,2022-05-30,2022-05-30,1
MEX,2022-07-15,2022-07-15,2022-07-15,1
MEX,2022-08-04,2022-08-04,2022-08-04,1
MEX,2022-08-28,2022-08-28,2022-08-28,1
MEX,2022-09-03,2022-09-03,2022-09-03,1
MEX,2022-09-19,2022-09-19,2022-09-19,1
MEX,2022-09-22,2022-09-22,2022-09-22,1
MEX,2022-10-15,2022-10-15,2022-10-15,1
MEX,2022-10-23,2022-10-23,2022-10-23,1
MEX,2022-12-30,2022-12-30,2022-12-30,1
MEX,2023-03-28,2023-03-28,2023-03-28,1
MEX,2023-05-14,2023-05-14,2023-05-14,1
MEX,2023-07-06,2023-07-06,2023-07-06,1
MEX,2023-08-22,2023-08-22,2023-08-22,1
MEX,2023-09-25,2023-09-25,2023-09-25,1
MEX,2023-10-01,2023-10-01,2023-10-01,1
MEX,2023-10-06,2023-10-06,2023-10-06,1
MEX,2023-10-22,2023-10-22,2023-10-22,1
MEX,2023-11-21,2023-11-21,2023-11-21,1
MHL,2000-12-01,2000-12-01,2000-12-01,1
MHL,2008-12-10,2008-12-10,2008-12-10,1
MHL,2013-05,2013-05-01,2013-05-31,1
MHL,2014-03-03,2014-03-03,2014-03-03,1
MHL,2015,2015-01-01,2015-12-31,1
MHL,2019-01-05,2019-01-05,2019-01-05,1
MHL,2022-01,2022-01-01,2022-01-31,1
MKD,2000-08,2000-08-01,2000-08-31,1
MKD,2001-08-06,2001-08-06,2001-08-06,1
MKD,2001-12,2001-12-01,2001-12-31,1
MKD,2002-11-30,2002-11-30,2002-11-30,1
MKD,2002-12-04,2002-12-04,2002-12-04,1
MKD,2003-01-08,2003-01-08,2003-01-08,1
MKD,2003-11-30,2003-11-30,2003-11-30,1
MKD,2004-06-04,2004-06-04,2004-06-04,1
MKD,2004-07-01,2004-07-01,2004-07-01,1
MKD,2005-01,2005-01-01,2005-01-31,1
MKD,2005-08-04,2005-08-04,2005-08-04,1
MKD,2006-08-17,2006-08-17,2006-08-17,1
MKD,2007-07,2007-07-01,2007-07-31,2
MKD,2009-09-05,2009-09-05,2009-09-05,1
MKD,2012-01,2012-01-01,2012-01-31,1
MKD,2013-02-24,2013-02-24,2013-02-24,1
MKD,2014-12-28,2014-12-28,2014-12-28,1
MKD,2015-01-31,2015-01-31,2015-01-31,1
MKD,2015-04-24,2015-04-24,2015-04-24,1
MKD,2015-08-03,2015-08-03,2015-08-03,1
MKD,2016-08-06,2016-08-06,2016-08-06,1
MKD,2016-09-11,2016-09-11,2016-09-11,1
MKD,2017-01-05,2017-01-05,2017-01-05,1
MKD,2019-02-13,2019-02-13,2019-02-13,1
MKD,2021-07-30,2021-07-30,2021-07-30,1
MKD,2021-09-08,2021-09-08,2021-09-08,1
MLI,2000-06-16,2000-06-16,2000-06-16,1
MLI,2000-07-11,2000-07-11,2000-07-11,1
MLI,2000-08-25,2000-08-25,2000-08-25,1
MLI,2000-09-17,2000-09-17,2000-09-17,1
MLI,2000-09-26,2000-09-26,2000-09-26,1
MLI,2001-04,2001-04-01,2001-04-30,1
MLI,2001-08-18,2001-08-18,2001-08-18,1
MLI,2002-01,2002-01-01,2002-01-31,1
MLI,2002-05-12,2002-05-12,2002-05-12,1
MLI,2002-07-26,2002-07-26,2002-07-26,1
MLI,2003-08-10,2003-08-10,2003-08-10,1
MLI,2003-08-14,2003-08-14,2003-08-14,1
MLI,2004-04,2004-04-01,2004-04-30,1
MLI,2004-12-13,2004-12-13,2004-12-13,1
MLI,2004-12-25,2004-12-25,2004-12-25,1
MLI,2005,2005-01-01,2005-12-31,1
MLI,2005-06-06,2005-06-06,2005-06-06,1
MLI,2005-06-20,2005-06-20,2005-06-20,1
MLI,2005-09-21,2005-09-21,2005-09-21,1
MLI,2005-10-07,2005-10-07,2005-10-07,1
MLI,2005-11-01,2005-11-01,2005-11-01,1
MLI,2006-01-01,2006-01-01,2006-01-01,1
MLI,2006-07-14,2006-07-14,2006-07-14,1
MLI,2006-08,2006-08-01,2006-08-31,1
MLI,2006-08-03,2006-08-03,2006-08-03,1
MLI,2006-09-24,2006-09-24,2006-09-24,1
MLI,2006-10-07,2006-10-07,2006-10-07,1
MLI,2006-12-18,2006-12-18,2006-12-18,1
MLI,2006-12-19,2006-12-19,2006-12-19,1
MLI,2007-07-04,2007-07-04,2007-07-04,1
MLI,2007-07-22,2007-07-22,2007-07-22,1
MLI,2008-08-18,2008-08-18,2008-08-18,1
MLI,2009,2009-01-01,2009-12-31,1
MLI,2009-05,2009-05-01,2009-05-31,1
MLI,2010-02-24,2010-02-24,2010-02-24,1
MLI,2010-06,2010-06-01,2010-06-30,1
MLI,2010-08-01,2010-08-01,2010-08-01,1
MLI,2010-08-11,2010-08-11,2010-08-11,1
MLI,2010-10-04,2010-10-04,2010-10-04,1
MLI,2011,2011-01-01,2011-12-31,1
MLI,2011-02-21,2011-02-21,2011-02-21,1
MLI,2011-08-01,2011-08-01,2011-08-01,1
MLI,2011-09,2011-09-01,2011-09-30,1
MLI,2011-09-29,2011-09-29,2011-09-29,1
MLI,2013-01-04,2013-01-04,2013-01-04,1
MLI,2013-08-09,2013-08-09,2013-08-09,1
MLI,2013-08-29,2013-08-29,2013-08-29,1
MLI,2013-10-10,2013-10-10,2013-10-10,1
MLI,2014-07-24,2014-07-24,2014-07-24,1
MLI,2014-10-24,2014-10-24,2014-10-24,1
MLI,2015-04-26,2015-04-26,2015-04-26,1
MLI,2015-08-08,2015-08-08,2015-08-08,1
MLI,2016-07-11,2016-07-11,2016-07-11,1
MLI,2018-08-07,2018-08-07,2018-08-07,1
MLI,2018-09-10,2018-09-10,2018-09-10,1
MLI,2018-10-14,2018-10-14,2018-10-14,1
MLI,2019-04-07,2019-04-07,2019-04-07,1
MLI,2019-05-16,2019-05-16,2019-05-16,1
MLI,2019-05-28,2019-05-28,2019-05-28,1
MLI,2019-08-24,2019-08-24,2019-08-24,1
MLI,2019-09-01,2019-09-01,2019-09-01,1
MLI,2019-11-26,2019-11-26,2019-11-26,1
MLI,2020,2020-01-01,2020-12-31,1
MLI,2020-07-28,2020-07-28,2020-07-28,1
MLI,2021-07-19,2021-07-19,2021-07-19,1
MLI,2022,2022-01-01,2022-12-31,1
MLI,2022-07-01,2022-07-01,2022-07-01,1
MLI,2023,2023-01-01,2023-12-31,1
MLI,2023-06-13,2023-06-13,2023-06-13,1
MLT,2004-02,2004-02-01,2004-02-29,1
MLT,2005-08-20,2005-08-20,2005-08-20,1
MLT,2006-06-09,2006-06-09,2006-06-09,1
MLT,2006-07-30,2006-07-30,2006-07-30,1
MLT,2007-06-20,2007-06-20,2007-06-20,1
MLT,2007-08-10,2007-08-10,2007-08-10,1
MLT,2008-08-27,2008-08-27,2008-08-27,1
MLT,2013-10-10,2013-10-10,2013-10-10,1
MLT,2022-05-30,2022-05-30,2022-05-30,1
MLT,2023-07,2023-07-01,2023-07-31,1
MMR,2001-02-20,2001-02-20,2001-02-20,1
MMR,2001-06-02,2001-06-02,2001-06-02,1
MMR,2002-08,2002-08-01,2002-08-31,1
MMR,2004-01-27,2004-01-27,2004-01-27,1
MMR,2004-05-19,2004-05-19,2004-05-19,1
MMR,2004-12-26,2004-12-26,2004-12-26,1
MMR,2005-09-14,2005-09-14,2005-09-14,1
MMR,2006-04-29,2006-04-29,2006-04-29,1
MMR,2006-09-15,2006-09-15,2006-09-15,1
MMR,2007-03-24,2007-03-24,2007-03-24,1
MMR,2007-05-03,2007-05-03,2007-05-03,1
MMR,2007-06-11,2007-06-11,2007-06-11,1
MMR,2007-07,2007-07-01,2007-07-31,1
MMR,2007-07-06,2007-07-06,2007-07-06,1
MMR,2007-08-14,2007-08-14,2007-08-14,1
MMR,2007-11-13,2007-11-13,2007-11-13,1
MMR,2008-05-02,2008-05-02,2008-05-02,1
MMR,2008-07-01,2008-07-01,2008-07-01,1
MMR,2009-07-04,2009-07-04,2009-07-04,1
MMR,2009-11-15,2009-11-15,2009-11-15,1
MMR,2010-04,2010-04-01,2010-04-30,1
MMR,2010-06-17,2010-06-17,2010-06-17,1
MMR,2010-10-06,2010-10-06,2010-10-06,1
MMR,2010-10-22,2010-10-22,2010-10-22,1
MMR,2010-10-24,2010-10-24,2010-10-24,1
MMR,2011-03-24,2011-03-24,2011-03-24,1
MMR,2011-10-19,2011-10-19,2011-10-19,1
MMR,2011-12-29,2011-12-29,2011-12-29,1
MMR,2012-07-15,2012-07-15,2012-07-15,1
MMR,2012-11-11,2012-11-11,2012-11-11,1
MMR,2013-01-23,2013-01-23,2013-01-23,1
MMR,2013-04-02,2013-04-02,2013-04-02,1
MMR,2013-05-03,2013-05-03,2013-05-03,1
MMR,2013-05-13,2013-05-13,2013-05-13,1
MMR,2013-05-26,2013-05-26,2013-05-26,1
MMR,2013-07-25,2013-07-25,2013-07-25,1
MMR,2013-11-03,2013-11-03,2013-11-03,1
MMR,2014-08,2014-08-01,2014-08-31,1
MMR,2014-09-17,2014-09-17,2014-09-17,1
MMR,2015-03-13,2015-03-13,2015-03-13,1
MMR,2015-03-30,2015-03-30,2015-03-30,1
MMR,2015-04-04,2015-04-04,2015-04-04,1
MMR,2015-06-23,2015-06-23,2015-06-23,1
MMR,2015-07-15,2015-07-15,2015-07-15,1
MMR,2015-10-08,2015-10-08,2015-10-08,1
MMR,2015-10-09,2015-10-09,2015-10-09,1
MMR,2015-10-11,2015-10-11,2015-10-11,1
MMR,2015-11-21,2015-11-21,2015-11-21,1
MMR,2016-04-17,2016-04-17,2016-04-17,1
MMR,2016-04-21,2016-04-21,2016-04-21,1
MMR,2016-04-29,2016-04-29,2016-04-29,1
MMR,2016-05-06,2016-05-06,2016-05-06,1
MMR,2016-05-23,2016-05-23,2016-05-23,1
MMR,2016-06-01,2016-06-01,2016-06-01,1
MMR,2016-07,2016-07-01,2016-07-31,1
MMR,2016-08-22,2016-08-22,2016-08-22,1
MMR,2016-08-24,2016-08-24,2016-08-24,1
MMR,2016-10-15,2016-10-15,2016-10-15,1
MMR,2017-04-02,2017-04-02,2017-04-02,1
MMR,2017-04-05,2017-04-05,2017-04-05,1
MMR,2017-06-01,2017-06-01,2017-06-01,1
MMR,2017-06-07,2017-06-07,2017-06-07,1
MMR,2017-07-02,2017-07-02,2017-07-02,1
MMR,2018-05-04,2018-05-04,2018-05-04,1
MMR,2018-06-05,2018-06-05,2018-06-05,1
MMR,2018-07-15,2018-07-15,2018-07-15,2
MMR,2018-08-29,2018-08-29,2018-08-29,1
MMR,2019-04-22,2019-04-22,2019-04-22,1
MMR,2019-07-14,2019-07-14,2019-07-14,1
MMR,2019-07-28,2019-07-28,2019-07-28,1
MMR,2019-08-08,2019-08-08,2019-08-08,1
MMR,2020-07-01,2020-07-01,2020-07-01,1
MMR,2020-07-19,2020-07-19,2020-07-19,1
MMR,2021-06-10,2021-06-10,2021-06-10,1
MMR,2021-07-21,2021-07-21,2021-07-21,1
MMR,2022-02-28,2022-02-28,2022-02-28,1
MMR,2022-05-19,2022-05-19,2022-05-19,1
MMR,2023-04-21,2023-04-21,2023-04-21,1
MMR,2023-05-14,2023-05-14,2023-05-14,1
MMR,2023-08-03,2023-08-03,2023-08-03,1
MMR,2023-08-10,2023-08-10,2023-08-10,1
MMR,2023-08-13,2023-08-13,2023-08-13,1
MMR,2023-10-05,2023-10-05,2023-10-05,1
MNE,2007-11-26,2007-11-26,2007-11-26,1
MNE,2009-12-25,2009-12-25,2009-12-25,1
MNE,2010-11-12,2010-11-12,2010-11-12,1
MNE,2010-12-01,2010-12-01,2010-12-01,1
MNE,2012-02,2012-02-01,2012-02-29,1
MNE,2012-07-25,2012-07-25,2012-07-25,1
MNE,2013-06-23,2013-06-23,2013-06-23,1
MNE,2017-07-16,2017-07-16,2017-07-16,1
MNE,2022-05-30,2022-05-30,2022-05-30,1
MNE,2023-07,2023-07-01,2023-07-31,1
MNG,2000-01,2000-01-01,2000-01-31,1
MNG,2000-02,2000-02-01,2000-02-29,1
MNG,2000-12,2000-12-01,2000-12-31,1
MNG,2001-01-14,2001-01-14,2001-01-14,1
MNG,2001-04-07,2001-04-07,2001-04-07,1
MNG,2002-12,2002-12-01,2002-12-31,1
MNG,2003-07-21,2003-07-21,2003-07-21,1
MNG,2007-06-16,2007-06-16,2007-06-16,1
MNG,2008-05-01,2008-05-01,2008-05-01,1
MNG,2008-05-26,2008-05-26,2008-05-26,1
MNG,2009-07-16,2009-07-16,2009-07-16,1
MNG,2009-12,2009-12-01,2009-12-31,1
MNG,2015-11,2015-11-01,2015-11-30,1
MNG,2016-12-23,2016-12-23,2016-12-23,1
MNG,2017-10-22,2017-10-22,2017-10-22,1
MNG,2018-01,2018-01-01,2018-01-31,1
MNG,2018-07-03,2018-07-03,2018-07-03,1
MNG,2018-11-25,2018-11-25,2018-11-25,1
MNG,2019-01-11,2019-01-11,2019-01-11,1
MNG,2019-05-10,2019-05-10,2019-05-10,1
MNG,2019-06-15,2019-06-15,2019-06-15,1
MNG,2020-01,2020-01-01,2020-01-31,1
MNG,2020-06-21,2020-06-21,2020-06-21,1
MNG,2020-07-02,2020-07-02,2020-07-02,1
MNG,2020-07-08,2020-07-08,2020-07-08,1
MNG,2021-03-14,2021-03-14,2021-03-14,1
MNG,2021-06-28,2021-06-28,2021-06-28,1
MNG,2022-06,2022-06-01,2022-06-30,1
MNG,2022-11-28,2022-11-28,2022-11-28,1
MNG,2023-05-19,2023-05-19,2023-05-19,1
MNG,2023-07-03,2023-07-03,2023-07-03,1
MNG,2023-08-05,2023-08-05,2023-08-05,1
MNG,2023-11-04,2023-11-04,2023-11-04,1
MNP,2002-12-08,2002-12-08,2002-12-08,1
MNP,2003-05-10,2003-05-10,2003-05-10,1
MNP,2004-06-26,2004-06-26,2004-06-26,1
MNP,2015-08-01,2015-08-01,2015-08-01,1
MNP,2018-10-25,2018-10-25,2018-10-25,1
MOZ,2000-01,2000-01-01,2000-01-31,1
MOZ,2000-01-26,2000-01-26,2000-01-26,1
MOZ,2000-02-18,2000-02-18,2000-02-18,1
MOZ,2000-03,2000-03-01,2000-03-31,1
MOZ,2000-04-02,2000-04-02,2000-04-02,1
MOZ,2000-09-06,2000-09-06,2000-09-06,1
MOZ,2000-11-18,2000-11-18,2000-11-18,1
MOZ,2000-11-26,2000-11-26,2000-11-26,1
MOZ,2001-01-01,2001-01-01,2001-01-01,1
MOZ,2001-01,2001-01-01,2001-01-31,1
MOZ,2001-07,2001-07-01,2001-07-31,1
MOZ,2001-07-23,2001-07-23,2001-07-23,1
MOZ,2001-08,2001-08-01,2001-08-31,1
MOZ,2002-01-01,2002-01-01,2002-01-01,1
MOZ,2002-03,2002-03-01,2002-03-31,1
MOZ,2002-03-18,2002-03-18,2002-03-18,1
MOZ,2002-05-25,2002-05-25,2002-05-25,1
MOZ,2002-06-02,2002-06-02,2002-06-02,1
MOZ,2002-10-25,2002-10-25,2002-10-25,1
MOZ,2003-01-01,2003-01-01,2003-01-01,2
MOZ,2003-01,2003-01-01,2003-01-31,1
MOZ,2003-02-04,2003-02-04,2003-02-04,1
MOZ,2003-02-24,2003-02-24,2003-02-24,1
MOZ,2003-03-03,2003-03-03,2003-03-03,1
MOZ,2003-03-26,2003-03-26,2003-03-26,1
MOZ,2003-04-07,2003-04-07,2003-04-07,1
MOZ,2003-12-20,2003-12-20,2003-12-20,1
MOZ,2004-07-15,2004-07-15,2004-07-15,1
MOZ,2005-01-25,2005-01-25,2005-01-25,1
MOZ,2005-05,2005-05-01,2005-05-31,1
MOZ,2005-12-22,2005-12-22,2005-12-22,1
MOZ,2006-01,2006-01-01,2006-01-31,1
MOZ,2006-02-22,2006-02-22,2006-02-22,1
MOZ,2006-09-25,2006-09-25,2006-09-25,1
MOZ,2007-01-17,2007-01-17,2007-01-17,1
MOZ,2007-01-19,2007-01-19,2007-01-19,1
MOZ,2007-01-20,2007-01-20,2007-01-20,1
MOZ,2007-02-22,2007-02-22,2007-02-22,1
MOZ,2007-03-22,2007-03-22,2007-03-22,1
MOZ,2007-06-26,2007-06-26,2007-06-26,1
MOZ,2007-08,2007-08-01,2007-08-31,1
MOZ,2007-10,2007-10-01,2007-10-31,1
MOZ,2007-12-11,2007-12-11,2007-12-11,1
MOZ,2007-12-19,2007-12-19,2007-12-19,1
MOZ,2008-03-08,2008-03-08,2008-03-08,1
MOZ,2008-09-01,2008-09-01,2008-09-01,1
MOZ,2008-11-01,2008-11-01,2008-11-01,1
MOZ,2008-12,2008-12-01,2008-12-31,1
MOZ,2008-12-28,2008-12-28,2008-12-28,1
MOZ,2009-01,2009-01-01,2009-01-31,1
MOZ,2009-02,2009-02-01,2009-02-28,1
MOZ,2009-03-26,2009-03-26,2009-03-26,1
MOZ,2009-05-05,2009-05-05,2009-05-05,1
MOZ,2009-07-15,2009-07-15,2009-07-15,1
MOZ,2009-08-18,2009-08-18,2009-08-18,1
MOZ,2010-01-01,2010-01-01,2010-01-01,1
MOZ,2010-02-22,2010-02-22,2010-02-22,1
MOZ,2010-03,2010-03-01,2010-03-31,1
MOZ,2010-06-07,2010-06-07,2010-06-07,1
MOZ,2010-11-16,2010-11-16,2010-11-16,1
MOZ,2011-01,2011-01-01,2011-01-31,2
MOZ,2011-01-12,2011-01-12,2011-01-12,1
MOZ,2011-02-05,2011-02-05,2011-02-05,1
MOZ,2011-03,2011-03-01,2011-03-31,1
MOZ,2012-01-18,2012-01-18,2012-01-18,1
MOZ,2012-01-20,2012-01-20,2012-01-20,1
MOZ,2012-03-03,2012-03-03,2012-03-03,1
MOZ,2013-01,2013-01-01,2013-01-31,1
MOZ,2013-01-28,2013-01-28,2013-01-28,1
MOZ,2014-01,2014-01-01,2014-01-31,1
MOZ,2014-12-16,2014-12-16,2014-12-16,1
MOZ,2014-12-25,2014-12-25,2014-12-25,1
MOZ,2015-01-01,2015-01-01,2015-01-01,1
MOZ,2015-01-10,2015-01-10,2015-01-10,1
MOZ,2016-01,2016-01-01,2016-01-31,1
MOZ,2016-01-05,2016-01-05,2016-01-05,1
MOZ,2016-10,2016-10-01,2016-10-31,1
MOZ,2016-10-24,2016-10-24,2016-10-24,1
MOZ,2016-11-17,2016-11-17,2016-11-17,1
MOZ,2017-02-11,2017-02-11,2017-02-11,1
MOZ,2017-02-15,2017-02-15,2017-02-15,1
MOZ,2017-08-14,2017-08-14,2017-08-14,1
MOZ,2018-01-16,2018-01-16,2018-01-16,1
MOZ,2018-02-18,2018-02-18,2018-02-18,1
MOZ,2018-03-25,2018-03-25,2018-03-25,1
MOZ,2019-01-01,2019-01-01,2019-01-01,1
MOZ,2019-03,2019-03-01,2019-03-31,1
MOZ,2019-03-09,2019-03-09,2019-03-09,1
MOZ,2019-03-14,2019-03-14,2019-03-14,1
MOZ,2019-04-25,2019-04-25,2019-04-25,1
MOZ,2019-12-27,2019-12-27,2019-12-27,1
MOZ,2020-02-11,2020-02-11,2020-02-11,1
MOZ,2020-06-02,2020-06-02,2020-06-02,1
MOZ,2020-10-01,2020-10-01,2020-10-01,1
MOZ,2020-10,2020-10-01,2020-10-31,1
MOZ,2021-01-23,2021-01-23,2021-01-23,1
MOZ,2021-02-12,2021-02-12,2021-02-12,1
MOZ,2021-06,2021-06-01,2021-06-30,1
MOZ,2022-01-24,2022-01-24,2022-01-24,1
MOZ,2022-02-18,2022-02-18,2022-02-18,1
MOZ,2022-03-11,2022-03-11,2022-03-11,1
MOZ,2022-10,2022-10-01,2022-10-31,1
MOZ,2023-01-08,2023-01-08,2023-01-08,1
MOZ,2023-02-07,2023-02-07,2023-02-07,1
MOZ,2023-02-24,2023-02-24,2023-02-24,1
MOZ,2023-10,2023-10-01,2023-10-31,1
MRT,2000-07-21,2000-07-21,2000-07-21,1
MRT,2001-04,2001-04-01,2001-04-30,1
MRT,2001-04-12,2001-04-12,2001-04-12,1
MRT,2001-08-24,2001-08-24,2001-08-24,1
MRT,2002-01-09,2002-01-09,2002-01-09,1
MRT,2003-08-07,2003-08-07,2003-08-07,1
MRT,2004-07,2004-07-01,2004-07-31,1
MRT,2005-07-20,2005-07-20,2005-07-20,1
MRT,2005-09-27,2005-09-27,2005-09-27,1
MRT,2005-12,2005-12-01,2005-12-31,1
MRT,2006-03-06,2006-03-06,2006-03-06,1
MRT,2006-07-22,2006-07-22,2006-07-22,1
MRT,2006-08-03,2006-08-03,2006-08-03,1
MRT,2007-08-07,2007-08-07,2007-08-07,1
MRT,2007-08-31,2007-08-31,2007-08-31,1
MRT,2007-10-16,2007-10-16,2007-10-16,1
MRT,2009-08-28,2009-08-28,2009-08-28,1
MRT,2010,2010-01-01,2010-12-31,1
MRT,2010-04-06,2010-04-06,2010-04-06,1
MRT,2010-09-19,2010-09-19,2010-09-19,1
MRT,2011,2011-01-01,2011-12-31,1
MRT,2011-04-28,2011-04-28,2011-04-28,1
MRT,2011-07-11,2011-07-11,2011-07-11,1
MRT,2012-11-01,2012-11-01,2012-11-01,1
MRT,2013-05-03,2013-05-03,2013-05-03,1
MRT,2013-08-05,2013-08-05,2013-08-05,1
MRT,2015-02-21,2015-02-21,2015-02-21,1
MRT,2017-04,2017-04-01,2017-04-30,1
MRT,2017-09-04,2017-09-04,2017-09-04,1
MRT,2018-03,2018-03-01,2018-03-31,1
MRT,2018-11-07,2018-11-07,2018-11-07,1
MRT,2019-08-26,2019-08-26,2019-08-26,1
MRT,2019-12-05,2019-12-05,2019-12-05,1
MRT,2020-06,2020-06-01,2020-06-30,1
MRT,2020-08-07,2020-08-07,2020-08-07,1
MRT,2020-09-01,2020-09-01,2020-09-01,2
MRT,2020-10-29,2020-10-29,2020-10-29,1
MRT,2021-08-17,2021-08-17,2021-08-17,1
MRT,2022-07-25,2022-07-25,2022-07-25,1
MRT,2023-07-30,2023-07-30,2023-07-30,1
MSR,2006-12-26,2006-12-26,2006-12-26,1
MTQ,2007-08-16,2007-08-16,2007-08-16,1
MTQ,2007-11-29,2007-11-29,2007-11-29,1
MTQ,2010-02,2010-02-01,2010-02-28,1
MTQ,2011-08-03,2011-08-03,2011-08-03,1
MTQ,2017-09-18,2017-09-18,2017-09-18,1
MUS,2002-01-22,2002-01-22,2002-01-22,1
MUS,2006-01,2006-01-01,2006-01-31,1
MUS,2007-02-25,2007-02-25,2007-02-25,1
MUS,2011-01-12,2011-01-12,2011-01-12,1
MUS,2013-03-30,2013-03-30,2013-03-30,1
MUS,2018-01-15,2018-01-15,2018-01-15,1
MUS,2022-02-02,2022-02-02,2022-02-02,1
MUS,2023-02-21,2023-02-21,2023-02-21,1
MWI,2000-01,2000-01-01,2000-01-31,1
MWI,2000-01-10,2000-01-10,2000-01-10,1
MWI,2000-03,2000-03-01,2000-03-31,1
MWI,2000-10-21,2000-10-21,2000-10-21,1
MWI,2000-12-24,2000-12-24,2000-12-24,1
MWI,2001-01,2001-01-01,2001-01-31,1
MWI,2001-03,2001-03-01,2001-03-31,1
MWI,2001-08-19,2001-08-19,2001-08-19,1
MWI,2001-10-28,2001-10-28,2001-10-28,2
MWI,2001-12-30,2001-12-30,2001-12-30,1
MWI,2002-01-01,2002-01-01,2002-01-01,1
MWI,2002-02,2002-02-01,2002-02-28,2
MWI,2002-02-16,2002-02-16,2002-02-16,1
MWI,2002-05-01,2002-05-01,2002-05-01,1
MWI,2002-05-25,2002-05-25,2002-05-25,1
MWI,2002-12-28,2002-12-28,2002-12-28,1
MWI,2003-01-01,2003-01-01,2003-01-01,1
MWI,2003-04-05,2003-04-05,2003-04-05,1
MWI,2004-08-06,2004-08-06,2004-08-06,1
MWI,2005-02-03,2005-02-03,2005-02-03,1
MWI,2005-10,2005-10-01,2005-10-31,1
MWI,2005-10-18,2005-10-18,2005-10-18,1
MWI,2005-12-17,2005-12-17,2005-12-17,1
MWI,2005-12-22,2005-12-22,2005-12-22,1
MWI,2006-01-16,2006-01-16,2006-01-16,1
MWI,2006-03-07,2006-03-07,2006-03-07,1
MWI,2006-11-27,2006-11-27,2006-11-27,1
MWI,2007-01-08,2007-01-08,2007-01-08,1
MWI,2007-01-20,2007-01-20,2007-01-20,1
MWI,2007-10,2007-10-01,2007-10-31,1
MWI,2007-10-19,2007-10-19,2007-10-19,1
MWI,2007-11-11,2007-11-11,2007-11-11,1
MWI,2007-11-18,2007-11-18,2007-11-18,1
MWI,2008-08-04,2008-08-04,2008-08-04,1
MWI,2008-11-15,2008-11-15,2008-11-15,1
MWI,2008-12,2008-12-01,2008-12-31,1
MWI,2009-09-04,2009-09-04,2009-09-04,1
MWI,2009-12,2009-12-01,2009-12-31,1
MWI,2009-12-08,2009-12-08,2009-12-08,1
MWI,2009-12-20,2009-12-20,2009-12-20,1
MWI,2010-03-22,2010-03-22,2010-03-22,1
MWI,2011-03,2011-03-01,2011-03-31,1
MWI,2011-04-11,2011-04-11,2011-04-11,1
MWI,2011-12,2011-12-01,2011-12-31,1
MWI,2012-01,2012-01-01,2012-01-31,1
MWI,2012-03-23,2012-03-23,2012-03-23,1
MWI,2012-06-21,2012-06-21,2012-06-21,1
MWI,2012-08,2012-08-01,2012-08-31,1
MWI,2012-12-15,2012-12-15,2012-12-15,1
MWI,2013-01,2013-01-01,2013-01-31,1
MWI,2015-01-01,2015-01-01,2015-01-01,1
MWI,2015-01-02,2015-01-02,2015-01-02,1
MWI,2015-02,2015-02-01,2015-02-28,1
MWI,2015-10,2015-10-01,2015-10-31,1
MWI,2016-04-06,2016-04-06,2016-04-06,1
MWI,2017-04-19,2017-04-19,2017-04-19,1
MWI,2017-11-02,2017-11-02,2017-11-02,1
MWI,2017-11-24,2017-11-24,2017-11-24,1
MWI,2018-02-01,2018-02-01,2018-02-01,1
MWI,2018-02-22,2018-02-22,2018-02-22,1
MWI,2018-04-11,2018-04-11,2018-04-11,1
MWI,2019-01-01,2019-01-01,2019-01-01,1
MWI,2019-03-04,2019-03-04,2019-03-04,1
MWI,2019-04-20,2019-04-20,2019-04-20,1
MWI,2020-02-04,2020-02-04,2020-02-04,1
MWI,2021-07,2021-07-01,2021-07-31,1
MWI,2022,2022-01-01,2022-12-31,1
MWI,2022-01-22,2022-01-22,2022-01-22,1
MWI,2022-02-17,2022-02-17,2022-02-17,1
MWI,2022-03-03,2022-03-03,2022-03-03,1
MWI,2022-03-11,2022-03-11,2022-03-11,1
MWI,2022-11,2022-11-01,2022-11-30,1
MWI,2023-03-11,2023-03-11,2023-03-11,1
MWI,2023-05-15,2023-05-15,2023-05-15,1
MYS,2000-01,2000-01-01,2000-01-31,1
MYS,2000-08-22,2000-08-22,2000-08-22,1
MYS,2000-08-23,2000-08-23,2000-08-23,1
MYS,2000-09-27,2000-09-27,2000-09-27,1
MYS,2000-10,2000-10-01,2000-10-31,1
MYS,2000-11-21,2000-11-21,2000-11-21,1
MYS,2001-03-06,2001-03-06,2001-03-06,1
MYS,2001-08-19,2001-08-19,2001-08-19,1
MYS,2001-10,2001-10-01,2001-10-31,1
MYS,2001-10-30,2001-10-30,2001-10-30,1
MYS,2001-12-22,2001-12-22,2001-12-22,1
MYS,2002-01-31,2002-01-31,2002-01-31,1
MYS,2002-03-30,2002-03-30,2002-03-30,1
MYS,2003-10-03,2003-10-03,2003-10-03,1
MYS,2003-11-29,2003-11-29,2003-11-29,1
MYS,2003-12-17,2003-12-17,2003-12-17,1
MYS,2004-01-24,2004-01-24,2004-01-24,1
MYS,2004-03-08,2004-03-08,2004-03-08,1
MYS,2004-07-16,2004-07-16,2004-07-16,1
MYS,2004-11-06,2004-11-06,2004-11-06,1
MYS,2004-12-10,2004-12-10,2004-12-10,1
MYS,2004-12-26,2004-12-26,2004-12-26,1
MYS,2005-07-17,2005-07-17,2005-07-17,1
MYS,2005-08-09,2005-08-09,2005-08-09,1
MYS,2005-11-23,2005-11-23,2005-11-23,1
MYS,2006-01-09,2006-01-09,2006-01-09,1
MYS,2006-02-10,2006-02-10,2006-02-10,1
MYS,2006-04-20,2006-04-20,2006-04-20,1
MYS,2006-12-19,2006-12-19,2006-12-19,1
MYS,2007-01-11,2007-01-11,2007-01-11,1
MYS,2007-07,2007-07-01,2007-07-31,1
MYS,2007-12-07,2007-12-07,2007-12-07,1
MYS,2008-12-01,2008-12-01,2008-12-01,1
MYS,2008-12-28,2008-12-28,2008-12-28,1
MYS,2009-11-20,2009-11-20,2009-11-20,1
MYS,2009-11-23,2009-11-23,2009-11-23,1
MYS,2010-12-20,2010-12-20,2010-12-20,1
MYS,2011-01-28,2011-01-28,2011-01-28,1
MYS,2011-05-21,2011-05-21,2011-05-21,1
MYS,2013-05-28,2013-05-28,2013-05-28,1
MYS,2013-08-03,2013-08-03,2013-08-03,1
MYS,2013-08-21,2013-08-21,2013-08-21,1
MYS,2013-12-01,2013-12-01,2013-12-01,1
MYS,2014-03,2014-03-01,2014-03-31,1
MYS,2014-03-08,2014-03-08,2014-03-08,1
MYS,2014-06-20,2014-06-20,2014-06-20,2
MYS,2014-07-15,2014-07-15,2014-07-15,1
MYS,2014-07-25,2014-07-25,2014-07-25,1
MYS,2014-12-16,2014-12-16,2014-12-16,1
MYS,2015-01-14,2015-01-14,2015-01-14,1
MYS,2015-06-05,2015-06-05,2015-06-05,1
MYS,2015-09-03,2015-09-03,2015-09-03,1
MYS,2016-01-26,2016-01-26,2016-01-26,1
MYS,2016-02-19,2016-02-19,2016-02-19,1
MYS,2016-07-18,2016-07-18,2016-07-18,1
MYS,2016-07-24,2016-07-24,2016-07-24,1
MYS,2016-11-28,2016-11-28,2016-11-28,1
MYS,2016-12-26,2016-12-26,2016-12-26,1
MYS,2017-01-23,2017-01-23,2017-01-23,2
MYS,2017-09-14,2017-09-14,2017-09-14,1
MYS,2017-10-21,2017-10-21,2017-10-21,1
MYS,2017-11-03,2017-11-03,2017-11-03,1
MYS,2017-11-25,2017-11-25,2017-11-25,1
MYS,2017-12-18,2017-12-18,2017-12-18,1
MYS,2018-01-01,2018-01-01,2018-01-01,1
MYS,2018-02-03,2018-02-03,2018-02-03,1
MYS,2019-03-10,2019-03-10,2019-03-10,1
MYS,2019-06-02,2019-06-02,2019-06-02,1
MYS,2019-10-26,2019-10-26,2019-10-26,1
MYS,2019-11-30,2019-11-30,2019-11-30,1
MYS,2019-12-18,2019-12-18,2019-12-18,1
MYS,2020-04-25,2020-04-25,2020-04-25,1
MYS,2020-06-20,2020-06-20,2020-06-20,1
MYS,2020-06-27,2020-06-27,2020-06-27,1
MYS,2020-10-09,2020-10-09,2020-10-09,1
MYS,2020-12-20,2020-12-20,2020-12-20,1
MYS,2021-01-02,2021-01-02,2021-01-02,1
MYS,2021-01-11,2021-01-11,2021-01-11,1
MYS,2021-01-12,2021-01-12,2021-01-12,1
MYS,2021-05-20,2021-05-20,2021-05-20,1
MYS,2021-05-24,2021-05-24,2021-05-24,1
MYS,2021-08-17,2021-08-17,2021-08-17,1
MYS,2021-09-07,2021-09-07,2021-09-07,1
MYS,2021-10-20,2021-10-20,2021-10-20,1
MYS,2021-12-15,2021-12-15,2021-12-15,1
MYS,2021-12-17,2021-12-17,2021-12-17,1
MYS,2022-02-25,2022-02-25,2022-02-25,1
MYS,2022-02-26,2022-02-26,2022-02-26,1
MYS,2022-03-06,2022-03-06,2022-03-06,1
MYS,2022-07-04,2022-07-04,2022-07-04,1
MYS,2022-11-08,2022-11-08,2022-11-08,1
MYS,2022-12-16,2022-12-16,2022-12-16,1
MYS,2022-12-17,2022-12-17,2022-12-17,1
MYS,2023,2023-01-01,2023-12-31,1
MYS,2023-01-20,2023-01-20,2023-01-20,1
MYS,2023-02-28,2023-02-28,2023-02-28,1
MYS,2023-08-17,2023-08-17,2023-08-17,1
MYS,2023-11-05,2023-11-05,2023-11-05,1
MYS,2023-12-22,2023-12-22,2023-12-22,1
MYT,2008-11-20,2008-11-20,2008-11-20,1
MYT,2012-09-08,2012-09-08,2012-09-08,1
MYT,2020-09-24,2020-09-24,2020-09-24,1
NAM,2000-02,2000-02-01,2000-02-29,1
NAM,2000-09,2000-09-01,2000-09-30,1
NAM,2001-01,2001-01-01,2001-01-31,2
NAM,2002-06-07,2002-06-07,2002-06-07,1
NAM,2002-07,2002-07-01,2002-07-31,1
NAM,2003-05-12,2003-05-12,2003-05-12,1
NAM,2004-02-01,2004-02-01,2004-02-01,1
NAM,2004-03,2004-03-01,2004-03-31,1
NAM,2006-01,2006-01-01,2006-01-31,1
NAM,2006-02-24,2006-02-24,2006-02-24,1
NAM,2006-05-07,2006-05-07,2006-05-07,1
NAM,2007-01-10,2007-01-10,2007-01-10,1
NAM,2007-02,2007-02-01,2007-02-28,1
NAM,2008-01-30,2008-01-30,2008-01-30,1
NAM,2008-10-22,2008-10-22,2008-10-22,1
NAM,2009-03-01,2009-03-01,2009-03-01,1
NAM,2010-03-24,2010-03-24,2010-03-24,1
NAM,2011-03-01,2011-03-01,2011-03-01,1
NAM,2012-01-24,2012-01-24,2012-01-24,1
NAM,2013-01,2013-01-01,2013-01-31,1
NAM,2013-01-10,2013-01-10,2013-01-10,1
NAM,2013-11,2013-11-01,2013-11-30,1
NAM,2013-11-30,2013-11-30,2013-11-30,1
NAM,2015-01,2015-01-01,2015-01-31,1
NAM,2017-01,2017-01-01,2017-01-31,1
NAM,2018-10,2018-10-01,2018-10-31,1
NAM,2020-03-06,2020-03-06,2020-03-06,1
NAM,2020-07-26,2020-07-26,2020-07-26,1
NAM,2021-01-01,2021-01-01,2021-01-01,1
NAM,2023-01-13,2023-01-13,2023-01-13,1
NCL,2003-03,2003-03-01,2003-03-31,1
NCL,2003-03-13,2003-03-13,2003-03-13,1
NCL,2021-03-05,2021-03-05,2021-03-05,1
NER,2000-03-06,2000-03-06,2000-03-06,1
NER,2000-05,2000-05-01,2000-05-31,1
NER,2000-07,2000-07-01,2000-07-31,1
NER,2000-08-26,2000-08-26,2000-08-26,1
NER,2001-01-02,2001-01-02,2001-01-02,1
NER,2001-04,2001-04-01,2001-04-30,1
NER,2001-04-25,2001-04-25,2001-04-25,1
NER,2001-06,2001-06-01,2001-06-30,1
NER,2001-06-15,2001-06-15,2001-06-15,1
NER,2001-06-27,2001-06-27,2001-06-27,1
NER,2001-08-27,2001-08-27,2001-08-27,1
NER,2001-11-30,2001-11-30,2001-11-30,1
NER,2002-01-01,2002-01-01,2002-01-01,1
NER,2002-06-09,2002-06-09,2002-06-09,1
NER,2002-08-12,2002-08-12,2002-08-12,1
NER,2003-02,2003-02-01,2003-02-28,1
NER,2003-08,2003-08-01,2003-08-31,1
NER,2004-01,2004-01-01,2004-01-31,1
NER,2004-05-03,2004-05-03,2004-05-03,1
NER,2004-07,2004-07-01,2004-07-31,1
NER,2004-10-22,2004-10-22,2004-10-22,1
NER,2005-07,2005-07-01,2005-07-31,1
NER,2005-07-13,2005-07-13,2005-07-13,1
NER,2006-01-01,2006-01-01,2006-01-01,2
NER,2006-01-25,2006-01-25,2006-01-25,1
NER,2006-06-18,2006-06-18,2006-06-18,1
NER,2006-08-03,2006-08-03,2006-08-03,1
NER,2007-07-26,2007-07-26,2007-07-26,1
NER,2008-01-01,2008-01-01,2008-01-01,2
NER,2008-05-15,2008-05-15,2008-05-15,1
NER,2008-06-29,2008-06-29,2008-06-29,1
NER,2008-07,2008-07-01,2008-07-31,1
NER,2009-01,2009-01-01,2009-01-31,1
NER,2009-09-01,2009-09-01,2009-09-01,1
NER,2009-09,2009-09-01,2009-09-30,1
NER,2010-01-01,2010-01-01,2010-01-01,1
NER,2010-07-19,2010-07-19,2010-07-19,1
NER,2010-08-01,2010-08-01,2010-08-01,1
NER,2010-08,2010-08-01,2010-08-31,1
NER,2011,2011-01-01,2011-12-31,1
NER,2011-08-10,2011-08-10,2011-08-10,1
NER,2011-08-17,2011-08-17,2011-08-17,1
NER,2011-09,2011-09-01,2011-09-30,1
NER,2012-01-01,2012-01-01,2012-01-01,1
NER,2012-07-15,2012-07-15,2012-07-15,1
NER,2012-10-05,2012-10-05,2012-10-05,1
NER,2013-07-15,2013-07-15,2013-07-15,1
NER,2013-10-20,2013-10-20,2013-10-20,1
NER,2013-11-03,2013-11-03,2013-11-03,1
NER,2014-06,2014-06-01,2014-06-30,1
NER,2014-11-17,2014-11-17,2014-11-17,1
NER,2014-12-12,2014-12-12,2014-12-12,1
NER,2014-12-31,2014-12-31,2014-12-31,1
NER,2015-04,2015-04-01,2015-04-30,2
NER,2015-07-25,2015-07-25,2015-07-25,1
NER,2016-06-01,2016-06-01,2016-06-01,1
NER,2016-06-20,2016-06-20,2016-06-20,1
NER,2016-08,2016-08-01,2016-08-31,1
NER,2017-01-01,2017-01-01,2017-01-01,1
NER,2017-05,2017-05-01,2017-05-31,1
NER,2017-06-13,2017-06-13,2017-06-13,1
NER,2017-06-29,2017-06-29,2017-06-29,1
NER,2017-08-26,2017-08-26,2017-08-26,1
NER,2017-10-27,2017-10-27,2017-10-27,1
NER,2018-06,2018-06-01,2018-06-30,1
NER,2018-07-05,2018-07-05,2018-07-05,1
NER,2019-02-13,2019-02-13,2019-02-13,1
NER,2019-05-05,2019-05-05,2019-05-05,1
NER,2019-07-11,2019-07-11,2019-07-11,1
NER,2019-09-01,2019-09-01,2019-09-01,1
NER,2019-10-24,2019-10-24,2019-10-24,1
NER,2020,2020-01-01,2020-12-31,1
NER,2020-07-01,2020-07-01,2020-07-01,1
NER,2020-08,2020-08-01,2020-08-31,1
NER,2021-06-15,2021-06-15,2021-06-15,1
NER,2021-08-09,2021-08-09,2021-08-09,1
NER,2021-11-07,2021-11-07,2021-11-07,1
NER,2021-11-08,2021-11-08,2021-11-08,1
NER,2022,2022-01-01,2022-12-31,1
NER,2022-06-01,2022-06-01,2022-06-01,1
NER,2023-07,2023-07-01,2023-07-31,1
NGA,2000-01,2000-01-01,2000-01-31,1
NGA,2000-01-19,2000-01-19,2000-01-19,1
NGA,2000-02-07,2000-02-07,2000-02-07,1
NGA,2000-03-08,2000-03-08,2000-03-08,1
NGA,2000-03-21,2000-03-21,2000-03-21,1
NGA,2000-03-22,2000-03-22,2000-03-22,1
NGA,2000-03-23,2000-03-23,2000-03-23,1
NGA,2000-04-19,2000-04-19,2000-04-19,1
NGA,2000-05,2000-05-01,2000-05-31,2
NGA,2000-05-11,2000-05-11,2000-05-11,1
NGA,2000-06-01,2000-06-01,2000-06-01,1
NGA,2000-06,2000-06-01,2000-06-30,1
NGA,2000-06-21,2000-06-21,2000-06-21,1
NGA,2000-07-10,2000-07-10,2000-07-10,1
NGA,2000-07-16,2000-07-16,2000-07-16,1
NGA,2000-07-18,2000-07-18,2000-07-18,1
NGA,2000-07-23,2000-07-23,2000-07-23,1
NGA,2000-07-24,2000-07-24,2000-07-24,1
NGA,2000-07-27,2000-07-27,2000-07-27,1
NGA,2000-07-30,2000-07-30,2000-07-30,1
NGA,2000-08-06,2000-08-06,2000-08-06,1
NGA,2000-08-07,2000-08-07,2000-08-07,1
NGA,2000-08-12,2000-08-12,2000-08-12,2
NGA,2000-08-14,2000-08-14,2000-08-14,1
NGA,2000-08-15,2000-08-15,2000-08-15,1
NGA,2000-08-26,2000-08-26,2000-08-26,1
NGA,2000-08-28,2000-08-28,2000-08-28,1
NGA,2000-09,2000-09-01,2000-09-30,1
NGA,2000-09-08,2000-09-08,2000-09-08,1
NGA,2000-09-14,2000-09-14,2000-09-14,1
NGA,2000-09-20,2000-09-20,2000-09-20,1
NGA,2000-09-23,2000-09-23,2000-09-23,2
NGA,2000-10-01,2000-10-01,2000-10-01,1
NGA,2000-10-04,2000-10-04,2000-10-04,1
NGA,2000-10-09,2000-10-09,2000-10-09,1
NGA,2000-10-10,2000-10-10,2000-10-10,1
NGA,2000-10-15,2000-10-15,2000-10-15,1
NGA,2000-10-23,2000-10-23,2000-10-23,1
NGA,2000-10-28,2000-10-28,2000-10-28,1
NGA,2000-10-30,2000-10-30,2000-10-30,1
NGA,2000-11-04,2000-11-04,2000-11-04,1
NGA,2000-11-07,2000-11-07,2000-11-07,1
NGA,2000-11-24,2000-11-24,2000-11-24,2
NGA,2000-11-29,2000-11-29,2000-11-29,1
NGA,2000-11-30,2000-11-30,2000-11-30,1
NGA,2000-12-04,2000-12-04,2000-12-04,1
NGA,2000-12-07,2000-12-07,2000-12-07,1
NGA,2000-12-10,2000-12-10,2000-12-10,1
NGA,2000-12-20,2000-12-20,2000-12-20,1
NGA,2001-01,2001-01-01,2001-01-31,1
NGA,2001-01-12,2001-01-12,2001-01-12,1
NGA,2001-02,2001-02-01,2001-02-28,2
NGA,2001-02-22,2001-02-22,2001-02-22,1
NGA,2001-02-24,2001-02-24,2001-02-24,1
NGA,2001-02-25,2001-02-25,2001-02-25,1
NGA,2001-02-26,2001-02-26,2001-02-26,1
NGA,2001-03-01,2001-03-01,2001-03-01,1
NGA,2001-03,2001-03-01,2001-03-31,1
NGA,2001-03-05,2001-03-05,2001-03-05,1
NGA,2001-04-03,2001-04-03,2001-04-03,1
NGA,2001-04-12,2001-04-12,2001-04-12,1
NGA,2001-04-28,2001-04-28,2001-04-28,1
NGA,2001-05,2001-05-01,2001-05-31,1
NGA,2001-05-15,2001-05-15,2001-05-15,1
NGA,2001-05-28,2001-05-28,2001-05-28,1
NGA,2001-06-01,2001-06-01,2001-06-01,1
NGA,2001-06,2001-06-01,2001-06-30,1
NGA,2001-06-02,2001-06-02,2001-06-02,1
NGA,2001-06-16,2001-06-16,2001-06-16,1
NGA,2001-06-21,2001-06-21,2001-06-21,1
NGA,2001-06-29,2001-06-29,2001-06-29,1
NGA,2001-07-04,2001-07-04,2001-07-04,1
NGA,2001-07-06,2001-07-06,2001-07-06,1
NGA,2001-07-22,2001-07-22,2001-07-22,1
NGA,2001-08-22,2001-08-22,2001-08-22,1
NGA,2001-08-26,2001-08-26,2001-08-26,1
NGA,2001-08-27,2001-08-27,2001-08-27,1
NGA,2001-08-30,2001-08-30,2001-08-30,1
NGA,2001-09-26,2001-09-26,2001-09-26,1
NGA,2001-10-10,2001-10-10,2001-10-10,1
NGA,2001-10-15,2001-10-15,2001-10-15,1
NGA,2001-10-24,2001-10-24,2001-10-24,1
NGA,2001-11-14,2001-11-14,2001-11-14,1
NGA,2001-11-15,2001-11-15,2001-11-15,1
NGA,2001-11-18,2001-11-18,2001-11-18,1
NGA,2001-12,2001-12-01,2001-12-31,1
NGA,2001-12-16,2001-12-16,2001-12-16,1
NGA,2001-12-17,2001-12-17,2001-12-17,1
NGA,2001-12-18,2001-12-18,2001-12-18,1
NGA,2001-12-20,2001-12-20,2001-12-20,2
NGA,2001-12-24,2001-12-24,2001-12-24,1
NGA,2002-01-07,2002-01-07,2002-01-07,1
NGA,2002-01-15,2002-01-15,2002-01-15,1
NGA,2002-01-27,2002-01-27,2002-01-27,2
NGA,2002-02-08,2002-02-08,2002-02-08,1
NGA,2002-02-15,2002-02-15,2002-02-15,1
NGA,2002-03-04,2002-03-04,2002-03-04,1
NGA,2002-03-05,2002-03-05,2002-03-05,1
NGA,2002-03-06,2002-03-06,2002-03-06,1
NGA,2002-03-16,2002-03-16,2002-03-16,3
NGA,2002-03-17,2002-03-17,2002-03-17,1
NGA,2002-03-19,2002-03-19,2002-03-19,1
NGA,2002-04,2002-04-01,2002-04-30,1
NGA,2002-04-06,2002-04-06,2002-04-06,1
NGA,2002-04-07,2002-04-07,2002-04-07,1
NGA,2002-05-04,2002-05-04,2002-05-04,2
NGA,2002-06,2002-06-01,2002-06-30,1
NGA,2002-07-16,2002-07-16,2002-07-16,1
NGA,2002-07-17,2002-07-17,2002-07-17,1
NGA,2002-07-21,2002-07-21,2002-07-21,1
NGA,2002-08-01,2002-08-01,2002-08-01,1
NGA,2002-08-23,2002-08-23,2002-08-23,1
NGA,2002-08-26,2002-08-26,2002-08-26,2
NGA,2002-09-15,2002-09-15,2002-09-15,1
NGA,2002-10-10,2002-10-10,2002-10-10,1
NGA,2002-10-16,2002-10-16,2002-10-16,1
NGA,2002-10-31,2002-10-31,2002-10-31,1
NGA,2002-11,2002-11-01,2002-11-30,1
NGA,2002-11-18,2002-11-18,2002-11-18,1
NGA,2002-11-21,2002-11-21,2002-11-21,1
NGA,2002-12-02,2002-12-02,2002-12-02,2
NGA,2002-12-14,2002-12-14,2002-12-14,1
NGA,2002-12-30,2002-12-30,2002-12-30,1
NGA,2003-01-30,2003-01-30,2003-01-30,1
NGA,2003-02-02,2003-02-02,2003-02-02,1
NGA,2003-02-19,2003-02-19,2003-02-19,1
NGA,2003-03-01,2003-03-01,2003-03-01,1
NGA,2003-03-09,2003-03-09,2003-03-09,1
NGA,2003-04-05,2003-04-05,2003-04-05,1
NGA,2003-04-22,2003-04-22,2003-04-22,1
NGA,2003-04-24,2003-04-24,2003-04-24,1
NGA,2003-06-20,2003-06-20,2003-06-20,1
NGA,2003-07-22,2003-07-22,2003-07-22,1
NGA,2003-08-03,2003-08-03,2003-08-03,1
NGA,2003-09-05,2003-09-05,2003-09-05,1
NGA,2003-09-06,2003-09-06,2003-09-06,1
NGA,2003-09-08,2003-09-08,2003-09-08,1
NGA,2003-09-09,2003-09-09,2003-09-09,1
NGA,2003-10-07,2003-10-07,2003-10-07,1
NGA,2003-10-15,2003-10-15,2003-10-15,2
NGA,2003-10-19,2003-10-19,2003-10-19,1
NGA,2003-12-11,2003-12-11,2003-12-11,1
NGA,2003-12-19,2003-12-19,2003-12-19,1
NGA,2003-12-23,2003-12-23,2003-12-23,1
NGA,2003-12-29,2003-12-29,2003-12-29,1
NGA,2004-01-07,2004-01-07,2004-01-07,1
NGA,2004-01-22,2004-01-22,2004-01-22,1
NGA,2004-02-01,2004-02-01,2004-02-01,1
NGA,2004-02-10,2004-02-10,2004-02-10,1
NGA,2004-02-25,2004-02-25,2004-02-25,1
NGA,2004-03-09,2004-03-09,2004-03-09,1
NGA,2004-03-20,2004-03-20,2004-03-20,1
NGA,2004-04-02,2004-04-02,2004-04-02,1
NGA,2004-04-24,2004-04-24,2004-04-24,1
NGA,2004-05-19,2004-05-19,2004-05-19,1
NGA,2004-06-09,2004-06-09,2004-06-09,1
NGA,2004-06-17,2004-06-17,2004-06-17,1
NGA,2004-06-22,2004-06-22,2004-06-22,1
NGA,2004-08,2004-08-01,2004-08-31,1
NGA,2004-08-08,2004-08-08,2004-08-08,2
NGA,2004-08-12,2004-08-12,2004-08-12,1
NGA,2004-08-15,2004-08-15,2004-08-15,1
NGA,2004-08-21,2004-08-21,2004-08-21,1
NGA,2004-09-16,2004-09-16,2004-09-16,2
NGA,2004-10-15,2004-10-15,2004-10-15,1
NGA,2004-11-12,2004-11-12,2004-11-12,1
NGA,2004-12-19,2004-12-19,2004-12-19,1
NGA,2004-12-22,2004-12-22,2004-12-22,1
NGA,2005-01-06,2005-01-06,2005-01-06,1
NGA,2005-01-11,2005-01-11,2005-01-11,1
NGA,2005-01-19,2005-01-19,2005-01-19,1
NGA,2005-01-22,2005-01-22,2005-01-22,1
NGA,2005-02-03,2005-02-03,2005-02-03,1
NGA,2005-02-06,2005-02-06,2005-02-06,2
NGA,2005-02-28,2005-02-28,2005-02-28,1
NGA,2005-03-23,2005-03-23,2005-03-23,1
NGA,2005-03-28,2005-03-28,2005-03-28,1
NGA,2005-04-04,2005-04-04,2005-04-04,1
NGA,2005-04-06,2005-04-06,2005-04-06,1
NGA,2005-04-11,2005-04-11,2005-04-11,2
NGA,2005-05-04,2005-05-04,2005-05-04,1
NGA,2005-05-16,2005-05-16,2005-05-16,1
NGA,2005-05-25,2005-05-25,2005-05-25,1
NGA,2005-06-27,2005-06-27,2005-06-27,1
NGA,2005-07-18,2005-07-18,2005-07-18,1
NGA,2005-07-24,2005-07-24,2005-07-24,1
NGA,2005-07-26,2005-07-26,2005-07-26,1
NGA,2005-08-04,2005-08-04,2005-08-04,1
NGA,2005-08-07,2005-08-07,2005-08-07,1
NGA,2005-08-10,2005-08-10,2005-08-10,1
NGA,2005-08-15,2005-08-15,2005-08-15,1
NGA,2005-09-11,2005-09-11,2005-09-11,1
NGA,2005-09-18,2005-09-18,2005-09-18,1
NGA,2005-10-06,2005-10-06,2005-10-06,1
NGA,2005-10-22,2005-10-22,2005-10-22,1
NGA,2005-10-27,2005-10-27,2005-10-27,1
NGA,2005-12-10,2005-12-10,2005-12-10,1
NGA,2005-12-24,2005-12-24,2005-12-24,1
NGA,2006-02-25,2006-02-25,2006-02-25,1
NGA,2006-04-05,2006-04-05,2006-04-05,1
NGA,2006-04-08,2006-04-08,2006-04-08,1
NGA,2006-04-29,2006-04-29,2006-04-29,1
NGA,2006-05,2006-05-01,2006-05-31,1
NGA,2006-05-13,2006-05-13,2006-05-13,1
NGA,2006-05-29,2006-05-29,2006-05-29,1
NGA,2006-07-15,2006-07-15,2006-07-15,1
NGA,2006-07-19,2006-07-19,2006-07-19,1
NGA,2006-08-03,2006-08-03,2006-08-03,1
NGA,2006-09-01,2006-09-01,2006-09-01,1
NGA,2006-09-07,2006-09-07,2006-09-07,1
NGA,2006-09-08,2006-09-08,2006-09-08,2
NGA,2006-09-17,2006-09-17,2006-09-17,1
NGA,2006-10-01,2006-10-01,2006-10-01,1
NGA,2006-10-08,2006-10-08,2006-10-08,1
NGA,2006-10-29,2006-10-29,2006-10-29,1
NGA,2006-12-21,2006-12-21,2006-12-21,1
NGA,2006-12-26,2006-12-26,2006-12-26,2
NGA,2006-12-27,2006-12-27,2006-12-27,1
NGA,2007-01-29,2007-01-29,2007-01-29,1
NGA,2007-02-25,2007-02-25,2007-02-25,1
NGA,2007-02-28,2007-02-28,2007-02-28,1
NGA,2007-03-26,2007-03-26,2007-03-26,1
NGA,2007-05-13,2007-05-13,2007-05-13,1
NGA,2007-06-13,2007-06-13,2007-06-13,1
NGA,2007-06-30,2007-06-30,2007-06-30,1
NGA,2007-07-01,2007-07-01,2007-07-01,1
NGA,2007-07-02,2007-07-02,2007-07-02,1
NGA,2007-07-21,2007-07-21,2007-07-21,1
NGA,2007-08-01,2007-08-01,2007-08-01,1
NGA,2007-08-04,2007-08-04,2007-08-04,1
NGA,2007-10,2007-10-01,2007-10-31,1
NGA,2007-10-03,2007-10-03,2007-10-03,1
NGA,2007-10-28,2007-10-28,2007-10-28,1
NGA,2007-12,2007-12-01,2007-12-31,2
NGA,2007-12-11,2007-12-11,2007-12-11,1
NGA,2007-12-13,2007-12-13,2007-12-13,1
NGA,2007-12-25,2007-12-25,2007-12-25,1
NGA,2008-01-12,2008-01-12,2008-01-12,1
NGA,2008-01-26,2008-01-26,2008-01-26,1
NGA,2008-03,2008-03-01,2008-03-31,1
NGA,2008-03-02,2008-03-02,2008-03-02,1
NGA,2008-03-25,2008-03-25,2008-03-25,1
NGA,2008-04,2008-04-01,2008-04-30,1
NGA,2008-04-15,2008-04-15,2008-04-15,1
NGA,2008-05-13,2008-05-13,2008-05-13,1
NGA,2008-05-21,2008-05-21,2008-05-21,2
NGA,2008-07-04,2008-07-04,2008-07-04,1
NGA,2008-07-24,2008-07-24,2008-07-24,1
NGA,2008-07-28,2008-07-28,2008-07-28,1
NGA,2008-09,2008-09-01,2008-09-30,1
NGA,2008-11,2008-11-01,2008-11-30,1
NGA,2009-01-01,2009-01-01,2009-01-01,1
NGA,2009-06,2009-06-01,2009-06-30,1
NGA,2009-06-26,2009-06-26,2009-06-26,1
NGA,2009-08-01,2009-08-01,2009-08-01,1
NGA,2009-08-09,2009-08-09,2009-08-09,1
NGA,2009-09-10,2009-09-10,2009-09-10,1
NGA,2009-10-10,2009-10-10,2009-10-10,1
NGA,2009-10-18,2009-10-18,2009-10-18,2
NGA,2009-12-13,2009-12-13,2009-12-13,1
NGA,2009-12-19,2009-12-19,2009-12-19,1
NGA,2009-12-23,2009-12-23,2009-12-23,1
NGA,2010-01,2010-01-01,2010-01-31,1
NGA,2010,2010-01-01,2010-12-31,1
NGA,2010-02-13,2010-02-13,2010-02-13,1
NGA,2010-03-09,2010-03-09,2010-03-09,1
NGA,2010-04-12,2010-04-12,2010-04-12,1
NGA,2010-06-20,2010-06-20,2010-06-20,1
NGA,2010-07-02,2010-07-02,2010-07-02,1
NGA,2010-07-23,2010-07-23,2010-07-23,1
NGA,2010-08-11,2010-08-11,2010-08-11,1
NGA,2010-08-15,2010-08-15,2010-08-15,1
NGA,2010-09-13,2010-09-13,2010-09-13,1
NGA,2011-02-07,2011-02-07,2011-02-07,1
NGA,2011-02-13,2011-02-13,2011-02-13,1
NGA,2011-04-02,2011-04-02,2011-04-02,1
NGA,2011-06-03,2011-06-03,2011-06-03,1
NGA,2011-06-21,2011-06-21,2011-06-21,1
NGA,2011-06-27,2011-06-27,2011-06-27,1
NGA,2011-07-05,2011-07-05,2011-07-05,1
NGA,2011-07-15,2011-07-15,2011-07-15,1
NGA,2011-07-18,2011-07-18,2011-07-18,1
NGA,2011-07-29,2011-07-29,2011-07-29,1
NGA,2011-08-26,2011-08-26,2011-08-26,1
NGA,2011-10-20,2011-10-20,2011-10-20,1
NGA,2011-12-14,2011-12-14,2011-12-14,1
NGA,2012-01-11,2012-01-11,2012-01-11,1
NGA,2012-02-13,2012-02-13,2012-02-13,1
NGA,2012-03-29,2012-03-29,2012-03-29,1
NGA,2012-04-02,2012-04-02,2012-04-02,1
NGA,2012-04-07,2012-04-07,2012-04-07,1
NGA,2012-06-05,2012-06-05,2012-06-05,1
NGA,2012-07-01,2012-07-01,2012-07-01,1
NGA,2012-07-12,2012-07-12,2012-07-12,1
NGA,2012-08-31,2012-08-31,2012-08-31,1
NGA,2012-10-19,2012-10-19,2012-10-19,1
NGA,2012-12-19,2012-12-19,2012-12-19,1
NGA,2013-01-11,2013-01-11,2013-01-11,1
NGA,2013-03-21,2013-03-21,2013-03-21,1
NGA,2013-04-05,2013-04-05,2013-04-05,1
NGA,2013-04-08,2013-04-08,2013-04-08,1
NGA,2013-04-14,2013-04-14,2013-04-14,1
NGA,2013-05-27,2013-05-27,2013-05-27,1
NGA,2013-09-27,2013-09-27,2013-09-27,1
NGA,2013-10-03,2013-10-03,2013-10-03,1
NGA,2013-10-04,2013-10-04,2013-10-04,1
NGA,2013-10-11,2013-10-11,2013-10-11,1
NGA,2013-11-03,2013-11-03,2013-11-03,1
NGA,2014-01-07,2014-01-07,2014-01-07,1
NGA,2014-03,2014-03-01,2014-03-31,1
NGA,2014-03-11,2014-03-11,2014-03-11,1
NGA,2014-03-16,2014-03-16,2014-03-16,1
NGA,2014-03-17,2014-03-17,2014-03-17,1
NGA,2014-04,2014-04-01,2014-04-30,1
NGA,2014-06-28,2014-06-28,2014-06-28,1
NGA,2014-08-29,2014-08-29,2014-08-29,1
NGA,2014-09-12,2014-09-12,2014-09-12,1
NGA,2015-01,2015-01-01,2015-01-31,1
NGA,2015-02-02,2015-02-02,2015-02-02,1
NGA,2015-06-01,2015-06-01,2015-06-01,1
NGA,2015-07-09,2015-07-09,2015-07-09,1
NGA,2015-09-05,2015-09-05,2015-09-05,1
NGA,2015-12-24,2015-12-24,2015-12-24,1
NGA,2016-03-06,2016-03-06,2016-03-06,1
NGA,2016-03-08,2016-03-08,2016-03-08,1
NGA,2016-08-14,2016-08-14,2016-08-14,1
NGA,2016-09-01,2016-09-01,2016-09-01,1
NGA,2016-11,2016-11-01,2016-11-30,1
NGA,2016-12-04,2016-12-04,2016-12-04,1
NGA,2016-12-10,2016-12-10,2016-12-10,1
NGA,2016-12-21,2016-12-21,2016-12-21,1
NGA,2017-05-03,2017-05-03,2017-05-03,1
NGA,2017-06-07,2017-06-07,2017-06-07,1
NGA,2017-07-08,2017-07-08,2017-07-08,1
NGA,2017-08-15,2017-08-15,2017-08-15,1
NGA,2017-08-20,2017-08-20,2017-08-20,1
NGA,2017-09-15,2017-09-15,2017-09-15,1
NGA,2017-10-02,2017-10-02,2017-10-02,1
NGA,2018-01-01,2018-01-01,2018-01-01,1
NGA,2018-02-13,2018-02-13,2018-02-13,1
NGA,2018-07-07,2018-07-07,2018-07-07,1
NGA,2018-07-13,2018-07-13,2018-07-13,1
NGA,2018-08-02,2018-08-02,2018-08-02,1
NGA,2018-09-10,2018-09-10,2018-09-10,1
NGA,2018-09-20,2018-09-20,2018-09-20,1
NGA,2018-10-24,2018-10-24,2018-10-24,1
NGA,2019-01,2019-01-01,2019-01-31,2
NGA,2019-03-15,2019-03-15,2019-03-15,1
NGA,2019-04-05,2019-04-05,2019-04-05,1
NGA,2019-04-23,2019-04-23,2019-04-23,1
NGA,2019-06-22,2019-06-22,2019-06-22,1
NGA,2019-07-01,2019-07-01,2019-07-01,1
NGA,2019-07-04,2019-07-04,2019-07-04,1
NGA,2019-08,2019-08-01,2019-08-31,1
NGA,2019-08-20,2019-08-20,2019-08-20,1
NGA,2019-08-22,2019-08-22,2019-08-22,1
NGA,2019-09-21,2019-09-21,2019-09-21,1
NGA,2019-12-12,2019-12-12,2019-12-12,1
NGA,2020-01-01,2020-01-01,2020-01-01,1
NGA,2020-03-15,2020-03-15,2020-03-15,1
NGA,2020-04-18,2020-04-18,2020-04-18,1
NGA,2020-06-14,2020-06-14,2020-06-14,1
NGA,2020-06-24,2020-06-24,2020-06-24,2
NGA,2020-08-01,2020-08-01,2020-08-01,1
NGA,2020-08-26,2020-08-26,2020-08-26,1
NGA,2020-09-23,2020-09-23,2020-09-23,1
NGA,2020-11-01,2020-11-01,2020-11-01,1
NGA,2020-11-13,2020-11-13,2020-11-13,1
NGA,2021-04-18,2021-04-18,2021-04-18,1
NGA,2021-05-26,2021-05-26,2021-05-26,1
NGA,2021-07-01,2021-07-01,2021-07-01,1
NGA,2021-08,2021-08-01,2021-08-31,1
NGA,2021-08-15,2021-08-15,2021-08-15,1
NGA,2021-09-12,2021-09-12,2021-09-12,1
NGA,2021-11-01,2021-11-01,2021-11-01,1
NGA,2021-11-30,2021-11-30,2021-11-30,1
NGA,2022,2022-01-01,2022-12-31,2
NGA,2022-04-12,2022-04-12,2022-04-12,1
NGA,2022-04-22,2022-04-22,2022-04-22,1
NGA,2022-04-30,2022-04-30,2022-04-30,1
NGA,2022-05-28,2022-05-28,2022-05-28,1
NGA,2022-07-01,2022-07-01,2022-07-01,1
NGA,2022-07-08,2022-07-08,2022-07-08,1
NGA,2022-07-21,2022-07-21,2022-07-21,1
NGA,2022-07-25,2022-07-25,2022-07-25,1
NGA,2022-09-09,2022-09-09,2022-09-09,1
NGA,2022-10-20,2022-10-20,2022-10-20,1
NGA,2022-11-22,2022-11-22,2022-11-22,2
NGA,2023-01-04,2023-01-04,2023-01-04,1
NGA,2023-01-20,2023-01-20,2023-01-20,1
NGA,2023-03-02,2023-03-02,2023-03-02,1
NGA,2023-03-23,2023-03-23,2023-03-23,1
NGA,2023-05-09,2023-05-09,2023-05-09,1
NGA,2023-06-12,2023-06-12,2023-06-12,1
NGA,2023-09-08,2023-09-08,2023-09-08,1
NGA,2023-09-10,2023-09-10,2023-09-10,1
NGA,2023-09-17,2023-09-17,2023-09-17,1
NGA,2023-10-01,2023-10-01,2023-10-01,1
NGA,2023-10-02,2023-10-02,2023-10-02,1
NGA,2023-10-05,2023-10-05,2023-10-05,1
NIC,2000-06,2000-06-01,2000-06-30,1
NIC,2000-07,2000-07-01,2000-07-31,1
NIC,2000-07-06,2000-07-06,2000-07-06,1
NIC,2000-09-29,2000-09-29,2000-09-29,1
NIC,2000-10-09,2000-10-09,2000-10-09,1
NIC,2001-08,2001-08-01,2001-08-31,1
NIC,2001-11-01,2001-11-01,2001-11-01,1
NIC,2002-04-18,2002-04-18,2002-04-18,1
NIC,2002-05-23,2002-05-23,2002-05-23,1
NIC,2002-09-22,2002-09-22,2002-09-22,1
NIC,2004-06-12,2004-06-12,2004-06-12,1
NIC,2004-06-24,2004-06-24,2004-06-24,1
NIC,2005-10-01,2005-10-01,2005-10-01,1
NIC,2005-10-30,2005-10-30,2005-10-30,1
NIC,2006-09,2006-09-01,2006-09-30,1
NIC,2007-09-04,2007-09-04,2007-09-04,1
NIC,2007-10-14,2007-10-14,2007-10-14,1
NIC,2008-05-29,2008-05-29,2008-05-29,1
NIC,2008-09-24,2008-09-24,2008-09-24,1
NIC,2008-10-18,2008-10-18,2008-10-18,1
NIC,2009-01,2009-01-01,2009-01-31,1
NIC,2009-06-19,2009-06-19,2009-06-19,1
NIC,2009-07-31,2009-07-31,2009-07-31,1
NIC,2009-11-05,2009-11-05,2009-11-05,1
NIC,2010-05-26,2010-05-26,2010-05-26,1
NIC,2010-06-27,2010-06-27,2010-06-27,1
NIC,2010-08-17,2010-08-17,2010-08-17,1
NIC,2010-09-24,2010-09-24,2010-09-24,1
NIC,2010-10-16,2010-10-16,2010-10-16,1
NIC,2011-10-12,2011-10-12,2011-10-12,1
NIC,2012-05-15,2012-05-15,2012-05-15,1
NIC,2013-05-26,2013-05-26,2013-05-26,1
NIC,2013-07,2013-07-01,2013-07-31,1
NIC,2014-04-11,2014-04-11,2014-04-11,1
NIC,2014-08,2014-08-01,2014-08-31,1
NIC,2014-10-15,2014-10-15,2014-10-15,1
NIC,2014-12-11,2014-12-11,2014-12-11,1
NIC,2015-09-22,2015-09-22,2015-09-22,1
NIC,2016-01-23,2016-01-23,2016-01-23,1
NIC,2016-11-17,2016-11-17,2016-11-17,1
NIC,2017-10-05,2017-10-05,2017-10-05,1
NIC,2017-10-27,2017-10-27,2017-10-27,1
NIC,2018-06,2018-06-01,2018-06-30,1
NIC,2018-10-01,2018-10-01,2018-10-01,1
NIC,2019-04,2019-04-01,2019-04-30,1
NIC,2020-11-03,2020-11-03,2020-11-03,1
NIC,2020-11-17,2020-11-17,2020-11-17,1
NIC,2020-11-24,2020-11-24,2020-11-24,1
NIC,2022-07-02,2022-07-02,2022-07-02,1
NIC,2022-10-09,2022-10-09,2022-10-09,1
NIC,2023-12-24,2023-12-24,2023-12-24,1
NIU,2004-01-06,2004-01-06,2004-01-06,1
NLD,2000-05-13,2000-05-13,2000-05-13,1
NLD,2001-01-01,2001-01-01,2001-01-01,1
NLD,2002-10-26,2002-10-26,2002-10-26,1
NLD,2003-07-31,2003-07-31,2003-07-31,1
NLD,2005-01-08,2005-01-08,2005-01-08,1
NLD,2005-10-27,2005-10-27,2005-10-27,1
NLD,2005-11-25,2005-11-25,2005-11-25,1
NLD,2005-12-27,2005-12-27,2005-12-27,1
NLD,2006-07-15,2006-07-15,2006-07-15,1
NLD,2007-01-17,2007-01-17,2007-01-17,1
NLD,2008-02-29,2008-02-29,2008-02-29,1
NLD,2010-02-28,2010-02-28,2010-02-28,1
NLD,2012-02,2012-02-01,2012-02-29,1
NLD,2012-04-21,2012-04-21,2012-04-21,1
NLD,2012-12-05,2012-12-05,2012-12-05,1
NLD,2013-10-27,2013-10-27,2013-10-27,1
NLD,2013-12-04,2013-12-04,2013-12-04,1
NLD,2013-12-24,2013-12-24,2013-12-24,1
NLD,2016-06-23,2016-06-23,2016-06-23,1
NLD,2018-01-17,2018-01-17,2018-01-17,1
NLD,2018-07,2018-07-01,2018-07-31,1
NLD,2019-07-22,2019-07-22,2019-07-22,1
NLD,2020-08-05,2020-08-05,2020-08-05,1
NLD,2021-07-15,2021-07-15,2021-07-15,1
NLD,2021-10-21,2021-10-21,2021-10-21,1
NLD,2022-02-18,2022-02-18,2022-02-18,1
NLD,2022-05-30,2022-05-30,2022-05-30,1
NLD,2023-07,2023-07-01,2023-07-31,1
NLD,2023-11-06,2023-11-06,2023-11-06,1
NOR,2000-01-04,2000-01-04,2000-01-04,1
NOR,2000-10-11,2000-10-11,2000-10-11,1
NOR,2001-12-01,2001-12-01,2001-12-01,1
NOR,2004-01-19,2004-01-19,2004-01-19,1
NOR,2005-01-13,2005-01-13,2005-01-13,1
NOR,2006-01-30,2006-01-30,2006-01-30,1
NOR,2008-08-03,2008-08-03,2008-08-03,1
NOR,2011-11-26,2011-11-26,2011-11-26,1
NOR,2013-05-22,2013-05-22,2013-05-22,1
NOR,2016-04-29,2016-04-29,2016-04-29,1
NOR,2019-07-30,2019-07-30,2019-07-30,1
NOR,2020-12-30,2020-12-30,2020-12-30,1
NOR,2022-01-28,2022-01-28,2022-01-28,1
NOR,2022-05-30,2022-05-30,2022-05-30,1
NOR,2023-07,2023-07-01,2023-07-31,1
NPL,2000-05,2000-05-01,2000-05-31,1
NPL,2000-06,2000-06-01,2000-06-30,1
NPL,2000-07,2000-07-01,2000-07-31,1
NPL,2000-07-27,2000-07-27,2000-07-27,1
NPL,2000-10-08,2000-10-08,2000-10-08,1
NPL,2001-01,2001-01-01,2001-01-31,1
NPL,2001-06,2001-06-01,2001-06-30,2
NPL,2001-10-25,2001-10-25,2001-10-25,1
NPL,2002-02-19,2002-02-19,2002-02-19,1
NPL,2002-07-15,2002-07-15,2002-07-15,1
NPL,2002-08-22,2002-08-22,2002-08-22,2
NPL,2002-09-27,2002-09-27,2002-09-27,1
NPL,2002-12,2002-12-01,2002-12-31,1
NPL,2003-01-26,2003-01-26,2003-01-26,1
NPL,2003-07-03,2003-07-03,2003-07-03,1
NPL,2003-09-15,2003-09-15,2003-09-15,1
NPL,2003-10-16,2003-10-16,2003-10-16,1
NPL,2003-12-15,2003-12-15,2003-12-15,1
NPL,2004-05-01,2004-05-01,2004-05-01,1
NPL,2004-06-16,2004-06-16,2004-06-16,1
NPL,2004-07-05,2004-07-05,2004-07-05,1
NPL,2004-08-16,2004-08-16,2004-08-16,1
NPL,2004-09-13,2004-09-13,2004-09-13,1
NPL,2005-01-21,2005-01-21,2005-01-21,1
NPL,2005-06-06,2005-06-06,2005-06-06,1
NPL,2005-07-07,2005-07-07,2005-07-07,1
NPL,2005-07-14,2005-07-14,2005-07-14,1
NPL,2005-08-21,2005-08-21,2005-08-21,1
NPL,2005-09-24,2005-09-24,2005-09-24,1
NPL,2005-10-16,2005-10-16,2005-10-16,1
NPL,2005-10-20,2005-10-20,2005-10-20,1
NPL,2005-11-23,2005-11-23,2005-11-23,1
NPL,2005-11-30,2005-11-30,2005-11-30,1
NPL,2006-03-07,2006-03-07,2006-03-07,1
NPL,2006-05-09,2006-05-09,2006-05-09,1
NPL,2006-06-24,2006-06-24,2006-06-24,1
NPL,2006-07,2006-07-01,2006-07-31,1
NPL,2006-08-03,2006-08-03,2006-08-03,1
NPL,2006-08-26,2006-08-26,2006-08-26,1
NPL,2006-09-23,2006-09-23,2006-09-23,1
NPL,2006-10-28,2006-10-28,2006-10-28,1
NPL,2007-07-23,2007-07-23,2007-07-23,1
NPL,2007-08-20,2007-08-20,2007-08-20,1
NPL,2007-09-05,2007-09-05,2007-09-05,1
NPL,2007-12-25,2007-12-25,2007-12-25,1
NPL,2008-03-03,2008-03-03,2008-03-03,1
NPL,2008-05-20,2008-05-20,2008-05-20,1
NPL,2008-07,2008-07-01,2008-07-31,1
NPL,2008-09-22,2008-09-22,2008-09-22,1
NPL,2008-10-08,2008-10-08,2008-10-08,1
NPL,2009,2009-01-01,2009-12-31,1
NPL,2009-01-04,2009-01-04,2009-01-04,1
NPL,2009-05-01,2009-05-01,2009-05-01,1
NPL,2009-07-26,2009-07-26,2009-07-26,1
NPL,2009-07-28,2009-07-28,2009-07-28,1
NPL,2009-09-10,2009-09-10,2009-09-10,1
NPL,2009-09-30,2009-09-30,2009-09-30,1
NPL,2009-10-04,2009-10-04,2009-10-04,1
NPL,2009-12,2009-12-01,2009-12-31,1
NPL,2010-04,2010-04-01,2010-04-30,1
NPL,2010-07-25,2010-07-25,2010-07-25,1
NPL,2010-07-28,2010-07-28,2010-07-28,1
NPL,2010-08-21,2010-08-21,2010-08-21,1
NPL,2010-08-24,2010-08-24,2010-08-24,1
NPL,2010-09-06,2010-09-06,2010-09-06,1
NPL,2010-12-15,2010-12-15,2010-12-15,1
NPL,2011-01-11,2011-01-11,2011-01-11,1
NPL,2011-06,2011-06-01,2011-06-30,1
NPL,2011-07-02,2011-07-02,2011-07-02,1
NPL,2011-07-15,2011-07-15,2011-07-15,1
NPL,2011-07-20,2011-07-20,2011-07-20,1
NPL,2011-08-16,2011-08-16,2011-08-16,1
NPL,2011-09-18,2011-09-18,2011-09-18,1
NPL,2011-09-25,2011-09-25,2011-09-25,1
NPL,2011-10-13,2011-10-13,2011-10-13,1
NPL,2011-10-22,2011-10-22,2011-10-22,1
NPL,2011-12,2011-12-01,2011-12-31,1
NPL,2012-05-05,2012-05-05,2012-05-05,1
NPL,2012-05-15,2012-05-15,2012-05-15,1
NPL,2012-07-15,2012-07-15,2012-07-15,1
NPL,2012-09-23,2012-09-23,2012-09-23,1
NPL,2012-09-28,2012-09-28,2012-09-28,1
NPL,2013-01-01,2013-01-01,2013-01-01,1
NPL,2013-03-03,2013-03-03,2013-03-03,1
NPL,2013-05-25,2013-05-25,2013-05-25,1
NPL,2013-07-10,2013-07-10,2013-07-10,1
NPL,2014-02-16,2014-02-16,2014-02-16,1
NPL,2014-04-18,2014-04-18,2014-04-18,1
NPL,2014-07-01,2014-07-01,2014-07-01,1
NPL,2014-07-16,2014-07-16,2014-07-16,1
NPL,2014-08-02,2014-08-02,2014-08-02,1
NPL,2014-08-11,2014-08-11,2014-08-11,1
NPL,2014-10-14,2014-10-14,2014-10-14,1
NPL,2014-11-20,2014-11-20,2014-11-20,1
NPL,2014-11-24,2014-11-24,2014-11-24,1
NPL,2015-04-25,2015-04-25,2015-04-25,1
NPL,2015-05-12,2015-05-12,2015-05-12,1
NPL,2015-06-06,2015-06-06,2015-06-06,1
NPL,2015-07-29,2015-07-29,2015-07-29,1
NPL,2016-02-01,2016-02-01,2016-02-01,1
NPL,2016-02-24,2016-02-24,2016-02-24,1
NPL,2016-06-29,2016-06-29,2016-06-29,1
NPL,2016-07-25,2016-07-25,2016-07-25,1
NPL,2016-08-15,2016-08-15,2016-08-15,1
NPL,2016-08-26,2016-08-26,2016-08-26,1
NPL,2017-03-09,2017-03-09,2017-03-09,1
NPL,2017-06-30,2017-06-30,2017-06-30,2
NPL,2017-08-10,2017-08-10,2017-08-10,1
NPL,2017-10-28,2017-10-28,2017-10-28,1
NPL,2018-01-01,2018-01-01,2018-01-01,1
NPL,2018-03-12,2018-03-12,2018-03-12,1
NPL,2018-07-01,2018-07-01,2018-07-01,1
NPL,2018-12-21,2018-12-21,2018-12-21,1
NPL,2019-03-30,2019-03-30,2019-03-30,1
NPL,2019-07-08,2019-07-08,2019-07-08,1
NPL,2019-11-03,2019-11-03,2019-11-03,1
NPL,2020-06,2020-06-01,2020-06-30,1
NPL,2021-06-16,2021-06-16,2021-06-16,1
NPL,2021-07-01,2021-07-01,2021-07-01,1
NPL,2021-09-02,2021-09-02,2021-09-02,1
NPL,2021-10-16,2021-10-16,2021-10-16,1
NPL,2022-05-29,2022-05-29,2022-05-29,1
NPL,2022-06,2022-06-01,2022-06-30,1
NPL,2022-06-16,2022-06-16,2022-06-16,1
NPL,2022-07-15,2022-07-15,2022-07-15,1
NPL,2022-08-02,2022-08-02,2022-08-02,1
NPL,2022-09-09,2022-09-09,2022-09-09,1
NPL,2022-11-09,2022-11-09,2022-11-09,1
NPL,2023-01-15,2023-01-15,2023-01-15,1
NPL,2023-04,2023-04-01,2023-04-30,1
NPL,2023-06-15,2023-06-15,2023-06-15,1
NPL,2023-10-03,2023-10-03,2023-10-03,1
NPL,2023-11-03,2023-11-03,2023-11-03,1
NZL,2000-08-20,2000-08-20,2000-08-20,1
NZL,2000-10-11,2000-10-11,2000-10-11,1
NZL,2001-01,2001-01-01,2001-01-31,1
NZL,2002-01-12,2002-01-12,2002-01-12,1
NZL,2003-04-16,2003-04-16,2003-04-16,1
NZL,2003-10-03,2003-10-03,2003-10-03,1
NZL,2004-02-13,2004-02-13,2004-02-13,1
NZL,2004-07-18,2004-07-18,2004-07-18,1
NZL,2005-03-10,2005-03-10,2005-03-10,1
NZL,2005-05-18,2005-05-18,2005-05-18,1
NZL,2006-04-26,2006-04-26,2006-04-26,1
NZL,2007-03-29,2007-03-29,2007-03-29,1
NZL,2010-09-04,2010-09-04,2010-09-04,1
NZL,2010-11-19,2010-11-19,2010-11-19,1
NZL,2010-12-13,2010-12-13,2010-12-13,1
NZL,2011-02-22,2011-02-22,2011-02-22,1
NZL,2011-06-13,2011-06-13,2011-06-13,1
NZL,2011-10-11,2011-10-11,2011-10-11,1
NZL,2012-01-07,2012-01-07,2012-01-07,1
NZL,2012-12-06,2012-12-06,2012-12-06,1
NZL,2013-01,2013-01-01,2013-01-31,1
NZL,2013-07-21,2013-07-21,2013-07-21,1
NZL,2013-09-10,2013-09-10,2013-09-10,1
NZL,2015-05-13,2015-05-13,2015-05-13,1
NZL,2015-06-22,2015-06-22,2015-06-22,1
NZL,2016-03-23,2016-03-23,2016-03-23,1
NZL,2016-11-14,2016-11-14,2016-11-14,1
NZL,2017-04-05,2017-04-05,2017-04-05,1
NZL,2017-07-21,2017-07-21,2017-07-21,1
NZL,2018-06-11,2018-06-11,2018-06-11,1
NZL,2019-12-09,2019-12-09,2019-12-09,1
NZL,2020-02-01,2020-02-01,2020-02-01,1
NZL,2020-10-04,2020-10-04,2020-10-04,1
NZL,2020-11-09,2020-11-09,2020-11-09,1
NZL,2021-05-29,2021-05-29,2021-05-29,1
NZL,2021-06-19,2021-06-19,2021-06-19,1
NZL,2021-07-15,2021-07-15,2021-07-15,1
NZL,2021-08-30,2021-08-30,2021-08-30,1
NZL,2022-08-15,2022-08-15,2022-08-15,1
NZL,2023-01-27,2023-01-27,2023-01-27,1
NZL,2023-02-11,2023-02-11,2023-02-11,1
NZL,2023-04-09,2023-04-09,2023-04-09,1
OMN,2002-04-19,2002-04-19,2002-04-19,1
OMN,2003-04-14,2003-04-14,2003-04-14,1
OMN,2004-04-27,2004-04-27,2004-04-27,1
OMN,2007-06-06,2007-06-06,2007-06-06,1
OMN,2007-07-09,2007-07-09,2007-07-09,1
OMN,2010-06-06,2010-06-06,2010-06-06,1
OMN,2011-11-03,2011-11-03,2011-11-03,1
OMN,2015-01-19,2015-01-19,2015-01-19,1
OMN,2016-03-01,2016-03-01,2016-03-01,1
OMN,2016-04-08,2016-04-08,2016-04-08,1
OMN,2017-12-16,2017-12-16,2017-12-16,1
OMN,2018-05-23,2018-05-23,2018-05-23,1
OMN,2018-10-14,2018-10-14,2018-10-14,1
OMN,2019-05-18,2019-05-18,2019-05-18,1
OMN,2020-05-27,2020-05-27,2020-05-27,1
OMN,2021-07-15,2021-07-15,2021-07-15,1
OMN,2021-10-03,2021-10-03,2021-10-03,1
PAK,2000-02-02,2000-02-02,2000-02-02,1
PAK,2000-03,2000-03-01,2000-03-31,1
PAK,2000-03-06,2000-03-06,2000-03-06,1
PAK,2000-03-29,2000-03-29,2000-03-29,1
PAK,2000-06,2000-06-01,2000-06-30,2
PAK,2000-06-13,2000-06-13,2000-06-13,1
PAK,2000-07-11,2000-07-11,2000-07-11,1
PAK,2000-09,2000-09-01,2000-09-30,1
PAK,2000-09-03,2000-09-03,2000-09-03,1
PAK,2000-10-15,2000-10-15,2000-10-15,1
PAK,2000-11-13,2000-11-13,2000-11-13,1
PAK,2001-01-09,2001-01-09,2001-01-09,1
PAK,2001-01-26,2001-01-26,2001-01-26,1
PAK,2001-03-28,2001-03-28,2001-03-28,1
PAK,2001-04-26,2001-04-26,2001-04-26,1
PAK,2001-06-01,2001-06-01,2001-06-01,1
PAK,2001-07,2001-07-01,2001-07-31,1
PAK,2001-07-10,2001-07-10,2001-07-10,1
PAK,2001-07-22,2001-07-22,2001-07-22,1
PAK,2001-11-01,2001-11-01,2001-11-01,1
PAK,2002,2002-01-01,2002-12-31,1
PAK,2002-03-03,2002-03-03,2002-03-03,1
PAK,2002-05,2002-05-01,2002-05-31,2
PAK,2002-05-20,2002-05-20,2002-05-20,1
PAK,2002-05-27,2002-05-27,2002-05-27,1
PAK,2002-06-02,2002-06-02,2002-06-02,1
PAK,2002-08-15,2002-08-15,2002-08-15,1
PAK,2002-08-22,2002-08-22,2002-08-22,1
PAK,2002-09-26,2002-09-26,2002-09-26,1
PAK,2002-09-27,2002-09-27,2002-09-27,1
PAK,2002-09-30,2002-09-30,2002-09-30,1
PAK,2002-11-02,2002-11-02,2002-11-02,1
PAK,2002-11-20,2002-11-20,2002-11-20,1
PAK,2002-12,2002-12-01,2002-12-31,1
PAK,2003-02-04,2003-02-04,2003-02-04,1
PAK,2003-02-16,2003-02-16,2003-02-16,1
PAK,2003-03-26,2003-03-26,2003-03-26,1
PAK,2003-04-25,2003-04-25,2003-04-25,1
PAK,2003-05-01,2003-05-01,2003-05-01,1
PAK,2003-05-02,2003-05-02,2003-05-02,1
PAK,2003-06-01,2003-06-01,2003-06-01,1
PAK,2003-07-15,2003-07-15,2003-07-15,1
PAK,2003-07-22,2003-07-22,2003-07-22,1
PAK,2003-07-27,2003-07-27,2003-07-27,1
PAK,2003-08-03,2003-08-03,2003-08-03,1
PAK,2003-09-05,2003-09-05,2003-09-05,1
PAK,2003-09-20,2003-09-20,2003-09-20,1
PAK,2003-10-20,2003-10-20,2003-10-20,1
PAK,2004-01-08,2004-01-08,2004-01-08,1
PAK,2004-02-14,2004-02-14,2004-02-14,2
PAK,2004-05-26,2004-05-26,2004-05-26,1
PAK,2004-06-06,2004-06-06,2004-06-06,1
PAK,2004-06-16,2004-06-16,2004-06-16,1
PAK,2004-07-03,2004-07-03,2004-07-03,1
PAK,2004-07-14,2004-07-14,2004-07-14,1
PAK,2004-08-01,2004-08-01,2004-08-01,1
PAK,2004-08-05,2004-08-05,2004-08-05,1
PAK,2004-09-18,2004-09-18,2004-09-18,1
PAK,2004-10-16,2004-10-16,2004-10-16,1
PAK,2004-12-25,2004-12-25,2004-12-25,1
PAK,2004-12-31,2004-12-31,2004-12-31,1
PAK,2005-01,2005-01-01,2005-01-31,1
PAK,2005-01-30,2005-01-30,2005-01-30,1
PAK,2005-02-06,2005-02-06,2005-02-06,1
PAK,2005-02-09,2005-02-09,2005-02-09,1
PAK,2005-03-02,2005-03-02,2005-03-02,1
PAK,2005-03-10,2005-03-10,2005-03-10,1
PAK,2005-03-17,2005-03-17,2005-03-17,1
PAK,2005-03-18,2005-03-18,2005-03-18,1
PAK,2005-03-20,2005-03-20,2005-03-20,1
PAK,2005-03-24,2005-03-24,2005-03-24,1
PAK,2005-04-14,2005-04-14,2005-04-14,2
PAK,2005-05-03,2005-05-03,2005-05-03,1
PAK,2005-06-13,2005-06-13,2005-06-13,1
PAK,2005-06-21,2005-06-21,2005-06-21,1
PAK,2005-06-29,2005-06-29,2005-06-29,1
PAK,2005-07-05,2005-07-05,2005-07-05,1
PAK,2005-07-13,2005-07-13,2005-07-13,1
PAK,2005-08-30,2005-08-30,2005-08-30,1
PAK,2005-09-24,2005-09-24,2005-09-24,1
PAK,2005-10,2005-10-01,2005-10-31,1
PAK,2005-10-08,2005-10-08,2005-10-08,1
PAK,2005-11-04,2005-11-04,2005-11-04,1
PAK,2005-12,2005-12-01,2005-12-31,1
PAK,2005-12-08,2005-12-08,2005-12-08,1
PAK,2005-12-11,2005-12-11,2005-12-11,1
PAK,2005-12-27,2005-12-27,2005-12-27,1
PAK,2006-05,2006-05-01,2006-05-31,1
PAK,2006-07-03,2006-07-03,2006-07-03,1
PAK,2006-07-09,2006-07-09,2006-07-09,1
PAK,2006-07-10,2006-07-10,2006-07-10,1
PAK,2006-07-24,2006-07-24,2006-07-24,1
PAK,2006-07-28,2006-07-28,2006-07-28,1
PAK,2006-08-01,2006-08-01,2006-08-01,1
PAK,2006-08-03,2006-08-03,2006-08-03,1
PAK,2006-08-06,2006-08-06,2006-08-06,1
PAK,2006-08-31,2006-08-31,2006-08-31,1
PAK,2006-09-28,2006-09-28,2006-09-28,1
PAK,2006-12,2006-12-01,2006-12-31,1
PAK,2006-12-16,2006-12-16,2006-12-16,1
PAK,2007-01-05,2007-01-05,2007-01-05,1
PAK,2007-03-21,2007-03-21,2007-03-21,1
PAK,2007-03-30,2007-03-30,2007-03-30,1
PAK,2007-06-16,2007-06-16,2007-06-16,1
PAK,2007-06-23,2007-06-23,2007-06-23,1
PAK,2007-06-26,2007-06-26,2007-06-26,1
PAK,2007-06-28,2007-06-28,2007-06-28,1
PAK,2007-07-20,2007-07-20,2007-07-20,1
PAK,2007-08-10,2007-08-10,2007-08-10,1
PAK,2007-08-12,2007-08-12,2007-08-12,1
PAK,2007-08-20,2007-08-20,2007-08-20,1
PAK,2007-10-09,2007-10-09,2007-10-09,1
PAK,2007-12-19,2007-12-19,2007-12-19,1
PAK,2008-05-24,2008-05-24,2008-05-24,1
PAK,2008-08-02,2008-08-02,2008-08-02,1
PAK,2008-08-09,2008-08-09,2008-08-09,1
PAK,2008-09-29,2008-09-29,2008-09-29,1
PAK,2008-10-28,2008-10-28,2008-10-28,1
PAK,2008-12-20,2008-12-20,2008-12-20,1
PAK,2009-01-08,2009-01-08,2009-01-08,1
PAK,2009-03-05,2009-03-05,2009-03-05,1
PAK,2009-04-14,2009-04-14,2009-04-14,1
PAK,2009-07-03,2009-07-03,2009-07-03,1
PAK,2009-07-17,2009-07-17,2009-07-17,1
PAK,2009-08-15,2009-08-15,2009-08-15,1
PAK,2009-09-14,2009-09-14,2009-09-14,1
PAK,2009-09-17,2009-09-17,2009-09-17,1
PAK,2009-10-23,2009-10-23,2009-10-23,1
PAK,2010-01-04,2010-01-04,2010-01-04,1
PAK,2010-02-08,2010-02-08,2010-02-08,1
PAK,2010-02-10,2010-02-10,2010-02-10,1
PAK,2010-02-18,2010-02-18,2010-02-18,1
PAK,2010-06-06,2010-06-06,2010-06-06,1
PAK,2010-06-22,2010-06-22,2010-06-22,1
PAK,2010-06-28,2010-06-28,2010-06-28,1
PAK,2010-07-21,2010-07-21,2010-07-21,1
PAK,2010-07-28,2010-07-28,2010-07-28,2
PAK,2010-08-23,2010-08-23,2010-08-23,1
PAK,2010-09-21,2010-09-21,2010-09-21,1
PAK,2010-11-05,2010-11-05,2010-11-05,1
PAK,2010-11-28,2010-11-28,2010-11-28,1
PAK,2011-01-18,2011-01-18,2011-01-18,1
PAK,2011-01-23,2011-01-23,2011-01-23,1
PAK,2011-03-20,2011-03-20,2011-03-20,1
PAK,2011-06-10,2011-06-10,2011-06-10,1
PAK,2011-08-12,2011-08-12,2011-08-12,1
PAK,2011-08-14,2011-08-14,2011-08-14,1
PAK,2011-09-26,2011-09-26,2011-09-26,1
PAK,2012-02-06,2012-02-06,2012-02-06,1
PAK,2012-04-07,2012-04-07,2012-04-07,1
PAK,2012-04-20,2012-04-20,2012-04-20,1
PAK,2012-08,2012-08-01,2012-08-31,1
PAK,2012-08-23,2012-08-23,2012-08-23,1
PAK,2012-09-04,2012-09-04,2012-09-04,1
PAK,2012-09-11,2012-09-11,2012-09-11,2
PAK,2012-10-30,2012-10-30,2012-10-30,1
PAK,2012-11-24,2012-11-24,2012-11-24,1
PAK,2012-11-30,2012-11-30,2012-11-30,1
PAK,2013-02-03,2013-02-03,2013-02-03,1
PAK,2013-03-16,2013-03-16,2013-03-16,1
PAK,2013-04-16,2013-04-16,2013-04-16,1
PAK,2013-05-26,2013-05-26,2013-05-26,1
PAK,2013-07-30,2013-07-30,2013-07-30,1
PAK,2013-08-07,2013-08-07,2013-08-07,1
PAK,2013-09-24,2013-09-24,2013-09-24,1
PAK,2013-09-28,2013-09-28,2013-09-28,1
PAK,2013-12-02,2013-12-02,2013-12-02,1
PAK,2014-01,2014-01-01,2014-01-31,1
PAK,2014-01-15,2014-01-15,2014-01-15,1
PAK,2014-03-22,2014-03-22,2014-03-22,1
PAK,2014-04-20,2014-04-20,2014-04-20,1
PAK,2014-07-21,2014-07-21,2014-07-21,1
PAK,2014-07-31,2014-07-31,2014-07-31,1
PAK,2014-08-02,2014-08-02,2014-08-02,1
PAK,2014-08-15,2014-08-15,2014-08-15,1
PAK,2014-09-01,2014-09-01,2014-09-01,1
PAK,2014-09-09,2014-09-09,2014-09-09,1
PAK,2014-09-14,2014-09-14,2014-09-14,1
PAK,2014-10-09,2014-10-09,2014-10-09,1
PAK,2014-11-11,2014-11-11,2014-11-11,1
PAK,2014-12-29,2014-12-29,2014-12-29,1
PAK,2015-01-11,2015-01-11,2015-01-11,1
PAK,2015-02-24,2015-02-24,2015-02-24,1
PAK,2015-04-26,2015-04-26,2015-04-26,1
PAK,2015-05-03,2015-05-03,2015-05-03,1
PAK,2015-06-04,2015-06-04,2015-06-04,1
PAK,2015-06-18,2015-06-18,2015-06-18,1
PAK,2015-06-25,2015-06-25,2015-06-25,1
PAK,2015-07-02,2015-07-02,2015-07-02,1
PAK,2015-07-07,2015-07-07,2015-07-07,1
PAK,2015-07-15,2015-07-15,2015-07-15,1
PAK,2015-10-13,2015-10-13,2015-10-13,1
PAK,2015-10-25,2015-10-25,2015-10-25,1
PAK,2015-11-04,2015-11-04,2015-11-04,1
PAK,2015-11-17,2015-11-17,2015-11-17,1
PAK,2015-12-25,2015-12-25,2015-12-25,1
PAK,2016-01-03,2016-01-03,2016-01-03,1
PAK,2016-01-05,2016-01-05,2016-01-05,1
PAK,2016-03-09,2016-03-09,2016-03-09,1
PAK,2016-04-02,2016-04-02,2016-04-02,1
PAK,2016-04-10,2016-04-10,2016-04-10,1
PAK,2016-04-17,2016-04-17,2016-04-17,1
PAK,2016-06-01,2016-06-01,2016-06-01,1
PAK,2016-07-03,2016-07-03,2016-07-03,1
PAK,2016-07-30,2016-07-30,2016-07-30,1
PAK,2016-08-05,2016-08-05,2016-08-05,1
PAK,2016-08-06,2016-08-06,2016-08-06,1
PAK,2016-08-27,2016-08-27,2016-08-27,1
PAK,2016-09-15,2016-09-15,2016-09-15,1
PAK,2016-09-23,2016-09-23,2016-09-23,1
PAK,2016-10-17,2016-10-17,2016-10-17,1
PAK,2016-11-01,2016-11-01,2016-11-01,1
PAK,2016-11-03,2016-11-03,2016-11-03,1
PAK,2016-12-05,2016-12-05,2016-12-05,1
PAK,2016-12-07,2016-12-07,2016-12-07,1
PAK,2016-12-24,2016-12-24,2016-12-24,1
PAK,2017-01-17,2017-01-17,2017-01-17,1
PAK,2017-02-04,2017-02-04,2017-02-04,1
PAK,2017-04-22,2017-04-22,2017-04-22,1
PAK,2017-06-10,2017-06-10,2017-06-10,1
PAK,2017-06-25,2017-06-25,2017-06-25,1
PAK,2017-06-26,2017-06-26,2017-06-26,1
PAK,2017-06-29,2017-06-29,2017-06-29,1
PAK,2017-08-15,2017-08-15,2017-08-15,1
PAK,2017-12-07,2017-12-07,2017-12-07,1
PAK,2018-03-28,2018-03-28,2018-03-28,1
PAK,2018-05-05,2018-05-05,2018-05-05,1
PAK,2018-05-07,2018-05-07,2018-05-07,1
PAK,2018-05-13,2018-05-13,2018-05-13,1
PAK,2018-05-18,2018-05-18,2018-05-18,1
PAK,2018-08-05,2018-08-05,2018-08-05,1
PAK,2018-08-18,2018-08-18,2018-08-18,1
PAK,2019-01-01,2019-01-01,2019-01-01,1
PAK,2019-01,2019-01-01,2019-01-31,1
PAK,2019-01-21,2019-01-21,2019-01-21,1
PAK,2019-02-20,2019-02-20,2019-02-20,1
PAK,2019-04-13,2019-04-13,2019-04-13,1
PAK,2019-04-15,2019-04-15,2019-04-15,1
PAK,2019-07-04,2019-07-04,2019-07-04,1
PAK,2019-07-11,2019-07-11,2019-07-11,1
PAK,2019-07-15,2019-07-15,2019-07-15,1
PAK,2019-07-16,2019-07-16,2019-07-16,1
PAK,2019-07-29,2019-07-29,2019-07-29,1
PAK,2019-07-30,2019-07-30,2019-07-30,1
PAK,2019-08-09,2019-08-09,2019-08-09,1
PAK,2019-08-16,2019-08-16,2019-08-16,1
PAK,2019-09-24,2019-09-24,2019-09-24,1
PAK,2019-09-30,2019-09-30,2019-09-30,1
PAK,2019-10-31,2019-10-31,2019-10-31,1
PAK,2019-12-13,2019-12-13,2019-12-13,1
PAK,2020-01,2020-01-01,2020-01-31,1
PAK,2020-01-11,2020-01-11,2020-01-11,1
PAK,2020-02-28,2020-02-28,2020-02-28,1
PAK,2020-03-04,2020-03-04,2020-03-04,1
PAK,2020-03-31,2020-03-31,2020-03-31,1
PAK,2020-06-01,2020-06-01,2020-06-01,1
PAK,2020-07-03,2020-07-03,2020-07-03,1
PAK,2020-08-01,2020-08-01,2020-08-01,1
PAK,2020-09-08,2020-09-08,2020-09-08,1
PAK,2020-10-18,2020-10-18,2020-10-18,1
PAK,2020-11-09,2020-11-09,2020-11-09,1
PAK,2021-03-22,2021-03-22,2021-03-22,1
PAK,2021-05-31,2021-05-31,2021-05-31,1
PAK,2021-06-07,2021-06-07,2021-06-07,1
PAK,2021-06-11,2021-06-11,2021-06-11,1
PAK,2021-07-01,2021-07-01,2021-07-01,1
PAK,2021-07-14,2021-07-14,2021-07-14,1
PAK,2021-07-19,2021-07-19,2021-07-19,2
PAK,2021-07-28,2021-07-28,2021-07-28,1
PAK,2021-09-11,2021-09-11,2021-09-11,1
PAK,2021-10-07,2021-10-07,2021-10-07,1
PAK,2021-10-08,2021-10-08,2021-10-08,1
PAK,2021-11-03,2021-11-03,2021-11-03,1
PAK,2021-12-18,2021-12-18,2021-12-18,1
PAK,2022-01-07,2022-01-07,2022-01-07,1
PAK,2022-03,2022-03-01,2022-03-31,1
PAK,2022-05-15,2022-05-15,2022-05-15,1
PAK,2022-06-08,2022-06-08,2022-06-08,1
PAK,2022-06-14,2022-06-14,2022-06-14,1
PAK,2022-06-21,2022-06-21,2022-06-21,1
PAK,2022-07-18,2022-07-18,2022-07-18,1
PAK,2022-08-16,2022-08-16,2022-08-16,1
PAK,2022-11-18,2022-11-18,2022-11-18,1
PAK,2023-01-29,2023-01-29,2023-01-29,2
PAK,2023-03-17,2023-03-17,2023-03-17,1
PAK,2023-03-21,2023-03-21,2023-03-21,1
PAK,2023-03-24,2023-03-24,2023-03-24,1
PAK,2023-03-25,2023-03-25,2023-03-25,1
PAK,2023-03-30,2023-03-30,2023-03-30,1
PAK,2023-04,2023-04-01,2023-04-30,1
PAK,2023-04-29,2023-04-29,2023-04-29,1
PAK,2023-05-27,2023-05-27,2023-05-27,1
PAK,2023-06-10,2023-06-10,2023-06-10,1
PAK,2023-06-15,2023-06-15,2023-06-15,1
PAK,2023-06-25,2023-06-25,2023-06-25,1
PAK,2023-07-22,2023-07-22,2023-07-22,1
PAK,2023-08-19,2023-08-19,2023-08-19,1
PAK,2023-08-20,2023-08-20,2023-08-20,1
PAK,2023-09-01,2023-09-01,2023-09-01,1
PAK,2023-11-25,2023-11-25,2023-11-25,1
PAN,2000-03-17,2000-03-17,2000-03-17,1
PAN,2000-08-05,2000-08-05,2000-08-05,1
PAN,2000-09,2000-09-01,2000-09-30,1
PAN,2001-05-02,2001-05-02,2001-05-02,1
PAN,2002-05-06,2002-05-06,2002-05-06,1
PAN,2002-06-01,2002-06-01,2002-06-01,1
PAN,2002-11-23,2002-11-23,2002-11-23,1
PAN,2003-05,2003-05-01,2003-05-31,1
PAN,2003-08-13,2003-08-13,2003-08-13,1
PAN,2003-12-25,2003-12-25,2003-12-25,1
PAN,2004-09-17,2004-09-17,2004-09-17,1
PAN,2004-10-23,2004-10-23,2004-10-23,1
PAN,2004-11-23,2004-11-23,2004-11-23,1
PAN,2005-01-11,2005-01-11,2005-01-11,1
PAN,2006-10,2006-10-01,2006-10-31,1
PAN,2006-10-23,2006-10-23,2006-10-23,1
PAN,2006-11-21,2006-11-21,2006-11-21,1
PAN,2006-12-20,2006-12-20,2006-12-20,1
PAN,2007-03-21,2007-03-21,2007-03-21,1
PAN,2007-10-12,2007-10-12,2007-10-12,1
PAN,2007-12-28,2007-12-28,2007-12-28,1
PAN,2008-06-29,2008-06-29,2008-06-29,1
PAN,2008-09-03,2008-09-03,2008-09-03,1
PAN,2008-11-22,2008-11-22,2008-11-22,1
PAN,2009-08-13,2009-08-13,2009-08-13,1
PAN,2009-11-23,2009-11-23,2009-11-23,1
PAN,2010-01-11,2010-01-11,2010-01-11,1
PAN,2010-06-15,2010-06-15,2010-06-15,1
PAN,2010-11-04,2010-11-04,2010-11-04,1
PAN,2010-12-08,2010-12-08,2010-12-08,1
PAN,2011-10-20,2011-10-20,2011-10-20,1
PAN,2011-11-10,2011-11-10,2011-11-10,1
PAN,2012-07,2012-07-01,2012-07-31,1
PAN,2012-11-24,2012-11-24,2012-11-24,1
PAN,2013-01,2013-01-01,2013-01-31,1
PAN,2014-06-30,2014-06-30,2014-06-30,1
PAN,2014-08-18,2014-08-18,2014-08-18,1
PAN,2015-08,2015-08-01,2015-08-31,1
PAN,2015-09-22,2015-09-22,2015-09-22,1
PAN,2016-11-21,2016-11-21,2016-11-21,1
PAN,2017-03-05,2017-03-05,2017-03-05,1
PAN,2017-10-06,2017-10-06,2017-10-06,1
PAN,2018-06,2018-06-01,2018-06-30,1
PAN,2020-08-09,2020-08-09,2020-08-09,1
PAN,2020-11-03,2020-11-03,2020-11-03,1
PAN,2020-11-17,2020-11-17,2020-11-17,1
PAN,2021-06-12,2021-06-12,2021-06-12,1
PAN,2021-07-22,2021-07-22,2021-07-22,1
PAN,2022-11-18,2022-11-18,2022-11-18,1
PAN,2023-02-15,2023-02-15,2023-02-15,1
PER,2000-01-01,2000-01-01,2000-01-01,1
PER,2000-01-08,2000-01-08,2000-01-08,1
PER,2000-02-19,2000-02-19,2000-02-19,1
PER,2000-03-16,2000-03-16,2000-03-16,1
PER,2000-04-03,2000-04-03,2000-04-03,1
PER,2000-06,2000-06-01,2000-06-30,1
PER,2000-09-16,2000-09-16,2000-09-16,1
PER,2000-10-04,2000-10-04,2000-10-04,1
PER,2000-10-30,2000-10-30,2000-10-30,1
PER,2000-11-13,2000-11-13,2000-11-13,1
PER,2001-03-01,2001-03-01,2001-03-01,1
PER,2001-04-01,2001-04-01,2001-04-01,1
PER,2001-04-25,2001-04-25,2001-04-25,1
PER,2001-06-23,2001-06-23,2001-06-23,1
PER,2001-08-09,2001-08-09,2001-08-09,1
PER,2001-10-28,2001-10-28,2001-10-28,1
PER,2001-12-04,2001-12-04,2001-12-04,1
PER,2001-12-26,2001-12-26,2001-12-26,1
PER,2001-12-29,2001-12-29,2001-12-29,1
PER,2002-02-04,2002-02-04,2002-02-04,1
PER,2002-02-16,2002-02-16,2002-02-16,2
PER,2002-03,2002-03-01,2002-03-31,1
PER,2002-03-13,2002-03-13,2002-03-13,1
PER,2002-03-17,2002-03-17,2002-03-17,1
PER,2002-04-19,2002-04-19,2002-04-19,1
PER,2002-05-26,2002-05-26,2002-05-26,1
PER,2002-05-29,2002-05-29,2002-05-29,1
PER,2002-07,2002-07-01,2002-07-31,1
PER,2002-07-20,2002-07-20,2002-07-20,1
PER,2002-11-10,2002-11-10,2002-11-10,1
PER,2002-11-17,2002-11-17,2002-11-17,1
PER,2003-01-09,2003-01-09,2003-01-09,1
PER,2003-01-23,2003-01-23,2003-01-23,1
PER,2003-03-15,2003-03-15,2003-03-15,1
PER,2003-07-07,2003-07-07,2003-07-07,1
PER,2003-10-10,2003-10-10,2003-10-10,1
PER,2003-12-12,2003-12-12,2003-12-12,1
PER,2003-12-28,2003-12-28,2003-12-28,1
PER,2004-01,2004-01-01,2004-01-31,1
PER,2004-04-10,2004-04-10,2004-04-10,1
PER,2004-05-07,2004-05-07,2004-05-07,1
PER,2004-06,2004-06-01,2004-06-30,1
PER,2004-07-09,2004-07-09,2004-07-09,1
PER,2004-08-01,2004-08-01,2004-08-01,1
PER,2004-10-27,2004-10-27,2004-10-27,1
PER,2004-11-04,2004-11-04,2004-11-04,1
PER,2004-12-19,2004-12-19,2004-12-19,1
PER,2005-02-09,2005-02-09,2005-02-09,1
PER,2005-04-28,2005-04-28,2005-04-28,1
PER,2005-05-07,2005-05-07,2005-05-07,1
PER,2005-06-13,2005-06-13,2005-06-13,1
PER,2005-06-17,2005-06-17,2005-06-17,1
PER,2005-08-23,2005-08-23,2005-08-23,1
PER,2005-09-26,2005-09-26,2005-09-26,1
PER,2005-11-24,2005-11-24,2005-11-24,1
PER,2006-01,2006-01-01,2006-01-31,2
PER,2006-01-16,2006-01-16,2006-01-16,1
PER,2006-01-26,2006-01-26,2006-01-26,1
PER,2006-02-14,2006-02-14,2006-02-14,2
PER,2006-02-26,2006-02-26,2006-02-26,1
PER,2006-03-01,2006-03-01,2006-03-01,1
PER,2006-03-27,2006-03-27,2006-03-27,1
PER,2006-04-17,2006-04-17,2006-04-17,1
PER,2006-07-01,2006-07-01,2006-07-01,1
PER,2007-01-21,2007-01-21,2007-01-21,1
PER,2007-04,2007-04-01,2007-04-30,1
PER,2007-08-03,2007-08-03,2007-08-03,2
PER,2007-08-15,2007-08-15,2007-08-15,1
PER,2007-10-15,2007-10-15,2007-10-15,1
PER,2008-02-04,2008-02-04,2008-02-04,1
PER,2008-03-04,2008-03-04,2008-03-04,1
PER,2008-03-11,2008-03-11,2008-03-11,1
PER,2008-03-15,2008-03-15,2008-03-15,1
PER,2008-05-07,2008-05-07,2008-05-07,1
PER,2008-07-29,2008-07-29,2008-07-29,1
PER,2008-09-28,2008-09-28,2008-09-28,1
PER,2009-01,2009-01-01,2009-01-31,1
PER,2009-01-10,2009-01-10,2009-01-10,1
PER,2009-02-09,2009-02-09,2009-02-09,1
PER,2009-02-10,2009-02-10,2009-02-10,1
PER,2009-03-02,2009-03-02,2009-03-02,1
PER,2009-04-12,2009-04-12,2009-04-12,1
PER,2009-04-14,2009-04-14,2009-04-14,1
PER,2009-05,2009-05-01,2009-05-31,1
PER,2009-05-05,2009-05-05,2009-05-05,1
PER,2009-05-29,2009-05-29,2009-05-29,1
PER,2009-06-01,2009-06-01,2009-06-01,1
PER,2009-07-02,2009-07-02,2009-07-02,1
PER,2009-08-23,2009-08-23,2009-08-23,1
PER,2009-12,2009-12-01,2009-12-31,1
PER,2009-12-16,2009-12-16,2009-12-16,1
PER,2009-12-24,2009-12-24,2009-12-24,1
PER,2009-12-28,2009-12-28,2009-12-28,1
PER,2010-01-29,2010-01-29,2010-01-29,1
PER,2010-02-10,2010-02-10,2010-02-10,1
PER,2010-02-22,2010-02-22,2010-02-22,1
PER,2010-04-01,2010-04-01,2010-04-01,1
PER,2010-04-13,2010-04-13,2010-04-13,1
PER,2010-05-25,2010-05-25,2010-05-25,1
PER,2010-07,2010-07-01,2010-07-31,1
PER,2010-08-10,2010-08-10,2010-08-10,1
PER,2010-08-28,2010-08-28,2010-08-28,1
PER,2010-12,2010-12-01,2010-12-31,1
PER,2010-12-16,2010-12-16,2010-12-16,1
PER,2011-01,2011-01-01,2011-01-31,1
PER,2011-01-11,2011-01-11,2011-01-11,1
PER,2011-02-25,2011-02-25,2011-02-25,1
PER,2011-03-22,2011-03-22,2011-03-22,1
PER,2011-04-01,2011-04-01,2011-04-01,1
PER,2011-05,2011-05-01,2011-05-31,1
PER,2011-05-26,2011-05-26,2011-05-26,1
PER,2011-05-31,2011-05-31,2011-05-31,1
PER,2011-10-21,2011-10-21,2011-10-21,1
PER,2011-10-28,2011-10-28,2011-10-28,1
PER,2011-12,2011-12-01,2011-12-31,1
PER,2012-01-12,2012-01-12,2012-01-12,1
PER,2012-01-28,2012-01-28,2012-01-28,1
PER,2012-01-30,2012-01-30,2012-01-30,1
PER,2012-02-08,2012-02-08,2012-02-08,1
PER,2012-03-16,2012-03-16,2012-03-16,1
PER,2012-06,2012-06-01,2012-06-30,1
PER,2012-06-27,2012-06-27,2012-06-27,1
PER,2012-08-31,2012-08-31,2012-08-31,1
PER,2012-09-12,2012-09-12,2012-09-12,1
PER,2012-10-01,2012-10-01,2012-10-01,1
PER,2012-10,2012-10-01,2012-10-31,1
PER,2012-10-17,2012-10-17,2012-10-17,1
PER,2013-01-01,2013-01-01,2013-01-01,1
PER,2013-03-27,2013-03-27,2013-03-27,1
PER,2013-06-19,2013-06-19,2013-06-19,1
PER,2013-07-01,2013-07-01,2013-07-01,1
PER,2013-07-10,2013-07-10,2013-07-10,1
PER,2013-08-23,2013-08-23,2013-08-23,1
PER,2013-09-12,2013-09-12,2013-09-12,1
PER,2013-09-25,2013-09-25,2013-09-25,1
PER,2013-10-06,2013-10-06,2013-10-06,1
PER,2013-10-12,2013-10-12,2013-10-12,1
PER,2013-10-19,2013-10-19,2013-10-19,1
PER,2014-01-01,2014-01-01,2014-01-01,1
PER,2014-01-24,2014-01-24,2014-01-24,1
PER,2014-04-13,2014-04-13,2014-04-13,1
PER,2014-04-14,2014-04-14,2014-04-14,1
PER,2014-06-05,2014-06-05,2014-06-05,1
PER,2014-06-24,2014-06-24,2014-06-24,1
PER,2014-07-29,2014-07-29,2014-07-29,1
PER,2014-08-08,2014-08-08,2014-08-08,1
PER,2014-09-13,2014-09-13,2014-09-13,1
PER,2014-09-27,2014-09-27,2014-09-27,1
PER,2014-10,2014-10-01,2014-10-31,1
PER,2015-01-10,2015-01-10,2015-01-10,1
PER,2015-01-25,2015-01-25,2015-01-25,1
PER,2015-03-23,2015-03-23,2015-03-23,2
PER,2015-03-30,2015-03-30,2015-03-30,1
PER,2015-04-09,2015-04-09,2015-04-09,1
PER,2015-05,2015-05-01,2015-05-31,1
PER,2015-06-08,2015-06-08,2015-06-08,1
PER,2015-07-01,2015-07-01,2015-07-01,1
PER,2016,2016-01-01,2016-12-31,1
PER,2016-01-18,2016-01-18,2016-01-18,1
PER,2016-02-20,2016-02-20,2016-02-20,1
PER,2016-03-15,2016-03-15,2016-03-15,1
PER,2016-04-08,2016-04-08,2016-04-08,1
PER,2016-05-23,2016-05-23,2016-05-23,1
PER,2016-08-14,2016-08-14,2016-08-14,1
PER,2016-12-01,2016-12-01,2016-12-01,1
PER,2016-12-20,2016-12-20,2016-12-20,1
PER,2017-01-14,2017-01-14,2017-01-14,1
PER,2017-02-01,2017-02-01,2017-02-01,1
PER,2017-03-15,2017-03-15,2017-03-15,1
PER,2018-01-02,2018-01-02,2018-01-02,1
PER,2018-01-14,2018-01-14,2018-01-14,1
PER,2018-02-21,2018-02-21,2018-02-21,1
PER,2018-08-12,2018-08-12,2018-08-12,1
PER,2019-01,2019-01-01,2019-01-31,1
PER,2019-01-25,2019-01-25,2019-01-25,1
PER,2019-02-07,2019-02-07,2019-02-07,1
PER,2019-02-21,2019-02-21,2019-02-21,1
PER,2019-03-31,2019-03-31,2019-03-31,1
PER,2019-05-26,2019-05-26,2019-05-26,1
PER,2019-07-19,2019-07-19,2019-07-19,1
PER,2019-07-28,2019-07-28,2019-07-28,1
PER,2019-12-15,2019-12-15,2019-12-15,1
PER,2020-01-06,2020-01-06,2020-01-06,1
PER,2020-01-23,2020-01-23,2020-01-23,2
PER,2020-02-17,2020-02-17,2020-02-17,1
PER,2020-02-23,2020-02-23,2020-02-23,1
PER,2020-03-28,2020-03-28,2020-03-28,1
PER,2020-08-13,2020-08-13,2020-08-13,1
PER,2021-02-10,2021-02-10,2021-02-10,1
PER,2021-02-12,2021-02-12,2021-02-12,1
PER,2021-02-16,2021-02-16,2021-02-16,1
PER,2021-03-03,2021-03-03,2021-03-03,1
PER,2021-03-20,2021-03-20,2021-03-20,1
PER,2021-04-01,2021-04-01,2021-04-01,1
PER,2021-04-20,2021-04-20,2021-04-20,1
PER,2021-05-18,2021-05-18,2021-05-18,1
PER,2021-07-30,2021-07-30,2021-07-30,1
PER,2021-08-28,2021-08-28,2021-08-28,1
PER,2021-08-29,2021-08-29,2021-08-29,1
PER,2021-10-31,2021-10-31,2021-10-31,1
PER,2021-11-28,2021-11-28,2021-11-28,1
PER,2021-11-29,2021-11-29,2021-11-29,1
PER,2022-01-15,2022-01-15,2022-01-15,1
PER,2022-01-21,2022-01-21,2022-01-21,1
PER,2022-02-03,2022-02-03,2022-02-03,1
PER,2022-03-15,2022-03-15,2022-03-15,1
PER,2022-07-12,2022-07-12,2022-07-12,1
PER,2022-07-31,2022-07-31,2022-07-31,1
PER,2023-01-01,2023-01-01,2023-01-01,1
PER,2023-01-28,2023-01-28,2023-01-28,1
PER,2023-02-05,2023-02-05,2023-02-05,1
PER,2023-03-05,2023-03-05,2023-03-05,1
PER,2023-03-08,2023-03-08,2023-03-08,1
PER,2023-03-18,2023-03-18,2023-03-18,1
PER,2023-04-10,2023-04-10,2023-04-10,1
PER,2023-05-07,2023-05-07,2023-05-07,1
PER,2023-06,2023-06-01,2023-06-30,1
PER,2023-08-19,2023-08-19,2023-08-19,1
PER,2023-09-18,2023-09-18,2023-09-18,1
PER,2023-11-23,2023-11-23,2023-11-23,1
PER,2023-11-27,2023-11-27,2023-11-27,1
PHL,2000-01-22,2000-01-22,2000-01-22,1
PHL,2000-01-28,2000-01-28,2000-01-28,1
PHL,2000-02-24,2000-02-24,2000-02-24,1
PHL,2000-04-13,2000-04-13,2000-04-13,1
PHL,2000-04-19,2000-04-19,2000-04-19,1
PHL,2000-05-18,2000-05-18,2000-05-18,1
PHL,2000-05-30,2000-05-30,2000-05-30,1
PHL,2000-07-05,2000-07-05,2000-07-05,1
PHL,2000-07-07,2000-07-07,2000-07-07,1
PHL,2000-07-10,2000-07-10,2000-07-10,1
PHL,2000-09-04,2000-09-04,2000-09-04,1
PHL,2000-09-12,2000-09-12,2000-09-12,1
PHL,2000-10-28,2000-10-28,2000-10-28,1
PHL,2000-11-03,2000-11-03,2000-11-03,1
PHL,2000-11-08,2000-11-08,2000-11-08,1
PHL,2000-11-18,2000-11-18,2000-11-18,1
PHL,2000-11-30,2000-11-30,2000-11-30,1
PHL,2000-12-25,2000-12-25,2000-12-25,1
PHL,2001-01-15,2001-01-15,2001-01-15,1
PHL,2001-02-17,2001-02-17,2001-02-17,1
PHL,2001-03-19,2001-03-19,2001-03-19,1
PHL,2001-05-24,2001-05-24,2001-05-24,1
PHL,2001-07,2001-07-01,2001-07-31,1
PHL,2001-07-25,2001-07-25,2001-07-25,1
PHL,2001-08-12,2001-08-12,2001-08-12,1
PHL,2001-08-17,2001-08-17,2001-08-17,1
PHL,2001-08-18,2001-08-18,2001-08-18,1
PHL,2001-09-22,2001-09-22,2001-09-22,1
PHL,2001-10-10,2001-10-10,2001-10-10,1
PHL,2001-10-26,2001-10-26,2001-10-26,1
PHL,2001-11-08,2001-11-08,2001-11-08,1
PHL,2001-12-05,2001-12-05,2001-12-05,1
PHL,2002-01-04,2002-01-04,2002-01-04,1
PHL,2002-02-08,2002-02-08,2002-02-08,1
PHL,2002-02-22,2002-02-22,2002-02-22,1
PHL,2002-03,2002-03-01,2002-03-31,1
PHL,2002-03-05,2002-03-05,2002-03-05,1
PHL,2002-03-20,2002-03-20,2002-03-20,1
PHL,2002-03-21,2002-03-21,2002-03-21,1
PHL,2002-04-11,2002-04-11,2002-04-11,1
PHL,2002-06-28,2002-06-28,2002-06-28,1
PHL,2002-07-07,2002-07-07,2002-07-07,1
PHL,2002-07-13,2002-07-13,2002-07-13,1
PHL,2002-07-15,2002-07-15,2002-07-15,1
PHL,2002-07-20,2002-07-20,2002-07-20,1
PHL,2002-08-11,2002-08-11,2002-08-11,1
PHL,2002-08-13,2002-08-13,2002-08-13,1
PHL,2002-10-16,2002-10-16,2002-10-16,1
PHL,2002-11-11,2002-11-11,2002-11-11,1
PHL,2002-11-14,2002-11-14,2002-11-14,1
PHL,2002-11-24,2002-11-24,2002-11-24,1
PHL,2003-05-16,2003-05-16,2003-05-16,1
PHL,2003-05-25,2003-05-25,2003-05-25,1
PHL,2003-05-26,2003-05-26,2003-05-26,1
PHL,2003-06-15,2003-06-15,2003-06-15,1
PHL,2003-07-15,2003-07-15,2003-07-15,1
PHL,2003-07-19,2003-07-19,2003-07-19,1
PHL,2003-07-30,2003-07-30,2003-07-30,1
PHL,2003-08-04,2003-08-04,2003-08-04,1
PHL,2003-08-20,2003-08-20,2003-08-20,1
PHL,2003-08-30,2003-08-30,2003-08-30,1
PHL,2003-12-19,2003-12-19,2003-12-19,1
PHL,2003-12-21,2003-12-21,2003-12-21,1
PHL,2003-12-31,2003-12-31,2003-12-31,1
PHL,2004-01-11,2004-01-11,2004-01-11,1
PHL,2004-01-23,2004-01-23,2004-01-23,1
PHL,2004-01-24,2004-01-24,2004-01-24,1
PHL,2004-02-11,2004-02-11,2004-02-11,1
PHL,2004-02-27,2004-02-27,2004-02-27,1
PHL,2004-05-13,2004-05-13,2004-05-13,1
PHL,2004-06-10,2004-06-10,2004-06-10,1
PHL,2004-06-25,2004-06-25,2004-06-25,1
PHL,2004-06-28,2004-06-28,2004-06-28,1
PHL,2004-08-12,2004-08-12,2004-08-12,1
PHL,2004-08-25,2004-08-25,2004-08-25,1
PHL,2004-10-01,2004-10-01,2004-10-01,1
PHL,2004-10-29,2004-10-29,2004-10-29,1
PHL,2004-11-12,2004-11-12,2004-11-12,1
PHL,2004-11-14,2004-11-14,2004-11-14,1
PHL,2004-11-23,2004-11-23,2004-11-23,1
PHL,2004-11-29,2004-11-29,2004-11-29,1
PHL,2004-11-30,2004-11-30,2004-11-30,1
PHL,2004-12-13,2004-12-13,2004-12-13,1
PHL,2005-03-09,2005-03-09,2005-03-09,1
PHL,2005-03-15,2005-03-15,2005-03-15,1
PHL,2005-05-11,2005-05-11,2005-05-11,1
PHL,2005-05-12,2005-05-12,2005-05-12,1
PHL,2005-06-14,2005-06-14,2005-06-14,1
PHL,2005-07-16,2005-07-16,2005-07-16,1
PHL,2005-09-12,2005-09-12,2005-09-12,1
PHL,2005-09-15,2005-09-15,2005-09-15,1
PHL,2005-10-26,2005-10-26,2005-10-26,1
PHL,2005-12-05,2005-12-05,2005-12-05,1
PHL,2006-01-26,2006-01-26,2006-01-26,1
PHL,2006-02-04,2006-02-04,2006-02-04,1
PHL,2006-02-14,2006-02-14,2006-02-14,1
PHL,2006-02-17,2006-02-17,2006-02-17,1
PHL,2006-03-04,2006-03-04,2006-03-04,1
PHL,2006-03-23,2006-03-23,2006-03-23,1
PHL,2006-05-11,2006-05-11,2006-05-11,1
PHL,2006-06-30,2006-06-30,2006-06-30,1
PHL,2006-07-11,2006-07-11,2006-07-11,1
PHL,2006-07-24,2006-07-24,2006-07-24,1
PHL,2006-08,2006-08-01,2006-08-31,1
PHL,2006-08-02,2006-08-02,2006-08-02,1
PHL,2006-08-11,2006-08-11,2006-08-11,1
PHL,2006-08-13,2006-08-13,2006-08-13,2
PHL,2006-09-27,2006-09-27,2006-09-27,1
PHL,2006-10-04,2006-10-04,2006-10-04,1
PHL,2006-10-21,2006-10-21,2006-10-21,1
PHL,2006-10-30,2006-10-30,2006-10-30,1
PHL,2006-11-13,2006-11-13,2006-11-13,1
PHL,2006-11-28,2006-11-28,2006-11-28,1
PHL,2006-11-30,2006-11-30,2006-11-30,1
PHL,2006-12-11,2006-12-11,2006-12-11,1
PHL,2006-12-26,2006-12-26,2006-12-26,1
PHL,2006-12-27,2006-12-27,2006-12-27,1
PHL,2007-01-10,2007-01-10,2007-01-10,1
PHL,2007-02-02,2007-02-02,2007-02-02,1
PHL,2007-04-07,2007-04-07,2007-04-07,1
PHL,2007-07-12,2007-07-12,2007-07-12,1
PHL,2007-07-31,2007-07-31,2007-07-31,1
PHL,2007-08,2007-08-01,2007-08-31,1
PHL,2007-08-08,2007-08-08,2007-08-08,1
PHL,2007-08-17,2007-08-17,2007-08-17,1
PHL,2007-09-17,2007-09-17,2007-09-17,1
PHL,2007-09-18,2007-09-18,2007-09-18,1
PHL,2007-09-29,2007-09-29,2007-09-29,1
PHL,2007-10-27,2007-10-27,2007-10-27,1
PHL,2007-11-04,2007-11-04,2007-11-04,1
PHL,2007-11-18,2007-11-18,2007-11-18,2
PHL,2007-11-25,2007-11-25,2007-11-25,1
PHL,2007-11-28,2007-11-28,2007-11-28,1
PHL,2007-12-01,2007-12-01,2007-12-01,1
PHL,2008-01-18,2008-01-18,2008-01-18,1
PHL,2008-02-12,2008-02-12,2008-02-12,1
PHL,2008-04-13,2008-04-13,2008-04-13,1
PHL,2008-05-07,2008-05-07,2008-05-07,1
PHL,2008-05-13,2008-05-13,2008-05-13,1
PHL,2008-05-18,2008-05-18,2008-05-18,1
PHL,2008-06-06,2008-06-06,2008-06-06,1
PHL,2008-06-17,2008-06-17,2008-06-17,1
PHL,2008-06-21,2008-06-21,2008-06-21,2
PHL,2008-07-18,2008-07-18,2008-07-18,1
PHL,2008-07-28,2008-07-28,2008-07-28,1
PHL,2008-08-04,2008-08-04,2008-08-04,1
PHL,2008-08-08,2008-08-08,2008-08-08,1
PHL,2008-08-22,2008-08-22,2008-08-22,1
PHL,2008-09-04,2008-09-04,2008-09-04,1
PHL,2008-09-06,2008-09-06,2008-09-06,1
PHL,2008-09-22,2008-09-22,2008-09-22,1
PHL,2008-09-29,2008-09-29,2008-09-29,1
PHL,2008-11-04,2008-11-04,2008-11-04,1
PHL,2008-11-06,2008-11-06,2008-11-06,1
PHL,2008-11-21,2008-11-21,2008-11-21,1
PHL,2008-12-01,2008-12-01,2008-12-01,1
PHL,2008-12-15,2008-12-15,2008-12-15,1
PHL,2009-01-02,2009-01-02,2009-01-02,1
PHL,2009-01-08,2009-01-08,2009-01-08,1
PHL,2009-01-09,2009-01-09,2009-01-09,1
PHL,2009-04-29,2009-04-29,2009-04-29,1
PHL,2009-05-07,2009-05-07,2009-05-07,1
PHL,2009-05-15,2009-05-15,2009-05-15,1
PHL,2009-05-18,2009-05-18,2009-05-18,3
PHL,2009-05-23,2009-05-23,2009-05-23,1
PHL,2009-07-04,2009-07-04,2009-07-04,1
PHL,2009-07-17,2009-07-17,2009-07-17,1
PHL,2009-07-18,2009-07-18,2009-07-18,1
PHL,2009-07-23,2009-07-23,2009-07-23,1
PHL,2009-08-01,2009-08-01,2009-08-01,1
PHL,2009-08-04,2009-08-04,2009-08-04,1
PHL,2009-08-05,2009-08-05,2009-08-05,1
PHL,2009-09-02,2009-09-02,2009-09-02,1
PHL,2009-09-06,2009-09-06,2009-09-06,1
PHL,2009-09-08,2009-09-08,2009-09-08,1
PHL,2009-09-12,2009-09-12,2009-09-12,1
PHL,2009-09-18,2009-09-18,2009-09-18,1
PHL,2009-09-24,2009-09-24,2009-09-24,1
PHL,2009-09-29,2009-09-29,2009-09-29,1
PHL,2009-10-28,2009-10-28,2009-10-28,1
PHL,2009-11-25,2009-11-25,2009-11-25,1
PHL,2009-12-14,2009-12-14,2009-12-14,1
PHL,2009-12-23,2009-12-23,2009-12-23,1
PHL,2009-12-26,2009-12-26,2009-12-26,1
PHL,2010-01-01,2010-01-01,2010-01-01,2
PHL,2010-01-14,2010-01-14,2010-01-14,1
PHL,2010-01-17,2010-01-17,2010-01-17,1
PHL,2010-03-06,2010-03-06,2010-03-06,1
PHL,2010-04-25,2010-04-25,2010-04-25,1
PHL,2010-05-28,2010-05-28,2010-05-28,1
PHL,2010-06-01,2010-06-01,2010-06-01,1
PHL,2010-06-13,2010-06-13,2010-06-13,1
PHL,2010-07-12,2010-07-12,2010-07-12,1
PHL,2010-07-13,2010-07-13,2010-07-13,1
PHL,2010-08-09,2010-08-09,2010-08-09,1
PHL,2010-08-15,2010-08-15,2010-08-15,1
PHL,2010-08-18,2010-08-18,2010-08-18,1
PHL,2010-09-10,2010-09-10,2010-09-10,1
PHL,2010-10-18,2010-10-18,2010-10-18,1
PHL,2010-11-01,2010-11-01,2010-11-01,1
PHL,2010-11-09,2010-11-09,2010-11-09,1
PHL,2010-12-03,2010-12-03,2010-12-03,1
PHL,2010-12-18,2010-12-18,2010-12-18,1
PHL,2010-12-24,2010-12-24,2010-12-24,1
PHL,2011-01-01,2011-01-01,2011-01-01,1
PHL,2011-01-25,2011-01-25,2011-01-25,1
PHL,2011-01-29,2011-01-29,2011-01-29,1
PHL,2011-02-01,2011-02-01,2011-02-01,1
PHL,2011-02-08,2011-02-08,2011-02-08,1
PHL,2011-02-14,2011-02-14,2011-02-14,1
PHL,2011-02-21,2011-02-21,2011-02-21,1
PHL,2011-03-01,2011-03-01,2011-03-01,1
PHL,2011-03-14,2011-03-14,2011-03-14,1
PHL,2011-03-17,2011-03-17,2011-03-17,1
PHL,2011-03-31,2011-03-31,2011-03-31,1
PHL,2011-04-22,2011-04-22,2011-04-22,1
PHL,2011-05-05,2011-05-05,2011-05-05,1
PHL,2011-05-08,2011-05-08,2011-05-08,1
PHL,2011-05-20,2011-05-20,2011-05-20,1
PHL,2011-05-31,2011-05-31,2011-05-31,1
PHL,2011-06-09,2011-06-09,2011-06-09,1
PHL,2011-06-14,2011-06-14,2011-06-14,1
PHL,2011-06-21,2011-06-21,2011-06-21,1
PHL,2011-06-28,2011-06-28,2011-06-28,1
PHL,2011-07-04,2011-07-04,2011-07-04,1
PHL,2011-07-20,2011-07-20,2011-07-20,1
PHL,2011-07-26,2011-07-26,2011-07-26,1
PHL,2011-08-02,2011-08-02,2011-08-02,1
PHL,2011-08-05,2011-08-05,2011-08-05,2
PHL,2011-08-27,2011-08-27,2011-08-27,1
PHL,2011-09-19,2011-09-19,2011-09-19,1
PHL,2011-09-24,2011-09-24,2011-09-24,1
PHL,2011-10-01,2011-10-01,2011-10-01,1
PHL,2011-10-07,2011-10-07,2011-10-07,1
PHL,2011-10-11,2011-10-11,2011-10-11,1
PHL,2011-10-13,2011-10-13,2011-10-13,1
PHL,2011-11-07,2011-11-07,2011-11-07,1
PHL,2011-11-09,2011-11-09,2011-11-09,1
PHL,2011-11-14,2011-11-14,2011-11-14,1
PHL,2011-12-10,2011-12-10,2011-12-10,1
PHL,2011-12-15,2011-12-15,2011-12-15,1
PHL,2011-12-21,2011-12-21,2011-12-21,1
PHL,2011-12-25,2011-12-25,2011-12-25,2
PHL,2012-01,2012-01-01,2012-01-31,1
PHL,2012-01-05,2012-01-05,2012-01-05,1
PHL,2012-01-17,2012-01-17,2012-01-17,1
PHL,2012-02-06,2012-02-06,2012-02-06,1
PHL,2012-02-14,2012-02-14,2012-02-14,1
PHL,2012-02-20,2012-02-20,2012-02-20,1
PHL,2012-03-27,2012-03-27,2012-03-27,1
PHL,2012-05-09,2012-05-09,2012-05-09,1
PHL,2012-06-09,2012-06-09,2012-06-09,1
PHL,2012-06-11,2012-06-11,2012-06-11,1
PHL,2012-06-12,2012-06-12,2012-06-12,1
PHL,2012-06-13,2012-06-13,2012-06-13,1
PHL,2012-07-31,2012-07-31,2012-07-31,1
PHL,2012-08-06,2012-08-06,2012-08-06,1
PHL,2012-08-17,2012-08-17,2012-08-17,1
PHL,2012-08-20,2012-08-20,2012-08-20,1
PHL,2012-08-31,2012-08-31,2012-08-31,1
PHL,2012-09-04,2012-09-04,2012-09-04,1
PHL,2012-09-13,2012-09-13,2012-09-13,1
PHL,2012-09-21,2012-09-21,2012-09-21,1
PHL,2012-10-03,2012-10-03,2012-10-03,1
PHL,2012-10-25,2012-10-25,2012-10-25,1
PHL,2012-12-04,2012-12-04,2012-12-04,1
PHL,2012-12-25,2012-12-25,2012-12-25,1
PHL,2013-01-03,2013-01-03,2013-01-03,1
PHL,2013-01-15,2013-01-15,2013-01-15,1
PHL,2013-02-20,2013-02-20,2013-02-20,1
PHL,2013-06-30,2013-06-30,2013-06-30,1
PHL,2013-08-01,2013-08-01,2013-08-01,1
PHL,2013-08-12,2013-08-12,2013-08-12,1
PHL,2013-08-13,2013-08-13,2013-08-13,1
PHL,2013-08-17,2013-08-17,2013-08-17,1
PHL,2013-09-21,2013-09-21,2013-09-21,1
PHL,2013-09-23,2013-09-23,2013-09-23,1
PHL,2013-10-04,2013-10-04,2013-10-04,1
PHL,2013-10-12,2013-10-12,2013-10-12,1
PHL,2013-10-15,2013-10-15,2013-10-15,1
PHL,2013-10-31,2013-10-31,2013-10-31,1
PHL,2013-11-08,2013-11-08,2013-11-08,1
PHL,2013-12-16,2013-12-16,2013-12-16,1
PHL,2014-01-01,2014-01-01,2014-01-01,1
PHL,2014-01-19,2014-01-19,2014-01-19,1
PHL,2014-01-31,2014-01-31,2014-01-31,1
PHL,2014-06-13,2014-06-13,2014-06-13,1
PHL,2014-07-15,2014-07-15,2014-07-15,1
PHL,2014-07-22,2014-07-22,2014-07-22,1
PHL,2014-08-25,2014-08-25,2014-08-25,1
PHL,2014-08-30,2014-08-30,2014-08-30,1
PHL,2014-09-10,2014-09-10,2014-09-10,1
PHL,2014-09-13,2014-09-13,2014-09-13,1
PHL,2014-09-16,2014-09-16,2014-09-16,1
PHL,2014-09-17,2014-09-17,2014-09-17,1
PHL,2014-11-27,2014-11-27,2014-11-27,1
PHL,2014-12-12,2014-12-12,2014-12-12,1
PHL,2014-12-28,2014-12-28,2014-12-28,1
PHL,2015-01-19,2015-01-19,2015-01-19,1
PHL,2015-03-02,2015-03-02,2015-03-02,1
PHL,2015-04-06,2015-04-06,2015-04-06,1
PHL,2015-05-11,2015-05-11,2015-05-11,1
PHL,2015-05-14,2015-05-14,2015-05-14,1
PHL,2015-07-02,2015-07-02,2015-07-02,2
PHL,2015-07-04,2015-07-04,2015-07-04,1
PHL,2015-07-07,2015-07-07,2015-07-07,1
PHL,2015-07-12,2015-07-12,2015-07-12,2
PHL,2015-07-30,2015-07-30,2015-07-30,1
PHL,2015-08,2015-08-01,2015-08-31,1
PHL,2015-08-05,2015-08-05,2015-08-05,2
PHL,2015-08-22,2015-08-22,2015-08-22,1
PHL,2015-10-02,2015-10-02,2015-10-02,1
PHL,2015-10-14,2015-10-14,2015-10-14,1
PHL,2015-11-25,2015-11-25,2015-11-25,1
PHL,2015-12-04,2015-12-04,2015-12-04,1
PHL,2015-12-14,2015-12-14,2015-12-14,1
PHL,2016-01-01,2016-01-01,2016-01-01,1
PHL,2016-03-30,2016-03-30,2016-03-30,1
PHL,2016-06-18,2016-06-18,2016-06-18,1
PHL,2016-06-21,2016-06-21,2016-06-21,1
PHL,2016-07-08,2016-07-08,2016-07-08,1
PHL,2016-07-29,2016-07-29,2016-07-29,1
PHL,2016-08-08,2016-08-08,2016-08-08,1
PHL,2016-08-18,2016-08-18,2016-08-18,1
PHL,2016-09-16,2016-09-16,2016-09-16,1
PHL,2016-09-28,2016-09-28,2016-09-28,1
PHL,2016-10-16,2016-10-16,2016-10-16,1
PHL,2016-10-19,2016-10-19,2016-10-19,1
PHL,2016-11-13,2016-11-13,2016-11-13,1
PHL,2016-11-23,2016-11-23,2016-11-23,1
PHL,2016-12-25,2016-12-25,2016-12-25,1
PHL,2017-01-16,2017-01-16,2017-01-16,1
PHL,2017-02-01,2017-02-01,2017-02-01,2
PHL,2017-02-07,2017-02-07,2017-02-07,1
PHL,2017-02-10,2017-02-10,2017-02-10,1
PHL,2017-04-08,2017-04-08,2017-04-08,1
PHL,2017-04-15,2017-04-15,2017-04-15,1
PHL,2017-04-18,2017-04-18,2017-04-18,1
PHL,2017-07-06,2017-07-06,2017-07-06,1
PHL,2017-07-25,2017-07-25,2017-07-25,1
PHL,2017-08-25,2017-08-25,2017-08-25,1
PHL,2017-09-11,2017-09-11,2017-09-11,1
PHL,2017-09-22,2017-09-22,2017-09-22,1
PHL,2017-10-18,2017-10-18,2017-10-18,1
PHL,2017-11-01,2017-11-01,2017-11-01,1
PHL,2017-12-16,2017-12-16,2017-12-16,1
PHL,2017-12-21,2017-12-21,2017-12-21,2
PHL,2017-12-23,2017-12-23,2017-12-23,1
PHL,2017-12-25,2017-12-25,2017-12-25,1
PHL,2018-01-01,2018-01-01,2018-01-01,2
PHL,2018-01,2018-01-01,2018-01-31,1
PHL,2018-01-13,2018-01-13,2018-01-13,2
PHL,2018-02-12,2018-02-12,2018-02-12,1
PHL,2018-03-17,2018-03-17,2018-03-17,1
PHL,2018-07-17,2018-07-17,2018-07-17,1
PHL,2018-09-16,2018-09-16,2018-09-16,1
PHL,2018-09-19,2018-09-19,2018-09-19,1
PHL,2018-10-30,2018-10-30,2018-10-30,1
PHL,2018-12-28,2018-12-28,2018-12-28,1
PHL,2019-01-01,2019-01-01,2019-01-01,2
PHL,2019-01-18,2019-01-18,2019-01-18,1
PHL,2019-03,2019-03-01,2019-03-31,1
PHL,2019-04-22,2019-04-22,2019-04-22,1
PHL,2019-06-03,2019-06-03,2019-06-03,1
PHL,2019-06-09,2019-06-09,2019-06-09,1
PHL,2019-07-13,2019-07-13,2019-07-13,1
PHL,2019-07-18,2019-07-18,2019-07-18,1
PHL,2019-07-27,2019-07-27,2019-07-27,1
PHL,2019-08-27,2019-08-27,2019-08-27,1
PHL,2019-10-16,2019-10-16,2019-10-16,1
PHL,2019-10-29,2019-10-29,2019-10-29,1
PHL,2019-10-31,2019-10-31,2019-10-31,1
PHL,2019-11-01,2019-11-01,2019-11-01,1
PHL,2019-11-10,2019-11-10,2019-11-10,1
PHL,2019-11-17,2019-11-17,2019-11-17,1
PHL,2019-12-02,2019-12-02,2019-12-02,1
PHL,2019-12-15,2019-12-15,2019-12-15,1
PHL,2019-12-24,2019-12-24,2019-12-24,1
PHL,2020-01-12,2020-01-12,2020-01-12,1
PHL,2020-05-15,2020-05-15,2020-05-15,1
PHL,2020-06-29,2020-06-29,2020-06-29,1
PHL,2020-08-18,2020-08-18,2020-08-18,1
PHL,2020-10-13,2020-10-13,2020-10-13,1
PHL,2020-10-28,2020-10-28,2020-10-28,1
PHL,2020-10-31,2020-10-31,2020-10-31,1
PHL,2020-11-11,2020-11-11,2020-11-11,1
PHL,2020-12-18,2020-12-18,2020-12-18,1
PHL,2020-12-21,2020-12-21,2020-12-21,1
PHL,2021-01-01,2021-01-01,2021-01-01,1
PHL,2021-01-08,2021-01-08,2021-01-08,1
PHL,2021-01-10,2021-01-10,2021-01-10,1
PHL,2021-02-11,2021-02-11,2021-02-11,1
PHL,2021-02-21,2021-02-21,2021-02-21,1
PHL,2021-04-22,2021-04-22,2021-04-22,1
PHL,2021-04-26,2021-04-26,2021-04-26,1
PHL,2021-06-01,2021-06-01,2021-06-01,1
PHL,2021-07-01,2021-07-01,2021-07-01,1
PHL,2021-07-04,2021-07-04,2021-07-04,1
PHL,2021-09-06,2021-09-06,2021-09-06,1
PHL,2021-10-04,2021-10-04,2021-10-04,1
PHL,2021-10-10,2021-10-10,2021-10-10,1
PHL,2021-10-11,2021-10-11,2021-10-11,1
PHL,2021-12-16,2021-12-16,2021-12-16,1
PHL,2022-01-13,2022-01-13,2022-01-13,1
PHL,2022-03-26,2022-03-26,2022-03-26,1
PHL,2022-04-03,2022-04-03,2022-04-03,1
PHL,2022-04-10,2022-04-10,2022-04-10,1
PHL,2022-05-21,2022-05-21,2022-05-21,1
PHL,2022-07-27,2022-07-27,2022-07-27,1
PHL,2022-08-22,2022-08-22,2022-08-22,1
PHL,2022-09-25,2022-09-25,2022-09-25,1
PHL,2022-10-13,2022-10-13,2022-10-13,1
PHL,2022-10-15,2022-10-15,2022-10-15,1
PHL,2022-10-18,2022-10-18,2022-10-18,1
PHL,2022-10-25,2022-10-25,2022-10-25,1
PHL,2022-10-27,2022-10-27,2022-10-27,1
PHL,2022-12-25,2022-12-25,2022-12-25,1
PHL,2023-01-01,2023-01-01,2023-01-01,1
PHL,2023-02-13,2023-02-13,2023-02-13,1
PHL,2023-02-20,2023-02-20,2023-02-20,1
PHL,2023-03-28,2023-03-28,2023-03-28,1
PHL,2023-04-17,2023-04-17,2023-04-17,1
PHL,2023-05-24,2023-05-24,2023-05-24,1
PHL,2023-06-05,2023-06-05,2023-06-05,1
PHL,2023-07-12,2023-07-12,2023-07-12,1
PHL,2023-07-21,2023-07-21,2023-07-21,1
PHL,2023-07-27,2023-07-27,2023-07-27,1
PHL,2023-08-22,2023-08-22,2023-08-22,1
PHL,2023-08-31,2023-08-31,2023-08-31,1
PHL,2023-09-12,2023-09-12,2023-09-12,1
PHL,2023-10-04,2023-10-04,2023-10-04,1
PHL,2023-11-14,2023-11-14,2023-11-14,1
PHL,2023-11-17,2023-11-17,2023-11-17,1
PHL,2023-12-02,2023-12-02,2023-12-02,1
PHL,2023-12-06,2023-12-06,2023-12-06,1
PHL,2023-12-18,2023-12-18,2023-12-18,1
PLW,2012-12-02,2012-12-02,2012-12-02,1
PLW,2013-11-07,2013-11-07,2013-11-07,1
PLW,2015-10,2015-10-01,2015-10-31,1
PLW,2018-12-07,2018-12-07,2018-12-07,1
PLW,2021-04-13,2021-04-13,2021-04-13,1
PNG,2000-11-16,2000-11-16,2000-11-16,1
PNG,2001-06-05,2001-06-05,2001-06-05,1
PNG,2001-11-01,2001-11-01,2001-11-01,1
PNG,2002-01-01,2002-01-01,2002-01-01,1
PNG,2002-01-10,2002-01-10,2002-01-10,1
PNG,2002-04-02,2002-04-02,2002-04-02,1
PNG,2002-07-02,2002-07-02,2002-07-02,1
PNG,2002-09-08,2002-09-08,2002-09-08,1
PNG,2002-12-24,2002-12-24,2002-12-24,1
PNG,2003-05-03,2003-05-03,2003-05-03,1
PNG,2003-08-01,2003-08-01,2003-08-01,1
PNG,2004-03-05,2004-03-05,2004-03-05,1
PNG,2004-10,2004-10-01,2004-10-31,1
PNG,2005-06-02,2005-06-02,2005-06-02,1
PNG,2005-06-04,2005-06-04,2005-06-04,1
PNG,2005-08-19,2005-08-19,2005-08-19,1
PNG,2006-01-20,2006-01-20,2006-01-20,1
PNG,2006-02-03,2006-02-03,2006-02-03,1
PNG,2006-04-12,2006-04-12,2006-04-12,1
PNG,2006-04-27,2006-04-27,2006-04-27,1
PNG,2006-07-13,2006-07-13,2006-07-13,1
PNG,2006-10-07,2006-10-07,2006-10-07,1
PNG,2007-11-12,2007-11-12,2007-11-12,1
PNG,2008-01-06,2008-01-06,2008-01-06,1
PNG,2008-12-08,2008-12-08,2008-12-08,1
PNG,2008-12-12,2008-12-12,2008-12-12,1
PNG,2009-05-26,2009-05-26,2009-05-26,1
PNG,2009-07-18,2009-07-18,2009-07-18,1
PNG,2009-08-11,2009-08-11,2009-08-11,1
PNG,2009-08-22,2009-08-22,2009-08-22,1
PNG,2009-09-11,2009-09-11,2009-09-11,1
PNG,2011-02-02,2011-02-02,2011-02-02,1
PNG,2011-10-13,2011-10-13,2011-10-13,1
PNG,2012-01-24,2012-01-24,2012-01-24,1
PNG,2012-02-02,2012-02-02,2012-02-02,1
PNG,2012-09-01,2012-09-01,2012-09-01,1
PNG,2013-01,2013-01-01,2013-01-31,1
PNG,2014-04-07,2014-04-07,2014-04-07,1
PNG,2014-06,2014-06-01,2014-06-30,1
PNG,2014-08-09,2014-08-09,2014-08-09,1
PNG,2015-03-04,2015-03-04,2015-03-04,1
PNG,2015-03-13,2015-03-13,2015-03-13,1
PNG,2015-05,2015-05-01,2015-05-31,1
PNG,2016-02,2016-02-01,2016-02-29,1
PNG,2016-04-14,2016-04-14,2016-04-14,1
PNG,2018-01-05,2018-01-05,2018-01-05,1
PNG,2018-02-26,2018-02-26,2018-02-26,1
PNG,2018-03-05,2018-03-05,2018-03-05,1
PNG,2018-03-07,2018-03-07,2018-03-07,1
PNG,2019-02-11,2019-02-11,2019-02-11,1
PNG,2019-04-15,2019-04-15,2019-04-15,1
PNG,2019-05-14,2019-05-14,2019-05-14,1
PNG,2019-06-28,2019-06-28,2019-06-28,1
PNG,2020-02-05,2020-02-05,2020-02-05,1
PNG,2020-03-21,2020-03-21,2020-03-21,1
PNG,2020-04-04,2020-04-04,2020-04-04,1
PNG,2020-04-10,2020-04-10,2020-04-10,1
PNG,2020-12-29,2020-12-29,2020-12-29,1
PNG,2022-09-13,2022-09-13,2022-09-13,1
PNG,2023-04-02,2023-04-02,2023-04-02,1
POL,2000-12,2000-12-01,2000-12-31,1
POL,2001-07-09,2001-07-09,2001-07-09,1
POL,2001-10-10,2001-10-10,2001-10-10,1
POL,2002-01-28,2002-01-28,2002-01-28,1
POL,2002-02-06,2002-02-06,2002-02-06,1
POL,2002-10,2002-10-01,2002-10-31,1
POL,2002-10-27,2002-10-27,2002-10-27,1
POL,2004-07-27,2004-07-27,2004-07-27,1
POL,2005-01-07,2005-01-07,2005-01-07,1
POL,2005-02,2005-02-01,2005-02-28,1
POL,2005-03-17,2005-03-17,2005-03-17,1
POL,2005-09-30,2005-09-30,2005-09-30,1
POL,2005-10,2005-10-01,2005-10-31,1
POL,2006-01-28,2006-01-28,2006-01-28,1
POL,2006-06-04,2006-06-04,2006-06-04,1
POL,2006-11-21,2006-11-21,2006-11-21,1
POL,2007-01-18,2007-01-18,2007-01-18,1
POL,2007-08-21,2007-08-21,2007-08-21,1
POL,2008-01-23,2008-01-23,2008-01-23,1
POL,2008-03-01,2008-03-01,2008-03-01,1
POL,2008-11-01,2008-11-01,2008-11-01,1
POL,2009-04-12,2009-04-12,2009-04-12,1
POL,2009-06-19,2009-06-19,2009-06-19,1
POL,2009-07-23,2009-07-23,2009-07-23,1
POL,2009-09-18,2009-09-18,2009-09-18,1
POL,2009-11-01,2009-11-01,2009-11-01,1
POL,2010-03-01,2010-03-01,2010-03-01,1
POL,2010-05-17,2010-05-17,2010-05-17,1
POL,2010-08-07,2010-08-07,2010-08-07,1
POL,2010-10-12,2010-10-12,2010-10-12,1
POL,2010-11,2010-11-01,2010-11-30,1
POL,2011-11,2011-11-01,2011-11-30,1
POL,2012-01-27,2012-01-27,2012-01-27,1
POL,2012-03-03,2012-03-03,2012-03-03,1
POL,2012-07-14,2012-07-14,2012-07-14,1
POL,2012-10-28,2012-10-28,2012-10-28,1
POL,2012-12-01,2012-12-01,2012-12-01,1
POL,2013-03-01,2013-03-01,2013-03-01,1
POL,2013-12-04,2013-12-04,2013-12-04,1
POL,2014-01-23,2014-01-23,2014-01-23,1
POL,2014-07-05,2014-07-05,2014-07-05,1
POL,2015-01,2015-01-01,2015-01-31,1
POL,2015-07-19,2015-07-19,2015-07-19,1
POL,2016-01-02,2016-01-02,2016-01-02,1
POL,2016-05-28,2016-05-28,2016-05-28,1
POL,2017-08-10,2017-08-10,2017-08-10,1
POL,2018-01-18,2018-01-18,2018-01-18,1
POL,2018-02-23,2018-02-23,2018-02-23,1
POL,2018-06,2018-06-01,2018-06-30,1
POL,2019-08-22,2019-08-22,2019-08-22,1
POL,2020-02-08,2020-02-08,2020-02-08,1
POL,2020-06-27,2020-06-27,2020-06-27,1
POL,2021-06-22,2021-06-22,2021-06-22,1
POL,2021-07-12,2021-07-12,2021-07-12,1
POL,2021-10-21,2021-10-21,2021-10-21,1
POL,2022-01-28,2022-01-28,2022-01-28,1
POL,2022-02-16,2022-02-16,2022-02-16,1
POL,2022-02-18,2022-02-18,2022-02-18,1
POL,2022-04-20,2022-04-20,2022-04-20,1
POL,2022-04-23,2022-04-23,2022-04-23,1
POL,2022-05-30,2022-05-30,2022-05-30,1
POL,2023-07,2023-07-01,2023-07-31,1
PRI,2000-01-17,2000-01-17,2000-01-17,1
PRI,2000-03-08,2000-03-08,2000-03-08,1
PRI,2001-05-06,2001-05-06,2001-05-06,1
PRI,2002-08-07,2002-08-07,2002-08-07,1
PRI,2003-04-16,2003-04-16,2003-04-16,1
PRI,2003-12-09,2003-12-09,2003-12-09,1
PRI,2004-02-19,2004-02-19,2004-02-19,1
PRI,2004-05-23,2004-05-23,2004-05-23,1
PRI,2004-07-12,2004-07-12,2004-07-12,1
PRI,2004-08-31,2004-08-31,2004-08-31,1
PRI,2004-09-14,2004-09-14,2004-09-14,1
PRI,2007-12-11,2007-12-11,2007-12-11,1
PRI,2009-10-23,2009-10-23,2009-10-23,1
PRI,2011-08-04,2011-08-04,2011-08-04,1
PRI,2011-08-22,2011-08-22,2011-08-22,1
PRI,2012-08-25,2012-08-25,2012-08-25,1
PRI,2014-11-03,2014-11-03,2014-11-03,1
PRI,2017-09-06,2017-09-06,2017-09-06,1
PRI,2017-09-19,2017-09-19,2017-09-19,1
PRI,2018-07-09,2018-07-09,2018-07-09,2
PRI,2020-01-07,2020-01-07,2020-01-07,1
PRI,2020-05-02,2020-05-02,2020-05-02,1
PRI,2020-08-02,2020-08-02,2020-08-02,1
PRI,2022-02-04,2022-02-04,2022-02-04,1
PRI,2022-05-12,2022-05-12,2022-05-12,1
PRI,2022-09-17,2022-09-17,2022-09-17,1
PRK,2000-08-31,2000-08-31,2000-08-31,1
PRK,2001-08-01,2001-08-01,2001-08-01,1
PRK,2001-10-09,2001-10-09,2001-10-09,1
PRK,2002-08-05,2002-08-05,2002-08-05,1
PRK,2002-08-31,2002-08-31,2002-08-31,1
PRK,2004-04-22,2004-04-22,2004-04-22,1
PRK,2004-07-24,2004-07-24,2004-07-24,1
PRK,2004-09-11,2004-09-11,2004-09-11,1
PRK,2005-01-20,2005-01-20,2005-01-20,1
PRK,2005-06-30,2005-06-30,2005-06-30,1
PRK,2006-07-12,2006-07-12,2006-07-12,1
PRK,2006-10-21,2006-10-21,2006-10-21,1
PRK,2006-11,2006-11-01,2006-11-30,1
PRK,2007-06-09,2007-06-09,2007-06-09,1
PRK,2007-08-07,2007-08-07,2007-08-07,1
PRK,2007-09-17,2007-09-17,2007-09-17,1
PRK,2010-07-02,2010-07-02,2010-07-02,1
PRK,2010-07-27,2010-07-27,2010-07-27,1
PRK,2010-08-21,2010-08-21,2010-08-21,1
PRK,2010-09-02,2010-09-02,2010-09-02,1
PRK,2011-06-23,2011-06-23,2011-06-23,1
PRK,2011-07-25,2011-07-25,2011-07-25,1
PRK,2011-08-07,2011-08-07,2011-08-07,1
PRK,2012-04,2012-04-01,2012-04-30,1
PRK,2012-07-18,2012-07-18,2012-07-18,1
PRK,2012-08-28,2012-08-28,2012-08-28,1
PRK,2013-07-12,2013-07-12,2013-07-12,1
PRK,2015-06,2015-06-01,2015-06-30,1
PRK,2015-08-01,2015-08-01,2015-08-01,1
PRK,2016-07-22,2016-07-22,2016-07-22,1
PRK,2016-08-29,2016-08-29,2016-08-29,1
PRK,2017-09-03,2017-09-03,2017-09-03,1
PRK,2017-12-01,2017-12-01,2017-12-01,1
PRK,2018-04-22,2018-04-22,2018-04-22,1
PRK,2018-07-11,2018-07-11,2018-07-11,1
PRK,2018-08-23,2018-08-23,2018-08-23,1
PRK,2018-08-24,2018-08-24,2018-08-24,1
PRK,2019-01,2019-01-01,2019-01-31,1
PRK,2019-09-06,2019-09-06,2019-09-06,1
PRK,2020-08-04,2020-08-04,2020-08-04,1
PRK,2021-08-07,2021-08-07,2021-08-07,1
PRT,2000-12-05,2000-12-05,2000-12-05,1
PRT,2001-01-26,2001-01-26,2001-01-26,1
PRT,2001-03-04,2001-03-04,2001-03-04,1
PRT,2001-03-24,2001-03-24,2001-03-24,1
PRT,2001-09,2001-09-01,2001-09-30,1
PRT,2002-12-26,2002-12-26,2002-12-26,1
PRT,2003-01-01,2003-01-01,2003-01-01,1
PRT,2003-07-30,2003-07-30,2003-07-30,1
PRT,2003-08,2003-08-01,2003-08-31,1
PRT,2003-09-11,2003-09-11,2003-09-11,1
PRT,2004-07,2004-07-01,2004-07-31,1
PRT,2004-09,2004-09-01,2004-09-30,1
PRT,2005-05-15,2005-05-15,2005-05-15,1
PRT,2005-06,2005-06-01,2005-06-30,1
PRT,2006-07-11,2006-07-11,2006-07-11,1
PRT,2006-10-22,2006-10-22,2006-10-22,1
PRT,2007-11-05,2007-11-05,2007-11-05,1
PRT,2008-02-18,2008-02-18,2008-02-18,1
PRT,2009-01,2009-01-01,2009-01-31,1
PRT,2010-02-20,2010-02-20,2010-02-20,1
PRT,2010-02-27,2010-02-27,2010-02-27,1
PRT,2010-12,2010-12-01,2010-12-31,1
PRT,2013-01,2013-01-01,2013-01-31,1
PRT,2013-01-18,2013-01-18,2013-01-18,1
PRT,2013-01-27,2013-01-27,2013-01-27,1
PRT,2013-12-24,2013-12-24,2013-12-24,1
PRT,2014-01-04,2014-01-04,2014-01-04,1
PRT,2014-02-15,2014-02-15,2014-02-15,1
PRT,2016-08-08,2016-08-08,2016-08-08,1
PRT,2017-06-17,2017-06-17,2017-06-17,1
PRT,2017-10-15,2017-10-15,2017-10-15,1
PRT,2018-01-13,2018-01-13,2018-01-13,1
PRT,2018-08,2018-08-01,2018-08-31,1
PRT,2018-08-03,2018-08-03,2018-08-03,1
PRT,2018-10-13,2018-10-13,2018-10-13,1
PRT,2019-04-17,2019-04-17,2019-04-17,1
PRT,2019-12-19,2019-12-19,2019-12-19,1
PRT,2022-05-30,2022-05-30,2022-05-30,1
PRT,2022-07,2022-07-01,2022-07-31,1
PRT,2022-07-09,2022-07-09,2022-07-09,1
PRT,2023-07,2023-07-01,2023-07-31,1
PRT,2023-08-05,2023-08-05,2023-08-05,1
PRY,2000-03-06,2000-03-06,2000-03-06,1
PRY,2000-07,2000-07-01,2000-07-31,1
PRY,2002-05-06,2002-05-06,2002-05-06,1
PRY,2002-07-31,2002-07-31,2002-07-31,1
PRY,2004-07,2004-07-01,2004-07-31,1
PRY,2004-08-01,2004-08-01,2004-08-01,1
PRY,2005-10-14,2005-10-14,2005-10-14,1
PRY,2006,2006-01-01,2006-12-31,1
PRY,2007-09,2007-09-01,2007-09-30,1
PRY,2008-01-28,2008-01-28,2008-01-28,1
PRY,2008-02,2008-02-01,2008-02-29,1
PRY,2008-08-07,2008-08-07,2008-08-07,1
PRY,2008-09,2008-09-01,2008-09-30,1
PRY,2008-12,2008-12-01,2008-12-31,1
PRY,2009-01,2009-01-01,2009-01-31,2
PRY,2009-09-08,2009-09-08,2009-09-08,1
PRY,2009-09-22,2009-09-22,2009-09-22,1
PRY,2010-07,2010-07-01,2010-07-31,1
PRY,2011-01,2011-01-01,2011-01-31,2
PRY,2011-08-08,2011-08-08,2011-08-08,1
PRY,2012-01,2012-01-01,2012-01-31,1
PRY,2012-03-15,2012-03-15,2012-03-15,1
PRY,2012-09-18,2012-09-18,2012-09-18,1
PRY,2013-06-20,2013-06-20,2013-06-20,1
PRY,2013-09,2013-09-01,2013-09-30,1
PRY,2013-09-21,2013-09-21,2013-09-21,1
PRY,2014-02-25,2014-02-25,2014-02-25,1
PRY,2014-03,2014-03-01,2014-03-31,1
PRY,2015-04-04,2015-04-04,2015-04-04,1
PRY,2015-07-25,2015-07-25,2015-07-25,1
PRY,2015-11,2015-11-01,2015-11-30,1
PRY,2016-07,2016-07-01,2016-07-31,1
PRY,2018-01-13,2018-01-13,2018-01-13,1
PRY,2018-11-01,2018-11-01,2018-11-01,1
PRY,2019-01,2019-01-01,2019-01-31,1
PRY,2019-03-15,2019-03-15,2019-03-15,1
PRY,2019-04-01,2019-04-01,2019-04-01,1
PRY,2019-05,2019-05-01,2019-05-31,1
PRY,2020-02-15,2020-02-15,2020-02-15,1
PRY,2021-01-16,2021-01-16,2021-01-16,1
PRY,2021-01-31,2021-01-31,2021-01-31,1
PRY,2023-02-17,2023-02-17,2023-02-17,1
PRY,2023-10-30,2023-10-30,2023-10-30,1
PSE,2007-03-27,2007-03-27,2007-03-27,1
PSE,2010-01-18,2010-01-18,2010-01-18,1
PSE,2012-02-28,2012-02-28,2012-02-28,1
PSE,2013-01-08,2013-01-08,2013-01-08,1
PSE,2013-12-09,2013-12-09,2013-12-09,1
PSE,2015-01-07,2015-01-07,2015-01-07,1
PSE,2015-02-19,2015-02-19,2015-02-19,1
PSE,2020-01-18,2020-01-18,2020-01-18,1
PSE,2022-01-26,2022-01-26,2022-01-26,1
PSE,2022-11-17,2022-11-17,2022-11-17,1
PYF,2007-08-09,2007-08-09,2007-08-09,1
PYF,2010-02-04,2010-02-04,2010-02-04,1
PYF,2017-01-20,2017-01-20,2017-01-20,1
QAT,2009-06-30,2009-06-30,2009-06-30,1
QAT,2012-05-28,2012-05-28,2012-05-28,1
QAT,2014-02-27,2014-02-27,2014-02-27,1
QAT,2016-06-02,2016-06-02,2016-06-02,1
QAT,2018-10-20,2018-10-20,2018-10-20,1
REU,2000-01-30,2000-01-30,2000-01-30,1
REU,2002-01,2002-01-01,2002-01-31,1
REU,2005-03-28,2005-03-28,2005-03-28,1
REU,2007-02-25,2007-02-25,2007-02-25,1
REU,2014-01-02,2014-01-02,2014-01-02,1
REU,2018-01-18,2018-01-18,2018-01-18,1
REU,2022-02-05,2022-02-05,2022-02-05,1
REU,2023-02-21,2023-02-21,2023-02-21,1
ROU,2000-01,2000-01-01,2000-01-31,1
ROU,2000-01-30,2000-01-30,2000-01-30,1
ROU,2000-03-09,2000-03-09,2000-03-09,1
ROU,2000-04-05,2000-04-05,2000-04-05,1
ROU,2000-06,2000-06-01,2000-06-30,1
ROU,2000-07,2000-07-01,2000-07-31,1
ROU,2001-01-24,2001-01-24,2001-01-24,1
ROU,2001-03-04,2001-03-04,2001-03-04,1
ROU,2001-06-05,2001-06-05,2001-06-05,1
ROU,2001-06-19,2001-06-19,2001-06-19,1
ROU,2001-08-06,2001-08-06,2001-08-06,1
ROU,2001-12-01,2001-12-01,2001-12-01,1
ROU,2002-07-19,2002-07-19,2002-07-19,1
ROU,2002-08,2002-08-01,2002-08-31,1
ROU,2002-08-06,2002-08-06,2002-08-06,1
ROU,2002-12-07,2002-12-07,2002-12-07,1
ROU,2003-01-01,2003-01-01,2003-01-01,1
ROU,2003-01-02,2003-01-02,2003-01-02,1
ROU,2003-08-27,2003-08-27,2003-08-27,1
ROU,2004-05-24,2004-05-24,2004-05-24,1
ROU,2004-06-13,2004-06-13,2004-06-13,1
ROU,2004-07-01,2004-07-01,2004-07-01,1
ROU,2004-07-10,2004-07-10,2004-07-10,1
ROU,2004-07-22,2004-07-22,2004-07-22,1
ROU,2004-07-28,2004-07-28,2004-07-28,1
ROU,2004-08-27,2004-08-27,2004-08-27,1
ROU,2005-01,2005-01-01,2005-01-31,1
ROU,2005-03-17,2005-03-17,2005-03-17,1
ROU,2005-04-21,2005-04-21,2005-04-21,1
ROU,2005-07-01,2005-07-01,2005-07-01,1
ROU,2005-07-12,2005-07-12,2005-07-12,1
ROU,2005-07-27,2005-07-27,2005-07-27,1
ROU,2005-08-14,2005-08-14,2005-08-14,1
ROU,2005-09-21,2005-09-21,2005-09-21,1
ROU,2005-11-24,2005-11-24,2005-11-24,1
ROU,2006-01-20,2006-01-20,2006-01-20,1
ROU,2006-03-13,2006-03-13,2006-03-13,2
ROU,2006-04-07,2006-04-07,2006-04-07,1
ROU,2006-06-19,2006-06-19,2006-06-19,2
ROU,2006-06-29,2006-06-29,2006-06-29,1
ROU,2006-06-30,2006-06-30,2006-06-30,1
ROU,2006-09-07,2006-09-07,2006-09-07,1
ROU,2007-02-12,2007-02-12,2007-02-12,1
ROU,2007-06,2007-06-01,2007-06-30,1
ROU,2007-08-07,2007-08-07,2007-08-07,1
ROU,2007-08-25,2007-08-25,2007-08-25,1
ROU,2007-09-05,2007-09-05,2007-09-05,1
ROU,2007-12-10,2007-12-10,2007-12-10,1
ROU,2008-02-29,2008-02-29,2008-02-29,1
ROU,2008-07-26,2008-07-26,2008-07-26,1
ROU,2009-01-01,2009-01-01,2009-01-01,1
ROU,2009-01-23,2009-01-23,2009-01-23,1
ROU,2009-06-25,2009-06-25,2009-06-25,1
ROU,2009-08-13,2009-08-13,2009-08-13,1
ROU,2009-12-20,2009-12-20,2009-12-20,1
ROU,2010-01-22,2010-01-22,2010-01-22,1
ROU,2010-06-21,2010-06-21,2010-06-21,1
ROU,2010-07-05,2010-07-05,2010-07-05,1
ROU,2012-01-23,2012-01-23,2012-01-23,1
ROU,2013-09-12,2013-09-12,2013-09-12,1
ROU,2014-01-26,2014-01-26,2014-01-26,1
ROU,2014-04-19,2014-04-19,2014-04-19,1
ROU,2014-07-29,2014-07-29,2014-07-29,1
ROU,2015-05-25,2015-05-25,2015-05-25,1
ROU,2015-10-30,2015-10-30,2015-10-30,1
ROU,2016-06-02,2016-06-02,2016-06-02,1
ROU,2016-10-11,2016-10-11,2016-10-11,1
ROU,2017-09-17,2017-09-17,2017-09-17,1
ROU,2018-02-23,2018-02-23,2018-02-23,1
ROU,2018-03-14,2018-03-14,2018-03-14,1
ROU,2018-06-28,2018-06-28,2018-06-28,1
ROU,2019-05-31,2019-05-31,2019-05-31,1
ROU,2019-10-05,2019-10-05,2019-10-05,1
ROU,2020-06-10,2020-06-10,2020-06-10,1
ROU,2020-11-14,2020-11-14,2020-11-14,1
ROU,2021-06-16,2021-06-16,2021-06-16,1
ROU,2022-05-30,2022-05-30,2022-05-30,1
ROU,2023-07,2023-07-01,2023-07-31,1
ROU,2023-07-25,2023-07-25,2023-07-25,1
ROU,2023-11-25,2023-11-25,2023-11-25,1
RUS,2000-01,2000-01-01,2000-01-31,2
RUS,2000-01-19,2000-01-19,2000-01-19,1
RUS,2000-02,2000-02-01,2000-02-29,1
RUS,2000-02-08,2000-02-08,2000-02-08,1
RUS,2000-03,2000-03-01,2000-03-31,1
RUS,2000-03-22,2000-03-22,2000-03-22,1
RUS,2000-04-14,2000-04-14,2000-04-14,1
RUS,2000-05,2000-05-01,2000-05-31,1
RUS,2000-05-13,2000-05-13,2000-05-13,1
RUS,2000-06,2000-06-01,2000-06-30,3
RUS,2000-06-09,2000-06-09,2000-06-09,1
RUS,2000-07,2000-07-01,2000-07-31,2
RUS,2000-07-15,2000-07-15,2000-07-15,1
RUS,2000-07-19,2000-07-19,2000-07-19,1
RUS,2000-07-21,2000-07-21,2000-07-21,1
RUS,2000-07-30,2000-07-30,2000-07-30,1
RUS,2000-08,2000-08-01,2000-08-31,1
RUS,2000-08-04,2000-08-04,2000-08-04,1
RUS,2000-08-13,2000-08-13,2000-08-13,1
RUS,2000-08-28,2000-08-28,2000-08-28,1
RUS,2000-09,2000-09-01,2000-09-30,1
RUS,2000-09-13,2000-09-13,2000-09-13,1
RUS,2000-09-15,2000-09-15,2000-09-15,1
RUS,2000-09-17,2000-09-17,2000-09-17,1
RUS,2000-09-18,2000-09-18,2000-09-18,1
RUS,2000-10-10,2000-10-10,2000-10-10,1
RUS,2000-11-27,2000-11-27,2000-11-27,1
RUS,2000-12,2000-12-01,2000-12-31,1
RUS,2001-01,2001-01-01,2001-01-31,1
RUS,2001-01-29,2001-01-29,2001-01-29,1
RUS,2001-03-03,2001-03-03,2001-03-03,1
RUS,2001-05,2001-05-01,2001-05-31,1
RUS,2001-05-12,2001-05-12,2001-05-12,1
RUS,2001-05-15,2001-05-15,2001-05-15,1
RUS,2001-05-23,2001-05-23,2001-05-23,1
RUS,2001-06,2001-06-01,2001-06-30,1
RUS,2001-07,2001-07-01,2001-07-31,1
RUS,2001-07-03,2001-07-03,2001-07-03,1
RUS,2001-07-07,2001-07-07,2001-07-07,1
RUS,2001-07-14,2001-07-14,2001-07-14,1
RUS,2001-08-06,2001-08-06,2001-08-06,1
RUS,2001-10-01,2001-10-01,2001-10-01,1
RUS,2001-10,2001-10-01,2001-10-31,1
RUS,2001-10-04,2001-10-04,2001-10-04,1
RUS,2001-11-09,2001-11-09,2001-11-09,1
RUS,2001-11-19,2001-11-19,2001-11-19,1
RUS,2001-12-02,2001-12-02,2001-12-02,1
RUS,2001-12-04,2001-12-04,2001-12-04,1
RUS,2002-01-06,2002-01-06,2002-01-06,1
RUS,2002-01-29,2002-01-29,2002-01-29,1
RUS,2002-02-22,2002-02-22,2002-02-22,1
RUS,2002-04-23,2002-04-23,2002-04-23,1
RUS,2002-05-07,2002-05-07,2002-05-07,1
RUS,2002-05-11,2002-05-11,2002-05-11,1
RUS,2002-06-19,2002-06-19,2002-06-19,1
RUS,2002-07,2002-07-01,2002-07-31,2
RUS,2002-07-11,2002-07-11,2002-07-11,1
RUS,2002-07-20,2002-07-20,2002-07-20,1
RUS,2002-07-28,2002-07-28,2002-07-28,1
RUS,2002-08-08,2002-08-08,2002-08-08,1
RUS,2002-08-18,2002-08-18,2002-08-18,1
RUS,2002-08-29,2002-08-29,2002-08-29,1
RUS,2002-09-14,2002-09-14,2002-09-14,1
RUS,2002-09-20,2002-09-20,2002-09-20,1
RUS,2002-10,2002-10-01,2002-10-31,1
RUS,2002-10-02,2002-10-02,2002-10-02,1
RUS,2003,2003-01-01,2003-12-31,1
RUS,2003-03-01,2003-03-01,2003-03-01,1
RUS,2003-04,2003-04-01,2003-04-30,1
RUS,2003-04-07,2003-04-07,2003-04-07,1
RUS,2003-04-10,2003-04-10,2003-04-10,1
RUS,2003-05-03,2003-05-03,2003-05-03,1
RUS,2003-05-12,2003-05-12,2003-05-12,1
RUS,2003-06-06,2003-06-06,2003-06-06,1
RUS,2003-06-16,2003-06-16,2003-06-16,1
RUS,2003-07-29,2003-07-29,2003-07-29,1
RUS,2003-08-08,2003-08-08,2003-08-08,1
RUS,2003-08-20,2003-08-20,2003-08-20,1
RUS,2003-08-28,2003-08-28,2003-08-28,1
RUS,2003-09-27,2003-09-27,2003-09-27,1
RUS,2003-11-24,2003-11-24,2003-11-24,1
RUS,2004-02-14,2004-02-14,2004-02-14,1
RUS,2004-02-26,2004-02-26,2004-02-26,1
RUS,2004-03-16,2004-03-16,2004-03-16,1
RUS,2004-03-25,2004-03-25,2004-03-25,1
RUS,2004-03-30,2004-03-30,2004-03-30,1
RUS,2004-04-10,2004-04-10,2004-04-10,1
RUS,2004-04-14,2004-04-14,2004-04-14,1
RUS,2004-04-26,2004-04-26,2004-04-26,1
RUS,2004-05-14,2004-05-14,2004-05-14,1
RUS,2004-05-31,2004-05-31,2004-05-31,1
RUS,2004-06-09,2004-06-09,2004-06-09,1
RUS,2004-06-25,2004-06-25,2004-06-25,1
RUS,2004-07-22,2004-07-22,2004-07-22,1
RUS,2004-08-05,2004-08-05,2004-08-05,1
RUS,2004-08-24,2004-08-24,2004-08-24,1
RUS,2004-08-31,2004-08-31,2004-08-31,1
RUS,2004-09-10,2004-09-10,2004-09-10,1
RUS,2004-09-12,2004-09-12,2004-09-12,1
RUS,2004-10-28,2004-10-28,2004-10-28,1
RUS,2004-11-02,2004-11-02,2004-11-02,1
RUS,2004-11-10,2004-11-10,2004-11-10,1
RUS,2004-11-26,2004-11-26,2004-11-26,1
RUS,2004-12-03,2004-12-03,2004-12-03,1
RUS,2005-01-07,2005-01-07,2005-01-07,1
RUS,2005-01-11,2005-01-11,2005-01-11,1
RUS,2005-02,2005-02-01,2005-02-28,1
RUS,2005-02-09,2005-02-09,2005-02-09,1
RUS,2005-03-10,2005-03-10,2005-03-10,1
RUS,2005-03-16,2005-03-16,2005-03-16,1
RUS,2005-04,2005-04-01,2005-04-30,1
RUS,2005-04-15,2005-04-15,2005-04-15,1
RUS,2005-05-09,2005-05-09,2005-05-09,1
RUS,2005-05-11,2005-05-11,2005-05-11,1
RUS,2005-07-11,2005-07-11,2005-07-11,1
RUS,2005-08-04,2005-08-04,2005-08-04,2
RUS,2005-10-30,2005-10-30,2005-10-30,1
RUS,2005-11-06,2005-11-06,2005-11-06,1
RUS,2005-11-18,2005-11-18,2005-11-18,1
RUS,2005-12-04,2005-12-04,2005-12-04,1
RUS,2006-01,2006-01-01,2006-01-31,1
RUS,2006-01-13,2006-01-13,2006-01-13,1
RUS,2006-01-17,2006-01-17,2006-01-17,1
RUS,2006-02-23,2006-02-23,2006-02-23,1
RUS,2006-04-19,2006-04-19,2006-04-19,1
RUS,2006-04-20,2006-04-20,2006-04-20,1
RUS,2006-04-21,2006-04-21,2006-04-21,1
RUS,2006-05-02,2006-05-02,2006-05-02,1
RUS,2006-06-04,2006-06-04,2006-06-04,1
RUS,2006-07-09,2006-07-09,2006-07-09,1
RUS,2006-07-12,2006-07-12,2006-07-12,1
RUS,2006-09-07,2006-09-07,2006-09-07,1
RUS,2006-09-11,2006-09-11,2006-09-11,1
RUS,2006-12-09,2006-12-09,2006-12-09,1
RUS,2007-01-19,2007-01-19,2007-01-19,1
RUS,2007-03-18,2007-03-18,2007-03-18,1
RUS,2007-03-19,2007-03-19,2007-03-19,1
RUS,2007-03-24,2007-03-24,2007-03-24,1
RUS,2007-05-13,2007-05-13,2007-05-13,1
RUS,2007-05-14,2007-05-14,2007-05-14,1
RUS,2007-05-24,2007-05-24,2007-05-24,1
RUS,2007-06-20,2007-06-20,2007-06-20,1
RUS,2007-06-25,2007-06-25,2007-06-25,1
RUS,2007-08-02,2007-08-02,2007-08-02,1
RUS,2007-10-02,2007-10-02,2007-10-02,1
RUS,2007-11-04,2007-11-04,2007-11-04,1
RUS,2008-09-13,2008-09-13,2008-09-13,1
RUS,2008-10-11,2008-10-11,2008-10-11,1
RUS,2008-11-08,2008-11-08,2008-11-08,1
RUS,2009-01-31,2009-01-31,2009-01-31,1
RUS,2009-02-14,2009-02-14,2009-02-14,1
RUS,2009-03-25,2009-03-25,2009-03-25,1
RUS,2009-07-24,2009-07-24,2009-07-24,1
RUS,2009-08-17,2009-08-17,2009-08-17,1
RUS,2009-11-01,2009-11-01,2009-11-01,1
RUS,2009-11-06,2009-11-06,2009-11-06,1
RUS,2009-11-13,2009-11-13,2009-11-13,1
RUS,2009-12-04,2009-12-04,2009-12-04,1
RUS,2010-01-01,2010-01-01,2010-01-01,1
RUS,2010-03-22,2010-03-22,2010-03-22,1
RUS,2010-04-01,2010-04-01,2010-04-01,1
RUS,2010-04-10,2010-04-10,2010-04-10,2
RUS,2010-05-08,2010-05-08,2010-05-08,1
RUS,2010-06,2010-06-01,2010-06-30,1
RUS,2010-07,2010-07-01,2010-07-31,1
RUS,2010-08-02,2010-08-02,2010-08-02,1
RUS,2010-08-27,2010-08-27,2010-08-27,1
RUS,2010-09-02,2010-09-02,2010-09-02,1
RUS,2010-10-16,2010-10-16,2010-10-16,1
RUS,2010-12-03,2010-12-03,2010-12-03,2
RUS,2010-12-28,2010-12-28,2010-12-28,1
RUS,2011-01-07,2011-01-07,2011-01-07,1
RUS,2011-05-25,2011-05-25,2011-05-25,1
RUS,2011-05-27,2011-05-27,2011-05-27,1
RUS,2011-06-20,2011-06-20,2011-06-20,1
RUS,2011-07-10,2011-07-10,2011-07-10,1
RUS,2011-07-31,2011-07-31,2011-07-31,1
RUS,2011-08-09,2011-08-09,2011-08-09,1
RUS,2011-08-26,2011-08-26,2011-08-26,1
RUS,2011-09-01,2011-09-01,2011-09-01,1
RUS,2011-09-07,2011-09-07,2011-09-07,1
RUS,2011-12-19,2011-12-19,2011-12-19,1
RUS,2012-01-01,2012-01-01,2012-01-01,1
RUS,2012-02-27,2012-02-27,2012-02-27,1
RUS,2012-04-02,2012-04-02,2012-04-02,2
RUS,2012-04-10,2012-04-10,2012-04-10,1
RUS,2012-04-20,2012-04-20,2012-04-20,1
RUS,2012-04-22,2012-04-22,2012-04-22,1
RUS,2012-06-01,2012-06-01,2012-06-01,1
RUS,2012-07-11,2012-07-11,2012-07-11,1
RUS,2012-09-11,2012-09-11,2012-09-11,1
RUS,2012-09-12,2012-09-12,2012-09-12,1
RUS,2012-09-15,2012-09-15,2012-09-15,1
RUS,2012-10-09,2012-10-09,2012-10-09,1
RUS,2012-10-28,2012-10-28,2012-10-28,1
RUS,2012-12-14,2012-12-14,2012-12-14,1
RUS,2013-01-27,2013-01-27,2013-01-27,1
RUS,2013-02-11,2013-02-11,2013-02-11,1
RUS,2013-02-15,2013-02-15,2013-02-15,1
RUS,2013-02-20,2013-02-20,2013-02-20,1
RUS,2013-04-26,2013-04-26,2013-04-26,1
RUS,2013-05-14,2013-05-14,2013-05-14,1
RUS,2013-07-02,2013-07-02,2013-07-02,1
RUS,2013-07-13,2013-07-13,2013-07-13,1
RUS,2013-08-01,2013-08-01,2013-08-01,1
RUS,2013-09-12,2013-09-12,2013-09-12,1
RUS,2013-11-17,2013-11-17,2013-11-17,1
RUS,2014-02-15,2014-02-15,2014-02-15,1
RUS,2014-03-16,2014-03-16,2014-03-16,1
RUS,2014-05-29,2014-05-29,2014-05-29,1
RUS,2014-05-31,2014-05-31,2014-05-31,1
RUS,2014-06-04,2014-06-04,2014-06-04,1
RUS,2014-06-30,2014-06-30,2014-06-30,1
RUS,2014-07-15,2014-07-15,2014-07-15,1
RUS,2014-12-01,2014-12-01,2014-12-01,1
RUS,2015-02-04,2015-02-04,2015-02-04,1
RUS,2015-03-11,2015-03-11,2015-03-11,1
RUS,2015-04-01,2015-04-01,2015-04-01,1
RUS,2015-04-12,2015-04-12,2015-04-12,1
RUS,2015-06-24,2015-06-24,2015-06-24,1
RUS,2015-06-25,2015-06-25,2015-06-25,1
RUS,2015-07-10,2015-07-10,2015-07-10,1
RUS,2015-07-12,2015-07-12,2015-07-12,1
RUS,2015-07-21,2015-07-21,2015-07-21,1
RUS,2015-07-22,2015-07-22,2015-07-22,1
RUS,2015-08-05,2015-08-05,2015-08-05,1
RUS,2015-11-26,2015-11-26,2015-11-26,1
RUS,2015-12-13,2015-12-13,2015-12-13,1
RUS,2016-01-31,2016-01-31,2016-01-31,1
RUS,2016-02-16,2016-02-16,2016-02-16,1
RUS,2016-02-25,2016-02-25,2016-02-25,1
RUS,2016-03-14,2016-03-14,2016-03-14,1
RUS,2016-03-19,2016-03-19,2016-03-19,1
RUS,2016-04-16,2016-04-16,2016-04-16,1
RUS,2016-05-04,2016-05-04,2016-05-04,1
RUS,2016-06-04,2016-06-04,2016-06-04,1
RUS,2016-06-19,2016-06-19,2016-06-19,1
RUS,2016-07-01,2016-07-01,2016-07-01,1
RUS,2016-08-15,2016-08-15,2016-08-15,1
RUS,2016-08-27,2016-08-27,2016-08-27,1
RUS,2016-10-22,2016-10-22,2016-10-22,1
RUS,2016-12-04,2016-12-04,2016-12-04,1
RUS,2016-12-25,2016-12-25,2016-12-25,1
RUS,2017-05-10,2017-05-10,2017-05-10,1
RUS,2017-05-29,2017-05-29,2017-05-29,1
RUS,2017-06-11,2017-06-11,2017-06-11,1
RUS,2017-07-02,2017-07-02,2017-07-02,1
RUS,2017-08-25,2017-08-25,2017-08-25,1
RUS,2017-10-05,2017-10-05,2017-10-05,1
RUS,2017-11-16,2017-11-16,2017-11-16,1
RUS,2018-01-25,2018-01-25,2018-01-25,1
RUS,2018-02-11,2018-02-11,2018-02-11,1
RUS,2018-03-25,2018-03-25,2018-03-25,2
RUS,2018-06-11,2018-06-11,2018-06-11,1
RUS,2018-08-04,2018-08-04,2018-08-04,1
RUS,2018-10-24,2018-10-24,2018-10-24,1
RUS,2018-12-31,2018-12-31,2018-12-31,1
RUS,2019-01-22,2019-01-22,2019-01-22,1
RUS,2019-05-05,2019-05-05,2019-05-05,1
RUS,2019-06-28,2019-06-28,2019-06-28,1
RUS,2019-07-01,2019-07-01,2019-07-01,1
RUS,2019-07,2019-07-01,2019-07-31,1
RUS,2019-07-12,2019-07-12,2019-07-12,1
RUS,2019-07-25,2019-07-25,2019-07-25,1
RUS,2019-08-28,2019-08-28,2019-08-28,1
RUS,2019-10-19,2019-10-19,2019-10-19,1
RUS,2019-12-01,2019-12-01,2019-12-01,1
RUS,2020-01-21,2020-01-21,2020-01-21,1
RUS,2020-12-15,2020-12-15,2020-12-15,1
RUS,2020-12-28,2020-12-28,2020-12-28,1
RUS,2021-05-21,2021-05-21,2021-05-21,1
RUS,2021-06-24,2021-06-24,2021-06-24,1
RUS,2021-07,2021-07-01,2021-07-31,1
RUS,2021-07-04,2021-07-04,2021-07-04,1
RUS,2021-08-12,2021-08-12,2021-08-12,1
RUS,2021-08-22,2021-08-22,2021-08-22,1
RUS,2021-10-10,2021-10-10,2021-10-10,1
RUS,2021-10-22,2021-10-22,2021-10-22,1
RUS,2021-11-25,2021-11-25,2021-11-25,1
RUS,2022-04-21,2022-04-21,2022-04-21,1
RUS,2022-05-06,2022-05-06,2022-05-06,1
RUS,2022-06-24,2022-06-24,2022-06-24,1
RUS,2022-07-22,2022-07-22,2022-07-22,1
RUS,2022-08-21,2022-08-21,2022-08-21,1
RUS,2022-10-17,2022-10-17,2022-10-17,1
RUS,2022-12-23,2022-12-23,2022-12-23,1
RUS,2023-05-07,2023-05-07,2023-05-07,1
RUS,2023-07-30,2023-07-30,2023-07-30,1
RUS,2023-08-10,2023-08-10,2023-08-10,1
RUS,2023-08-11,2023-08-11,2023-08-11,1
RUS,2023-11-26,2023-11-26,2023-11-26,1
RWA,2000-07,2000-07-01,2000-07-31,1
RWA,2000-09-05,2000-09-05,2000-09-05,1
RWA,2001-09-22,2001-09-22,2001-09-22,1
RWA,2001-10-30,2001-10-30,2001-10-30,1
RWA,2002-01-17,2002-01-17,2002-01-17,1
RWA,2002-04-26,2002-04-26,2002-04-26,1
RWA,2002-06-24,2002-06-24,2002-06-24,1
RWA,2003-03,2003-03-01,2003-03-31,1
RWA,2003-06-10,2003-06-10,2003-06-10,1
RWA,2003-10-30,2003-10-30,2003-10-30,1
RWA,2004-06-15,2004-06-15,2004-06-15,1
RWA,2006-01,2006-01-01,2006-01-31,1
RWA,2006-11-28,2006-11-28,2006-11-28,1
RWA,2007-02-03,2007-02-03,2007-02-03,1
RWA,2007-09-12,2007-09-12,2007-09-12,1
RWA,2008-02-03,2008-02-03,2008-02-03,1
RWA,2008-08-16,2008-08-16,2008-08-16,1
RWA,2008-10-01,2008-10-01,2008-10-01,1
RWA,2010-03-26,2010-03-26,2010-03-26,1
RWA,2010-05-16,2010-05-16,2010-05-16,1
RWA,2010-10-30,2010-10-30,2010-10-30,1
RWA,2011-04-25,2011-04-25,2011-04-25,1
RWA,2011-05-07,2011-05-07,2011-05-07,1
RWA,2011-07-01,2011-07-01,2011-07-01,1
RWA,2012-04-09,2012-04-09,2012-04-09,1
RWA,2015-04-03,2015-04-03,2015-04-03,1
RWA,2016-01,2016-01-01,2016-01-31,1
RWA,2016-05-07,2016-05-07,2016-05-07,1
RWA,2017-04-01,2017-04-01,2017-04-01,1
RWA,2017-09-17,2017-09-17,2017-09-17,1
RWA,2018-03-03,2018-03-03,2018-03-03,1
RWA,2018-04-01,2018-04-01,2018-04-01,1
RWA,2018-04-23,2018-04-23,2018-04-23,1
RWA,2018-05-06,2018-05-06,2018-05-06,1
RWA,2019-01-21,2019-01-21,2019-01-21,1
RWA,2019-11,2019-11-01,2019-11-30,1
RWA,2019-12-25,2019-12-25,2019-12-25,1
RWA,2020-02-02,2020-02-02,2020-02-02,1
RWA,2020-03-02,2020-03-02,2020-03-02,1
RWA,2020-04-17,2020-04-17,2020-04-17,2
RWA,2020-05-01,2020-05-01,2020-05-01,1
RWA,2021-04-28,2021-04-28,2021-04-28,1
RWA,2021-05-22,2021-05-22,2021-05-22,1
RWA,2022-01-01,2022-01-01,2022-01-01,1
RWA,2022-04-23,2022-04-23,2022-04-23,1
RWA,2022-11-17,2022-11-17,2022-11-17,1
RWA,2023-05-01,2023-05-01,2023-05-01,1
RWA,2023-07-17,2023-07-17,2023-07-17,1
SAU,2000-03,2000-03-01,2000-03-31,1
SAU,2000-07-10,2000-07-10,2000-07-10,1
SAU,2000-09-11,2000-09-11,2000-09-11,1
SAU,2000-12-16,2000-12-16,2000-12-16,1
SAU,2001-02-09,2001-02-09,2001-02-09,1
SAU,2001-03-05,2001-03-05,2001-03-05,1
SAU,2002-02-13,2002-02-13,2002-02-13,1
SAU,2002-03-11,2002-03-11,2002-03-11,1
SAU,2002-04-08,2002-04-08,2002-04-08,1
SAU,2002-07-19,2002-07-19,2002-07-19,1
SAU,2002-11-30,2002-11-30,2002-11-30,1
SAU,2003-02-11,2003-02-11,2003-02-11,1
SAU,2003-04-19,2003-04-19,2003-04-19,1
SAU,2003-05-15,2003-05-15,2003-05-15,1
SAU,2003-08-08,2003-08-08,2003-08-08,1
SAU,2003-09-15,2003-09-15,2003-09-15,1
SAU,2003-11-11,2003-11-11,2003-11-11,1
SAU,2004-02-01,2004-02-01,2004-02-01,1
SAU,2004-04-14,2004-04-14,2004-04-14,1
SAU,2005-01-22,2005-01-22,2005-01-22,1
SAU,2005-04-28,2005-04-28,2005-04-28,1
SAU,2006-01-05,2006-01-05,2006-01-05,1
SAU,2006-01-11,2006-01-11,2006-01-11,1
SAU,2006-08-04,2006-08-04,2006-08-04,1
SAU,2007-01-12,2007-01-12,2007-01-12,1
SAU,2007-09-22,2007-09-22,2007-09-22,1
SAU,2007-12-17,2007-12-17,2007-12-17,1
SAU,2008-02-22,2008-02-22,2008-02-22,1
SAU,2008-03-11,2008-03-11,2008-03-11,1
SAU,2009-11-24,2009-11-24,2009-11-24,1
SAU,2010-07-10,2010-07-10,2010-07-10,1
SAU,2010-07-23,2010-07-23,2010-07-23,1
SAU,2011-01-25,2011-01-25,2011-01-25,1
SAU,2011-11-20,2011-11-20,2011-11-20,1
SAU,2012-04-14,2012-04-14,2012-04-14,1
SAU,2012-10-30,2012-10-30,2012-10-30,1
SAU,2012-11-01,2012-11-01,2012-11-01,1
SAU,2013-05-02,2013-05-02,2013-05-02,1
SAU,2013-11-16,2013-11-16,2013-11-16,1
SAU,2014-02-08,2014-02-08,2014-02-08,1
SAU,2015-03-23,2015-03-23,2015-03-23,1
SAU,2015-04-27,2015-04-27,2015-04-27,1
SAU,2015-08-30,2015-08-30,2015-08-30,1
SAU,2015-09-11,2015-09-11,2015-09-11,1
SAU,2015-09-24,2015-09-24,2015-09-24,1
SAU,2015-11-17,2015-11-17,2015-11-17,1
SAU,2015-12-24,2015-12-24,2015-12-24,1
SAU,2016-04-08,2016-04-08,2016-04-08,2
SAU,2016-04-16,2016-04-16,2016-04-16,1
SAU,2016-11-28,2016-11-28,2016-11-28,1
SAU,2017-07-12,2017-07-12,2017-07-12,1
SAU,2017-10-15,2017-10-15,2017-10-15,1
SAU,2017-11-21,2017-11-21,2017-11-21,1
SAU,2019-01-27,2019-01-27,2019-01-27,1
SAU,2019-05-22,2019-05-22,2019-05-22,1
SAU,2019-10-17,2019-10-17,2019-10-17,1
SAU,2019-10-28,2019-10-28,2019-10-28,1
SAU,2020-08,2020-08-01,2020-08-31,1
SAU,2023-03-27,2023-03-27,2023-03-27,1
SCG,2000-04-05,2000-04-05,2000-04-05,1
SCG,2000-07,2000-07-01,2000-07-31,1
SCG,2000-12-28,2000-12-28,2000-12-28,1
SCG,2001-06-18,2001-06-18,2001-06-18,1
SCG,2001-11-01,2001-11-01,2001-11-01,1
SCG,2002-04-24,2002-04-24,2002-04-24,1
SCG,2002-06-10,2002-06-10,2002-06-10,1
SCG,2002-07-25,2002-07-25,2002-07-25,1
SCG,2003-12-12,2003-12-12,2003-12-12,1
SCG,2004-04-04,2004-04-04,2004-04-04,1
SCG,2005-01,2005-01-01,2005-01-31,1
SCG,2005-04-18,2005-04-18,2005-04-18,1
SCG,2006-01,2006-01-01,2006-01-31,1
SCG,2006-01-23,2006-01-23,2006-01-23,1
SCG,2006-02-21,2006-02-21,2006-02-21,1
SCG,2006-04-10,2006-04-10,2006-04-10,1
SDN,2000-01-01,2000-01-01,2000-01-01,1
SDN,2000-01,2000-01-01,2000-01-31,1
SDN,2000-08-23,2000-08-23,2000-08-23,1
SDN,2001-03-17,2001-03-17,2001-03-17,1
SDN,2001-04-04,2001-04-04,2001-04-04,1
SDN,2001-07-01,2001-07-01,2001-07-01,1
SDN,2001-08-06,2001-08-06,2001-08-06,1
SDN,2002-02-01,2002-02-01,2002-02-01,1
SDN,2002-02-05,2002-02-05,2002-02-05,1
SDN,2002-02-18,2002-02-18,2002-02-18,1
SDN,2002-03-17,2002-03-17,2002-03-17,1
SDN,2002-05-02,2002-05-02,2002-05-02,1
SDN,2002-05-10,2002-05-10,2002-05-10,1
SDN,2002-06-23,2002-06-23,2002-06-23,1
SDN,2002-07-02,2002-07-02,2002-07-02,1
SDN,2002-08-03,2002-08-03,2002-08-03,1
SDN,2002-09-27,2002-09-27,2002-09-27,1
SDN,2002-10-01,2002-10-01,2002-10-01,1
SDN,2002-12-18,2002-12-18,2002-12-18,1
SDN,2003-01-04,2003-01-04,2003-01-04,1
SDN,2003-03-12,2003-03-12,2003-03-12,1
SDN,2003-05-11,2003-05-11,2003-05-11,1
SDN,2003-07-08,2003-07-08,2003-07-08,1
SDN,2003-07-28,2003-07-28,2003-07-28,2
SDN,2003-09-07,2003-09-07,2003-09-07,1
SDN,2003-10-28,2003-10-28,2003-10-28,1
SDN,2003-11-08,2003-11-08,2003-11-08,1
SDN,2003-11-17,2003-11-17,2003-11-17,1
SDN,2004-05-06,2004-05-06,2004-05-06,1
SDN,2004-05-15,2004-05-15,2004-05-15,1
SDN,2004-05-22,2004-05-22,2004-05-22,1
SDN,2004-07,2004-07-01,2004-07-31,1
SDN,2004-07-08,2004-07-08,2004-07-08,1
SDN,2004-10-11,2004-10-11,2004-10-11,1
SDN,2005-01-22,2005-01-22,2005-01-22,1
SDN,2005-02-23,2005-02-23,2005-02-23,1
SDN,2005-03-19,2005-03-19,2005-03-19,1
SDN,2005-04-18,2005-04-18,2005-04-18,1
SDN,2005-07-14,2005-07-14,2005-07-14,1
SDN,2005-07-25,2005-07-25,2005-07-25,1
SDN,2005-08-29,2005-08-29,2005-08-29,1
SDN,2005-09,2005-09-01,2005-09-30,1
SDN,2005-12-03,2005-12-03,2005-12-03,1
SDN,2006-01-01,2006-01-01,2006-01-01,1
SDN,2006-01-28,2006-01-28,2006-01-28,1
SDN,2006-02-11,2006-02-11,2006-02-11,1
SDN,2006-04-21,2006-04-21,2006-04-21,1
SDN,2006-08,2006-08-01,2006-08-31,1
SDN,2006-08-07,2006-08-07,2006-08-07,1
SDN,2006-08-13,2006-08-13,2006-08-13,1
SDN,2006-09-01,2006-09-01,2006-09-01,1
SDN,2006-12,2006-12-01,2006-12-31,1
SDN,2007-01-01,2007-01-01,2007-01-01,1
SDN,2007-07-03,2007-07-03,2007-07-03,1
SDN,2007-08,2007-08-01,2007-08-31,1
SDN,2007-10-18,2007-10-18,2007-10-18,1
SDN,2008-05-02,2008-05-02,2008-05-02,1
SDN,2008-05-04,2008-05-04,2008-05-04,1
SDN,2008-06-10,2008-06-10,2008-06-10,1
SDN,2008-07,2008-07-01,2008-07-31,1
SDN,2008-07-13,2008-07-13,2008-07-13,1
SDN,2008-09-24,2008-09-24,2008-09-24,1
SDN,2008-09-28,2008-09-28,2008-09-28,1
SDN,2008-09-29,2008-09-29,2008-09-29,1
SDN,2009-08-04,2009-08-04,2009-08-04,1
SDN,2009-08-16,2009-08-16,2009-08-16,1
SDN,2010-07-01,2010-07-01,2010-07-01,1
SDN,2010-07-10,2010-07-10,2010-07-10,1
SDN,2010-09-16,2010-09-16,2010-09-16,1
SDN,2010-09-18,2010-09-18,2010-09-18,1
SDN,2010-09-22,2010-09-22,2010-09-22,1
SDN,2010-12-04,2010-12-04,2010-12-04,1
SDN,2011-07-05,2011-07-05,2011-07-05,1
SDN,2011-08-03,2011-08-03,2011-08-03,1
SDN,2011-09,2011-09-01,2011-09-30,1
SDN,2011-11-03,2011-11-03,2011-11-03,1
SDN,2012-01,2012-01-01,2012-01-31,1
SDN,2012,2012-01-01,2012-12-31,1
SDN,2012-05-18,2012-05-18,2012-05-18,1
SDN,2012-08-01,2012-08-01,2012-08-01,1
SDN,2012-08-19,2012-08-19,2012-08-19,1
SDN,2012-09-02,2012-09-02,2012-09-02,1
SDN,2012-10-07,2012-10-07,2012-10-07,1
SDN,2012-10-13,2012-10-13,2012-10-13,1
SDN,2012-12-19,2012-12-19,2012-12-19,1
SDN,2013-05-02,2013-05-02,2013-05-02,1
SDN,2013-06-02,2013-06-02,2013-06-02,1
SDN,2013-06-04,2013-06-04,2013-06-04,1
SDN,2013-06-23,2013-06-23,2013-06-23,1
SDN,2013-07-18,2013-07-18,2013-07-18,1
SDN,2013-08-01,2013-08-01,2013-08-01,1
SDN,2013-08-03,2013-08-03,2013-08-03,1
SDN,2014-07-21,2014-07-21,2014-07-21,1
SDN,2014-07-25,2014-07-25,2014-07-25,1
SDN,2014-08-23,2014-08-23,2014-08-23,1
SDN,2014-09-22,2014-09-22,2014-09-22,1
SDN,2015-08,2015-08-01,2015-08-31,1
SDN,2015-08-08,2015-08-08,2015-08-08,1
SDN,2015-08-13,2015-08-13,2015-08-13,1
SDN,2016-06,2016-06-01,2016-06-30,1
SDN,2016-08-14,2016-08-14,2016-08-14,1
SDN,2016-09-19,2016-09-19,2016-09-19,1
SDN,2017-06-30,2017-06-30,2017-06-30,1
SDN,2017-09-18,2017-09-18,2017-09-18,1
SDN,2018-06-18,2018-06-18,2018-06-18,1
SDN,2018-07-23,2018-07-23,2018-07-23,1
SDN,2018-08-01,2018-08-01,2018-08-01,1
SDN,2018-08-15,2018-08-15,2018-08-15,1
SDN,2019,2019-01-01,2019-12-31,1
SDN,2019-06-08,2019-06-08,2019-06-08,1
SDN,2019-07,2019-07-01,2019-07-31,1
SDN,2019-08-29,2019-08-29,2019-08-29,1
SDN,2019-12-03,2019-12-03,2019-12-03,1
SDN,2020,2020-01-01,2020-12-31,1
SDN,2020-01-02,2020-01-02,2020-01-02,1
SDN,2020-02,2020-02-01,2020-02-29,1
SDN,2020-06,2020-06-01,2020-06-30,1
SDN,2021,2021-01-01,2021-12-31,1
SDN,2021-06,2021-06-01,2021-06-30,1
SDN,2021-07-20,2021-07-20,2021-07-20,1
SDN,2022,2022-01-01,2022-12-31,1
SDN,2022-05-10,2022-05-10,2022-05-10,1
SEN,2000-05-22,2000-05-22,2000-05-22,1
SEN,2001-03-16,2001-03-16,2001-03-16,1
SEN,2001-09-30,2001-09-30,2001-09-30,1
SEN,2002-01,2002-01-01,2002-01-31,1
SEN,2002-01-05,2002-01-05,2002-01-05,1
SEN,2002-01-09,2002-01-09,2002-01-09,1
SEN,2002-03-10,2002-03-10,2002-03-10,1
SEN,2002-08,2002-08-01,2002-08-31,1
SEN,2002-08-27,2002-08-27,2002-08-27,1
SEN,2003-04,2003-04-01,2003-04-30,1
SEN,2003-08-08,2003-08-08,2003-08-08,1
SEN,2003-12-03,2003-12-03,2003-12-03,1
SEN,2004-04-09,2004-04-09,2004-04-09,1
SEN,2004-05-25,2004-05-25,2004-05-25,1
SEN,2004-06-24,2004-06-24,2004-06-24,1
SEN,2004-07,2004-07-01,2004-07-31,1
SEN,2004-08-20,2004-08-20,2004-08-20,1
SEN,2004-10-05,2004-10-05,2004-10-05,1
SEN,2005-01-01,2005-01-01,2005-01-01,1
SEN,2005-08-20,2005-08-20,2005-08-20,1
SEN,2006-06-01,2006-06-01,2006-06-01,1
SEN,2006-07-29,2006-07-29,2006-07-29,1
SEN,2006-12-16,2006-12-16,2006-12-16,1
SEN,2007-08-03,2007-08-03,2007-08-03,1
SEN,2007-08-09,2007-08-09,2007-08-09,1
SEN,2007-12-08,2007-12-08,2007-12-08,1
SEN,2008-02-29,2008-02-29,2008-02-29,1
SEN,2008-06-24,2008-06-24,2008-06-24,1
SEN,2008-08-15,2008-08-15,2008-08-15,1
SEN,2008-09-03,2008-09-03,2008-09-03,1
SEN,2009-08-24,2009-08-24,2009-08-24,1
SEN,2010-08-12,2010-08-12,2010-08-12,1
SEN,2010-10-17,2010-10-17,2010-10-17,1
SEN,2011-08-01,2011-08-01,2011-08-01,1
SEN,2011-09-22,2011-09-22,2011-09-22,1
SEN,2011-12,2011-12-01,2011-12-31,1
SEN,2012-06-23,2012-06-23,2012-06-23,1
SEN,2012-08-07,2012-08-07,2012-08-07,1
SEN,2012-08-15,2012-08-15,2012-08-15,1
SEN,2013-01-01,2013-01-01,2013-01-01,1
SEN,2013-03-24,2013-03-24,2013-03-24,1
SEN,2013-09-13,2013-09-13,2013-09-13,1
SEN,2014-03-08,2014-03-08,2014-03-08,1
SEN,2014-09,2014-09-01,2014-09-30,1
SEN,2015-12-02,2015-12-02,2015-12-02,1
SEN,2016-07,2016-07-01,2016-07-31,1
SEN,2017-01-26,2017-01-26,2017-01-26,1
SEN,2017-03-05,2017-03-05,2017-03-05,1
SEN,2017-04-12,2017-04-12,2017-04-12,1
SEN,2017-04-24,2017-04-24,2017-04-24,1
SEN,2017-07,2017-07-01,2017-07-31,1
SEN,2017-11-06,2017-11-06,2017-11-06,1
SEN,2018-04,2018-04-01,2018-04-30,1
SEN,2019-06-04,2019-06-04,2019-06-04,1
SEN,2019-09-10,2019-09-10,2019-09-10,1
SEN,2020-09-05,2020-09-05,2020-09-05,1
SEN,2020-10-25,2020-10-25,2020-10-25,1
SEN,2020-10-29,2020-10-29,2020-10-29,1
SEN,2022-05-25,2022-05-25,2022-05-25,1
SEN,2022-06-27,2022-06-27,2022-06-27,1
SEN,2022-08-05,2022-08-05,2022-08-05,1
SEN,2023-01-16,2023-01-16,2023-01-16,1
SEN,2023-07-23,2023-07-23,2023-07-23,1
SEN,2023-07-26,2023-07-26,2023-07-26,1
SGP,2000-09,2000-09-01,2000-09-30,1
SGP,2016-01-01,2016-01-01,2016-01-01,1
SGP,2017-08-21,2017-08-21,2017-08-21,1
SHN,2001-05-23,2001-05-23,2001-05-23,1
SLB,2002-12-28,2002-12-28,2002-12-28,1
SLB,2003-01-26,2003-01-26,2003-01-26,1
SLB,2003-06-05,2003-06-05,2003-06-05,1
SLB,2007-04-01,2007-04-01,2007-04-01,1
SLB,2009-01-29,2009-01-29,2009-01-29,1
SLB,2010-01-03,2010-01-03,2010-01-03,1
SLB,2010-01-21,2010-01-21,2010-01-21,1
SLB,2010-03-15,2010-03-15,2010-03-15,1
SLB,2011-02-02,2011-02-02,2011-02-02,1
SLB,2012-02-01,2012-02-01,2012-02-01,1
SLB,2013-01,2013-01-01,2013-01-31,1
SLB,2013-02-06,2013-02-06,2013-02-06,1
SLB,2013-08-29,2013-08-29,2013-08-29,1
SLB,2014-04-01,2014-04-01,2014-04-01,1
SLB,2015,2015-01-01,2015-12-31,1
SLB,2015-03-06,2015-03-06,2015-03-06,1
SLB,2015-07-05,2015-07-05,2015-07-05,1
SLB,2016-10-08,2016-10-08,2016-10-08,1
SLB,2016-12-08,2016-12-08,2016-12-08,1
SLB,2018-12-29,2018-12-29,2018-12-29,1
SLB,2020-04-02,2020-04-02,2020-04-02,1
SLB,2023-10-24,2023-10-24,2023-10-24,1
SLE,2000-03-05,2000-03-05,2000-03-05,1
SLE,2000-06,2000-06-01,2000-06-30,1
SLE,2001-12-13,2001-12-13,2001-12-13,1
SLE,2003-10,2003-10-01,2003-10-31,1
SLE,2004-06-29,2004-06-29,2004-06-29,1
SLE,2004-07,2004-07-01,2004-07-31,1
SLE,2004-08-02,2004-08-02,2004-08-02,1
SLE,2005-08-14,2005-08-14,2005-08-14,1
SLE,2006-06-03,2006-06-03,2006-06-03,1
SLE,2007-06-03,2007-06-03,2007-06-03,1
SLE,2007-08,2007-08-01,2007-08-31,1
SLE,2007-08-02,2007-08-02,2007-08-02,1
SLE,2007-12-21,2007-12-21,2007-12-21,1
SLE,2008-06,2008-06-01,2008-06-30,1
SLE,2009-03-22,2009-03-22,2009-03-22,1
SLE,2009-08-13,2009-08-13,2009-08-13,1
SLE,2009-09-10,2009-09-10,2009-09-10,1
SLE,2010-08,2010-08-01,2010-08-31,1
SLE,2010-08-09,2010-08-09,2010-08-09,1
SLE,2011-08-10,2011-08-10,2011-08-10,1
SLE,2011-12-03,2011-12-03,2011-12-03,1
SLE,2012-01-01,2012-01-01,2012-01-01,1
SLE,2013-01-02,2013-01-02,2013-01-02,1
SLE,2013-08-01,2013-08-01,2013-08-01,1
SLE,2014-03-10,2014-03-10,2014-03-10,1
SLE,2014-05-05,2014-05-05,2014-05-05,1
SLE,2015-09-05,2015-09-05,2015-09-05,1
SLE,2017-08-14,2017-08-14,2017-08-14,1
SLE,2018-10-01,2018-10-01,2018-10-01,1
SLE,2019-08,2019-08-01,2019-08-31,1
SLE,2019-08-02,2019-08-02,2019-08-02,1
SLE,2021-03-24,2021-03-24,2021-03-24,1
SLE,2021-11-05,2021-11-05,2021-11-05,1
SLE,2022-08-28,2022-08-28,2022-08-28,1
SLE,2022-12-25,2022-12-25,2022-12-25,1
SLE,2023-05-06,2023-05-06,2023-05-06,1
SLV,2000-05-10,2000-05-10,2000-05-10,1
SLV,2000-09-05,2000-09-05,2000-09-05,1
SLV,2000-09-14,2000-09-14,2000-09-14,1
SLV,2000-10-01,2000-10-01,2000-10-01,1
SLV,2001-01-13,2001-01-13,2001-01-13,1
SLV,2001-02-13,2001-02-13,2001-02-13,1
SLV,2001-05,2001-05-01,2001-05-31,1
SLV,2001-09-18,2001-09-18,2001-09-18,1
SLV,2002-01-01,2002-01-01,2002-01-01,1
SLV,2002-01-15,2002-01-15,2002-01-15,1
SLV,2002-05-23,2002-05-23,2002-05-23,1
SLV,2002-09-21,2002-09-21,2002-09-21,1
SLV,2003-06-21,2003-06-21,2003-06-21,1
SLV,2004-08-14,2004-08-14,2004-08-14,1
SLV,2004-08-18,2004-08-18,2004-08-18,1
SLV,2005-05-05,2005-05-05,2005-05-05,1
SLV,2005-05-19,2005-05-19,2005-05-19,1
SLV,2005-06-24,2005-06-24,2005-06-24,1
SLV,2005-10-01,2005-10-01,2005-10-01,2
SLV,2005-10-03,2005-10-03,2005-10-03,1
SLV,2006-11,2006-11-01,2006-11-30,1
SLV,2006-12-17,2006-12-17,2006-12-17,1
SLV,2007-09-04,2007-09-04,2007-09-04,1
SLV,2007-10-12,2007-10-12,2007-10-12,1
SLV,2008-04-16,2008-04-16,2008-04-16,1
SLV,2008-07-03,2008-07-03,2008-07-03,1
SLV,2008-10-16,2008-10-16,2008-10-16,1
SLV,2009-01,2009-01-01,2009-01-31,2
SLV,2009-11-07,2009-11-07,2009-11-07,1
SLV,2010-05-29,2010-05-29,2010-05-29,1
SLV,2010-06-27,2010-06-27,2010-06-27,1
SLV,2010-09-25,2010-09-25,2010-09-25,1
SLV,2010-11-10,2010-11-10,2010-11-10,1
SLV,2011-09,2011-09-01,2011-09-30,1
SLV,2013-12-29,2013-12-29,2013-12-29,1
SLV,2014,2014-01-01,2014-12-31,1
SLV,2015-04,2015-04-01,2015-04-30,1
SLV,2015-05-02,2015-05-02,2015-05-02,1
SLV,2015-09-22,2015-09-22,2015-09-22,1
SLV,2017-10-05,2017-10-05,2017-10-05,1
SLV,2018-05-06,2018-05-06,2018-05-06,1
SLV,2018-06,2018-06-01,2018-06-30,1
SLV,2018-10-06,2018-10-06,2018-10-06,1
SLV,2019-01,2019-01-01,2019-01-31,1
SLV,2019-05-30,2019-05-30,2019-05-30,1
SLV,2020-02-16,2020-02-16,2020-02-16,1
SLV,2020-05-31,2020-05-31,2020-05-31,1
SLV,2020-10-29,2020-10-29,2020-10-29,1
SLV,2020-11-02,2020-11-02,2020-11-02,1
SLV,2020-11-17,2020-11-17,2020-11-17,1
SLV,2021-09-10,2021-09-10,2021-09-10,1
SLV,2022-07-02,2022-07-02,2022-07-02,1
SLV,2022-10-10,2022-10-10,2022-10-10,1
SLV,2023-05-20,2023-05-20,2023-05-20,1
SLV,2023-10-30,2023-10-30,2023-10-30,1
SOM,2000-01-01,2000-01-01,2000-01-01,1
SOM,2000-01,2000-01-01,2000-01-31,1
SOM,2000-02,2000-02-01,2000-02-29,1
SOM,2000-04,2000-04-01,2000-04-30,1
SOM,2000-05-01,2000-05-01,2000-05-01,1
SOM,2000-07-10,2000-07-10,2000-07-10,1
SOM,2000-10-14,2000-10-14,2000-10-14,1
SOM,2000-11-20,2000-11-20,2000-11-20,1
SOM,2001-05-18,2001-05-18,2001-05-18,2
SOM,2001-09-11,2001-09-11,2001-09-11,1
SOM,2001-10-13,2001-10-13,2001-10-13,1
SOM,2001-11-01,2001-11-01,2001-11-01,1
SOM,2002-02-20,2002-02-20,2002-02-20,1
SOM,2002-04-02,2002-04-02,2002-04-02,1
SOM,2002-04-12,2002-04-12,2002-04-12,1
SOM,2002-04-22,2002-04-22,2002-04-22,1
SOM,2003-05-04,2003-05-04,2003-05-04,1
SOM,2003-08-18,2003-08-18,2003-08-18,1
SOM,2004-01,2004-01-01,2004-01-31,1
SOM,2004-03-20,2004-03-20,2004-03-20,1
SOM,2004-09-24,2004-09-24,2004-09-24,1
SOM,2004-09-28,2004-09-28,2004-09-28,1
SOM,2004-12-26,2004-12-26,2004-12-26,1
SOM,2005,2005-01-01,2005-12-31,1
SOM,2005-03-03,2005-03-03,2005-03-03,1
SOM,2005-04-23,2005-04-23,2005-04-23,1
SOM,2005-04-29,2005-04-29,2005-04-29,1
SOM,2005-06-04,2005-06-04,2005-06-04,1
SOM,2005-06-26,2005-06-26,2005-06-26,1
SOM,2005-07-12,2005-07-12,2005-07-12,1
SOM,2005-09-12,2005-09-12,2005-09-12,1
SOM,2005-10-23,2005-10-23,2005-10-23,1
SOM,2006-05,2006-05-01,2006-05-31,1
SOM,2006-05-09,2006-05-09,2006-05-09,1
SOM,2006-06,2006-06-01,2006-06-30,1
SOM,2006-08-04,2006-08-04,2006-08-04,1
SOM,2006-08-24,2006-08-24,2006-08-24,1
SOM,2006-09,2006-09-01,2006-09-30,1
SOM,2006-10-23,2006-10-23,2006-10-23,1
SOM,2006-10-26,2006-10-26,2006-10-26,1
SOM,2006-12,2006-12-01,2006-12-31,1
SOM,2006-12-19,2006-12-19,2006-12-19,1
SOM,2007-07,2007-07-01,2007-07-31,1
SOM,2007-07-07,2007-07-07,2007-07-07,1
SOM,2007-09-01,2007-09-01,2007-09-01,1
SOM,2007-11-03,2007-11-03,2007-11-03,1
SOM,2007-11-14,2007-11-14,2007-11-14,1
SOM,2008-01,2008-01-01,2008-01-31,1
SOM,2008-02,2008-02-01,2008-02-29,1
SOM,2008-11-03,2008-11-03,2008-11-03,1
SOM,2009-05-14,2009-05-14,2009-05-14,1
SOM,2009-10-23,2009-10-23,2009-10-23,1
SOM,2010-02,2010-02-01,2010-02-28,1
SOM,2010-03-01,2010-03-01,2010-03-01,1
SOM,2010-04-24,2010-04-24,2010-04-24,1
SOM,2011-11-04,2011-11-04,2011-11-04,1
SOM,2012,2012-01-01,2012-12-31,1
SOM,2012-09-27,2012-09-27,2012-09-27,1
SOM,2012-11-21,2012-11-21,2012-11-21,1
SOM,2012-12-18,2012-12-18,2012-12-18,1
SOM,2013-05-01,2013-05-01,2013-05-01,1
SOM,2013-08,2013-08-01,2013-08-31,1
SOM,2013-11-08,2013-11-08,2013-11-08,1
SOM,2014-07,2014-07-01,2014-07-31,1
SOM,2014-10-24,2014-10-24,2014-10-24,1
SOM,2015-03,2015-03-01,2015-03-31,1
SOM,2015-08,2015-08-01,2015-08-31,1
SOM,2015-10-27,2015-10-27,2015-10-27,1
SOM,2015-11-02,2015-11-02,2015-11-02,1
SOM,2015-11-08,2015-11-08,2015-11-08,1
SOM,2016-01,2016-01-01,2016-01-31,1
SOM,2016-01-08,2016-01-08,2016-01-08,1
SOM,2016-04-06,2016-04-06,2016-04-06,1
SOM,2017-01,2017-01-01,2017-01-31,1
SOM,2018-04-01,2018-04-01,2018-04-01,1
SOM,2018-05-21,2018-05-21,2018-05-21,1
SOM,2019-02,2019-02-01,2019-02-28,1
SOM,2019-10,2019-10-01,2019-10-31,1
SOM,2019-11,2019-11-01,2019-11-30,1
SOM,2019-12-07,2019-12-07,2019-12-07,1
SOM,2020-04-20,2020-04-20,2020-04-20,1
SOM,2020-06-15,2020-06-15,2020-06-15,1
SOM,2020-11-22,2020-11-22,2020-11-22,1
SOM,2021-03,2021-03-01,2021-03-31,1
SOM,2021-05-01,2021-05-01,2021-05-01,1
SOM,2022-04-01,2022-04-01,2022-04-01,1
SOM,2022-05-12,2022-05-12,2022-05-12,1
SOM,2023-01-01,2023-01-01,2023-01-01,1
SOM,2023-03-12,2023-03-12,2023-03-12,1
SOM,2023-04,2023-04-01,2023-04-30,1
SOM,2023-09,2023-09-01,2023-09-30,1
SOM,2023-10,2023-10-01,2023-10-31,1
SOM,2023-12-06,2023-12-06,2023-12-06,1
SPI,2001-11-20,2001-11-20,2001-11-20,1
SPI,2002-03-31,2002-03-31,2002-03-31,1
SPI,2003-12-02,2003-12-02,2003-12-02,1
SPI,2004-01-16,2004-01-16,2004-01-16,1
SPI,2004-07-26,2004-07-26,2004-07-26,1
SPI,2004-08-13,2004-08-13,2004-08-13,1
SPI,2005-10-01,2005-10-01,2005-10-01,1
SPI,2005-11-27,2005-11-27,2005-11-27,1
SPI,2007-07,2007-07-01,2007-07-31,1
SPI,2007-09-07,2007-09-07,2007-09-07,1
SPI,2009-02-15,2009-02-15,2009-02-15,1
SPI,2021-09-19,2021-09-19,2021-09-19,1
SPI,2022-02-02,2022-02-02,2022-02-02,1
SRB,2007-07-16,2007-07-16,2007-07-16,1
SRB,2007-11-25,2007-11-25,2007-11-25,1
SRB,2009-01-15,2009-01-15,2009-01-15,1
SRB,2009-11-06,2009-11-06,2009-11-06,1
SRB,2010-01-28,2010-01-28,2010-01-28,1
SRB,2010-03-01,2010-03-01,2010-03-01,1
SRB,2010-05-15,2010-05-15,2010-05-15,1
SRB,2010-11-03,2010-11-03,2010-11-03,1
SRB,2010-12-01,2010-12-01,2010-12-01,1
SRB,2011-05-22,2011-05-22,2011-05-22,1
SRB,2012-01-06,2012-01-06,2012-01-06,1
SRB,2012-01-28,2012-01-28,2012-01-28,1
SRB,2012-12-07,2012-12-07,2012-12-07,1
SRB,2013-02-24,2013-02-24,2013-02-24,1
SRB,2013-03-14,2013-03-14,2013-03-14,1
SRB,2014-01-28,2014-01-28,2014-01-28,1
SRB,2014-04-19,2014-04-19,2014-04-19,1
SRB,2014-05-12,2014-05-12,2014-05-12,1
SRB,2014-08-06,2014-08-06,2014-08-06,1
SRB,2014-09-15,2014-09-15,2014-09-15,1
SRB,2016-03-06,2016-03-06,2016-03-06,1
SRB,2016-11-07,2016-11-07,2016-11-07,1
SRB,2017-01-20,2017-01-20,2017-01-20,1
SRB,2018-06-25,2018-06-25,2018-06-25,1
SRB,2019-06-02,2019-06-02,2019-06-02,1
SRB,2020-06-16,2020-06-16,2020-06-16,1
SRB,2021-01-11,2021-01-11,2021-01-11,1
SRB,2022-05-30,2022-05-30,2022-05-30,1
SRB,2023-01-18,2023-01-18,2023-01-18,1
SRB,2023-06-04,2023-06-04,2023-06-04,1
SRB,2023-07,2023-07-01,2023-07-31,1
SRB,2023-07-18,2023-07-18,2023-07-18,1
SRB,2023-07-21,2023-07-21,2023-07-21,1
SSD,2008-08,2008-08-01,2008-08-31,1
SSD,2008-10-03,2008-10-03,2008-10-03,1
SSD,2008-11-24,2008-11-24,2008-11-24,1
SSD,2009,2009-01-01,2009-12-31,1
SSD,2010-07-01,2010-07-01,2010-07-01,1
SSD,2010-08,2010-08-01,2010-08-31,1
SSD,2012-08-01,2012-08-01,2012-08-01,1
SSD,2012-09-07,2012-09-07,2012-09-07,1
SSD,2013-08,2013-08-01,2013-08-31,1
SSD,2013-10-14,2013-10-14,2013-10-14,1
SSD,2013-10-23,2013-10-23,2013-10-23,1
SSD,2014-04-23,2014-04-23,2014-04-23,1
SSD,2014-04-29,2014-04-29,2014-04-29,1
SSD,2014-09-29,2014-09-29,2014-09-29,1
SSD,2015-05-28,2015-05-28,2015-05-28,1
SSD,2015-09-16,2015-09-16,2015-09-16,1
SSD,2015-11-04,2015-11-04,2015-11-04,1
SSD,2016-01,2016-01-01,2016-01-31,1
SSD,2016-02,2016-02-01,2016-02-29,1
SSD,2016-07-01,2016-07-01,2016-07-01,1
SSD,2016-08-15,2016-08-15,2016-08-15,1
SSD,2018-09-09,2018-09-09,2018-09-09,1
SSD,2019-01,2019-01-01,2019-01-31,1
SSD,2019-05-08,2019-05-08,2019-05-08,1
SSD,2019-06-05,2019-06-05,2019-06-05,1
SSD,2019-10-01,2019-10-01,2019-10-01,1
SSD,2020-07,2020-07-01,2020-07-31,1
SSD,2021,2021-01-01,2021-12-31,1
SSD,2021-03-02,2021-03-02,2021-03-02,1
SSD,2021-05,2021-05-01,2021-05-31,1
SSD,2022-08,2022-08-01,2022-08-31,1
SSD,2023-02-22,2023-02-22,2023-02-22,1
STP,2005-10-06,2005-10-06,2005-10-06,1
STP,2007-07-26,2007-07-26,2007-07-26,1
STP,2008-09-16,2008-09-16,2008-09-16,1
STP,2021-12-27,2021-12-27,2021-12-27,1
STP,2022-03,2022-03-01,2022-03-31,1
SUR,2001-02-10,2001-02-10,2001-02-10,1
SUR,2006-05-07,2006-05-07,2006-05-07,1
SUR,2008-04-03,2008-04-03,2008-04-03,1
SUR,2008-06-01,2008-06-01,2008-06-01,1
SUR,2021-04,2021-04-01,2021-04-30,1
SUR,2022-03,2022-03-01,2022-03-31,1
SUR,2023-11-20,2023-11-20,2023-11-20,1
SVK,2000-10,2000-10-01,2000-10-31,1
SVK,2001-07-24,2001-07-24,2001-07-24,1
SVK,2002-08-16,2002-08-16,2002-08-16,1
SVK,2003-07,2003-07-01,2003-07-31,1
SVK,2003-08-03,2003-08-03,2003-08-03,1
SVK,2004-07-27,2004-07-27,2004-07-27,1
SVK,2004-11-19,2004-11-19,2004-11-19,1
SVK,2005-03-17,2005-03-17,2005-03-17,1
SVK,2005-12-27,2005-12-27,2005-12-27,1
SVK,2006-03-28,2006-03-28,2006-03-28,1
SVK,2006-06-04,2006-06-04,2006-06-04,1
SVK,2007-07-15,2007-07-15,2007-07-15,1
SVK,2007-08-03,2007-08-03,2007-08-03,1
SVK,2009-02-21,2009-02-21,2009-02-21,1
SVK,2009-08-10,2009-08-10,2009-08-10,1
SVK,2010-05-15,2010-05-15,2010-05-15,1
SVK,2010-06-01,2010-06-01,2010-06-01,1
SVK,2010-11,2010-11-01,2010-11-30,1
SVK,2012-01,2012-01-01,2012-01-31,1
SVK,2013-06-03,2013-06-03,2013-06-03,1
SVK,2017-08-10,2017-08-10,2017-08-10,1
SVK,2019-08-22,2019-08-22,2019-08-22,1
SVK,2019-11-13,2019-11-13,2019-11-13,1
SVK,2019-12-06,2019-12-06,2019-12-06,1
SVK,2020-10-12,2020-10-12,2020-10-12,1
SVK,2021-05-16,2021-05-16,2021-05-16,1
SVK,2022-05-30,2022-05-30,2022-05-30,1
SVK,2023-07,2023-07-01,2023-07-31,1
SVK,2023-07-18,2023-07-18,2023-07-18,1
SVN,2003-07,2003-07-01,2003-07-31,1
SVN,2004-07-12,2004-07-12,2004-07-12,1
SVN,2005-08-19,2005-08-19,2005-08-19,1
SVN,2007-01-17,2007-01-17,2007-01-17,1
SVN,2007-09-18,2007-09-18,2007-09-18,1
SVN,2008-07-04,2008-07-04,2008-07-04,1
SVN,2010-09-17,2010-09-17,2010-09-17,1
SVN,2012-11-05,2012-11-05,2012-11-05,1
SVN,2014-01-31,2014-01-31,2014-01-31,1
SVN,2014-09-13,2014-09-13,2014-09-13,1
SVN,2020-02-09,2020-02-09,2020-02-09,1
SVN,2021-09-29,2021-09-29,2021-09-29,1
SVN,2022-05-30,2022-05-30,2022-05-30,1
SVN,2023-07,2023-07-01,2023-07-31,1
SVN,2023-07-18,2023-07-18,2023-07-18,1
SVN,2023-08-03,2023-08-03,2023-08-03,1
SWE,2002-04-22,2002-04-22,2002-04-22,1
SWE,2002-10-27,2002-10-27,2002-10-27,1
SWE,2005-01-07,2005-01-07,2005-01-07,1
SWE,2005-12,2005-12-01,2005-12-31,1
SWE,2013-10-27,2013-10-27,2013-10-27,1
SWE,2013-12-07,2013-12-07,2013-12-07,1
SWE,2018-07-08,2018-07-08,2018-07-08,1
SWE,2020-02-07,2020-02-07,2020-02-07,1
SWE,2021-08-17,2021-08-17,2021-08-17,1
SWE,2022-05-30,2022-05-30,2022-05-30,1
SWE,2023-07,2023-07-01,2023-07-31,1
SWZ,2000-01,2000-01-01,2000-01-31,1
SWZ,2000-12-12,2000-12-12,2000-12-12,1
SWZ,2001,2001-01-01,2001-12-31,1
SWZ,2001-01-13,2001-01-13,2001-01-13,1
SWZ,2004-07-29,2004-07-29,2004-07-29,1
SWZ,2005-01-23,2005-01-23,2005-01-23,1
SWZ,2006-08-01,2006-08-01,2006-08-01,1
SWZ,2007-07,2007-07-01,2007-07-31,1
SWZ,2007-07-27,2007-07-27,2007-07-27,1
SWZ,2008-02-04,2008-02-04,2008-02-04,1
SWZ,2014-12-16,2014-12-16,2014-12-16,1
SWZ,2015-08-28,2015-08-28,2015-08-28,1
SWZ,2016-02,2016-02-01,2016-02-29,1
SWZ,2019,2019-01-01,2019-12-31,1
SWZ,2021-01-23,2021-01-23,2021-01-23,1
SWZ,2022-11-05,2022-11-05,2022-11-05,1
SXM,2017-09-08,2017-09-08,2017-09-08,1
SYC,2002-09-05,2002-09-05,2002-09-05,1
SYC,2004-12-26,2004-12-26,2004-12-26,1
SYC,2006-01,2006-01-01,2006-01-31,1
SYC,2013-02-07,2013-02-07,2013-02-07,1
SYC,2014-01-24,2014-01-24,2014-01-24,1
SYC,2016-01,2016-01-01,2016-01-31,1
SYC,2023-12-07,2023-12-07,2023-12-07,1
SYR,2000-11-27,2000-11-27,2000-11-27,1
SYR,2001-02-21,2001-02-21,2001-02-21,1
SYR,2001-06-26,2001-06-26,2001-06-26,1
SYR,2002-06-04,2002-06-04,2002-06-04,1
SYR,2002-10-02,2002-10-02,2002-10-02,1
SYR,2002-12-16,2002-12-16,2002-12-16,1
SYR,2004-02-22,2004-02-22,2004-02-22,1
SYR,2004-08-15,2004-08-15,2004-08-15,1
SYR,2005-01-24,2005-01-24,2005-01-24,1
SYR,2005-03-31,2005-03-31,2005-03-31,1
SYR,2005-12-04,2005-12-04,2005-12-04,1
SYR,2006-03-25,2006-03-25,2006-03-25,1
SYR,2006-10-03,2006-10-03,2006-10-03,1
SYR,2006-10-29,2006-10-29,2006-10-29,1
SYR,2007-01-27,2007-01-27,2007-01-27,1
SYR,2007-07-21,2007-07-21,2007-07-21,1
SYR,2008,2008-01-01,2008-12-31,1
SYR,2009-03-19,2009-03-19,2009-03-19,1
SYR,2009-12-06,2009-12-06,2009-12-06,1
SYR,2011-04-21,2011-04-21,2011-04-21,1
SYR,2015-01-07,2015-01-07,2015-01-07,1
SYR,2015-01-18,2015-01-18,2015-01-18,1
SYR,2015-05-31,2015-05-31,2015-05-31,1
SYR,2015-09-08,2015-09-08,2015-09-08,1
SYR,2019-02-02,2019-02-02,2019-02-02,1
SYR,2019-03-30,2019-03-30,2019-03-30,1
SYR,2019-08-03,2019-08-03,2019-08-03,1
SYR,2020-03-07,2020-03-07,2020-03-07,1
SYR,2020-09-01,2020-09-01,2020-09-01,1
SYR,2021-01,2021-01-01,2021-01-31,1
SYR,2021-01-14,2021-01-14,2021-01-14,1
SYR,2022-01-18,2022-01-18,2022-01-18,1
SYR,2022-03-01,2022-03-01,2022-03-01,1
SYR,2022-09-11,2022-09-11,2022-09-11,1
SYR,2022-09-22,2022-09-22,2022-09-22,1
SYR,2023,2023-01-01,2023-12-31,1
SYR,2023-01-22,2023-01-22,2023-01-22,1
SYR,2023-02-06,2023-02-06,2023-02-06,1
SYR,2023-02-20,2023-02-20,2023-02-20,1
SYR,2023-02-27,2023-02-27,2023-02-27,1
SYR,2023-03-19,2023-03-19,2023-03-19,1
SYR,2023-06,2023-06-01,2023-06-30,1
TCA,2004-09-01,2004-09-01,2004-09-01,1
TCA,2008-08-26,2008-08-26,2008-08-26,1
TCA,2008-09-01,2008-09-01,2008-09-01,1
TCA,2008-09-06,2008-09-06,2008-09-06,1
TCA,2009-07-27,2009-07-27,2009-07-27,1
TCA,2013-12-25,2013-12-25,2013-12-25,1
TCA,2017-09-08,2017-09-08,2017-09-08,1
TCD,2000-01,2000-01-01,2000-01-31,1
TCD,2000-12-25,2000-12-25,2000-12-25,1
TCD,2001-01,2001-01-01,2001-01-31,1
TCD,2001-04-12,2001-04-12,2001-04-12,1
TCD,2001-06-26,2001-06-26,2001-06-26,1
TCD,2001-08-19,2001-08-19,2001-08-19,1
TCD,2003-11-24,2003-11-24,2003-11-24,1
TCD,2004-06-14,2004-06-14,2004-06-14,1
TCD,2004-07,2004-07-01,2004-07-31,1
TCD,2004-07-17,2004-07-17,2004-07-17,1
TCD,2004-10-21,2004-10-21,2004-10-21,1
TCD,2005-01-03,2005-01-03,2005-01-03,1
TCD,2005-01-13,2005-01-13,2005-01-13,1
TCD,2006-06-13,2006-06-13,2006-06-13,1
TCD,2006-09-05,2006-09-05,2006-09-05,1
TCD,2007-05-07,2007-05-07,2007-05-07,1
TCD,2007-08-09,2007-08-09,2007-08-09,1
TCD,2007-08-25,2007-08-25,2007-08-25,1
TCD,2008-01-01,2008-01-01,2008-01-01,1
TCD,2008-07-20,2008-07-20,2008-07-20,1
TCD,2008-09-15,2008-09-15,2008-09-15,1
TCD,2009-01,2009-01-01,2009-01-31,1
TCD,2009-08-10,2009-08-10,2009-08-10,1
TCD,2009-09-12,2009-09-12,2009-09-12,1
TCD,2009-12,2009-12-01,2009-12-31,1
TCD,2010-01,2010-01-01,2010-01-31,2
TCD,2010-06,2010-06-01,2010-06-30,1
TCD,2010-08-15,2010-08-15,2010-08-15,1
TCD,2011-03-18,2011-03-18,2011-03-18,1
TCD,2011-08-09,2011-08-09,2011-08-09,1
TCD,2012-01,2012-01-01,2012-01-31,1
TCD,2012-06,2012-06-01,2012-06-30,1
TCD,2012-07-15,2012-07-15,2012-07-15,1
TCD,2012-09-15,2012-09-15,2012-09-15,1
TCD,2017-03,2017-03-01,2017-03-31,1
TCD,2017-08-14,2017-08-14,2017-08-14,1
TCD,2018-05-30,2018-05-30,2018-05-30,1
TCD,2019-09,2019-09-01,2019-09-30,1
TCD,2019-09-27,2019-09-27,2019-09-27,1
TCD,2020-04-20,2020-04-20,2020-04-20,1
TCD,2020-08-01,2020-08-01,2020-08-01,1
TCD,2021-06-26,2021-06-26,2021-06-26,1
TCD,2022-06,2022-06-01,2022-06-30,1
TCD,2022-06-06,2022-06-06,2022-06-06,1
TCD,2023-01-27,2023-01-27,2023-01-27,1
TGO,2001-01-01,2001-01-01,2001-01-01,1
TGO,2001-04-01,2001-04-01,2001-04-01,1
TGO,2002-01,2002-01-01,2002-01-31,1
TGO,2003-12-29,2003-12-29,2003-12-29,1
TGO,2006-06-20,2006-06-20,2006-06-20,1
TGO,2007-08,2007-08-01,2007-08-31,1
TGO,2007-11-30,2007-11-30,2007-11-30,1
TGO,2007-12-02,2007-12-02,2007-12-02,1
TGO,2008-07-01,2008-07-01,2008-07-01,1
TGO,2008-12-12,2008-12-12,2008-12-12,1
TGO,2009-03-09,2009-03-09,2009-03-09,1
TGO,2009-07,2009-07-01,2009-07-31,1
TGO,2010-01-01,2010-01-01,2010-01-01,1
TGO,2010-06-05,2010-06-05,2010-06-05,1
TGO,2010-07-01,2010-07-01,2010-07-01,1
TGO,2010-09,2010-09-01,2010-09-30,1
TGO,2011-05-08,2011-05-08,2011-05-08,1
TGO,2013-08-30,2013-08-30,2013-08-30,1
TGO,2014-02-23,2014-02-23,2014-02-23,1
TGO,2014-04-15,2014-04-15,2014-04-15,1
TGO,2014-08-22,2014-08-22,2014-08-22,1
TGO,2015-12,2015-12-01,2015-12-31,1
TGO,2017-08,2017-08-01,2017-08-31,1
TGO,2018-07-27,2018-07-27,2018-07-27,1
TGO,2020-09-01,2020-09-01,2020-09-01,1
TGO,2022-06-28,2022-06-28,2022-06-28,1
TGO,2022-10,2022-10-01,2022-10-31,1
THA,2000-01,2000-01-01,2000-01-31,1
THA,2000-02-16,2000-02-16,2000-02-16,1
THA,2000-02-25,2000-02-25,2000-02-25,1
THA,2000-02-27,2000-02-27,2000-02-27,1
THA,2000-03-06,2000-03-06,2000-03-06,1
THA,2000-03-24,2000-03-24,2000-03-24,1
THA,2000-06-21,2000-06-21,2000-06-21,1
THA,2000-07,2000-07-01,2000-07-31,1
THA,2000-08-21,2000-08-21,2000-08-21,1
THA,2000-08-29,2000-08-29,2000-08-29,1
THA,2000-09,2000-09-01,2000-09-30,1
THA,2000-11-21,2000-11-21,2000-11-21,1
THA,2000-11-27,2000-11-27,2000-11-27,1
THA,2001-03-06,2001-03-06,2001-03-06,1
THA,2001-03-11,2001-03-11,2001-03-11,1
THA,2001-05-04,2001-05-04,2001-05-04,1
THA,2001-06-27,2001-06-27,2001-06-27,2
THA,2001-08-04,2001-08-04,2001-08-04,1
THA,2001-08-08,2001-08-08,2001-08-08,1
THA,2001-08-31,2001-08-31,2001-08-31,1
THA,2001-10-25,2001-10-25,2001-10-25,1
THA,2001-11-01,2001-11-01,2001-11-01,1
THA,2002-01-12,2002-01-12,2002-01-12,1
THA,2002-01-24,2002-01-24,2002-01-24,1
THA,2002-02,2002-02-01,2002-02-28,1
THA,2002-04-23,2002-04-23,2002-04-23,1
THA,2002-09-03,2002-09-03,2002-09-03,1
THA,2002-09-29,2002-09-29,2002-09-29,1
THA,2002-10,2002-10-01,2002-10-31,1
THA,2002-12-19,2002-12-19,2002-12-19,1
THA,2003-04-11,2003-04-11,2003-04-11,1
THA,2003-10-03,2003-10-03,2003-10-03,1
THA,2003-10-15,2003-10-15,2003-10-15,2
THA,2003-12-11,2003-12-11,2003-12-11,1
THA,2004-04-23,2004-04-23,2004-04-23,1
THA,2004-05-18,2004-05-18,2004-05-18,1
THA,2004-05-20,2004-05-20,2004-05-20,1
THA,2004-05-25,2004-05-25,2004-05-25,1
THA,2004-06-04,2004-06-04,2004-06-04,1
THA,2004-08-06,2004-08-06,2004-08-06,1
THA,2004-09-15,2004-09-15,2004-09-15,1
THA,2004-10-03,2004-10-03,2004-10-03,1
THA,2004-10-18,2004-10-18,2004-10-18,1
THA,2004-12-10,2004-12-10,2004-12-10,1
THA,2004-12-26,2004-12-26,2004-12-26,1
THA,2005-01,2005-01-01,2005-01-31,1
THA,2005-01-17,2005-01-17,2005-01-17,1
THA,2005-01-25,2005-01-25,2005-01-25,1
THA,2005-03-05,2005-03-05,2005-03-05,1
THA,2005-05-21,2005-05-21,2005-05-21,1
THA,2005-08,2005-08-01,2005-08-31,1
THA,2005-08-13,2005-08-13,2005-08-13,1
THA,2005-09-26,2005-09-26,2005-09-26,1
THA,2005-11-23,2005-11-23,2005-11-23,1
THA,2006-02-10,2006-02-10,2006-02-10,1
THA,2006-05-22,2006-05-22,2006-05-22,1
THA,2006-08-20,2006-08-20,2006-08-20,1
THA,2007-01-14,2007-01-14,2007-01-14,1
THA,2007-01-19,2007-01-19,2007-01-19,1
THA,2007-03-20,2007-03-20,2007-03-20,1
THA,2007-04-14,2007-04-14,2007-04-14,1
THA,2007-05-11,2007-05-11,2007-05-11,1
THA,2007-09-05,2007-09-05,2007-09-05,1
THA,2007-09-16,2007-09-16,2007-09-16,1
THA,2007-10-22,2007-10-22,2007-10-22,1
THA,2007-12-07,2007-12-07,2007-12-07,1
THA,2007-12-23,2007-12-23,2007-12-23,1
THA,2008-04,2008-04-01,2008-04-30,1
THA,2008-05-02,2008-05-02,2008-05-02,1
THA,2008-08-05,2008-08-05,2008-08-05,1
THA,2008-08-11,2008-08-11,2008-08-11,1
THA,2008-09-13,2008-09-13,2008-09-13,1
THA,2008-10-10,2008-10-10,2008-10-10,1
THA,2008-11-20,2008-11-20,2008-11-20,1
THA,2008-12-29,2008-12-29,2008-12-29,1
THA,2009-01-01,2009-01-01,2009-01-01,1
THA,2009-03-27,2009-03-27,2009-03-27,1
THA,2009-11-07,2009-11-07,2009-11-07,1
THA,2010-03,2010-03-01,2010-03-31,1
THA,2010-03-24,2010-03-24,2010-03-24,1
THA,2010-08,2010-08-01,2010-08-31,1
THA,2010-10-10,2010-10-10,2010-10-10,1
THA,2011-03-23,2011-03-23,2011-03-23,1
THA,2011-03-24,2011-03-24,2011-03-24,1
THA,2011-08-04,2011-08-04,2011-08-04,1
THA,2011-08-05,2011-08-05,2011-08-05,1
THA,2011-09,2011-09-01,2011-09-30,1
THA,2011-12-31,2011-12-31,2011-12-31,1
THA,2012-04,2012-04-01,2012-04-30,1
THA,2012-05-05,2012-05-05,2012-05-05,1
THA,2012-08-15,2012-08-15,2012-08-15,1
THA,2013-03-22,2013-03-22,2013-03-22,1
THA,2013-07-22,2013-07-22,2013-07-22,1
THA,2013-07-23,2013-07-23,2013-07-23,1
THA,2013-07-25,2013-07-25,2013-07-25,1
THA,2013-09-30,2013-09-30,2013-09-30,1
THA,2013-10-23,2013-10-23,2013-10-23,1
THA,2013-11-20,2013-11-20,2013-11-20,1
THA,2013-12-27,2013-12-27,2013-12-27,1
THA,2014-01,2014-01-01,2014-01-31,1
THA,2014-02-25,2014-02-25,2014-02-25,1
THA,2014-02-28,2014-02-28,2014-02-28,1
THA,2014-03,2014-03-01,2014-03-31,1
THA,2014-03-16,2014-03-16,2014-03-16,1
THA,2014-03-24,2014-03-24,2014-03-24,1
THA,2014-03-25,2014-03-25,2014-03-25,1
THA,2014-05-05,2014-05-05,2014-05-05,1
THA,2014-09-01,2014-09-01,2014-09-01,1
THA,2014-11-07,2014-11-07,2014-11-07,1
THA,2014-12,2014-12-01,2014-12-31,1
THA,2014-12-13,2014-12-13,2014-12-13,1
THA,2015-01,2015-01-01,2015-01-31,1
THA,2015-09-15,2015-09-15,2015-09-15,1
THA,2015-12-20,2015-12-20,2015-12-20,1
THA,2016-01-20,2016-01-20,2016-01-20,1
THA,2016-05-23,2016-05-23,2016-05-23,1
THA,2016-08-15,2016-08-15,2016-08-15,1
THA,2016-09-18,2016-09-18,2016-09-18,1
THA,2016-10-06,2016-10-06,2016-10-06,1
THA,2016-10-21,2016-10-21,2016-10-21,1
THA,2016-11-22,2016-11-22,2016-11-22,1
THA,2016-12-01,2016-12-01,2016-12-01,1
THA,2017-01-01,2017-01-01,2017-01-01,1
THA,2017-07-05,2017-07-05,2017-07-05,1
THA,2017-07-17,2017-07-17,2017-07-17,1
THA,2017-09-17,2017-09-17,2017-09-17,1
THA,2017-10-10,2017-10-10,2017-10-10,1
THA,2017-11-25,2017-11-25,2017-11-25,1
THA,2018-03-22,2018-03-22,2018-03-22,1
THA,2018-03-29,2018-03-29,2018-03-29,1
THA,2018-07-06,2018-07-06,2018-07-06,1
THA,2019-01-04,2019-01-04,2019-01-04,1
THA,2019-07,2019-07-01,2019-07-31,1
THA,2019-09-11,2019-09-11,2019-09-11,1
THA,2020-04-29,2020-04-29,2020-04-29,1
THA,2020-08-01,2020-08-01,2020-08-01,1
THA,2020-08-22,2020-08-22,2020-08-22,1
THA,2020-09-18,2020-09-18,2020-09-18,1
THA,2020-10-09,2020-10-09,2020-10-09,1
THA,2020-10-11,2020-10-11,2020-10-11,1
THA,2020-11-25,2020-11-25,2020-11-25,1
THA,2020-12-16,2020-12-16,2020-12-16,1
THA,2021-01-05,2021-01-05,2021-01-05,1
THA,2021-03-22,2021-03-22,2021-03-22,1
THA,2021-07-05,2021-07-05,2021-07-05,1
THA,2021-08-27,2021-08-27,2021-08-27,1
THA,2021-09-19,2021-09-19,2021-09-19,1
THA,2021-10-12,2021-10-12,2021-10-12,1
THA,2021-11-29,2021-11-29,2021-11-29,1
THA,2022-02-25,2022-02-25,2022-02-25,1
THA,2022-04-03,2022-04-03,2022-04-03,1
THA,2022-05-05,2022-05-05,2022-05-05,1
THA,2022-05-14,2022-05-14,2022-05-14,1
THA,2022-05-20,2022-05-20,2022-05-20,1
THA,2022-07-17,2022-07-17,2022-07-17,1
THA,2022-08-04,2022-08-04,2022-08-04,1
THA,2022-08-14,2022-08-14,2022-08-14,1
THA,2022-09,2022-09-01,2022-09-30,1
THA,2022-09-28,2022-09-28,2022-09-28,1
THA,2022-11-08,2022-11-08,2022-11-08,1
THA,2022-12-19,2022-12-19,2022-12-19,1
THA,2022-12-20,2022-12-20,2022-12-20,1
THA,2023-01-21,2023-01-21,2023-01-21,1
THA,2023-04-23,2023-04-23,2023-04-23,1
THA,2023-07-03,2023-07-03,2023-07-03,1
THA,2023-12-05,2023-12-05,2023-12-05,1
THA,2023-12-22,2023-12-22,2023-12-22,1
TJK,2000-05,2000-05-01,2000-05-31,1
TJK,2000-10-30,2000-10-30,2000-10-30,1
TJK,2001-05-20,2001-05-20,2001-05-20,1
TJK,2001-06-16,2001-06-16,2001-06-16,1
TJK,2001-08-28,2001-08-28,2001-08-28,1
TJK,2002-01-09,2002-01-09,2002-01-09,1
TJK,2002-03-03,2002-03-03,2002-03-03,1
TJK,2002-03-23,2002-03-23,2002-03-23,1
TJK,2002-05-14,2002-05-14,2002-05-14,1
TJK,2002-06-16,2002-06-16,2002-06-16,1
TJK,2002-08-07,2002-08-07,2002-08-07,1
TJK,2003-02-26,2003-02-26,2003-02-26,1
TJK,2003-04-13,2003-04-13,2003-04-13,1
TJK,2003-06-06,2003-06-06,2003-06-06,1
TJK,2003-10,2003-10-01,2003-10-31,1
TJK,2004-04-01,2004-04-01,2004-04-01,1
TJK,2004-07-13,2004-07-13,2004-07-13,1
TJK,2005-02-03,2005-02-03,2005-02-03,1
TJK,2005-06-08,2005-06-08,2005-06-08,1
TJK,2005-07-23,2005-07-23,2005-07-23,1
TJK,2005-10-03,2005-10-03,2005-10-03,1
TJK,2006-01-07,2006-01-07,2006-01-07,1
TJK,2006-01-26,2006-01-26,2006-01-26,1
TJK,2006-04-24,2006-04-24,2006-04-24,1
TJK,2006-07-29,2006-07-29,2006-07-29,1
TJK,2007-04-16,2007-04-16,2007-04-16,1
TJK,2007-07-21,2007-07-21,2007-07-21,1
TJK,2007-07-22,2007-07-22,2007-07-22,1
TJK,2007-12-22,2007-12-22,2007-12-22,1
TJK,2008-01,2008-01-01,2008-01-31,1
TJK,2008-10,2008-10-01,2008-10-31,1
TJK,2009-04-21,2009-04-21,2009-04-21,1
TJK,2010-01-01,2010-01-01,2010-01-01,1
TJK,2010-01-02,2010-01-02,2010-01-02,1
TJK,2010-04-11,2010-04-11,2010-04-11,1
TJK,2010-05-06,2010-05-06,2010-05-06,1
TJK,2010-10-06,2010-10-06,2010-10-06,1
TJK,2011-06-11,2011-06-11,2011-06-11,1
TJK,2011-07-19,2011-07-19,2011-07-19,1
TJK,2012-02,2012-02-01,2012-02-29,2
TJK,2012-05-13,2012-05-13,2012-05-13,1
TJK,2013-01,2013-01-01,2013-01-31,1
TJK,2014-04-22,2014-04-22,2014-04-22,1
TJK,2014-05-10,2014-05-10,2014-05-10,1
TJK,2015-04-03,2015-04-03,2015-04-03,1
TJK,2015-05-11,2015-05-11,2015-05-11,1
TJK,2015-07-15,2015-07-15,2015-07-15,1
TJK,2015-12-07,2015-12-07,2015-12-07,1
TJK,2016-05-09,2016-05-09,2016-05-09,1
TJK,2016-07-01,2016-07-01,2016-07-01,1
TJK,2017-01-27,2017-01-27,2017-01-27,1
TJK,2017-04,2017-04-01,2017-04-30,1
TJK,2017-06-26,2017-06-26,2017-06-26,1
TJK,2018-05-16,2018-05-16,2018-05-16,1
TJK,2019-06-01,2019-06-01,2019-06-01,1
TJK,2020-05-14,2020-05-14,2020-05-14,1
TJK,2021-05-07,2021-05-07,2021-05-07,1
TJK,2021-07-10,2021-07-10,2021-07-10,1
TJK,2021-07-19,2021-07-19,2021-07-19,1
TJK,2023-03-23,2023-03-23,2023-03-23,1
TJK,2023-08-27,2023-08-27,2023-08-27,1
TKL,2005-02-28,2005-02-28,2005-02-28,1
TKM,2000-12-06,2000-12-06,2000-12-06,1
TKM,2011-07-07,2011-07-07,2011-07-07,1
TLS,2001-06-20,2001-06-20,2001-06-20,1
TLS,2003-06-16,2003-06-16,2003-06-16,1
TLS,2003-12,2003-12-01,2003-12-31,1
TLS,2005-01-05,2005-01-05,2005-01-05,1
TLS,2006-01-15,2006-01-15,2006-01-15,1
TLS,2007-02,2007-02-01,2007-02-28,1
TLS,2007-06,2007-06-01,2007-06-30,1
TLS,2014-01,2014-01-01,2014-01-31,1
TLS,2015-11-04,2015-11-04,2015-11-04,1
TLS,2016-04,2016-04-01,2016-04-30,1
TLS,2020-03-13,2020-03-13,2020-03-13,1
TLS,2021-04-05,2021-04-05,2021-04-05,1
TLS,2022-01,2022-01-01,2022-01-31,1
TON,2001-12-31,2001-12-31,2001-12-31,1
TON,2004-01-06,2004-01-06,2004-01-06,1
TON,2009-08-06,2009-08-06,2009-08-06,1
TON,2009-09-29,2009-09-29,2009-09-29,1
TON,2011-01-25,2011-01-25,2011-01-25,1
TON,2014-01-06,2014-01-06,2014-01-06,1
TON,2015-08,2015-08-01,2015-08-31,1
TON,2016-01-02,2016-01-02,2016-01-02,1
TON,2016-02-19,2016-02-19,2016-02-19,1
TON,2016-04-07,2016-04-07,2016-04-07,1
TON,2018-02-12,2018-02-12,2018-02-12,1
TON,2019-10,2019-10-01,2019-10-31,1
TON,2019-10-22,2019-10-22,2019-10-22,1
TON,2020-04-06,2020-04-06,2020-04-06,1
TON,2022-01-15,2022-01-15,2022-01-15,1
TTO,2004-09-09,2004-09-09,2004-09-09,1
TTO,2004-11-12,2004-11-12,2004-11-12,1
TTO,2005-07-14,2005-07-14,2005-07-14,1
TTO,2010-01,2010-01-01,2010-01-31,1
TTO,2018-10-19,2018-10-19,2018-10-19,1
TTO,2022-11-26,2022-11-26,2022-11-26,1
TUN,2000-05-25,2000-05-25,2000-05-25,1
TUN,2002-04-30,2002-04-30,2002-04-30,1
TUN,2002-05-07,2002-05-07,2002-05-07,1
TUN,2003-01-14,2003-01-14,2003-01-14,1
TUN,2003-06-20,2003-06-20,2003-06-20,1
TUN,2003-10-20,2003-10-20,2003-10-20,1
TUN,2004-05-23,2004-05-23,2004-05-23,1
TUN,2004-06-04,2004-06-04,2004-06-04,1
TUN,2004-10-02,2004-10-02,2004-10-02,1
TUN,2006-07-25,2006-07-25,2006-07-25,1
TUN,2007-04,2007-04-01,2007-04-30,1
TUN,2007-10-13,2007-10-13,2007-10-13,1
TUN,2008-04-19,2008-04-19,2008-04-19,1
TUN,2009-01-18,2009-01-18,2009-01-18,1
TUN,2009-03-20,2009-03-20,2009-03-20,1
TUN,2009-09-22,2009-09-22,2009-09-22,1
TUN,2011-03-31,2011-03-31,2011-03-31,1
TUN,2011-05-31,2011-05-31,2011-05-31,1
TUN,2014-02-21,2014-02-21,2014-02-21,1
TUN,2015-06-16,2015-06-16,2015-06-16,1
TUN,2017-07-29,2017-07-29,2017-07-29,1
TUN,2017-10-08,2017-10-08,2017-10-08,1
TUN,2018-06-02,2018-06-02,2018-06-02,1
TUN,2018-09-21,2018-09-21,2018-09-21,1
TUN,2019-07-04,2019-07-04,2019-07-04,1
TUN,2019-12-01,2019-12-01,2019-12-01,1
TUN,2020-06-12,2020-06-12,2020-06-12,1
TUN,2020-09-05,2020-09-05,2020-09-05,1
TUN,2020-10-11,2020-10-11,2020-10-11,1
TUN,2020-12-24,2020-12-24,2020-12-24,1
TUN,2021-03-09,2021-03-09,2021-03-09,1
TUN,2021-04-16,2021-04-16,2021-04-16,1
TUN,2021-05-13,2021-05-13,2021-05-13,1
TUN,2021-07-03,2021-07-03,2021-07-03,1
TUN,2021-07-24,2021-07-24,2021-07-24,1
TUN,2021-10-17,2021-10-17,2021-10-17,1
TUN,2021-10-23,2021-10-23,2021-10-23,1
TUN,2022-03-19,2022-03-19,2022-03-19,1
TUN,2022-04-09,2022-04-09,2022-04-09,1
TUN,2022-04-22,2022-04-22,2022-04-22,1
TUN,2022-09-06,2022-09-06,2022-09-06,1
TUN,2022-09-08,2022-09-08,2022-09-08,1
TUN,2023-03-08,2023-03-08,2023-03-08,1
TUN,2023-03-24,2023-03-24,2023-03-24,1
TUN,2023-04-07,2023-04-07,2023-04-07,1
TUN,2023-08-05,2023-08-05,2023-08-05,1
TUN,2023-08-14,2023-08-14,2023-08-14,1
TUR,2000-04-05,2000-04-05,2000-04-05,1
TUR,2000-05-07,2000-05-07,2000-05-07,1
TUR,2000-05-20,2000-05-20,2000-05-20,1
TUR,2000-05-27,2000-05-27,2000-05-27,1
TUR,2000-06,2000-06-01,2000-06-30,1
TUR,2000-06-06,2000-06-06,2000-06-06,1
TUR,2000-09-08,2000-09-08,2000-09-08,1
TUR,2000-09-18,2000-09-18,2000-09-18,1
TUR,2000-10-14,2000-10-14,2000-10-14,1
TUR,2001-01-01,2001-01-01,2001-01-01,1
TUR,2001-03-08,2001-03-08,2001-03-08,1
TUR,2001-05-07,2001-05-07,2001-05-07,1
TUR,2001-05-16,2001-05-16,2001-05-16,1
TUR,2001-06-25,2001-06-25,2001-06-25,1
TUR,2001-07-10,2001-07-10,2001-07-10,1
TUR,2001-08-23,2001-08-23,2001-08-23,1
TUR,2001-11-06,2001-11-06,2001-11-06,1
TUR,2001-11-10,2001-11-10,2001-11-10,1
TUR,2001-12-02,2001-12-02,2001-12-02,1
TUR,2001-12-17,2001-12-17,2001-12-17,1
TUR,2002-02-03,2002-02-03,2002-02-03,1
TUR,2002-06-28,2002-06-28,2002-06-28,1
TUR,2002-07-23,2002-07-23,2002-07-23,1
TUR,2002-08-18,2002-08-18,2002-08-18,1
TUR,2002-08-29,2002-08-29,2002-08-29,1
TUR,2002-09-27,2002-09-27,2002-09-27,1
TUR,2002-11-29,2002-11-29,2002-11-29,1
TUR,2002-12-20,2002-12-20,2002-12-20,1
TUR,2002-12-30,2002-12-30,2002-12-30,1
TUR,2003-01-08,2003-01-08,2003-01-08,1
TUR,2003-04-10,2003-04-10,2003-04-10,1
TUR,2003-05-01,2003-05-01,2003-05-01,1
TUR,2003-05-26,2003-05-26,2003-05-26,1
TUR,2003-06-07,2003-06-07,2003-06-07,1
TUR,2003-06-19,2003-06-19,2003-06-19,1
TUR,2003-07-05,2003-07-05,2003-07-05,1
TUR,2003-07-26,2003-07-26,2003-07-26,1
TUR,2003-08-24,2003-08-24,2003-08-24,1
TUR,2003-09-18,2003-09-18,2003-09-18,1
TUR,2003-10-19,2003-10-19,2003-10-19,1
TUR,2003-11-10,2003-11-10,2003-11-10,1
TUR,2003-11-22,2003-11-22,2003-11-22,1
TUR,2003-12-20,2003-12-20,2003-12-20,1
TUR,2004-01-09,2004-01-09,2004-01-09,1
TUR,2004-01-22,2004-01-22,2004-01-22,1
TUR,2004-02-02,2004-02-02,2004-02-02,1
TUR,2004-02-13,2004-02-13,2004-02-13,1
TUR,2004-02-24,2004-02-24,2004-02-24,1
TUR,2004-03-05,2004-03-05,2004-03-05,1
TUR,2004-03-25,2004-03-25,2004-03-25,1
TUR,2004-03-28,2004-03-28,2004-03-28,1
TUR,2004-04-16,2004-04-16,2004-04-16,1
TUR,2004-06-19,2004-06-19,2004-06-19,1
TUR,2004-07-01,2004-07-01,2004-07-01,1
TUR,2004-07-22,2004-07-22,2004-07-22,1
TUR,2004-07-25,2004-07-25,2004-07-25,1
TUR,2004-07-30,2004-07-30,2004-07-30,1
TUR,2004-08-16,2004-08-16,2004-08-16,1
TUR,2004-09-08,2004-09-08,2004-09-08,1
TUR,2004-11-10,2004-11-10,2004-11-10,1
TUR,2004-11-21,2004-11-21,2004-11-21,1
TUR,2004-12-14,2004-12-14,2004-12-14,1
TUR,2005-01-01,2005-01-01,2005-01-01,1
TUR,2005-01-25,2005-01-25,2005-01-25,1
TUR,2005-03-14,2005-03-14,2005-03-14,1
TUR,2005-03-17,2005-03-17,2005-03-17,1
TUR,2005-06-06,2005-06-06,2005-06-06,1
TUR,2005-07-04,2005-07-04,2005-07-04,1
TUR,2005-08-02,2005-08-02,2005-08-02,1
TUR,2005-09-06,2005-09-06,2005-09-06,1
TUR,2005-11-02,2005-11-02,2005-11-02,1
TUR,2005-12-26,2005-12-26,2005-12-26,1
TUR,2006-01-01,2006-01-01,2006-01-01,1
TUR,2006-01-08,2006-01-08,2006-01-08,1
TUR,2006-03-09,2006-03-09,2006-03-09,1
TUR,2006-05-19,2006-05-19,2006-05-19,1
TUR,2006-06-01,2006-06-01,2006-06-01,1
TUR,2006-07-01,2006-07-01,2006-07-01,1
TUR,2006-08-18,2006-08-18,2006-08-18,1
TUR,2006-10-27,2006-10-27,2006-10-27,1
TUR,2007-04-14,2007-04-14,2007-04-14,1
TUR,2007-05-27,2007-05-27,2007-05-27,1
TUR,2007-06,2007-06-01,2007-06-30,1
TUR,2007-08-03,2007-08-03,2007-08-03,1
TUR,2007-08-06,2007-08-06,2007-08-06,1
TUR,2007-08-19,2007-08-19,2007-08-19,1
TUR,2007-11-16,2007-11-16,2007-11-16,1
TUR,2007-11-30,2007-11-30,2007-11-30,1
TUR,2007-12-08,2007-12-08,2007-12-08,1
TUR,2008-01-31,2008-01-31,2008-01-31,1
TUR,2008-06-22,2008-06-22,2008-06-22,1
TUR,2008-08-01,2008-08-01,2008-08-01,2
TUR,2008-09-08,2008-09-08,2008-09-08,1
TUR,2008-09-24,2008-09-24,2008-09-24,1
TUR,2008-10-04,2008-10-04,2008-10-04,1
TUR,2009-01-25,2009-01-25,2009-01-25,1
TUR,2009-07-10,2009-07-10,2009-07-10,1
TUR,2009-09-07,2009-09-07,2009-09-07,1
TUR,2009-12-10,2009-12-10,2009-12-10,1
TUR,2010-02-23,2010-02-23,2010-02-23,1
TUR,2010-03-08,2010-03-08,2010-03-08,1
TUR,2010-05-17,2010-05-17,2010-05-17,1
TUR,2010-05-25,2010-05-25,2010-05-25,1
TUR,2010-08-27,2010-08-27,2010-08-27,1
TUR,2010-12-21,2010-12-21,2010-12-21,1
TUR,2011-01-26,2011-01-26,2011-01-26,1
TUR,2011-02-03,2011-02-03,2011-02-03,1
TUR,2011-05-19,2011-05-19,2011-05-19,1
TUR,2011-10-23,2011-10-23,2011-10-23,1
TUR,2011-11-09,2011-11-09,2011-11-09,1
TUR,2011-12-21,2011-12-21,2011-12-21,1
TUR,2012-02-24,2012-02-24,2012-02-24,1
TUR,2012-07-04,2012-07-04,2012-07-04,1
TUR,2012-09-05,2012-09-05,2012-09-05,1
TUR,2012-09-06,2012-09-06,2012-09-06,1
TUR,2012-12-04,2012-12-04,2012-12-04,1
TUR,2013-05-10,2013-05-10,2013-05-10,1
TUR,2013-07-31,2013-07-31,2013-07-31,1
TUR,2014-01-23,2014-01-23,2014-01-23,1
TUR,2014-03-20,2014-03-20,2014-03-20,1
TUR,2014-05-13,2014-05-13,2014-05-13,1
TUR,2014-05-24,2014-05-24,2014-05-24,1
TUR,2014-07-22,2014-07-22,2014-07-22,1
TUR,2014-09-06,2014-09-06,2014-09-06,1
TUR,2014-10-28,2014-10-28,2014-10-28,1
TUR,2014-11-03,2014-11-03,2014-11-03,1
TUR,2015-01-30,2015-01-30,2015-01-30,1
TUR,2015-07-06,2015-07-06,2015-07-06,1
TUR,2015-09-15,2015-09-15,2015-09-15,1
TUR,2015-09-20,2015-09-20,2015-09-20,1
TUR,2015-09-27,2015-09-27,2015-09-27,1
TUR,2015-09-30,2015-09-30,2015-09-30,1
TUR,2015-10-17,2015-10-17,2015-10-17,1
TUR,2015-11-11,2015-11-11,2015-11-11,1
TUR,2015-12-18,2015-12-18,2015-12-18,1
TUR,2016-01-05,2016-01-05,2016-01-05,1
TUR,2016-01-21,2016-01-21,2016-01-21,1
TUR,2016-01-30,2016-01-30,2016-01-30,1
TUR,2016-02-08,2016-02-08,2016-02-08,1
TUR,2016-03-06,2016-03-06,2016-03-06,1
TUR,2016-06-05,2016-06-05,2016-06-05,1
TUR,2016-11-30,2016-11-30,2016-11-30,1
TUR,2017-03-24,2017-03-24,2017-03-24,1
TUR,2017-04-18,2017-04-18,2017-04-18,1
TUR,2017-05-31,2017-05-31,2017-05-31,1
TUR,2017-07-21,2017-07-21,2017-07-21,1
TUR,2017-07-27,2017-07-27,2017-07-27,1
TUR,2017-09-22,2017-09-22,2017-09-22,1
TUR,2017-12-03,2017-12-03,2017-12-03,1
TUR,2018-01-19,2018-01-19,2018-01-19,1
TUR,2018-03-30,2018-03-30,2018-03-30,1
TUR,2018-07-08,2018-07-08,2018-07-08,1
TUR,2018-10-14,2018-10-14,2018-10-14,1
TUR,2018-11-12,2018-11-12,2018-11-12,1
TUR,2019-02-06,2019-02-06,2019-02-06,1
TUR,2019-06-18,2019-06-18,2019-06-18,1
TUR,2019-07-17,2019-07-17,2019-07-17,1
TUR,2019-07-18,2019-07-18,2019-07-18,1
TUR,2019-08-17,2019-08-17,2019-08-17,1
TUR,2019-09-26,2019-09-26,2019-09-26,1
TUR,2020-01-07,2020-01-07,2020-01-07,1
TUR,2020-01-11,2020-01-11,2020-01-11,1
TUR,2020-01-24,2020-01-24,2020-01-24,1
TUR,2020-02-04,2020-02-04,2020-02-04,1
TUR,2020-02-05,2020-02-05,2020-02-05,1
TUR,2020-02-23,2020-02-23,2020-02-23,1
TUR,2020-06-11,2020-06-11,2020-06-11,1
TUR,2020-06-14,2020-06-14,2020-06-14,1
TUR,2020-06-21,2020-06-21,2020-06-21,1
TUR,2020-06-25,2020-06-25,2020-06-25,1
TUR,2020-06-27,2020-06-27,2020-06-27,1
TUR,2020-08-22,2020-08-22,2020-08-22,1
TUR,2020-10-09,2020-10-09,2020-10-09,1
TUR,2020-10-30,2020-10-30,2020-10-30,1
TUR,2020-12-19,2020-12-19,2020-12-19,1
TUR,2021-03-04,2021-03-04,2021-03-04,1
TUR,2021-07-10,2021-07-10,2021-07-10,1
TUR,2021-07-21,2021-07-21,2021-07-21,1
TUR,2021-07-28,2021-07-28,2021-07-28,1
TUR,2021-08-10,2021-08-10,2021-08-10,1
TUR,2022-06-11,2022-06-11,2022-06-11,1
TUR,2022-08-20,2022-08-20,2022-08-20,2
TUR,2022-10-14,2022-10-14,2022-10-14,1
TUR,2022-11-23,2022-11-23,2022-11-23,1
TUR,2022-12-11,2022-12-11,2022-12-11,1
TUR,2023-02-06,2023-02-06,2023-02-06,1
TUR,2023-02-20,2023-02-20,2023-02-20,1
TUR,2023-02-27,2023-02-27,2023-02-27,1
TUR,2023-03-14,2023-03-14,2023-03-14,1
TUR,2023-04-20,2023-04-20,2023-04-20,1
TUR,2023-09-06,2023-09-06,2023-09-06,1
TUR,2023-11-18,2023-11-18,2023-11-18,1
TUR,2023-11-26,2023-11-26,2023-11-26,1
TUV,2000-03-09,2000-03-09,2000-03-09,1
TUV,2011-09,2011-09-01,2011-09-30,1
TUV,2015-03-10,2015-03-10,2015-03-10,1
TUV,2020-01-18,2020-01-18,2020-01-18,1
TUV,2021-01,2021-01-01,2021-01-31,1
TWN,2000-08-01,2000-08-01,2000-08-01,1
TWN,2000-08-22,2000-08-22,2000-08-22,1
TWN,2000-10-31,2000-10-31,2000-10-31,1
TWN,2000-11-01,2000-11-01,2000-11-01,1
TWN,2001-05-18,2001-05-18,2001-05-18,1
TWN,2001-06-24,2001-06-24,2001-06-24,1
TWN,2001-07-11,2001-07-11,2001-07-11,1
TWN,2001-07-30,2001-07-30,2001-07-30,1
TWN,2001-09-16,2001-09-16,2001-09-16,1
TWN,2002-03-31,2002-03-31,2002-03-31,1
TWN,2002-05-25,2002-05-25,2002-05-25,1
TWN,2002-09-04,2002-09-04,2002-09-04,1
TWN,2003-03-01,2003-03-01,2003-03-01,1
TWN,2003-08-31,2003-08-31,2003-08-31,1
TWN,2003-09-02,2003-09-02,2003-09-02,1
TWN,2004-06-29,2004-06-29,2004-06-29,1
TWN,2004-08-24,2004-08-24,2004-08-24,1
TWN,2004-09-12,2004-09-12,2004-09-12,1
TWN,2004-10-22,2004-10-22,2004-10-22,1
TWN,2004-12-04,2004-12-04,2004-12-04,1
TWN,2005-06-11,2005-06-11,2005-06-11,1
TWN,2005-06-20,2005-06-20,2005-06-20,1
TWN,2005-07-18,2005-07-18,2005-07-18,1
TWN,2005-07-30,2005-07-30,2005-07-30,1
TWN,2005-09-01,2005-09-01,2005-09-01,1
TWN,2005-10-02,2005-10-02,2005-10-02,1
TWN,2006-06-10,2006-06-10,2006-06-10,1
TWN,2006-07-17,2006-07-17,2006-07-17,1
TWN,2006-07-24,2006-07-24,2006-07-24,1
TWN,2006-12-26,2006-12-26,2006-12-26,1
TWN,2007-08-17,2007-08-17,2007-08-17,1
TWN,2007-10-06,2007-10-06,2007-10-06,1
TWN,2007-11-28,2007-11-28,2007-11-28,1
TWN,2008-07-18,2008-07-18,2008-07-18,1
TWN,2008-07-27,2008-07-27,2008-07-27,1
TWN,2008-09-16,2008-09-16,2008-09-16,1
TWN,2008-09-23,2008-09-23,2008-09-23,1
TWN,2008-09-28,2008-09-28,2008-09-28,1
TWN,2009-08-07,2009-08-07,2009-08-07,1
TWN,2010-03-04,2010-03-04,2010-03-04,1
TWN,2010-09-18,2010-09-18,2010-09-18,1
TWN,2010-10-22,2010-10-22,2010-10-22,1
TWN,2012-06-09,2012-06-09,2012-06-09,1
TWN,2012-08-02,2012-08-02,2012-08-02,1
TWN,2012-08-24,2012-08-24,2012-08-24,1
TWN,2012-10-23,2012-10-23,2012-10-23,1
TWN,2013-03-27,2013-03-27,2013-03-27,1
TWN,2013-06-02,2013-06-02,2013-06-02,1
TWN,2013-07-14,2013-07-14,2013-07-14,1
TWN,2013-08-22,2013-08-22,2013-08-22,1
TWN,2013-09-22,2013-09-22,2013-09-22,1
TWN,2014-07-22,2014-07-22,2014-07-22,1
TWN,2014-07-24,2014-07-24,2014-07-24,1
TWN,2014-07-31,2014-07-31,2014-07-31,1
TWN,2014-09-18,2014-09-18,2014-09-18,1
TWN,2015-02-04,2015-02-04,2015-02-04,1
TWN,2015-06-27,2015-06-27,2015-06-27,1
TWN,2015-07-12,2015-07-12,2015-07-12,1
TWN,2015-08-08,2015-08-08,2015-08-08,1
TWN,2015-09-28,2015-09-28,2015-09-28,1
TWN,2016-01-20,2016-01-20,2016-01-20,1
TWN,2016-02-06,2016-02-06,2016-02-06,1
TWN,2016-07-09,2016-07-09,2016-07-09,1
TWN,2016-07-19,2016-07-19,2016-07-19,1
TWN,2016-09-14,2016-09-14,2016-09-14,1
TWN,2016-09-27,2016-09-27,2016-09-27,1
TWN,2017-02-13,2017-02-13,2017-02-13,1
TWN,2017-05-31,2017-05-31,2017-05-31,1
TWN,2017-07-29,2017-07-29,2017-07-29,1
TWN,2018-02-06,2018-02-06,2018-02-06,1
TWN,2018-08-23,2018-08-23,2018-08-23,1
TWN,2018-10-21,2018-10-21,2018-10-21,1
TWN,2019-08-10,2019-08-10,2019-08-10,1
TWN,2020-08-03,2020-08-03,2020-08-03,1
TWN,2021-01-08,2021-01-08,2021-01-08,1
TWN,2021-04-02,2021-04-02,2021-04-02,1
TWN,2021-06-04,2021-06-04,2021-06-04,1
TWN,2021-10-14,2021-10-14,2021-10-14,1
TWN,2022-09-18,2022-09-18,2022-09-18,1
TWN,2022-10-15,2022-10-15,2022-10-15,1
TWN,2023-05-29,2023-05-29,2023-05-29,1
TWN,2023-07-28,2023-07-28,2023-07-28,1
TWN,2023-10-05,2023-10-05,2023-10-05,1
TZA,2000-01-01,2000-01-01,2000-01-01,2
TZA,2000-01-08,2000-01-08,2000-01-08,1
TZA,2000-02-11,2000-02-11,2000-02-11,1
TZA,2000-03-20,2000-03-20,2000-03-20,1
TZA,2000-06-02,2000-06-02,2000-06-02,1
TZA,2000-10-02,2000-10-02,2000-10-02,1
TZA,2000-10-05,2000-10-05,2000-10-05,1
TZA,2000-12-01,2000-12-01,2000-12-01,1
TZA,2001-01-05,2001-01-05,2001-01-05,2
TZA,2001-01-22,2001-01-22,2001-01-22,1
TZA,2001-02-27,2001-02-27,2001-02-27,1
TZA,2001-04-07,2001-04-07,2001-04-07,1
TZA,2001-05-18,2001-05-18,2001-05-18,1
TZA,2001-06-26,2001-06-26,2001-06-26,1
TZA,2001-12-22,2001-12-22,2001-12-22,1
TZA,2002-01-09,2002-01-09,2002-01-09,1
TZA,2002-04-11,2002-04-11,2002-04-11,1
TZA,2002-04-26,2002-04-26,2002-04-26,1
TZA,2002-05-16,2002-05-16,2002-05-16,1
TZA,2002-05-18,2002-05-18,2002-05-18,1
TZA,2002-06-20,2002-06-20,2002-06-20,1
TZA,2002-06-24,2002-06-24,2002-06-24,1
TZA,2002-07-01,2002-07-01,2002-07-01,1
TZA,2002-09-20,2002-09-20,2002-09-20,1
TZA,2002-12-30,2002-12-30,2002-12-30,1
TZA,2003-01-03,2003-01-03,2003-01-03,1
TZA,2003-07-07,2003-07-07,2003-07-07,1
TZA,2003-08,2003-08-01,2003-08-31,1
TZA,2003-09-29,2003-09-29,2003-09-29,1
TZA,2003-11-05,2003-11-05,2003-11-05,1
TZA,2003-12-17,2003-12-17,2003-12-17,1
TZA,2003-12-20,2003-12-20,2003-12-20,1
TZA,2004-10,2004-10-01,2004-10-31,1
TZA,2004-10-19,2004-10-19,2004-10-19,1
TZA,2004-12-26,2004-12-26,2004-12-26,1
TZA,2005-04-16,2005-04-16,2005-04-16,1
TZA,2005-06-01,2005-06-01,2005-06-01,1
TZA,2005-12-02,2005-12-02,2005-12-02,1
TZA,2005-12-05,2005-12-05,2005-12-05,1
TZA,2006-01,2006-01-01,2006-01-31,1
TZA,2006,2006-01-01,2006-12-31,1
TZA,2006-01-02,2006-01-02,2006-01-02,1
TZA,2006-01-17,2006-01-17,2006-01-17,1
TZA,2006-02-08,2006-02-08,2006-02-08,1
TZA,2006-03,2006-03-01,2006-03-31,1
TZA,2006-04-22,2006-04-22,2006-04-22,1
TZA,2006-05-09,2006-05-09,2006-05-09,1
TZA,2006-06-06,2006-06-06,2006-06-06,1
TZA,2006-06-09,2006-06-09,2006-06-09,1
TZA,2006-08,2006-08-01,2006-08-31,1
TZA,2006-10-15,2006-10-15,2006-10-15,1
TZA,2006-10-23,2006-10-23,2006-10-23,1
TZA,2006-11,2006-11-01,2006-11-30,1
TZA,2006-12,2006-12-01,2006-12-31,1
TZA,2007-01-13,2007-01-13,2007-01-13,1
TZA,2007-03-16,2007-03-16,2007-03-16,1
TZA,2007-04-15,2007-04-15,2007-04-15,1
TZA,2007-06-15,2007-06-15,2007-06-15,1
TZA,2007-06-23,2007-06-23,2007-06-23,1
TZA,2007-07-28,2007-07-28,2007-07-28,1
TZA,2007-09-08,2007-09-08,2007-09-08,1
TZA,2008-01-10,2008-01-10,2008-01-10,1
TZA,2008-03-17,2008-03-17,2008-03-17,1
TZA,2008-05-09,2008-05-09,2008-05-09,1
TZA,2008-10-01,2008-10-01,2008-10-01,1
TZA,2008-12,2008-12-01,2008-12-31,2
TZA,2009-01-04,2009-01-04,2009-01-04,1
TZA,2009-01-10,2009-01-10,2009-01-10,1
TZA,2009-01-16,2009-01-16,2009-01-16,1
TZA,2009-03-19,2009-03-19,2009-03-19,1
TZA,2009-04-29,2009-04-29,2009-04-29,1
TZA,2009-07-26,2009-07-26,2009-07-26,1
TZA,2009-08-23,2009-08-23,2009-08-23,1
TZA,2009-10,2009-10-01,2009-10-31,1
TZA,2009-11-10,2009-11-10,2009-11-10,1
TZA,2009-12-25,2009-12-25,2009-12-25,1
TZA,2010-02-02,2010-02-02,2010-02-02,1
TZA,2010-03-01,2010-03-01,2010-03-01,1
TZA,2010-08-05,2010-08-05,2010-08-05,1
TZA,2011-02-16,2011-02-16,2011-02-16,1
TZA,2011-04-09,2011-04-09,2011-04-09,1
TZA,2011-05-17,2011-05-17,2011-05-17,1
TZA,2011-08,2011-08-01,2011-08-31,1
TZA,2011-09-09,2011-09-09,2011-09-09,1
TZA,2011-10-25,2011-10-25,2011-10-25,1
TZA,2011-12-04,2011-12-04,2011-12-04,1
TZA,2011-12-20,2011-12-20,2011-12-20,1
TZA,2012-03-01,2012-03-01,2012-03-01,1
TZA,2012-07-18,2012-07-18,2012-07-18,1
TZA,2013-01-04,2013-01-04,2013-01-04,1
TZA,2013-03-30,2013-03-30,2013-03-30,1
TZA,2013-09-26,2013-09-26,2013-09-26,1
TZA,2014-01-22,2014-01-22,2014-01-22,1
TZA,2014-04-18,2014-04-18,2014-04-18,1
TZA,2015-03-03,2015-03-03,2015-03-03,1
TZA,2015-03-11,2015-03-11,2015-03-11,1
TZA,2015-04-12,2015-04-12,2015-04-12,1
TZA,2015-04-17,2015-04-17,2015-04-17,1
TZA,2015-05,2015-05-01,2015-05-31,1
TZA,2015-05-07,2015-05-07,2015-05-07,1
TZA,2015-08-15,2015-08-15,2015-08-15,1
TZA,2016-01-17,2016-01-17,2016-01-17,1
TZA,2016-02-10,2016-02-10,2016-02-10,1
TZA,2016-04-22,2016-04-22,2016-04-22,1
TZA,2016-09-10,2016-09-10,2016-09-10,1
TZA,2017-05-08,2017-05-08,2017-05-08,1
TZA,2017-10-09,2017-10-09,2017-10-09,1
TZA,2017-11-15,2017-11-15,2017-11-15,1
TZA,2017-12-23,2017-12-23,2017-12-23,1
TZA,2018-03-24,2018-03-24,2018-03-24,1
TZA,2018-04-04,2018-04-04,2018-04-04,1
TZA,2018-04-14,2018-04-14,2018-04-14,1
TZA,2018-06-14,2018-06-14,2018-06-14,1
TZA,2018-09-07,2018-09-07,2018-09-07,1
TZA,2018-09-20,2018-09-20,2018-09-20,1
TZA,2019-04,2019-04-01,2019-04-30,1
TZA,2019-04-26,2019-04-26,2019-04-26,1
TZA,2019-05-13,2019-05-13,2019-05-13,1
TZA,2019-08-10,2019-08-10,2019-08-10,1
TZA,2019-10-02,2019-10-02,2019-10-02,1
TZA,2019-10-15,2019-10-15,2019-10-15,1
TZA,2019-11-20,2019-11-20,2019-11-20,1
TZA,2020-01-27,2020-01-27,2020-01-27,1
TZA,2020-02-01,2020-02-01,2020-02-01,1
TZA,2020-02-03,2020-02-03,2020-02-03,1
TZA,2020-03-10,2020-03-10,2020-03-10,1
TZA,2020-04-22,2020-04-22,2020-04-22,1
TZA,2020-10-13,2020-10-13,2020-10-13,1
TZA,2021-01-12,2021-01-12,2021-01-12,1
TZA,2021-03-21,2021-03-21,2021-03-21,1
TZA,2021-04-24,2021-04-24,2021-04-24,1
TZA,2021-11,2021-11-01,2021-11-30,1
TZA,2022-01-04,2022-01-04,2022-01-04,1
TZA,2022-01-11,2022-01-11,2022-01-11,1
TZA,2022-03-18,2022-03-18,2022-03-18,1
TZA,2022-04-23,2022-04-23,2022-04-23,1
TZA,2022-04-26,2022-04-26,2022-04-26,1
TZA,2022-10,2022-10-01,2022-10-31,1
TZA,2022-11-06,2022-11-06,2022-11-06,1
TZA,2023-04-01,2023-04-01,2023-04-01,1
TZA,2023-04-12,2023-04-12,2023-04-12,1
TZA,2023-10-15,2023-10-15,2023-10-15,1
TZA,2023-12-02,2023-12-02,2023-12-02,1
UGA,2000-02-11,2000-02-11,2000-02-11,1
UGA,2000-02-27,2000-02-27,2000-02-27,1
UGA,2000-03-06,2000-03-06,2000-03-06,1
UGA,2000-03-27,2000-03-27,2000-03-27,1
UGA,2000-04-09,2000-04-09,2000-04-09,1
UGA,2000-06-10,2000-06-10,2000-06-10,1
UGA,2000-08-08,2000-08-08,2000-08-08,1
UGA,2000-08-14,2000-08-14,2000-08-14,1
UGA,2000-09,2000-09-01,2000-09-30,1
UGA,2000-09-21,2000-09-21,2000-09-21,1
UGA,2000-12-28,2000-12-28,2000-12-28,1
UGA,2001-01-14,2001-01-14,2001-01-14,1
UGA,2001-05,2001-05-01,2001-05-31,1
UGA,2001-08-02,2001-08-02,2001-08-02,1
UGA,2001-10,2001-10-01,2001-10-31,1
UGA,2001-11-03,2001-11-03,2001-11-03,1
UGA,2001-12,2001-12-01,2001-12-31,1
UGA,2001-12-06,2001-12-06,2001-12-06,1
UGA,2002-01-05,2002-01-05,2002-01-05,1
UGA,2002-03-30,2002-03-30,2002-03-30,1
UGA,2002-04-26,2002-04-26,2002-04-26,1
UGA,2002-05-20,2002-05-20,2002-05-20,1
UGA,2002-06,2002-06-01,2002-06-30,1
UGA,2002-06-08,2002-06-08,2002-06-08,1
UGA,2002-07-18,2002-07-18,2002-07-18,1
UGA,2002-08-11,2002-08-11,2002-08-11,1
UGA,2002-12-12,2002-12-12,2002-12-12,1
UGA,2003-02-17,2003-02-17,2003-02-17,1
UGA,2003-03,2003-03-01,2003-03-31,1
UGA,2003-04-21,2003-04-21,2003-04-21,1
UGA,2003-04-26,2003-04-26,2003-04-26,1
UGA,2003-06-03,2003-06-03,2003-06-03,1
UGA,2003-07-01,2003-07-01,2003-07-01,1
UGA,2003-07-12,2003-07-12,2003-07-12,1
UGA,2003-07-22,2003-07-22,2003-07-22,1
UGA,2003-08-16,2003-08-16,2003-08-16,1
UGA,2003-09-22,2003-09-22,2003-09-22,1
UGA,2004-02-01,2004-02-01,2004-02-01,1
UGA,2004-02-02,2004-02-02,2004-02-02,1
UGA,2004-02-14,2004-02-14,2004-02-14,1
UGA,2004-06-28,2004-06-28,2004-06-28,1
UGA,2004-08-23,2004-08-23,2004-08-23,1
UGA,2004-10,2004-10-01,2004-10-31,1
UGA,2004-10-13,2004-10-13,2004-10-13,1
UGA,2004-11-01,2004-11-01,2004-11-01,1
UGA,2004-11-08,2004-11-08,2004-11-08,1
UGA,2004-12-14,2004-12-14,2004-12-14,1
UGA,2005-01-21,2005-01-21,2005-01-21,1
UGA,2005-01-22,2005-01-22,2005-01-22,1
UGA,2005-03,2005-03-01,2005-03-31,1
UGA,2005-03-13,2005-03-13,2005-03-13,1
UGA,2005-04,2005-04-01,2005-04-30,1
UGA,2005-06-07,2005-06-07,2005-06-07,1
UGA,2005-12-28,2005-12-28,2005-12-28,1
UGA,2006-01-09,2006-01-09,2006-01-09,1
UGA,2006-03-08,2006-03-08,2006-03-08,1
UGA,2006-03-30,2006-03-30,2006-03-30,1
UGA,2006-04-14,2006-04-14,2006-04-14,1
UGA,2006-04-16,2006-04-16,2006-04-16,1
UGA,2006-08-12,2006-08-12,2006-08-12,1
UGA,2006-08-30,2006-08-30,2006-08-30,1
UGA,2006-10-23,2006-10-23,2006-10-23,1
UGA,2006-12,2006-12-01,2006-12-31,1
UGA,2006-12-28,2006-12-28,2006-12-28,1
UGA,2007-05-18,2007-05-18,2007-05-18,1
UGA,2007-06-01,2007-06-01,2007-06-01,1
UGA,2007-08-15,2007-08-15,2007-08-15,1
UGA,2007-08-20,2007-08-20,2007-08-20,1
UGA,2007-11,2007-11-01,2007-11-30,1
UGA,2007-11-15,2007-11-15,2007-11-15,1
UGA,2008-02-10,2008-02-10,2008-02-10,1
UGA,2008-04-14,2008-04-14,2008-04-14,1
UGA,2008-05-02,2008-05-02,2008-05-02,1
UGA,2008-07,2008-07-01,2008-07-31,1
UGA,2008-11-17,2008-11-17,2008-11-17,1
UGA,2009-03-08,2009-03-08,2009-03-08,1
UGA,2009-03-09,2009-03-09,2009-03-09,1
UGA,2009-10,2009-10-01,2009-10-31,1
UGA,2010-02-25,2010-02-25,2010-02-25,1
UGA,2010-07-21,2010-07-21,2010-07-21,1
UGA,2010-08-01,2010-08-01,2010-08-01,1
UGA,2010-10-24,2010-10-24,2010-10-24,1
UGA,2010-11-16,2010-11-16,2010-11-16,1
UGA,2011-03,2011-03-01,2011-03-31,1
UGA,2011-06-28,2011-06-28,2011-06-28,1
UGA,2011-07-05,2011-07-05,2011-07-05,1
UGA,2011-08-20,2011-08-20,2011-08-20,1
UGA,2012-01-01,2012-01-01,2012-01-01,1
UGA,2012-06-24,2012-06-24,2012-06-24,1
UGA,2012-08-03,2012-08-03,2012-08-03,1
UGA,2012-08-20,2012-08-20,2012-08-20,1
UGA,2012-09-07,2012-09-07,2012-09-07,1
UGA,2012-10-20,2012-10-20,2012-10-20,1
UGA,2012-10-25,2012-10-25,2012-10-25,1
UGA,2013-01,2013-01-01,2013-01-31,1
UGA,2013-01-16,2013-01-16,2013-01-16,1
UGA,2013-05-01,2013-05-01,2013-05-01,1
UGA,2013-06-30,2013-06-30,2013-06-30,1
UGA,2013-10,2013-10-01,2013-10-31,1
UGA,2014-03-22,2014-03-22,2014-03-22,2
UGA,2015-02-04,2015-02-04,2015-02-04,1
UGA,2015-12-23,2015-12-23,2015-12-23,1
UGA,2016-04-13,2016-04-13,2016-04-13,1
UGA,2016-05-10,2016-05-10,2016-05-10,1
UGA,2016-07-03,2016-07-03,2016-07-03,1
UGA,2016-09-10,2016-09-10,2016-09-10,1
UGA,2016-12-25,2016-12-25,2016-12-25,1
UGA,2017-09-18,2017-09-18,2017-09-18,1
UGA,2017-09-20,2017-09-20,2017-09-20,1
UGA,2018-02-15,2018-02-15,2018-02-15,1
UGA,2018-05-26,2018-05-26,2018-05-26,1
UGA,2018-10-11,2018-10-11,2018-10-11,1
UGA,2018-11-11,2018-11-11,2018-11-11,1
UGA,2018-11-25,2018-11-25,2018-11-25,1
UGA,2018-12-18,2018-12-18,2018-12-18,1
UGA,2019-04-22,2019-04-22,2019-04-22,1
UGA,2019-05-19,2019-05-19,2019-05-19,1
UGA,2019-05-26,2019-05-26,2019-05-26,1
UGA,2019-06-04,2019-06-04,2019-06-04,1
UGA,2019-08-18,2019-08-18,2019-08-18,1
UGA,2019-08-31,2019-08-31,2019-08-31,1
UGA,2019-10-15,2019-10-15,2019-10-15,1
UGA,2019-11-29,2019-11-29,2019-11-29,1
UGA,2019-12-13,2019-12-13,2019-12-13,1
UGA,2019-12-18,2019-12-18,2019-12-18,1
UGA,2020-02,2020-02-01,2020-02-29,1
UGA,2020-04-17,2020-04-17,2020-04-17,1
UGA,2020-05-08,2020-05-08,2020-05-08,1
UGA,2020-05-21,2020-05-21,2020-05-21,1
UGA,2020-08-19,2020-08-19,2020-08-19,1
UGA,2020-08-25,2020-08-25,2020-08-25,1
UGA,2020-11-21,2020-11-21,2020-11-21,1
UGA,2020-12-23,2020-12-23,2020-12-23,1
UGA,2021-02-02,2021-02-02,2021-02-02,1
UGA,2021-05-06,2021-05-06,2021-05-06,1
UGA,2021-05-23,2021-05-23,2021-05-23,1
UGA,2021-09-17,2021-09-17,2021-09-17,1
UGA,2022-01-24,2022-01-24,2022-01-24,1
UGA,2022-07,2022-07-01,2022-07-31,1
UGA,2022-07-30,2022-07-30,2022-07-30,1
UGA,2022-09-06,2022-09-06,2022-09-06,1
UGA,2022-09-20,2022-09-20,2022-09-20,1
UGA,2022-10-25,2022-10-25,2022-10-25,1
UGA,2022-12-20,2022-12-20,2022-12-20,1
UGA,2023-01-01,2023-01-01,2023-01-01,1
UGA,2023-01-04,2023-01-04,2023-01-04,1
UGA,2023-04-24,2023-04-24,2023-04-24,1
UGA,2023-08-02,2023-08-02,2023-08-02,1
UKR,2000-03-11,2000-03-11,2000-03-11,1
UKR,2000-05-01,2000-05-01,2000-05-01,1
UKR,2000-07-01,2000-07-01,2000-07-01,1
UKR,2000-07-05,2000-07-05,2000-07-05,1
UKR,2000-07-25,2000-07-25,2000-07-25,1
UKR,2000-11-27,2000-11-27,2000-11-27,1
UKR,2001-03-04,2001-03-04,2001-03-04,1
UKR,2001-05-06,2001-05-06,2001-05-06,1
UKR,2001-08-19,2001-08-19,2001-08-19,1
UKR,2001-11-28,2001-11-28,2001-11-28,1
UKR,2002-07-07,2002-07-07,2002-07-07,1
UKR,2002-07-27,2002-07-27,2002-07-27,1
UKR,2002-07-31,2002-07-31,2002-07-31,1
UKR,2003-03-12,2003-03-12,2003-03-12,1
UKR,2003-12-17,2003-12-17,2003-12-17,1
UKR,2004-05-06,2004-05-06,2004-05-06,1
UKR,2004-05-16,2004-05-16,2004-05-16,1
UKR,2004-07-19,2004-07-19,2004-07-19,1
UKR,2004-08-19,2004-08-19,2004-08-19,1
UKR,2005-02-28,2005-02-28,2005-02-28,1
UKR,2005-06-02,2005-06-02,2005-06-02,1
UKR,2005-10-07,2005-10-07,2005-10-07,1
UKR,2006-01-16,2006-01-16,2006-01-16,1
UKR,2006-04-07,2006-04-07,2006-04-07,1
UKR,2006-07-02,2006-07-02,2006-07-02,1
UKR,2006-08-22,2006-08-22,2006-08-22,1
UKR,2006-09-20,2006-09-20,2006-09-20,1
UKR,2007-01-17,2007-01-17,2007-01-17,1
UKR,2007-04-17,2007-04-17,2007-04-17,1
UKR,2007-07-18,2007-07-18,2007-07-18,1
UKR,2007-07-22,2007-07-22,2007-07-22,1
UKR,2007-10-13,2007-10-13,2007-10-13,1
UKR,2007-11-11,2007-11-11,2007-11-11,1
UKR,2007-11-18,2007-11-18,2007-11-18,1
UKR,2007-12-02,2007-12-02,2007-12-02,1
UKR,2008-03-27,2008-03-27,2008-03-27,1
UKR,2008-04-28,2008-04-28,2008-04-28,1
UKR,2008-05-23,2008-05-23,2008-05-23,2
UKR,2008-06-08,2008-06-08,2008-06-08,1
UKR,2008-07-26,2008-07-26,2008-07-26,1
UKR,2008-12-24,2008-12-24,2008-12-24,1
UKR,2009-01,2009-01-01,2009-01-31,1
UKR,2009-06-08,2009-06-08,2009-06-08,1
UKR,2009-12-21,2009-12-21,2009-12-21,1
UKR,2010-01-18,2010-01-18,2010-01-18,1
UKR,2010-06-27,2010-06-27,2010-06-27,1
UKR,2010-10-12,2010-10-12,2010-10-12,1
UKR,2011-07-10,2011-07-10,2011-07-10,1
UKR,2011-07-28,2011-07-28,2011-07-28,1
UKR,2011-07-29,2011-07-29,2011-07-29,1
UKR,2012-01-27,2012-01-27,2012-01-27,1
UKR,2012-04-15,2012-04-15,2012-04-15,1
UKR,2012-07-09,2012-07-09,2012-07-09,1
UKR,2012-12-07,2012-12-07,2012-12-07,1
UKR,2013-09-14,2013-09-14,2013-09-14,1
UKR,2014-02-04,2014-02-04,2014-02-04,1
UKR,2015-01-05,2015-01-05,2015-01-05,1
UKR,2015-03-04,2015-03-04,2015-03-04,1
UKR,2015-10-17,2015-10-17,2015-10-17,1
UKR,2015-10-19,2015-10-19,2015-10-19,1
UKR,2016-01-01,2016-01-01,2016-01-01,1
UKR,2016-05-29,2016-05-29,2016-05-29,1
UKR,2016-10-12,2016-10-12,2016-10-12,1
UKR,2017-01,2017-01-01,2017-01-31,1
UKR,2018-06-28,2018-06-28,2018-06-28,1
UKR,2018-07-20,2018-07-20,2018-07-20,1
UKR,2019-04-25,2019-04-25,2019-04-25,1
UKR,2019-12-05,2019-12-05,2019-12-05,1
UKR,2020-06-22,2020-06-22,2020-06-22,1
UKR,2020-07-06,2020-07-06,2020-07-06,1
UKR,2020-09-25,2020-09-25,2020-09-25,1
UKR,2020-09-30,2020-09-30,2020-09-30,1
UKR,2021-01-21,2021-01-21,2021-01-21,1
UKR,2021-06-17,2021-06-17,2021-06-17,1
UKR,2022-05-04,2022-05-04,2022-05-04,1
UKR,2022-12-07,2022-12-07,2022-12-07,1
UKR,2023-01-18,2023-01-18,2023-01-18,1
UKR,2023-04-15,2023-04-15,2023-04-15,1
UKR,2023-11-26,2023-11-26,2023-11-26,1
URY,2000-05-16,2000-05-16,2000-05-16,1
URY,2000-07,2000-07-01,2000-07-31,1
URY,2000-12-27,2000-12-27,2000-12-27,1
URY,2001-06,2001-06-01,2001-06-30,1
URY,2002-03-15,2002-03-15,2002-03-15,1
URY,2002-04-01,2002-04-01,2002-04-01,1
URY,2003-05,2003-05-01,2003-05-31,1
URY,2004-07,2004-07-01,2004-07-31,1
URY,2005-06-21,2005-06-21,2005-06-21,1
URY,2005-08-23,2005-08-23,2005-08-23,1
URY,2007-03-20,2007-03-20,2007-03-20,1
URY,2007-05-04,2007-05-04,2007-05-04,1
URY,2007-07,2007-07-01,2007-07-31,1
URY,2009-11-21,2009-11-21,2009-11-21,1
URY,2010-07,2010-07-01,2010-07-31,1
URY,2010-07-08,2010-07-08,2010-07-08,1
URY,2015-03-19,2015-03-19,2015-03-19,1
URY,2015-08-17,2015-08-17,2015-08-17,1
URY,2015-10-14,2015-10-14,2015-10-14,1
URY,2015-12-20,2015-12-20,2015-12-20,1
URY,2016-04-12,2016-04-12,2016-04-12,1
URY,2017-05-29,2017-05-29,2017-05-29,1
URY,2018-01,2018-01-01,2018-01-31,1
URY,2019-01-10,2019-01-10,2019-01-10,1
URY,2019-06-11,2019-06-11,2019-06-11,1
URY,2019-10-12,2019-10-12,2019-10-12,1
URY,2020-06-22,2020-06-22,2020-06-22,2
URY,2022-01-17,2022-01-17,2022-01-17,1
URY,2023-01,2023-01-01,2023-01-31,1
URY,2023-10-30,2023-10-30,2023-10-30,1
URY,2023-12-13,2023-12-13,2023-12-13,1
USA,2000-01-02,2000-01-02,2000-01-02,1
USA,2000-01-22,2000-01-22,2000-01-22,1
USA,2000-01-31,2000-01-31,2000-01-31,1
USA,2000-02-13,2000-02-13,2000-02-13,1
USA,2000-02-18,2000-02-18,2000-02-18,1
USA,2000-02-26,2000-02-26,2000-02-26,1
USA,2000-03-28,2000-03-28,2000-03-28,1
USA,2000-04-08,2000-04-08,2000-04-08,1
USA,2000-05,2000-05-01,2000-05-31,1
USA,2000-05-06,2000-05-06,2000-05-06,2
USA,2000-05-14,2000-05-14,2000-05-14,1
USA,2000-05-19,2000-05-19,2000-05-19,1
USA,2000-05-20,2000-05-20,2000-05-20,1
USA,2000-05-21,2000-05-21,2000-05-21,1
USA,2000-05-23,2000-05-23,2000-05-23,2
USA,2000-05-26,2000-05-26,2000-05-26,1
USA,2000-05-27,2000-05-27,2000-05-27,1
USA,2000-06,2000-06-01,2000-06-30,1
USA,2000-06-12,2000-06-12,2000-06-12,1
USA,2000-06-27,2000-06-27,2000-06-27,1
USA,2000-07-01,2000-07-01,2000-07-01,1
USA,2000-07,2000-07-01,2000-07-31,3
USA,2000-07-25,2000-07-25,2000-07-25,1
USA,2000-07-30,2000-07-30,2000-07-30,1
USA,2000-08-12,2000-08-12,2000-08-12,1
USA,2000-08-19,2000-08-19,2000-08-19,1
USA,2000-09-03,2000-09-03,2000-09-03,1
USA,2000-09-20,2000-09-20,2000-09-20,1
USA,2000-10-04,2000-10-04,2000-10-04,1
USA,2000-10-28,2000-10-28,2000-10-28,1
USA,2000-11,2000-11-01,2000-11-30,1
USA,2000-11-02,2000-11-02,2000-11-02,1
USA,2000-11-20,2000-11-20,2000-11-20,1
USA,2000-12-16,2000-12-16,2000-12-16,1
USA,2000-12-24,2000-12-24,2000-12-24,1
USA,2001-01-03,2001-01-03,2001-01-03,1
USA,2001-01-27,2001-01-27,2001-01-27,1
USA,2001-02-22,2001-02-22,2001-02-22,1
USA,2001-02-24,2001-02-24,2001-02-24,1
USA,2001-02-27,2001-02-27,2001-02-27,1
USA,2001-02-28,2001-02-28,2001-02-28,1
USA,2001-03-03,2001-03-03,2001-03-03,1
USA,2001-03-20,2001-03-20,2001-03-20,1
USA,2001-03-29,2001-03-29,2001-03-29,2
USA,2001-04,2001-04-01,2001-04-30,1
USA,2001-04-02,2001-04-02,2001-04-02,1
USA,2001-04-10,2001-04-10,2001-04-10,1
USA,2001-04-15,2001-04-15,2001-04-15,1
USA,2001-04-21,2001-04-21,2001-04-21,1
USA,2001-06-05,2001-06-05,2001-06-05,1
USA,2001-06-13,2001-06-13,2001-06-13,1
USA,2001-06-14,2001-06-14,2001-06-14,1
USA,2001-06-18,2001-06-18,2001-06-18,1
USA,2001-06-21,2001-06-21,2001-06-21,1
USA,2001-07-08,2001-07-08,2001-07-08,1
USA,2001-08,2001-08-01,2001-08-31,4
USA,2001-08-03,2001-08-03,2001-08-03,1
USA,2001-08-17,2001-08-17,2001-08-17,1
USA,2001-09-23,2001-09-23,2001-09-23,1
USA,2001-09-24,2001-09-24,2001-09-24,1
USA,2001-10-10,2001-10-10,2001-10-10,1
USA,2001-10-11,2001-10-11,2001-10-11,1
USA,2001-10-12,2001-10-12,2001-10-12,1
USA,2001-10-25,2001-10-25,2001-10-25,1
USA,2001-10-30,2001-10-30,2001-10-30,1
USA,2001-11-12,2001-11-12,2001-11-12,1
USA,2001-11-15,2001-11-15,2001-11-15,1
USA,2002-01,2002-01-01,2002-01-31,1
USA,2002-01-30,2002-01-30,2002-01-30,1
USA,2002-02-10,2002-02-10,2002-02-10,1
USA,2002-03,2002-03-01,2002-03-31,2
USA,2002-03-17,2002-03-17,2002-03-17,1
USA,2002-03-19,2002-03-19,2002-03-19,1
USA,2002-04,2002-04-01,2002-04-30,1
USA,2002-04-18,2002-04-18,2002-04-18,1
USA,2002-04-21,2002-04-21,2002-04-21,1
USA,2002-04-23,2002-04-23,2002-04-23,1
USA,2002-04-27,2002-04-27,2002-04-27,1
USA,2002-05,2002-05-01,2002-05-31,1
USA,2002-05-02,2002-05-02,2002-05-02,1
USA,2002-05-05,2002-05-05,2002-05-05,1
USA,2002-05-10,2002-05-10,2002-05-10,1
USA,2002-05-26,2002-05-26,2002-05-26,1
USA,2002-05-30,2002-05-30,2002-05-30,1
USA,2002-06,2002-06-01,2002-06-30,1
USA,2002-06-08,2002-06-08,2002-06-08,1
USA,2002-06-20,2002-06-20,2002-06-20,1
USA,2002-06-30,2002-06-30,2002-06-30,1
USA,2002-07,2002-07-01,2002-07-31,2
USA,2002-07-09,2002-07-09,2002-07-09,1
USA,2002-07-29,2002-07-29,2002-07-29,1
USA,2002-09-05,2002-09-05,2002-09-05,1
USA,2002-09-12,2002-09-12,2002-09-12,1
USA,2002-09-21,2002-09-21,2002-09-21,1
USA,2002-09-22,2002-09-22,2002-09-22,1
USA,2002-09-26,2002-09-26,2002-09-26,1
USA,2002-10-03,2002-10-03,2002-10-03,1
USA,2002-10-16,2002-10-16,2002-10-16,1
USA,2002-11-05,2002-11-05,2002-11-05,1
USA,2002-11-19,2002-11-19,2002-11-19,1
USA,2002-12-04,2002-12-04,2002-12-04,1
USA,2002-12-19,2002-12-19,2002-12-19,1
USA,2002-12-23,2002-12-23,2002-12-23,1
USA,2003-01-08,2003-01-08,2003-01-08,1
USA,2003-02-14,2003-02-14,2003-02-14,1
USA,2003-02-15,2003-02-15,2003-02-15,1
USA,2003-02-17,2003-02-17,2003-02-17,1
USA,2003-02-20,2003-02-20,2003-02-20,1
USA,2003-02-26,2003-02-26,2003-02-26,2
USA,2003-03-09,2003-03-09,2003-03-09,1
USA,2003-03-11,2003-03-11,2003-03-11,1
USA,2003-03-14,2003-03-14,2003-03-14,1
USA,2003-03-18,2003-03-18,2003-03-18,1
USA,2003-03-20,2003-03-20,2003-03-20,1
USA,2003-04-04,2003-04-04,2003-04-04,1
USA,2003-05-04,2003-05-04,2003-05-04,1
USA,2003-05-06,2003-05-06,2003-05-06,1
USA,2003-05-30,2003-05-30,2003-05-30,1
USA,2003-06-17,2003-06-17,2003-06-17,1
USA,2003-06-28,2003-06-28,2003-06-28,1
USA,2003-06-30,2003-06-30,2003-06-30,1
USA,2003-07-05,2003-07-05,2003-07-05,1
USA,2003-07-16,2003-07-16,2003-07-16,1
USA,2003-08-08,2003-08-08,2003-08-08,1
USA,2003-09-18,2003-09-18,2003-09-18,1
USA,2003-10-15,2003-10-15,2003-10-15,1
USA,2003-10-17,2003-10-17,2003-10-17,1
USA,2003-10-21,2003-10-21,2003-10-21,1
USA,2003-10-25,2003-10-25,2003-10-25,1
USA,2003-11-12,2003-11-12,2003-11-12,1
USA,2003-11-20,2003-11-20,2003-11-20,1
USA,2003-12-06,2003-12-06,2003-12-06,1
USA,2003-12-15,2003-12-15,2003-12-15,1
USA,2003-12-22,2003-12-22,2003-12-22,1
USA,2003-12-25,2003-12-25,2003-12-25,1
USA,2004-01-09,2004-01-09,2004-01-09,1
USA,2004-01-15,2004-01-15,2004-01-15,1
USA,2004-02-28,2004-02-28,2004-02-28,1
USA,2004-03-04,2004-03-04,2004-03-04,1
USA,2004-03-20,2004-03-20,2004-03-20,1
USA,2004-03-28,2004-03-28,2004-03-28,1
USA,2004-04-19,2004-04-19,2004-04-19,1
USA,2004-05-02,2004-05-02,2004-05-02,1
USA,2004-05-21,2004-05-21,2004-05-21,1
USA,2004-05-28,2004-05-28,2004-05-28,1
USA,2004-05-29,2004-05-29,2004-05-29,1
USA,2004-06-28,2004-06-28,2004-06-28,1
USA,2004-07-02,2004-07-02,2004-07-02,1
USA,2004-07-12,2004-07-12,2004-07-12,2
USA,2004-07-18,2004-07-18,2004-07-18,1
USA,2004-08-13,2004-08-13,2004-08-13,2
USA,2004-08-29,2004-08-29,2004-08-29,1
USA,2004-09-05,2004-09-05,2004-09-05,1
USA,2004-09-08,2004-09-08,2004-09-08,1
USA,2004-09-15,2004-09-15,2004-09-15,1
USA,2004-09-25,2004-09-25,2004-09-25,1
USA,2004-10-30,2004-10-30,2004-10-30,1
USA,2005-01-07,2005-01-07,2005-01-07,2
USA,2005-01-22,2005-01-22,2005-01-22,1
USA,2005-01-26,2005-01-26,2005-01-26,1
USA,2005-02-17,2005-02-17,2005-02-17,1
USA,2005-03-23,2005-03-23,2005-03-23,1
USA,2005-04-01,2005-04-01,2005-04-01,1
USA,2005-04-06,2005-04-06,2005-04-06,1
USA,2005-05-06,2005-05-06,2005-05-06,1
USA,2005-07-04,2005-07-04,2005-07-04,1
USA,2005-07-10,2005-07-10,2005-07-10,1
USA,2005-08-18,2005-08-18,2005-08-18,1
USA,2005-08-29,2005-08-29,2005-08-29,1
USA,2005-09-23,2005-09-23,2005-09-23,2
USA,2005-10-02,2005-10-02,2005-10-02,1
USA,2005-10-08,2005-10-08,2005-10-08,1
USA,2005-10-24,2005-10-24,2005-10-24,1
USA,2005-12-08,2005-12-08,2005-12-08,1
USA,2005-12-19,2005-12-19,2005-12-19,1
USA,2005-12-27,2005-12-27,2005-12-27,1
USA,2005-12-31,2005-12-31,2005-12-31,1
USA,2006-01-02,2006-01-02,2006-01-02,1
USA,2006-03,2006-03-01,2006-03-31,1
USA,2006-03-11,2006-03-11,2006-03-11,1
USA,2006-03-14,2006-03-14,2006-03-14,1
USA,2006-04-02,2006-04-02,2006-04-02,1
USA,2006-04-04,2006-04-04,2006-04-04,1
USA,2006-04-06,2006-04-06,2006-04-06,1
USA,2006-05-01,2006-05-01,2006-05-01,1
USA,2006-05-11,2006-05-11,2006-05-11,1
USA,2006-06-22,2006-06-22,2006-06-22,1
USA,2006-06-25,2006-06-25,2006-06-25,1
USA,2006-07-09,2006-07-09,2006-07-09,1
USA,2006-07-14,2006-07-14,2006-07-14,1
USA,2006-07-18,2006-07-18,2006-07-18,1
USA,2006-07-27,2006-07-27,2006-07-27,2
USA,2006-07-30,2006-07-30,2006-07-30,1
USA,2006-08-02,2006-08-02,2006-08-02,1
USA,2006-08-19,2006-08-19,2006-08-19,1
USA,2006-08-27,2006-08-27,2006-08-27,1
USA,2006-09-22,2006-09-22,2006-09-22,1
USA,2006-10-09,2006-10-09,2006-10-09,1
USA,2006-10-12,2006-10-12,2006-10-12,1
USA,2006-10-15,2006-10-15,2006-10-15,1
USA,2006-10-26,2006-10-26,2006-10-26,1
USA,2006-11-05,2006-11-05,2006-11-05,1
USA,2006-11-15,2006-11-15,2006-11-15,1
USA,2006-11-26,2006-11-26,2006-11-26,1
USA,2006-11-30,2006-11-30,2006-11-30,1
USA,2006-12-03,2006-12-03,2006-12-03,1
USA,2006-12-14,2006-12-14,2006-12-14,1
USA,2006-12-21,2006-12-21,2006-12-21,1
USA,2006-12-25,2006-12-25,2006-12-25,1
USA,2006-12-27,2006-12-27,2006-12-27,1
USA,2007-01-12,2007-01-12,2007-01-12,1
USA,2007-01-15,2007-01-15,2007-01-15,1
USA,2007-02-02,2007-02-02,2007-02-02,1
USA,2007-02-14,2007-02-14,2007-02-14,1
USA,2007-02-23,2007-02-23,2007-02-23,1
USA,2007-03-01,2007-03-01,2007-03-01,1
USA,2007-03-07,2007-03-07,2007-03-07,1
USA,2007-04-13,2007-04-13,2007-04-13,1
USA,2007-04-24,2007-04-24,2007-04-24,1
USA,2007-05-04,2007-05-04,2007-05-04,1
USA,2007-05-21,2007-05-21,2007-05-21,1
USA,2007-05-24,2007-05-24,2007-05-24,1
USA,2007-06-17,2007-06-17,2007-06-17,1
USA,2007-06-19,2007-06-19,2007-06-19,1
USA,2007-06-24,2007-06-24,2007-06-24,1
USA,2007-06-26,2007-06-26,2007-06-26,1
USA,2007-08-02,2007-08-02,2007-08-02,1
USA,2007-08-16,2007-08-16,2007-08-16,2
USA,2007-10,2007-10-01,2007-10-31,1
USA,2007-10-07,2007-10-07,2007-10-07,1
USA,2007-10-21,2007-10-21,2007-10-21,1
USA,2007-11-24,2007-11-24,2007-11-24,1
USA,2007-12-03,2007-12-03,2007-12-03,1
USA,2007-12-09,2007-12-09,2007-12-09,1
USA,2007-12-23,2007-12-23,2007-12-23,1
USA,2008-01-04,2008-01-04,2008-01-04,1
USA,2008-01-05,2008-01-05,2008-01-05,1
USA,2008-01-29,2008-01-29,2008-01-29,1
USA,2008-02-05,2008-02-05,2008-02-05,1
USA,2008-02-07,2008-02-07,2008-02-07,1
USA,2008-02-21,2008-02-21,2008-02-21,1
USA,2008-03-14,2008-03-14,2008-03-14,1
USA,2008-03-17,2008-03-17,2008-03-17,1
USA,2008-04-03,2008-04-03,2008-04-03,1
USA,2008-04-09,2008-04-09,2008-04-09,1
USA,2008-04-28,2008-04-28,2008-04-28,1
USA,2008-05-10,2008-05-10,2008-05-10,1
USA,2008-05-22,2008-05-22,2008-05-22,1
USA,2008-06-09,2008-06-09,2008-06-09,1
USA,2008-06-20,2008-06-20,2008-06-20,1
USA,2008-07-23,2008-07-23,2008-07-23,1
USA,2008-08-08,2008-08-08,2008-08-08,1
USA,2008-08-20,2008-08-20,2008-08-20,1
USA,2008-08-22,2008-08-22,2008-08-22,1
USA,2008-08-28,2008-08-28,2008-08-28,1
USA,2008-09-01,2008-09-01,2008-09-01,1
USA,2008-09-12,2008-09-12,2008-09-12,1
USA,2008-09-13,2008-09-13,2008-09-13,1
USA,2008-10-05,2008-10-05,2008-10-05,1
USA,2008-11-13,2008-11-13,2008-11-13,1
USA,2008-12-11,2008-12-11,2008-12-11,2
USA,2008-12-29,2008-12-29,2008-12-29,1
USA,2009-01-26,2009-01-26,2009-01-26,1
USA,2009-02-10,2009-02-10,2009-02-10,1
USA,2009-02-12,2009-02-12,2009-02-12,1
USA,2009-03-22,2009-03-22,2009-03-22,1
USA,2009-03-24,2009-03-24,2009-03-24,1
USA,2009-03-26,2009-03-26,2009-03-26,1
USA,2009-04-06,2009-04-06,2009-04-06,1
USA,2009-04-09,2009-04-09,2009-04-09,1
USA,2009-04-16,2009-04-16,2009-04-16,1
USA,2009-05-03,2009-05-03,2009-05-03,1
USA,2009-05-05,2009-05-05,2009-05-05,1
USA,2009-05-07,2009-05-07,2009-05-07,1
USA,2009-05-13,2009-05-13,2009-05-13,1
USA,2009-06-10,2009-06-10,2009-06-10,1
USA,2009-07-07,2009-07-07,2009-07-07,1
USA,2009-07-20,2009-07-20,2009-07-20,1
USA,2009-08-23,2009-08-23,2009-08-23,1
USA,2009-09-20,2009-09-20,2009-09-20,1
USA,2009-11-09,2009-11-09,2009-11-09,1
USA,2009-12-23,2009-12-23,2009-12-23,1
USA,2010-01-10,2010-01-10,2010-01-10,1
USA,2010-02-05,2010-02-05,2010-02-05,1
USA,2010-02-23,2010-02-23,2010-02-23,1
USA,2010-03-13,2010-03-13,2010-03-13,1
USA,2010-03-27,2010-03-27,2010-03-27,1
USA,2010-04-05,2010-04-05,2010-04-05,1
USA,2010-04-20,2010-04-20,2010-04-20,1
USA,2010-04-24,2010-04-24,2010-04-24,1
USA,2010-04-30,2010-04-30,2010-04-30,1
USA,2010-05-10,2010-05-10,2010-05-10,1
USA,2010-05-12,2010-05-12,2010-05-12,1
USA,2010-06-07,2010-06-07,2010-06-07,1
USA,2010-06-10,2010-06-10,2010-06-10,1
USA,2010-06-17,2010-06-17,2010-06-17,1
USA,2010-09-03,2010-09-03,2010-09-03,1
USA,2010-09-07,2010-09-07,2010-09-07,1
USA,2010-09-09,2010-09-09,2010-09-09,1
USA,2010-12-19,2010-12-19,2010-12-19,1
USA,2010-12-31,2010-12-31,2010-12-31,1
USA,2011-01,2011-01-01,2011-01-31,1
USA,2011-01-07,2011-01-07,2011-01-07,1
USA,2011-01-17,2011-01-17,2011-01-17,1
USA,2011-01-31,2011-01-31,2011-01-31,1
USA,2011-03-12,2011-03-12,2011-03-12,1
USA,2011-04-03,2011-04-03,2011-04-03,1
USA,2011-04-09,2011-04-09,2011-04-09,1
USA,2011-04-14,2011-04-14,2011-04-14,1
USA,2011-04-18,2011-04-18,2011-04-18,1
USA,2011-04-22,2011-04-22,2011-04-22,1
USA,2011-05-01,2011-05-01,2011-05-01,1
USA,2011-05-15,2011-05-15,2011-05-15,1
USA,2011-05-20,2011-05-20,2011-05-20,1
USA,2011-05-22,2011-05-22,2011-05-22,1
USA,2011-05-29,2011-05-29,2011-05-29,2
USA,2011-07-19,2011-07-19,2011-07-19,1
USA,2011-08-06,2011-08-06,2011-08-06,1
USA,2011-08-13,2011-08-13,2011-08-13,1
USA,2011-08-27,2011-08-27,2011-08-27,1
USA,2011-09-04,2011-09-04,2011-09-04,2
USA,2011-09-19,2011-09-19,2011-09-19,1
USA,2011-10-29,2011-10-29,2011-10-29,1
USA,2012-01-18,2012-01-18,2012-01-18,1
USA,2012-01-22,2012-01-22,2012-01-22,1
USA,2012-02-28,2012-02-28,2012-02-28,1
USA,2012-03-02,2012-03-02,2012-03-02,1
USA,2012-04-02,2012-04-02,2012-04-02,1
USA,2012-04-14,2012-04-14,2012-04-14,1
USA,2012-04-28,2012-04-28,2012-04-28,1
USA,2012-05-25,2012-05-25,2012-05-25,1
USA,2012-06,2012-06-01,2012-06-30,2
USA,2012-06-06,2012-06-06,2012-06-06,1
USA,2012-06-09,2012-06-09,2012-06-09,1
USA,2012-06-11,2012-06-11,2012-06-11,1
USA,2012-06-22,2012-06-22,2012-06-22,1
USA,2012-06-23,2012-06-23,2012-06-23,1
USA,2012-06-28,2012-06-28,2012-06-28,1
USA,2012-06-30,2012-06-30,2012-06-30,2
USA,2012-07-02,2012-07-02,2012-07-02,1
USA,2012-08-03,2012-08-03,2012-08-03,1
USA,2012-08-28,2012-08-28,2012-08-28,1
USA,2012-09-07,2012-09-07,2012-09-07,1
USA,2012-10-28,2012-10-28,2012-10-28,1
USA,2012-12-19,2012-12-19,2012-12-19,1
USA,2012-12-25,2012-12-25,2012-12-25,1
USA,2013-01-29,2013-01-29,2013-01-29,1
USA,2013-02-08,2013-02-08,2013-02-08,1
USA,2013-02-09,2013-02-09,2013-02-09,1
USA,2013-02-24,2013-02-24,2013-02-24,1
USA,2013-03-18,2013-03-18,2013-03-18,1
USA,2013-04-07,2013-04-07,2013-04-07,1
USA,2013-04-17,2013-04-17,2013-04-17,1
USA,2013-04-22,2013-04-22,2013-04-22,1
USA,2013-05-15,2013-05-15,2013-05-15,1
USA,2013-05-18,2013-05-18,2013-05-18,1
USA,2013-05-21,2013-05-21,2013-05-21,1
USA,2013-05-25,2013-05-25,2013-05-25,1
USA,2013-05-26,2013-05-26,2013-05-26,1
USA,2013-05-30,2013-05-30,2013-05-30,1
USA,2013-06-06,2013-06-06,2013-06-06,1
USA,2013-06-12,2013-06-12,2013-06-12,1
USA,2013-06-28,2013-06-28,2013-06-28,1
USA,2013-07-06,2013-07-06,2013-07-06,1
USA,2013-07-27,2013-07-27,2013-07-27,1
USA,2013-08-02,2013-08-02,2013-08-02,1
USA,2013-08-03,2013-08-03,2013-08-03,1
USA,2013-08-05,2013-08-05,2013-08-05,1
USA,2013-09-09,2013-09-09,2013-09-09,1
USA,2013-09-12,2013-09-12,2013-09-12,1
USA,2013-10-31,2013-10-31,2013-10-31,1
USA,2013-11-16,2013-11-16,2013-11-16,1
USA,2013-11-24,2013-11-24,2013-11-24,1
USA,2013-12-01,2013-12-01,2013-12-01,1
USA,2013-12-19,2013-12-19,2013-12-19,1
USA,2013-12-22,2013-12-22,2013-12-22,1
USA,2014-01-01,2014-01-01,2014-01-01,1
USA,2014-01,2014-01-01,2014-01-31,1
USA,2014-01-05,2014-01-05,2014-01-05,1
USA,2014-01-09,2014-01-09,2014-01-09,1
USA,2014-01-26,2014-01-26,2014-01-26,1
USA,2014-02-02,2014-02-02,2014-02-02,1
USA,2014-02-11,2014-02-11,2014-02-11,1
USA,2014-02-28,2014-02-28,2014-02-28,1
USA,2014-03-22,2014-03-22,2014-03-22,1
USA,2014-04-11,2014-04-11,2014-04-11,1
USA,2014-04-27,2014-04-27,2014-04-27,1
USA,2014-04-30,2014-04-30,2014-04-30,1
USA,2014-05-11,2014-05-11,2014-05-11,1
USA,2014-05-18,2014-05-18,2014-05-18,1
USA,2014-06-03,2014-06-03,2014-06-03,1
USA,2014-07-26,2014-07-26,2014-07-26,1
USA,2014-08-08,2014-08-08,2014-08-08,1
USA,2014-08-11,2014-08-11,2014-08-11,1
USA,2014-08-24,2014-08-24,2014-08-24,1
USA,2014-10-12,2014-10-12,2014-10-12,1
USA,2014-11-15,2014-11-15,2014-11-15,1
USA,2014-12-02,2014-12-02,2014-12-02,1
USA,2014-12-10,2014-12-10,2014-12-10,1
USA,2015-01,2015-01-01,2015-01-31,1
USA,2015-01-06,2015-01-06,2015-01-06,1
USA,2015-01-26,2015-01-26,2015-01-26,1
USA,2015-01-31,2015-01-31,2015-01-31,1
USA,2015-02-16,2015-02-16,2015-02-16,2
USA,2015-03-03,2015-03-03,2015-03-03,1
USA,2015-03-10,2015-03-10,2015-03-10,1
USA,2015-03-25,2015-03-25,2015-03-25,1
USA,2015-04-07,2015-04-07,2015-04-07,1
USA,2015-04-24,2015-04-24,2015-04-24,1
USA,2015-05-03,2015-05-03,2015-05-03,1
USA,2015-05-06,2015-05-06,2015-05-06,2
USA,2015-05-12,2015-05-12,2015-05-12,1
USA,2015-05-20,2015-05-20,2015-05-20,1
USA,2015-05-23,2015-05-23,2015-05-23,1
USA,2015-05-24,2015-05-24,2015-05-24,1
USA,2015-06-03,2015-06-03,2015-06-03,1
USA,2015-07-12,2015-07-12,2015-07-12,1
USA,2015-07-22,2015-07-22,2015-07-22,1
USA,2015-07-24,2015-07-24,2015-07-24,1
USA,2015-08-02,2015-08-02,2015-08-02,1
USA,2015-08-13,2015-08-13,2015-08-13,1
USA,2015-09-09,2015-09-09,2015-09-09,1
USA,2015-09-13,2015-09-13,2015-09-13,1
USA,2015-09-14,2015-09-14,2015-09-14,1
USA,2015-10-01,2015-10-01,2015-10-01,1
USA,2015-10-23,2015-10-23,2015-10-23,1
USA,2015-10-29,2015-10-29,2015-10-29,1
USA,2015-11-25,2015-11-25,2015-11-25,1
USA,2015-12-15,2015-12-15,2015-12-15,1
USA,2015-12-26,2015-12-26,2015-12-26,1
USA,2016-01-04,2016-01-04,2016-01-04,1
USA,2016-01-06,2016-01-06,2016-01-06,1
USA,2016-01-14,2016-01-14,2016-01-14,1
USA,2016-01-23,2016-01-23,2016-01-23,1
USA,2016-02-22,2016-02-22,2016-02-22,1
USA,2016-03-04,2016-03-04,2016-03-04,1
USA,2016-03-08,2016-03-08,2016-03-08,1
USA,2016-03-17,2016-03-17,2016-03-17,1
USA,2016-03-22,2016-03-22,2016-03-22,1
USA,2016-04-10,2016-04-10,2016-04-10,1
USA,2016-04-16,2016-04-16,2016-04-16,1
USA,2016-04-24,2016-04-24,2016-04-24,1
USA,2016-04-25,2016-04-25,2016-04-25,1
USA,2016-04-30,2016-04-30,2016-04-30,1
USA,2016-05-08,2016-05-08,2016-05-08,1
USA,2016-05-21,2016-05-21,2016-05-21,1
USA,2016-05-27,2016-05-27,2016-05-27,1
USA,2016-06-22,2016-06-22,2016-06-22,1
USA,2016-06-25,2016-06-25,2016-06-25,1
USA,2016-07-24,2016-07-24,2016-07-24,1
USA,2016-07-30,2016-07-30,2016-07-30,1
USA,2016-08-09,2016-08-09,2016-08-09,1
USA,2016-08-13,2016-08-13,2016-08-13,1
USA,2016-09-01,2016-09-01,2016-09-01,1
USA,2016-09-19,2016-09-19,2016-09-19,1
USA,2016-09-29,2016-09-29,2016-09-29,1
USA,2016-10-08,2016-10-08,2016-10-08,1
USA,2016-10-23,2016-10-23,2016-10-23,1
USA,2016-11,2016-11-01,2016-11-30,1
USA,2016-11-07,2016-11-07,2016-11-07,1
USA,2016-11-26,2016-11-26,2016-11-26,1
USA,2016-12-02,2016-12-02,2016-12-02,1
USA,2016-12-13,2016-12-13,2016-12-13,1
USA,2017-01-04,2017-01-04,2017-01-04,1
USA,2017-01-06,2017-01-06,2017-01-06,1
USA,2017-01-18,2017-01-18,2017-01-18,1
USA,2017-02-08,2017-02-08,2017-02-08,1
USA,2017-02-22,2017-02-22,2017-02-22,1
USA,2017-02-27,2017-02-27,2017-02-27,1
USA,2017-03-01,2017-03-01,2017-03-01,1
USA,2017-03-06,2017-03-06,2017-03-06,1
USA,2017-03-13,2017-03-13,2017-03-13,1
USA,2017-03-25,2017-03-25,2017-03-25,1
USA,2017-04-28,2017-04-28,2017-04-28,1
USA,2017-05-09,2017-05-09,2017-05-09,1
USA,2017-06-01,2017-06-01,2017-06-01,1
USA,2017-06-09,2017-06-09,2017-06-09,1
USA,2017-06-25,2017-06-25,2017-06-25,1
USA,2017-07-06,2017-07-06,2017-07-06,1
USA,2017-07-10,2017-07-10,2017-07-10,1
USA,2017-07-15,2017-07-15,2017-07-15,1
USA,2017-08-05,2017-08-05,2017-08-05,1
USA,2017-08-25,2017-08-25,2017-08-25,1
USA,2017-09-10,2017-09-10,2017-09-10,1
USA,2017-09-26,2017-09-26,2017-09-26,1
USA,2017-10-07,2017-10-07,2017-10-07,1
USA,2017-11-05,2017-11-05,2017-11-05,1
USA,2017-11-20,2017-11-20,2017-11-20,1
USA,2017-12-04,2017-12-04,2017-12-04,1
USA,2017-12-28,2017-12-28,2017-12-28,1
USA,2017-12-31,2017-12-31,2017-12-31,1
USA,2018-01,2018-01-01,2018-01-31,1
USA,2018-01-03,2018-01-03,2018-01-03,1
USA,2018-01-08,2018-01-08,2018-01-08,1
USA,2018-01-21,2018-01-21,2018-01-21,1
USA,2018-03-01,2018-03-01,2018-03-01,1
USA,2018-04-13,2018-04-13,2018-04-13,1
USA,2018-04-14,2018-04-14,2018-04-14,1
USA,2018-05-03,2018-05-03,2018-05-03,1
USA,2018-05-13,2018-05-13,2018-05-13,1
USA,2018-05-27,2018-05-27,2018-05-27,1
USA,2018-06-01,2018-06-01,2018-06-01,1
USA,2018-07-19,2018-07-19,2018-07-19,2
USA,2018-07-27,2018-07-27,2018-07-27,1
USA,2018-08-06,2018-08-06,2018-08-06,1
USA,2018-09-03,2018-09-03,2018-09-03,1
USA,2018-09-12,2018-09-12,2018-09-12,1
USA,2018-10-06,2018-10-06,2018-10-06,1
USA,2018-10-10,2018-10-10,2018-10-10,1
USA,2018-10-15,2018-10-15,2018-10-15,1
USA,2018-11-08,2018-11-08,2018-11-08,1
USA,2018-12-26,2018-12-26,2018-12-26,1
USA,2019-01-11,2019-01-11,2019-01-11,1
USA,2019-01-18,2019-01-18,2019-01-18,1
USA,2019-01-29,2019-01-29,2019-01-29,1
USA,2019-02-23,2019-02-23,2019-02-23,1
USA,2019-02-25,2019-02-25,2019-02-25,1
USA,2019-02-26,2019-02-26,2019-02-26,1
USA,2019-03-03,2019-03-03,2019-03-03,1
USA,2019-03-14,2019-03-14,2019-03-14,1
USA,2019-04-13,2019-04-13,2019-04-13,1
USA,2019-04-24,2019-04-24,2019-04-24,1
USA,2019-05-23,2019-05-23,2019-05-23,1
USA,2019-06-06,2019-06-06,2019-06-06,1
USA,2019-06-21,2019-06-21,2019-06-21,1
USA,2019-06-30,2019-06-30,2019-06-30,1
USA,2019-07-05,2019-07-05,2019-07-05,1
USA,2019-07-13,2019-07-13,2019-07-13,1
USA,2019-08-28,2019-08-28,2019-08-28,1
USA,2019-09-02,2019-09-02,2019-09-02,1
USA,2019-09-17,2019-09-17,2019-09-17,1
USA,2019-10-10,2019-10-10,2019-10-10,1
USA,2019-10-20,2019-10-20,2019-10-20,1
USA,2019-10-26,2019-10-26,2019-10-26,1
USA,2019-11-27,2019-11-27,2019-11-27,1
USA,2019-12-16,2019-12-16,2019-12-16,1
USA,2020-01,2020-01-01,2020-01-31,1
USA,2020-01-10,2020-01-10,2020-01-10,1
USA,2020-02-10,2020-02-10,2020-02-10,1
USA,2020-03-02,2020-03-02,2020-03-02,1
USA,2020-03-27,2020-03-27,2020-03-27,1
USA,2020-04-06,2020-04-06,2020-04-06,1
USA,2020-04-10,2020-04-10,2020-04-10,1
USA,2020-04-21,2020-04-21,2020-04-21,1
USA,2020-05-02,2020-05-02,2020-05-02,1
USA,2020-05-17,2020-05-17,2020-05-17,1
USA,2020-05-20,2020-05-20,2020-05-20,1
USA,2020-05-27,2020-05-27,2020-05-27,1
USA,2020-06-07,2020-06-07,2020-06-07,1
USA,2020-07-25,2020-07-25,2020-07-25,1
USA,2020-07-31,2020-07-31,2020-07-31,1
USA,2020-08-08,2020-08-08,2020-08-08,1
USA,2020-08-16,2020-08-16,2020-08-16,1
USA,2020-08-27,2020-08-27,2020-08-27,1
USA,2020-09-11,2020-09-11,2020-09-11,1
USA,2020-10-07,2020-10-07,2020-10-07,1
USA,2020-10-24,2020-10-24,2020-10-24,1
USA,2020-11-08,2020-11-08,2020-11-08,1
USA,2020-11-10,2020-11-10,2020-11-10,1
USA,2021-01-01,2021-01-01,2021-01-01,1
USA,2021-01-13,2021-01-13,2021-01-13,1
USA,2021-01-24,2021-01-24,2021-01-24,2
USA,2021-01-30,2021-01-30,2021-01-30,1
USA,2021-02-10,2021-02-10,2021-02-10,1
USA,2021-02-25,2021-02-25,2021-02-25,1
USA,2021-03-02,2021-03-02,2021-03-02,1
USA,2021-03-08,2021-03-08,2021-03-08,1
USA,2021-03-16,2021-03-16,2021-03-16,1
USA,2021-03-24,2021-03-24,2021-03-24,1
USA,2021-03-27,2021-03-27,2021-03-27,1
USA,2021-04-09,2021-04-09,2021-04-09,1
USA,2021-04-13,2021-04-13,2021-04-13,1
USA,2021-04-15,2021-04-15,2021-04-15,1
USA,2021-04-27,2021-04-27,2021-04-27,1
USA,2021-05-02,2021-05-02,2021-05-02,1
USA,2021-05-14,2021-05-14,2021-05-14,1
USA,2021-05-28,2021-05-28,2021-05-28,1
USA,2021-06-06,2021-06-06,2021-06-06,1
USA,2021-06-07,2021-06-07,2021-06-07,1
USA,2021-06-18,2021-06-18,2021-06-18,1
USA,2021-06-24,2021-06-24,2021-06-24,1
USA,2021-06-26,2021-06-26,2021-06-26,1
USA,2021-07-02,2021-07-02,2021-07-02,1
USA,2021-07-06,2021-07-06,2021-07-06,1
USA,2021-07-08,2021-07-08,2021-07-08,1
USA,2021-07-13,2021-07-13,2021-07-13,1
USA,2021-07-16,2021-07-16,2021-07-16,1
USA,2021-07-22,2021-07-22,2021-07-22,1
USA,2021-07-30,2021-07-30,2021-07-30,1
USA,2021-08-05,2021-08-05,2021-08-05,1
USA,2021-08-10,2021-08-10,2021-08-10,2
USA,2021-08-13,2021-08-13,2021-08-13,1
USA,2021-08-17,2021-08-17,2021-08-17,1
USA,2021-08-20,2021-08-20,2021-08-20,1
USA,2021-08-21,2021-08-21,2021-08-21,1
USA,2021-08-28,2021-08-28,2021-08-28,1
USA,2021-09-12,2021-09-12,2021-09-12,1
USA,2021-09-22,2021-09-22,2021-09-22,1
USA,2021-10-04,2021-10-04,2021-10-04,1
USA,2021-11-05,2021-11-05,2021-11-05,1
USA,2021-11-13,2021-11-13,2021-11-13,1
USA,2021-12-03,2021-12-03,2021-12-03,1
USA,2021-12-10,2021-12-10,2021-12-10,1
USA,2021-12-15,2021-12-15,2021-12-15,1
USA,2021-12-30,2021-12-30,2021-12-30,1
USA,2022-01,2022-01-01,2022-01-31,1
USA,2022-01-02,2022-01-02,2022-01-02,1
USA,2022-01-09,2022-01-09,2022-01-09,1
USA,2022-01-27,2022-01-27,2022-01-27,1
USA,2022-02-01,2022-02-01,2022-02-01,1
USA,2022-03-04,2022-03-04,2022-03-04,1
USA,2022-03-05,2022-03-05,2022-03-05,1
USA,2022-03-21,2022-03-21,2022-03-21,1
USA,2022-03-29,2022-03-29,2022-03-29,1
USA,2022-04,2022-04-01,2022-04-30,1
USA,2022-04-04,2022-04-04,2022-04-04,1
USA,2022-04-06,2022-04-06,2022-04-06,1
USA,2022-04-11,2022-04-11,2022-04-11,1
USA,2022-04-12,2022-04-12,2022-04-12,1
USA,2022-04-15,2022-04-15,2022-04-15,1
USA,2022-04-21,2022-04-21,2022-04-21,1
USA,2022-04-26,2022-04-26,2022-04-26,1
USA,2022-05-05,2022-05-05,2022-05-05,1
USA,2022-05-19,2022-05-19,2022-05-19,1
USA,2022-06-11,2022-06-11,2022-06-11,1
USA,2022-06-27,2022-06-27,2022-06-27,1
USA,2022-07-26,2022-07-26,2022-07-26,1
USA,2022-07-29,2022-07-29,2022-07-29,1
USA,2022-09-28,2022-09-28,2022-09-28,1
USA,2022-11-04,2022-11-04,2022-11-04,1
USA,2022-11-10,2022-11-10,2022-11-10,1
USA,2022-12-12,2022-12-12,2022-12-12,1
USA,2022-12-19,2022-12-19,2022-12-19,1
USA,2022-12-20,2022-12-20,2022-12-20,1
USA,2022-12-26,2022-12-26,2022-12-26,1
USA,2023-01-12,2023-01-12,2023-01-12,1
USA,2023-01-30,2023-01-30,2023-01-30,1
USA,2023-03-01,2023-03-01,2023-03-01,1
USA,2023-03-09,2023-03-09,2023-03-09,1
USA,2023-03-22,2023-03-22,2023-03-22,1
USA,2023-03-30,2023-03-30,2023-03-30,1
USA,2023-04-01,2023-04-01,2023-04-01,1
USA,2023-04-03,2023-04-03,2023-04-03,1
USA,2023-04-12,2023-04-12,2023-04-12,1
USA,2023-04-15,2023-04-15,2023-04-15,1
USA,2023-04-23,2023-04-23,2023-04-23,1
USA,2023-05-06,2023-05-06,2023-05-06,1
USA,2023-06,2023-06-01,2023-06-30,1
USA,2023-06-10,2023-06-10,2023-06-10,1
USA,2023-06-15,2023-06-15,2023-06-15,1
USA,2023-06-23,2023-06-23,2023-06-23,1
USA,2023-07-09,2023-07-09,2023-07-09,1
USA,2023-08,2023-08-01,2023-08-31,1
USA,2023-08-09,2023-08-09,2023-08-09,1
USA,2023-08-28,2023-08-28,2023-08-28,1
USA,2023-09-21,2023-09-21,2023-09-21,1
USA,2023-09-29,2023-09-29,2023-09-29,1
USA,2023-12-04,2023-12-04,2023-12-04,1
USA,2023-12-09,2023-12-09,2023-12-09,1
USA,2023-12-16,2023-12-16,2023-12-16,1
UZB,2000-08,2000-08-01,2000-08-31,1
UZB,2004-01-13,2004-01-13,2004-01-13,1
UZB,2005-02-24,2005-02-24,2005-02-24,1
UZB,2006-10-19,2006-10-19,2006-10-19,1
UZB,2008-07-10,2008-07-10,2008-07-10,1
UZB,2011-07-19,2011-07-19,2011-07-19,1
UZB,2020-05-01,2020-05-01,2020-05-01,1
UZB,2021-07-12,2021-07-12,2021-07-12,1
UZB,2022-04-20,2022-04-20,2022-04-20,1
UZB,2023-09-27,2023-09-27,2023-09-27,1
VCT,2002-09-24,2002-09-24,2002-09-24,1
VCT,2004-09-08,2004-09-08,2004-09-08,1
VCT,2005-07-14,2005-07-14,2005-07-14,1
VCT,2010-01,2010-01-01,2010-01-31,1
VCT,2010-10-29,2010-10-29,2010-10-29,1
VCT,2011-04-11,2011-04-11,2011-04-11,1
VCT,2013-12-23,2013-12-23,2013-12-23,1
VCT,2016-09-28,2016-09-28,2016-09-28,1
VCT,2016-11-29,2016-11-29,2016-11-29,1
VCT,2020-10,2020-10-01,2020-10-31,1
VCT,2021-04-09,2021-04-09,2021-04-09,1
VCT,2021-07-02,2021-07-02,2021-07-02,1
VCT,2023-06-22,2023-06-22,2023-06-22,1
VEN,2000-10,2000-10-01,2000-10-31,1
VEN,2000-11-12,2000-11-12,2000-11-12,1
VEN,2001-01-25,2001-01-25,2001-01-25,1
VEN,2001-07-12,2001-07-12,2001-07-12,1
VEN,2002-07-20,2002-07-20,2002-07-20,1
VEN,2002-12-01,2002-12-01,2002-12-01,1
VEN,2003-06-01,2003-06-01,2003-06-01,1
VEN,2003-08-26,2003-08-26,2003-08-26,1
VEN,2003-09-09,2003-09-09,2003-09-09,1
VEN,2004-08-21,2004-08-21,2004-08-21,1
VEN,2004-09-08,2004-09-08,2004-09-08,1
VEN,2004-11-17,2004-11-17,2004-11-17,1
VEN,2004-12-10,2004-12-10,2004-12-10,1
VEN,2005-01-08,2005-01-08,2005-01-08,1
VEN,2005-02-07,2005-02-07,2005-02-07,1
VEN,2005-06,2005-06-01,2005-06-30,1
VEN,2005-06-08,2005-06-08,2005-06-08,1
VEN,2005-06-16,2005-06-16,2005-06-16,1
VEN,2005-08-16,2005-08-16,2005-08-16,1
VEN,2005-11-02,2005-11-02,2005-11-02,1
VEN,2005-11-23,2005-11-23,2005-11-23,1
VEN,2005-12-26,2005-12-26,2005-12-26,1
VEN,2006-10-17,2006-10-17,2006-10-17,1
VEN,2007-05-18,2007-05-18,2007-05-18,1
VEN,2008-01-04,2008-01-04,2008-01-04,1
VEN,2008-02-21,2008-02-21,2008-02-21,1
VEN,2008-06-03,2008-06-03,2008-06-03,1
VEN,2008-11-20,2008-11-20,2008-11-20,1
VEN,2009-05-03,2009-05-03,2009-05-03,1
VEN,2009-11,2009-11-01,2009-11-30,1
VEN,2010-09-13,2010-09-13,2010-09-13,1
VEN,2010-09-24,2010-09-24,2010-09-24,1
VEN,2010-11-25,2010-11-25,2010-11-25,1
VEN,2011-01,2011-01-01,2011-01-31,1
VEN,2011-04-15,2011-04-15,2011-04-15,1
VEN,2011-12-01,2011-12-01,2011-12-01,1
VEN,2011-12-06,2011-12-06,2011-12-06,1
VEN,2011-12-29,2011-12-29,2011-12-29,1
VEN,2012-05-08,2012-05-08,2012-05-08,1
VEN,2012-08-25,2012-08-25,2012-08-25,1
VEN,2013-07-31,2013-07-31,2013-07-31,1
VEN,2015-06-29,2015-06-29,2015-06-29,1
VEN,2015-09-01,2015-09-01,2015-09-01,1
VEN,2016-09-30,2016-09-30,2016-09-30,1
VEN,2016-11-26,2016-11-26,2016-11-26,1
VEN,2018-06-16,2018-06-16,2018-06-16,1
VEN,2018-08-01,2018-08-01,2018-08-01,1
VEN,2018-09-25,2018-09-25,2018-09-25,1
VEN,2019-04-26,2019-04-26,2019-04-26,1
VEN,2019-06-11,2019-06-11,2019-06-11,1
VEN,2019-06-17,2019-06-17,2019-06-17,1
VEN,2019-10-05,2019-10-05,2019-10-05,1
VEN,2020-11-08,2020-11-08,2020-11-08,1
VEN,2020-12-12,2020-12-12,2020-12-12,1
VEN,2021-04-30,2021-04-30,2021-04-30,1
VEN,2021-08-23,2021-08-23,2021-08-23,1
VEN,2022-04-25,2022-04-25,2022-04-25,1
VEN,2022-08-10,2022-08-10,2022-08-10,2
VEN,2022-09-22,2022-09-22,2022-09-22,1
VEN,2022-10-09,2022-10-09,2022-10-09,1
VEN,2022-10-17,2022-10-17,2022-10-17,1
VEN,2022-10-24,2022-10-24,2022-10-24,1
VEN,2022-10-27,2022-10-27,2022-10-27,1
VEN,2022-11-04,2022-11-04,2022-11-04,1
VEN,2023-06-01,2023-06-01,2023-06-01,1
VEN,2023-12-13,2023-12-13,2023-12-13,1
VGB,2017-09-08,2017-09-08,2017-09-08,1
VGB,2017-09-20,2017-09-20,2017-09-20,1
VIR,2004-09-15,2004-09-15,2004-09-15,1
VIR,2017-09-07,2017-09-07,2017-09-07,1
VIR,2017-09-20,2017-09-20,2017-09-20,1
VNM,2000-02-14,2000-02-14,2000-02-14,1
VNM,2000-06-12,2000-06-12,2000-06-12,1
VNM,2000-07,2000-07-01,2000-07-31,1
VNM,2000-07-10,2000-07-10,2000-07-10,1
VNM,2000-07-22,2000-07-22,2000-07-22,1
VNM,2000-08-20,2000-08-20,2000-08-20,1
VNM,2000-08-24,2000-08-24,2000-08-24,3
VNM,2000-09-10,2000-09-10,2000-09-10,1
VNM,2000-10-03,2000-10-03,2000-10-03,1
VNM,2000-11-18,2000-11-18,2000-11-18,1
VNM,2001-04-07,2001-04-07,2001-04-07,1
VNM,2001-04-13,2001-04-13,2001-04-13,1
VNM,2001-06-06,2001-06-06,2001-06-06,1
VNM,2001-06-13,2001-06-13,2001-06-13,1
VNM,2001-06-30,2001-06-30,2001-06-30,1
VNM,2001-07-04,2001-07-04,2001-07-04,1
VNM,2001-08-11,2001-08-11,2001-08-11,1
VNM,2001-08-15,2001-08-15,2001-08-15,1
VNM,2001-10-15,2001-10-15,2001-10-15,1
VNM,2001-10-20,2001-10-20,2001-10-20,1
VNM,2001-11-04,2001-11-04,2001-11-04,1
VNM,2001-11-11,2001-11-11,2001-11-11,1
VNM,2001-11-12,2001-11-12,2001-11-12,1
VNM,2002-03-24,2002-03-24,2002-03-24,1
VNM,2002-05,2002-05-01,2002-05-31,1
VNM,2002-07-31,2002-07-31,2002-07-31,1
VNM,2002-09,2002-09-01,2002-09-30,1
VNM,2002-09-20,2002-09-20,2002-09-20,1
VNM,2002-10,2002-10-01,2002-10-31,1
VNM,2002-10-29,2002-10-29,2002-10-29,1
VNM,2003-01-11,2003-01-11,2003-01-11,1
VNM,2003-05-02,2003-05-02,2003-05-02,1
VNM,2003-05-05,2003-05-05,2003-05-05,1
VNM,2003-07-23,2003-07-23,2003-07-23,1
VNM,2003-08-04,2003-08-04,2003-08-04,1
VNM,2003-09-10,2003-09-10,2003-09-10,1
VNM,2003-10-15,2003-10-15,2003-10-15,2
VNM,2003-11-11,2003-11-11,2003-11-11,1
VNM,2004-04-16,2004-04-16,2004-04-16,1
VNM,2004-04-30,2004-04-30,2004-04-30,1
VNM,2004-06-07,2004-06-07,2004-06-07,1
VNM,2004-07-13,2004-07-13,2004-07-13,1
VNM,2004-07-18,2004-07-18,2004-07-18,1
VNM,2004-08-24,2004-08-24,2004-08-24,1
VNM,2004-09-13,2004-09-13,2004-09-13,1
VNM,2004-11-26,2004-11-26,2004-11-26,1
VNM,2005-01-26,2005-01-26,2005-01-26,1
VNM,2005-03-10,2005-03-10,2005-03-10,1
VNM,2005-03-12,2005-03-12,2005-03-12,1
VNM,2005-04-21,2005-04-21,2005-04-21,1
VNM,2005-05,2005-05-01,2005-05-31,1
VNM,2005-05-26,2005-05-26,2005-05-26,1
VNM,2005-08-13,2005-08-13,2005-08-13,1
VNM,2005-08-14,2005-08-14,2005-08-14,1
VNM,2005-09-08,2005-09-08,2005-09-08,1
VNM,2005-09-18,2005-09-18,2005-09-18,1
VNM,2005-09-27,2005-09-27,2005-09-27,1
VNM,2005-10-07,2005-10-07,2005-10-07,1
VNM,2005-10-20,2005-10-20,2005-10-20,1
VNM,2005-11-02,2005-11-02,2005-11-02,1
VNM,2005-12-04,2005-12-04,2005-12-04,1
VNM,2005-12-26,2005-12-26,2005-12-26,1
VNM,2006-04-07,2006-04-07,2006-04-07,1
VNM,2006-05-17,2006-05-17,2006-05-17,1
VNM,2006-07-09,2006-07-09,2006-07-09,1
VNM,2006-07-11,2006-07-11,2006-07-11,1
VNM,2006-07-18,2006-07-18,2006-07-18,1
VNM,2006-08-10,2006-08-10,2006-08-10,1
VNM,2006-08-12,2006-08-12,2006-08-12,1
VNM,2006-09-27,2006-09-27,2006-09-27,1
VNM,2006-10-08,2006-10-08,2006-10-08,1
VNM,2006-10-12,2006-10-12,2006-10-12,1
VNM,2006-11-20,2006-11-20,2006-11-20,1
VNM,2006-11-30,2006-11-30,2006-11-30,1
VNM,2007-02-08,2007-02-08,2007-02-08,1
VNM,2007-07,2007-07-01,2007-07-31,1
VNM,2007-08-05,2007-08-05,2007-08-05,1
VNM,2007-09-26,2007-09-26,2007-09-26,1
VNM,2007-09-29,2007-09-29,2007-09-29,1
VNM,2007-10-14,2007-10-14,2007-10-14,1
VNM,2007-10-20,2007-10-20,2007-10-20,1
VNM,2007-10-28,2007-10-28,2007-10-28,1
VNM,2007-11-10,2007-11-10,2007-11-10,1
VNM,2007-12-15,2007-12-15,2007-12-15,1
VNM,2008-03-05,2008-03-05,2008-03-05,1
VNM,2008-05-11,2008-05-11,2008-05-11,1
VNM,2008-06-02,2008-06-02,2008-06-02,1
VNM,2008-08-08,2008-08-08,2008-08-08,1
VNM,2008-08-26,2008-08-26,2008-08-26,1
VNM,2008-09-25,2008-09-25,2008-09-25,1
VNM,2008-09-30,2008-09-30,2008-09-30,1
VNM,2008-10-19,2008-10-19,2008-10-19,1
VNM,2008-10-27,2008-10-27,2008-10-27,1
VNM,2008-11-05,2008-11-05,2008-11-05,1
VNM,2008-11-17,2008-11-17,2008-11-17,1
VNM,2008-12-25,2008-12-25,2008-12-25,1
VNM,2009-01-25,2009-01-25,2009-01-25,1
VNM,2009-03-14,2009-03-14,2009-03-14,1
VNM,2009-07-03,2009-07-03,2009-07-03,1
VNM,2009-09-25,2009-09-25,2009-09-25,1
VNM,2009-09-28,2009-09-28,2009-09-28,1
VNM,2009-10-14,2009-10-14,2009-10-14,1
VNM,2009-11-02,2009-11-02,2009-11-02,1
VNM,2009-11-06,2009-11-06,2009-11-06,1
VNM,2010-07-17,2010-07-17,2010-07-17,1
VNM,2010-07-23,2010-07-23,2010-07-23,1
VNM,2010-08-24,2010-08-24,2010-08-24,1
VNM,2010-10-01,2010-10-01,2010-10-01,1
VNM,2010-10-14,2010-10-14,2010-10-14,1
VNM,2010-10-29,2010-10-29,2010-10-29,1
VNM,2010-11-12,2010-11-12,2010-11-12,1
VNM,2010-12-17,2010-12-17,2010-12-17,1
VNM,2010-12-28,2010-12-28,2010-12-28,1
VNM,2011-02-17,2011-02-17,2011-02-17,1
VNM,2011-04-01,2011-04-01,2011-04-01,1
VNM,2011-05-20,2011-05-20,2011-05-20,1
VNM,2011-06-19,2011-06-19,2011-06-19,1
VNM,2011-06-22,2011-06-22,2011-06-22,1
VNM,2011-07-29,2011-07-29,2011-07-29,1
VNM,2011-09,2011-09-01,2011-09-30,1
VNM,2011-09-14,2011-09-14,2011-09-14,1
VNM,2011-10-21,2011-10-21,2011-10-21,1
VNM,2012-05-17,2012-05-17,2012-05-17,1
VNM,2012-07-26,2012-07-26,2012-07-26,1
VNM,2012-08-17,2012-08-17,2012-08-17,1
VNM,2012-09-02,2012-09-02,2012-09-02,1
VNM,2012-10-28,2012-10-28,2012-10-28,1
VNM,2013-02-24,2013-02-24,2013-02-24,1
VNM,2013-07-28,2013-07-28,2013-07-28,1
VNM,2013-08-02,2013-08-02,2013-08-02,1
VNM,2013-09,2013-09-01,2013-09-30,1
VNM,2013-09-03,2013-09-03,2013-09-03,1
VNM,2013-09-16,2013-09-16,2013-09-16,1
VNM,2013-09-24,2013-09-24,2013-09-24,1
VNM,2013-09-30,2013-09-30,2013-09-30,1
VNM,2013-10-10,2013-10-10,2013-10-10,1
VNM,2013-10-12,2013-10-12,2013-10-12,1
VNM,2013-11-11,2013-11-11,2013-11-11,1
VNM,2013-11-14,2013-11-14,2013-11-14,1
VNM,2014-07-07,2014-07-07,2014-07-07,1
VNM,2014-07-19,2014-07-19,2014-07-19,1
VNM,2014-09-16,2014-09-16,2014-09-16,1
VNM,2014-11-30,2014-11-30,2014-11-30,1
VNM,2015-01-02,2015-01-02,2015-01-02,1
VNM,2015-06-24,2015-06-24,2015-06-24,1
VNM,2015-07-25,2015-07-25,2015-07-25,1
VNM,2015-09-07,2015-09-07,2015-09-07,1
VNM,2015-09-14,2015-09-14,2015-09-14,1
VNM,2015-12,2015-12-01,2015-12-31,1
VNM,2016-01-01,2016-01-01,2016-01-01,1
VNM,2016-07-28,2016-07-28,2016-07-28,1
VNM,2016-08-02,2016-08-02,2016-08-02,1
VNM,2016-08-12,2016-08-12,2016-08-12,1
VNM,2016-08-18,2016-08-18,2016-08-18,1
VNM,2016-10-09,2016-10-09,2016-10-09,1
VNM,2016-10-13,2016-10-13,2016-10-13,1
VNM,2016-10-30,2016-10-30,2016-10-30,1
VNM,2016-11-01,2016-11-01,2016-11-01,1
VNM,2016-12-12,2016-12-12,2016-12-12,1
VNM,2017-06-27,2017-06-27,2017-06-27,1
VNM,2017-07-07,2017-07-07,2017-07-07,1
VNM,2017-07-17,2017-07-17,2017-07-17,1
VNM,2017-08-03,2017-08-03,2017-08-03,1
VNM,2017-08-24,2017-08-24,2017-08-24,1
VNM,2017-09-15,2017-09-15,2017-09-15,1
VNM,2017-10-08,2017-10-08,2017-10-08,1
VNM,2017-11-04,2017-11-04,2017-11-04,1
VNM,2017-11-19,2017-11-19,2017-11-19,1
VNM,2018-03-22,2018-03-22,2018-03-22,1
VNM,2018-06-06,2018-06-06,2018-06-06,1
VNM,2018-06-23,2018-06-23,2018-06-23,1
VNM,2018-07-18,2018-07-18,2018-07-18,1
VNM,2018-08-17,2018-08-17,2018-08-17,1
VNM,2018-08-29,2018-08-29,2018-08-29,1
VNM,2018-11-17,2018-11-17,2018-11-17,1
VNM,2018-12-08,2018-12-08,2018-12-08,1
VNM,2019-05-27,2019-05-27,2019-05-27,1
VNM,2019-07,2019-07-01,2019-07-31,1
VNM,2019-08-05,2019-08-05,2019-08-05,1
VNM,2019-08-08,2019-08-08,2019-08-08,1
VNM,2019-09-11,2019-09-11,2019-09-11,1
VNM,2019-10-15,2019-10-15,2019-10-15,1
VNM,2019-11-03,2019-11-03,2019-11-03,1
VNM,2019-11-12,2019-11-12,2019-11-12,1
VNM,2020-03-02,2020-03-02,2020-03-02,1
VNM,2020-04-22,2020-04-22,2020-04-22,1
VNM,2020-07-18,2020-07-18,2020-07-18,1
VNM,2020-07-26,2020-07-26,2020-07-26,1
VNM,2020-07-29,2020-07-29,2020-07-29,1
VNM,2020-09-18,2020-09-18,2020-09-18,1
VNM,2020-10-06,2020-10-06,2020-10-06,1
VNM,2020-10-13,2020-10-13,2020-10-13,1
VNM,2020-10-29,2020-10-29,2020-10-29,1
VNM,2020-11-10,2020-11-10,2020-11-10,1
VNM,2020-11-15,2020-11-15,2020-11-15,1
VNM,2020-12-21,2020-12-21,2020-12-21,1
VNM,2021-03-22,2021-03-22,2021-03-22,1
VNM,2021-04-16,2021-04-16,2021-04-16,1
VNM,2021-06-12,2021-06-12,2021-06-12,1
VNM,2021-09-12,2021-09-12,2021-09-12,1
VNM,2021-09-23,2021-09-23,2021-09-23,1
VNM,2021-10-22,2021-10-22,2021-10-22,1
VNM,2021-11-27,2021-11-27,2021-11-27,1
VNM,2021-12-19,2021-12-19,2021-12-19,1
VNM,2022-02-26,2022-02-26,2022-02-26,1
VNM,2022-03-22,2022-03-22,2022-03-22,1
VNM,2022-05-09,2022-05-09,2022-05-09,1
VNM,2022-05-21,2022-05-21,2022-05-21,1
VNM,2022-08-14,2022-08-14,2022-08-14,1
VNM,2022-09-06,2022-09-06,2022-09-06,1
VNM,2022-09-28,2022-09-28,2022-09-28,1
VNM,2022-09-30,2022-09-30,2022-09-30,1
VNM,2022-10-10,2022-10-10,2022-10-10,1
VNM,2022-10-13,2022-10-13,2022-10-13,1
VNM,2022-12-01,2022-12-01,2022-12-01,1
VNM,2023-04-28,2023-04-28,2023-04-28,1
VNM,2023-07-14,2023-07-14,2023-07-14,1
VNM,2023-07-30,2023-07-30,2023-07-30,1
VNM,2023-08-04,2023-08-04,2023-08-04,1
VNM,2023-09-12,2023-09-12,2023-09-12,1
VNM,2023-10-06,2023-10-06,2023-10-06,1
VNM,2023-11-13,2023-11-13,2023-11-13,1
VUT,2001-02-28,2001-02-28,2001-02-28,1
VUT,2001-04-07,2001-04-07,2001-04-07,1
VUT,2001-06-08,2001-06-08,2001-06-08,1
VUT,2002-01-03,2002-01-03,2002-01-03,1
VUT,2002-11-27,2002-11-27,2002-11-27,1
VUT,2002-12-21,2002-12-21,2002-12-21,1
VUT,2004-02-25,2004-02-25,2004-02-25,1
VUT,2005-11-27,2005-11-27,2005-11-27,1
VUT,2006-05-09,2006-05-09,2006-05-09,1
VUT,2008-12,2008-12-01,2008-12-31,1
VUT,2009-04-15,2009-04-15,2009-04-15,1
VUT,2009-11-26,2009-11-26,2009-11-26,1
VUT,2011-01-12,2011-01-12,2011-01-12,1
VUT,2011-01-30,2011-01-30,2011-01-30,1
VUT,2014-03-09,2014-03-09,2014-03-09,1
VUT,2015-03-12,2015-03-12,2015-03-12,1
VUT,2016-11-30,2016-11-30,2016-11-30,1
VUT,2017-05-07,2017-05-07,2017-05-07,1
VUT,2017-09-23,2017-09-23,2017-09-23,1
VUT,2018-03,2018-03-01,2018-03-31,1
VUT,2018-12-15,2018-12-15,2018-12-15,1
VUT,2020-04-06,2020-04-06,2020-04-06,1
VUT,2021-10-21,2021-10-21,2021-10-21,1
VUT,2023-02-28,2023-02-28,2023-02-28,1
VUT,2023-03-02,2023-03-02,2023-03-02,1
VUT,2023-10-24,2023-10-24,2023-10-24,1
WLF,2012-12-15,2012-12-15,2012-12-15,1
WSM,2001-04-15,2001-04-15,2001-04-15,1
WSM,2004-01-05,2004-01-05,2004-01-05,1
WSM,2005-02-16,2005-02-16,2005-02-16,1
WSM,2009-09-29,2009-09-29,2009-09-29,1
WSM,2012-12-13,2012-12-13,2012-12-13,1
WSM,2015-06,2015-06-01,2015-06-30,1
WSM,2018-02-12,2018-02-12,2018-02-12,1
WSM,2019-08,2019-08-01,2019-08-31,1
YEM,2000-09-06,2000-09-06,2000-09-06,1
YEM,2000-09-10,2000-09-10,2000-09-10,1
YEM,2001-05-19,2001-05-19,2001-05-19,1
YEM,2001-06-09,2001-06-09,2001-06-09,1
YEM,2001-07-26,2001-07-26,2001-07-26,1
YEM,2001-08-11,2001-08-11,2001-08-11,1
YEM,2001-08-12,2001-08-12,2001-08-12,1
YEM,2002-04-11,2002-04-11,2002-04-11,1
YEM,2002-07-06,2002-07-06,2002-07-06,1
YEM,2002-07-24,2002-07-24,2002-07-24,1
YEM,2002-08-22,2002-08-22,2002-08-22,1
YEM,2003-01-04,2003-01-04,2003-01-04,1
YEM,2003-06-19,2003-06-19,2003-06-19,1
YEM,2003-08-18,2003-08-18,2003-08-18,1
YEM,2003-09-13,2003-09-13,2003-09-13,1
YEM,2004-04-06,2004-04-06,2004-04-06,1
YEM,2004-07-22,2004-07-22,2004-07-22,1
YEM,2005-02-25,2005-02-25,2005-02-25,1
YEM,2005-04-25,2005-04-25,2005-04-25,1
YEM,2005-08-20,2005-08-20,2005-08-20,1
YEM,2005-12-28,2005-12-28,2005-12-28,1
YEM,2006-02-20,2006-02-20,2006-02-20,1
YEM,2006-04-03,2006-04-03,2006-04-03,1
YEM,2006-12-18,2006-12-18,2006-12-18,1
YEM,2007-01-01,2007-01-01,2007-01-01,1
YEM,2007-03-23,2007-03-23,2007-03-23,1
YEM,2007-08-01,2007-08-01,2007-08-01,1
YEM,2007-09-30,2007-09-30,2007-09-30,1
YEM,2007-11-30,2007-11-30,2007-11-30,1
YEM,2007-12-15,2007-12-15,2007-12-15,1
YEM,2008-01-18,2008-01-18,2008-01-18,1
YEM,2008-10-01,2008-10-01,2008-10-01,1
YEM,2008-10-23,2008-10-23,2008-10-23,1
YEM,2009-04-23,2009-04-23,2009-04-23,1
YEM,2009-06-17,2009-06-17,2009-06-17,1
YEM,2009-08-27,2009-08-27,2009-08-27,1
YEM,2009-09-13,2009-09-13,2009-09-13,1
YEM,2010-02-13,2010-02-13,2010-02-13,1
YEM,2010-02-14,2010-02-14,2010-02-14,1
YEM,2010-03-02,2010-03-02,2010-03-02,1
YEM,2010-05-05,2010-05-05,2010-05-05,1
YEM,2010-07-10,2010-07-10,2010-07-10,1
YEM,2010-09-27,2010-09-27,2010-09-27,1
YEM,2011-01-02,2011-01-02,2011-01-02,1
YEM,2011-01-03,2011-01-03,2011-01-03,1
YEM,2011-02-20,2011-02-20,2011-02-20,1
YEM,2011-03-22,2011-03-22,2011-03-22,1
YEM,2011-03-28,2011-03-28,2011-03-28,1
YEM,2011-04-14,2011-04-14,2011-04-14,1
YEM,2012-11-15,2012-11-15,2012-11-15,1
YEM,2013-02-07,2013-02-07,2013-02-07,1
YEM,2013-02-19,2013-02-19,2013-02-19,1
YEM,2013-07-14,2013-07-14,2013-07-14,1
YEM,2013-08-16,2013-08-16,2013-08-16,1
YEM,2014-03-12,2014-03-12,2014-03-12,1
YEM,2014-05-31,2014-05-31,2014-05-31,1
YEM,2014-12-08,2014-12-08,2014-12-08,1
YEM,2015-02-03,2015-02-03,2015-02-03,1
YEM,2015-03-27,2015-03-27,2015-03-27,1
YEM,2015-11-03,2015-11-03,2015-11-03,1
YEM,2015-11-08,2015-11-08,2015-11-08,1
YEM,2016-04-13,2016-04-13,2016-04-13,1
YEM,2016-05-22,2016-05-22,2016-05-22,1
YEM,2016-10-06,2016-10-06,2016-10-06,1
YEM,2016-12-07,2016-12-07,2016-12-07,1
YEM,2017-04-08,2017-04-08,2017-04-08,1
YEM,2017-04-27,2017-04-27,2017-04-27,1
YEM,2017-08-29,2017-08-29,2017-08-29,1
YEM,2017-10-29,2017-10-29,2017-10-29,1
YEM,2018-05-23,2018-05-23,2018-05-23,1
YEM,2018-06-06,2018-06-06,2018-06-06,1
YEM,2018-10-14,2018-10-14,2018-10-14,1
YEM,2019-01-01,2019-01-01,2019-01-01,1
YEM,2019-01,2019-01-01,2019-01-31,1
YEM,2019-05-17,2019-05-17,2019-05-17,1
YEM,2019-06-11,2019-06-11,2019-06-11,1
YEM,2019-07-31,2019-07-31,2019-07-31,1
YEM,2020-03-25,2020-03-25,2020-03-25,1
YEM,2020-04-15,2020-04-15,2020-04-15,1
YEM,2020-06-03,2020-06-03,2020-06-03,1
YEM,2020-07-15,2020-07-15,2020-07-15,1
YEM,2021-03-07,2021-03-07,2021-03-07,1
YEM,2021-05-01,2021-05-01,2021-05-01,1
YEM,2021-07-16,2021-07-16,2021-07-16,1
YEM,2022-06,2022-06-01,2022-06-30,1
YEM,2022-07-23,2022-07-23,2022-07-23,1
YEM,2022-08-03,2022-08-03,2022-08-03,1
YEM,2023-03,2023-03-01,2023-03-31,1
YEM,2023-04-19,2023-04-19,2023-04-19,1
YEM,2023-10-23,2023-10-23,2023-10-23,1
YEM,2023-11-15,2023-11-15,2023-11-15,1
ZAF,2000-01-15,2000-01-15,2000-01-15,1
ZAF,2000-01-23,2000-01-23,2000-01-23,1
ZAF,2000-01-26,2000-01-26,2000-01-26,1
ZAF,2000-02-02,2000-02-02,2000-02-02,1
ZAF,2000-03-25,2000-03-25,2000-03-25,1
ZAF,2000-08-15,2000-08-15,2000-08-15,1
ZAF,2000-08-19,2000-08-19,2000-08-19,1
ZAF,2000-11-07,2000-11-07,2000-11-07,1
ZAF,2000-11-10,2000-11-10,2000-11-10,1
ZAF,2000-11-17,2000-11-17,2000-11-17,1
ZAF,2000-11-19,2000-11-19,2000-11-19,1
ZAF,2000-11-26,2000-11-26,2000-11-26,1
ZAF,2000-12-11,2000-12-11,2000-12-11,1
ZAF,2000-12-24,2000-12-24,2000-12-24,2
ZAF,2001-01-30,2001-01-30,2001-01-30,1
ZAF,2001-04-11,2001-04-11,2001-04-11,2
ZAF,2001-04-15,2001-04-15,2001-04-15,1
ZAF,2001-05-08,2001-05-08,2001-05-08,1
ZAF,2001-07-03,2001-07-03,2001-07-03,1
ZAF,2001-09-04,2001-09-04,2001-09-04,1
ZAF,2001-09-06,2001-09-06,2001-09-06,1
ZAF,2001-09-14,2001-09-14,2001-09-14,1
ZAF,2001-10-09,2001-10-09,2001-10-09,1
ZAF,2001-10-26,2001-10-26,2001-10-26,1
ZAF,2001-12-19,2001-12-19,2001-12-19,1
ZAF,2001-12-30,2001-12-30,2001-12-30,1
ZAF,2002-01-01,2002-01-01,2002-01-01,1
ZAF,2002-01-08,2002-01-08,2002-01-08,1
ZAF,2002-02-02,2002-02-02,2002-02-02,1
ZAF,2002-02-05,2002-02-05,2002-02-05,1
ZAF,2002-02-14,2002-02-14,2002-02-14,1
ZAF,2002-03-07,2002-03-07,2002-03-07,1
ZAF,2002-04-11,2002-04-11,2002-04-11,1
ZAF,2002-04-17,2002-04-17,2002-04-17,1
ZAF,2002-04-25,2002-04-25,2002-04-25,1
ZAF,2002-07,2002-07-01,2002-07-31,1
ZAF,2002-07-14,2002-07-14,2002-07-14,1
ZAF,2002-07-15,2002-07-15,2002-07-15,1
ZAF,2002-08-16,2002-08-16,2002-08-16,1
ZAF,2002-09-09,2002-09-09,2002-09-09,1
ZAF,2002-09-28,2002-09-28,2002-09-28,1
ZAF,2002-10-30,2002-10-30,2002-10-30,1
ZAF,2002-11-28,2002-11-28,2002-11-28,1
ZAF,2003-01-07,2003-01-07,2003-01-07,1
ZAF,2003-01-25,2003-01-25,2003-01-25,1
ZAF,2003-03-23,2003-03-23,2003-03-23,1
ZAF,2003-05-01,2003-05-01,2003-05-01,1
ZAF,2003-08-18,2003-08-18,2003-08-18,1
ZAF,2003-10-20,2003-10-20,2003-10-20,1
ZAF,2003-10-24,2003-10-24,2003-10-24,1
ZAF,2003-10-29,2003-10-29,2003-10-29,1
ZAF,2003-10-30,2003-10-30,2003-10-30,1
ZAF,2003-11-15,2003-11-15,2003-11-15,1
ZAF,2004-01-01,2004-01-01,2004-01-01,1
ZAF,2004-01,2004-01-01,2004-01-31,1
ZAF,2004-01-05,2004-01-05,2004-01-05,1
ZAF,2004-07-23,2004-07-23,2004-07-23,1
ZAF,2004-08-07,2004-08-07,2004-08-07,1
ZAF,2004-09-01,2004-09-01,2004-09-01,1
ZAF,2004-10-16,2004-10-16,2004-10-16,1
ZAF,2005-03-09,2005-03-09,2005-03-09,1
ZAF,2005-03-25,2005-03-25,2005-03-25,1
ZAF,2005-04-25,2005-04-25,2005-04-25,1
ZAF,2005-05-08,2005-05-08,2005-05-08,1
ZAF,2005-07-13,2005-07-13,2005-07-13,1
ZAF,2005-07-15,2005-07-15,2005-07-15,1
ZAF,2005-08-19,2005-08-19,2005-08-19,1
ZAF,2005-09-02,2005-09-02,2005-09-02,1
ZAF,2005-12-16,2005-12-16,2005-12-16,1
ZAF,2006-02-07,2006-02-07,2006-02-07,1
ZAF,2006-03-26,2006-03-26,2006-03-26,1
ZAF,2006-03-29,2006-03-29,2006-03-29,1
ZAF,2006-05-04,2006-05-04,2006-05-04,1
ZAF,2006-06-18,2006-06-18,2006-06-18,2
ZAF,2006-06-24,2006-06-24,2006-06-24,1
ZAF,2006-07-08,2006-07-08,2006-07-08,1
ZAF,2006-08-02,2006-08-02,2006-08-02,1
ZAF,2006-11-13,2006-11-13,2006-11-13,1
ZAF,2006-12-24,2006-12-24,2006-12-24,1
ZAF,2007-02-01,2007-02-01,2007-02-01,1
ZAF,2007-02-19,2007-02-19,2007-02-19,1
ZAF,2007-05-21,2007-05-21,2007-05-21,1
ZAF,2007-05-24,2007-05-24,2007-05-24,1
ZAF,2007-07-27,2007-07-27,2007-07-27,2
ZAF,2007-08-19,2007-08-19,2007-08-19,1
ZAF,2007-09-08,2007-09-08,2007-09-08,1
ZAF,2007-09-30,2007-09-30,2007-09-30,1
ZAF,2007-10-02,2007-10-02,2007-10-02,1
ZAF,2007-10-07,2007-10-07,2007-10-07,1
ZAF,2007-11-06,2007-11-06,2007-11-06,1
ZAF,2007-12-22,2007-12-22,2007-12-22,1
ZAF,2008-03-02,2008-03-02,2008-03-02,1
ZAF,2008-03-03,2008-03-03,2008-03-03,1
ZAF,2008-04-03,2008-04-03,2008-04-03,1
ZAF,2008-05-27,2008-05-27,2008-05-27,1
ZAF,2008-06-19,2008-06-19,2008-06-19,1
ZAF,2008-08-30,2008-08-30,2008-08-30,1
ZAF,2008-10-07,2008-10-07,2008-10-07,1
ZAF,2008-11-12,2008-11-12,2008-11-12,1
ZAF,2008-11-14,2008-11-14,2008-11-14,1
ZAF,2008-11-15,2008-11-15,2008-11-15,1
ZAF,2008-12-22,2008-12-22,2008-12-22,1
ZAF,2009-01-03,2009-01-03,2009-01-03,1
ZAF,2009-02-01,2009-02-01,2009-02-01,2
ZAF,2009-02-28,2009-02-28,2009-02-28,1
ZAF,2009-06-01,2009-06-01,2009-06-01,1
ZAF,2009-07-12,2009-07-12,2009-07-12,1
ZAF,2010-02-09,2010-02-09,2010-02-09,1
ZAF,2010-05-05,2010-05-05,2010-05-05,1
ZAF,2010-08-01,2010-08-01,2010-08-01,1
ZAF,2010-10-23,2010-10-23,2010-10-23,1
ZAF,2010-12-15,2010-12-15,2010-12-15,1
ZAF,2010-12-23,2010-12-23,2010-12-23,1
ZAF,2011-01-01,2011-01-01,2011-01-01,2
ZAF,2011-04-08,2011-04-08,2011-04-08,1
ZAF,2011-05-19,2011-05-19,2011-05-19,1
ZAF,2011-06-12,2011-06-12,2011-06-12,1
ZAF,2011-06-26,2011-06-26,2011-06-26,1
ZAF,2011-08-24,2011-08-24,2011-08-24,1
ZAF,2011-10-02,2011-10-02,2011-10-02,1
ZAF,2011-12-01,2011-12-01,2011-12-01,1
ZAF,2011-12-10,2011-12-10,2011-12-10,1
ZAF,2011-12-31,2011-12-31,2011-12-31,1
ZAF,2012-01,2012-01-01,2012-01-31,1
ZAF,2012-05-26,2012-05-26,2012-05-26,1
ZAF,2012-06-25,2012-06-25,2012-06-25,1
ZAF,2012-07-12,2012-07-12,2012-07-12,1
ZAF,2012-07-13,2012-07-13,2012-07-13,1
ZAF,2012-09-15,2012-09-15,2012-09-15,1
ZAF,2012-10-24,2012-10-24,2012-10-24,1
ZAF,2012-12-05,2012-12-05,2012-12-05,1
ZAF,2012-12-10,2012-12-10,2012-12-10,1
ZAF,2013-01-01,2013-01-01,2013-01-01,1
ZAF,2013-01-31,2013-01-31,2013-01-31,1
ZAF,2013-03-15,2013-03-15,2013-03-15,1
ZAF,2013-06-01,2013-06-01,2013-06-01,1
ZAF,2013-09-05,2013-09-05,2013-09-05,1
ZAF,2013-11-12,2013-11-12,2013-11-12,1
ZAF,2013-11-20,2013-11-20,2013-11-20,1
ZAF,2013-11-22,2013-11-22,2013-11-22,2
ZAF,2014-03-01,2014-03-01,2014-03-01,1
ZAF,2014-08-05,2014-08-05,2014-08-05,1
ZAF,2014-09-06,2014-09-06,2014-09-06,1
ZAF,2015-01,2015-01-01,2015-01-31,1
ZAF,2015-02-25,2015-02-25,2015-02-25,1
ZAF,2015-04-28,2015-04-28,2015-04-28,1
ZAF,2015-07-17,2015-07-17,2015-07-17,1
ZAF,2015-08-17,2015-08-17,2015-08-17,1
ZAF,2015-08-29,2015-08-29,2015-08-29,2
ZAF,2015-09-27,2015-09-27,2015-09-27,1
ZAF,2015-11-29,2015-11-29,2015-11-29,2
ZAF,2015-12-28,2015-12-28,2015-12-28,1
ZAF,2016-01-01,2016-01-01,2016-01-01,1
ZAF,2016-06-23,2016-06-23,2016-06-23,1
ZAF,2016-07-25,2016-07-25,2016-07-25,1
ZAF,2016-11-09,2016-11-09,2016-11-09,1
ZAF,2017-04-21,2017-04-21,2017-04-21,1
ZAF,2017-05,2017-05-01,2017-05-31,1
ZAF,2017-05-14,2017-05-14,2017-05-14,1
ZAF,2017-06-07,2017-06-07,2017-06-07,2
ZAF,2017-10-09,2017-10-09,2017-10-09,1
ZAF,2018-01-04,2018-01-04,2018-01-04,1
ZAF,2018-01-09,2018-01-09,2018-01-09,1
ZAF,2018-10-19,2018-10-19,2018-10-19,1
ZAF,2019-01-01,2019-01-01,2019-01-01,1
ZAF,2019-02-03,2019-02-03,2019-02-03,1
ZAF,2019-03-08,2019-03-08,2019-03-08,1
ZAF,2019-04-21,2019-04-21,2019-04-21,1
ZAF,2019-05-02,2019-05-02,2019-05-02,1
ZAF,2019-11-11,2019-11-11,2019-11-11,1
ZAF,2019-12-02,2019-12-02,2019-12-02,1
ZAF,2020-02-07,2020-02-07,2020-02-07,1
ZAF,2020-03-02,2020-03-02,2020-03-02,1
ZAF,2020-11-17,2020-11-17,2020-11-17,1
ZAF,2021-01-24,2021-01-24,2021-01-24,1
ZAF,2021-02-01,2021-02-01,2021-02-01,1
ZAF,2021-03,2021-03-01,2021-03-31,1
ZAF,2021-12-12,2021-12-12,2021-12-12,1
ZAF,2022-01-08,2022-01-08,2022-01-08,1
ZAF,2022-01-12,2022-01-12,2022-01-12,1
ZAF,2022-01-15,2022-01-15,2022-01-15,1
ZAF,2022-02-04,2022-02-04,2022-02-04,1
ZAF,2022-02-21,2022-02-21,2022-02-21,1
ZAF,2022-04-08,2022-04-08,2022-04-08,1
ZAF,2022-05-22,2022-05-22,2022-05-22,1
ZAF,2022-06-13,2022-06-13,2022-06-13,1
ZAF,2022-12-10,2022-12-10,2022-12-10,1
ZAF,2022-12-23,2022-12-23,2022-12-23,1
ZAF,2023-02-08,2023-02-08,2023-02-08,1
ZAF,2023-02-14,2023-02-14,2023-02-14,1
ZAF,2023-03-23,2023-03-23,2023-03-23,1
ZAF,2023-06-27,2023-06-27,2023-06-27,1
ZAF,2023-07-05,2023-07-05,2023-07-05,1
ZAF,2023-07-16,2023-07-16,2023-07-16,1
ZAF,2023-08-30,2023-08-30,2023-08-30,1
ZAF,2023-09-17,2023-09-17,2023-09-17,1
ZAF,2023-09-23,2023-09-23,2023-09-23,1
ZAF,2023-11-27,2023-11-27,2023-11-27,1
ZAF,2023-12-19,2023-12-19,2023-12-19,1
ZAF,2023-12-24,2023-12-24,2023-12-24,1
ZMB,2000-01,2000-01-01,2000-01-31,1
ZMB,2000-03,2000-03-01,2000-03-31,1
ZMB,2000-03-03,2000-03-03,2000-03-03,1
ZMB,2001-02,2001-02-01,2001-02-28,1
ZMB,2001-03,2001-03-01,2001-03-31,1
ZMB,2001-04-08,2001-04-08,2001-04-08,1
ZMB,2001-07-18,2001-07-18,2001-07-18,1
ZMB,2001-08-11,2001-08-11,2001-08-11,1
ZMB,2001-08-18,2001-08-18,2001-08-18,1
ZMB,2003-03-11,2003-03-11,2003-03-11,1
ZMB,2003-07-27,2003-07-27,2003-07-27,1
ZMB,2003-09-17,2003-09-17,2003-09-17,1
ZMB,2003-11-24,2003-11-24,2003-11-24,1
ZMB,2003-12-04,2003-12-04,2003-12-04,1
ZMB,2003-12-25,2003-12-25,2003-12-25,1
ZMB,2004-02-01,2004-02-01,2004-02-01,1
ZMB,2005-04-08,2005-04-08,2005-04-08,1
ZMB,2005-04-20,2005-04-20,2005-04-20,1
ZMB,2005-05-18,2005-05-18,2005-05-18,2
ZMB,2005-06,2005-06-01,2005-06-30,1
ZMB,2005-08-13,2005-08-13,2005-08-13,1
ZMB,2005-11,2005-11-01,2005-11-30,1
ZMB,2006-10-15,2006-10-15,2006-10-15,1
ZMB,2007-01-10,2007-01-10,2007-01-10,1
ZMB,2007-01-20,2007-01-20,2007-01-20,1
ZMB,2007-02,2007-02-01,2007-02-28,1
ZMB,2007-10-06,2007-10-06,2007-10-06,1
ZMB,2007-12-30,2007-12-30,2007-12-30,1
ZMB,2008-01-02,2008-01-02,2008-01-02,1
ZMB,2008-01-18,2008-01-18,2008-01-18,1
ZMB,2008-02-09,2008-02-09,2008-02-09,1
ZMB,2008-09-10,2008-09-10,2008-09-10,1
ZMB,2009-02-27,2009-02-27,2009-02-27,1
ZMB,2009-09-12,2009-09-12,2009-09-12,1
ZMB,2009-10-19,2009-10-19,2009-10-19,1
ZMB,2010-02-22,2010-02-22,2010-02-22,1
ZMB,2010-03-01,2010-03-01,2010-03-01,1
ZMB,2011-03,2011-03-01,2011-03-31,1
ZMB,2011-03-02,2011-03-02,2011-03-02,1
ZMB,2011-07-27,2011-07-27,2011-07-27,1
ZMB,2011-10-15,2011-10-15,2011-10-15,1
ZMB,2012-03-25,2012-03-25,2012-03-25,1
ZMB,2012-08-03,2012-08-03,2012-08-03,1
ZMB,2012-09-26,2012-09-26,2012-09-26,1
ZMB,2013-01,2013-01-01,2013-01-31,1
ZMB,2013-02-07,2013-02-07,2013-02-07,1
ZMB,2014,2014-01-01,2014-12-31,1
ZMB,2014-10-24,2014-10-24,2014-10-24,1
ZMB,2015-04-07,2015-04-07,2015-04-07,1
ZMB,2015-09-12,2015-09-12,2015-09-12,1
ZMB,2016-04-09,2016-04-09,2016-04-09,1
ZMB,2017-09-28,2017-09-28,2017-09-28,1
ZMB,2018-06-20,2018-06-20,2018-06-20,1
ZMB,2019-01-01,2019-01-01,2019-01-01,1
ZMB,2019,2019-01-01,2019-12-31,1
ZMB,2019-02-14,2019-02-14,2019-02-14,1
ZMB,2020-01,2020-01-01,2020-01-31,1
ZMB,2020-03-20,2020-03-20,2020-03-20,1
ZMB,2020-12-22,2020-12-22,2020-12-22,1
ZMB,2021-06-15,2021-06-15,2021-06-15,1
ZMB,2021-07,2021-07-01,2021-07-31,1
ZMB,2022-01-11,2022-01-11,2022-01-11,1
ZMB,2023-01-11,2023-01-11,2023-01-11,1
ZMB,2023-01-21,2023-01-21,2023-01-21,1
ZMB,2023-02-07,2023-02-07,2023-02-07,1
ZMB,2023-05-13,2023-05-13,2023-05-13,1
ZMB,2023-10,2023-10-01,2023-10-31,1
ZMB,2023-12-01,2023-12-01,2023-12-01,1
ZWE,2000-01,2000-01-01,2000-01-31,1
ZWE,2000-01-26,2000-01-26,2000-01-26,1
ZWE,2000-07,2000-07-01,2000-07-31,1
ZWE,2000-10-11,2000-10-11,2000-10-11,1
ZWE,2000-11,2000-11-01,2000-11-30,1
ZWE,2000-12-30,2000-12-30,2000-12-30,1
ZWE,2001-02,2001-02-01,2001-02-28,1
ZWE,2001-03,2001-03-01,2001-03-31,1
ZWE,2002-03-06,2002-03-06,2002-03-06,1
ZWE,2002-06-10,2002-06-10,2002-06-10,1
ZWE,2002-06-11,2002-06-11,2002-06-11,1
ZWE,2002-06-21,2002-06-21,2002-06-21,1
ZWE,2002-07-23,2002-07-23,2002-07-23,1
ZWE,2002-08,2002-08-01,2002-08-31,1
ZWE,2003-01-04,2003-01-04,2003-01-04,1
ZWE,2003-02-01,2003-02-01,2003-02-01,1
ZWE,2003-02-25,2003-02-25,2003-02-25,1
ZWE,2003-03-07,2003-03-07,2003-03-07,1
ZWE,2003-09-18,2003-09-18,2003-09-18,1
ZWE,2003-09-30,2003-09-30,2003-09-30,1
ZWE,2003-10-09,2003-10-09,2003-10-09,1
ZWE,2004-01-22,2004-01-22,2004-01-22,1
ZWE,2005-05,2005-05-01,2005-05-31,1
ZWE,2005-08-25,2005-08-25,2005-08-25,1
ZWE,2005-11-13,2005-11-13,2005-11-13,1
ZWE,2005-12-10,2005-12-10,2005-12-10,1
ZWE,2006-06-06,2006-06-06,2006-06-06,1
ZWE,2006-08-07,2006-08-07,2006-08-07,1
ZWE,2007-01,2007-01-01,2007-01-31,1
ZWE,2007-02-27,2007-02-27,2007-02-27,1
ZWE,2007-03-06,2007-03-06,2007-03-06,1
ZWE,2007-05-25,2007-05-25,2007-05-25,1
ZWE,2007-12-13,2007-12-13,2007-12-13,1
ZWE,2007-12-19,2007-12-19,2007-12-19,1
ZWE,2007-12-29,2007-12-29,2007-12-29,1
ZWE,2008-06-30,2008-06-30,2008-06-30,1
ZWE,2008-08-15,2008-08-15,2008-08-15,1
ZWE,2009-04-15,2009-04-15,2009-04-15,1
ZWE,2009-08,2009-08-01,2009-08-31,1
ZWE,2009-08-02,2009-08-02,2009-08-02,1
ZWE,2009-10,2009-10-01,2009-10-31,1
ZWE,2010-01-01,2010-01-01,2010-01-01,1
ZWE,2010-02-04,2010-02-04,2010-02-04,1
ZWE,2010-03-04,2010-03-04,2010-03-04,1
ZWE,2010-05,2010-05-01,2010-05-31,1
ZWE,2010-07-04,2010-07-04,2010-07-04,1
ZWE,2011-01-01,2011-01-01,2011-01-01,1
ZWE,2011-01-07,2011-01-07,2011-01-07,1
ZWE,2011-03,2011-03-01,2011-03-31,1
ZWE,2011-07-31,2011-07-31,2011-07-31,1
ZWE,2011-08-02,2011-08-02,2011-08-02,1
ZWE,2011-08-25,2011-08-25,2011-08-25,1
ZWE,2011-12-25,2011-12-25,2011-12-25,1
ZWE,2012-03-25,2012-03-25,2012-03-25,1
ZWE,2013-01,2013-01-01,2013-01-31,2
ZWE,2013-10-30,2013-10-30,2013-10-30,1
ZWE,2014-01-20,2014-01-20,2014-01-20,1
ZWE,2014-11-20,2014-11-20,2014-11-20,1
ZWE,2014-12,2014-12-01,2014-12-31,1
ZWE,2015-01-02,2015-01-02,2015-01-02,1
ZWE,2015-01-18,2015-01-18,2015-01-18,1
ZWE,2015-02,2015-02-01,2015-02-28,1
ZWE,2016-03-04,2016-03-04,2016-03-04,1
ZWE,2016-12-09,2016-12-09,2016-12-09,1
ZWE,2017-01,2017-01-01,2017-01-31,1
ZWE,2017-02,2017-02-01,2017-02-28,1
ZWE,2017-06-07,2017-06-07,2017-06-07,1
ZWE,2017-12-02,2017-12-02,2017-12-02,1
ZWE,2018-08-07,2018-08-07,2018-08-07,1
ZWE,2018-09-05,2018-09-05,2018-09-05,1
ZWE,2018-11-07,2018-11-07,2018-11-07,1
ZWE,2018-11-15,2018-11-15,2018-11-15,1
ZWE,2019-02-11,2019-02-11,2019-02-11,1
ZWE,2019-02-15,2019-02-15,2019-02-15,1
ZWE,2019-03-14,2019-03-14,2019-03-14,1
ZWE,2021-01-23,2021-01-23,2021-01-23,1
ZWE,2021-08,2021-08-01,2021-08-31,1
ZWE,2022-01-13,2022-01-13,2022-01-13,1
ZWE,2022-01-25,2022-01-25,2022-01-25,1
ZWE,2022-04,2022-04-01,2022-04-30,1
ZWE,2022-04-15,2022-04-15,2022-04-15,1
ZWE,2023-02-12,2023-02-12,2023-02-12,1
ZWE,2023-02-24,2023-02-24,2023-02-24,1
