hdi_missing_reason,country,country_normalized,country_code,year,record_count
year_not_available_for_country,China,china,CHN,2005,101
year_not_available_for_country,China,china,CHN,2004,95
year_not_available_for_country,China,china,CHN,2001,85
year_not_available_for_country,China,china,CHN,2002,85
year_not_available_for_country,China,china,CHN,2003,82
year_not_available_for_country,China,china,CHN,2006,81
year_not_available_for_country,India,india,IND,2005,64
year_not_available_for_country,China,china,CHN,2008,64
year_not_available_for_country,China,china,CHN,2007,61
year_not_available_for_country,China,china,CHN,2009,55
year_not_available_for_country,China,china,CHN,2013,54
year_not_available_for_country,China,china,CHN,2014,52
year_not_available_for_country,China,china,CHN,2016,48
year_not_available_for_country,China,china,CHN,2011,48
year_not_available_for_country,India,india,IND,2003,47
year_not_available_for_country,India,india,IND,2002,45
year_not_available_for_country,Nigeria,nigeria,NGA,2001,44
year_not_available_for_country,China,china,CHN,2012,43
year_not_available_for_country,India,india,IND,2017,41
year_not_available_for_country,Philippines,philippines,PHL,2011,41
year_not_available_for_country,India,india,IND,2001,39
year_not_available_for_country,India,india,IND,2007,38
year_not_available_for_country,China,china,CHN,2017,38
year_not_available_for_country,Nigeria,nigeria,NGA,2002,38
year_not_available_for_country,United States of America,united states,USA,2002,38
year_not_available_for_country,India,india,IND,2006,37
year_not_available_for_country,India,india,IND,2018,36
year_not_available_for_country,United States of America,united states,USA,2001,36
year_not_available_for_country,India,india,IND,2016,34
year_outside_hdi_range,United States of America,united states,USA,2025,34
year_not_available_for_country,United States of America,united states,USA,2006,34
year_not_available_for_country,United States of America,united states,USA,2016,33
year_not_available_for_country,United States of America,united states,USA,2003,33
year_not_available_for_country,Nigeria,nigeria,NGA,2005,32
year_not_available_for_country,India,india,IND,2014,32
year_not_available_for_country,Indonesia,indonesia,IDN,2006,31
year_not_available_for_country,China,china,CHN,2018,30
year_outside_hdi_range,India,india,IND,2025,30
year_not_available_for_country,United States of America,united states,USA,2013,30
year_not_available_for_country,Indonesia,indonesia,IDN,2004,30
year_outside_hdi_range,United States of America,united states,USA,2024,29
year_not_available_for_country,Philippines,philippines,PHL,2009,29
year_not_available_for_country,China,china,CHN,2019,28
year_not_available_for_country,United States of America,united states,USA,2017,28
year_outside_hdi_range,Indonesia,indonesia,IDN,2025,28
year_not_available_for_country,Indonesia,indonesia,IDN,2007,28
year_not_available_for_country,United States of America,united states,USA,2008,28
year_outside_hdi_range,India,india,IND,2024,27
year_not_available_for_country,India,india,IND,2013,27
year_not_available_for_country,Indonesia,indonesia,IDN,2003,27
year_not_available_for_country,India,india,IND,2004,27
year_not_available_for_country,Pakistan,pakistan,PAK,2005,27
year_not_available_for_country,United States of America,united states,USA,2007,26
year_not_available_for_country,India,india,IND,2011,26
year_not_available_for_country,Indonesia,indonesia,IDN,2019,25
year_not_available_for_country,United States of America,united states,USA,2012,25
year_not_available_for_country,Nigeria,nigeria,NGA,2004,25
year_not_available_for_country,Philippines,philippines,PHL,2006,25
year_not_available_for_country,United States of America,united states,USA,2019,24
year_not_available_for_country,India,india,IND,2019,24
year_outside_hdi_range,China,china,CHN,2024,24
year_outside_hdi_range,China,china,CHN,2025,24
year_not_available_for_country,Indonesia,indonesia,IDN,2002,24
year_not_available_for_country,Iran (Islamic Republic of),iran islamic republic of,IRN,2002,24
year_not_available_for_country,Philippines,philippines,PHL,2012,24
year_not_available_for_country,United States of America,united states,USA,2004,24
year_not_available_for_country,India,india,IND,2008,24
year_not_available_for_country,Philippines,philippines,PHL,2008,24
year_not_available_for_country,India,india,IND,2009,24
year_not_available_for_country,United States of America,united states,USA,2011,24
year_not_available_for_country,Nigeria,nigeria,NGA,2003,23
year_not_available_for_country,United States of America,united states,USA,2014,23
year_not_available_for_country,Russian Federation,russian federation,RUS,2004,23
year_not_available_for_country,Iran (Islamic Republic of),iran islamic republic of,IRN,2005,23
year_not_available_for_country,Bangladesh,bangladesh,BGD,2005,22
year_not_available_for_country,United States of America,united states,USA,2005,22
year_not_available_for_country,United States of America,united states,USA,2018,22
year_not_available_for_country,Nigeria,nigeria,NGA,2006,22
year_not_available_for_country,Indonesia,indonesia,IDN,2018,21
year_outside_hdi_range,Philippines,philippines,PHL,2024,21
year_not_available_for_country,Indonesia,indonesia,IDN,2009,21
year_not_available_for_country,Indonesia,indonesia,IDN,2011,21
year_not_available_for_country,Democratic Republic of the Congo,congo democratic republic of the,COD,2019,20
year_not_available_for_country,Philippines,philippines,PHL,2019,20
year_not_available_for_country,Philippines,philippines,PHL,2017,20
year_not_available_for_country,Pakistan,pakistan,PAK,2016,20
year_outside_hdi_range,Indonesia,indonesia,IDN,2024,20
year_not_available_for_country,Russian Federation,russian federation,RUS,2001,20
year_not_available_for_country,Indonesia,indonesia,IDN,2013,20
year_not_available_for_country,Afghanistan,afghanistan,AFG,2002,20
year_not_available_for_country,Nigeria,nigeria,NGA,2007,20
year_not_available_for_country,United States of America,united states,USA,2009,20
year_not_available_for_country,Indonesia,indonesia,IDN,2001,20
year_not_available_for_country,Indonesia,indonesia,IDN,2016,19
year_not_available_for_country,Indonesia,indonesia,IDN,2012,19
year_not_available_for_country,India,india,IND,2012,19
year_not_available_for_country,Philippines,philippines,PHL,2002,19
year_not_available_for_country,Iran (Islamic Republic of),iran islamic republic of,IRN,2003,19
year_not_available_for_country,Bangladesh,bangladesh,BGD,2004,19
year_not_available_for_country,Philippines,philippines,PHL,2004,19
year_not_available_for_country,Türkiye,turkiye,TUR,2004,19
year_not_available_for_country,Democratic Republic of the Congo,congo democratic republic of the,COD,2005,19
year_not_available_for_country,Afghanistan,afghanistan,AFG,2005,19
year_not_available_for_country,Indonesia,indonesia,IDN,2008,19
year_not_available_for_country,Russian Federation,russian federation,RUS,2002,19
year_not_available_for_country,Iran (Islamic Republic of),iran islamic republic of,IRN,2001,19
year_not_available_for_country,Pakistan,pakistan,PAK,2019,18
year_not_available_for_country,Indonesia,indonesia,IDN,2014,18
year_outside_hdi_range,Nigeria,nigeria,NGA,2025,18
year_not_available_for_country,Democratic Republic of the Congo,congo democratic republic of the,COD,2006,18
year_not_available_for_country,Philippines,philippines,PHL,2007,18
year_not_available_for_country,Democratic Republic of the Congo,congo democratic republic of the,COD,2001,17
year_outside_hdi_range,Mexico,mexico,MEX,2025,17
year_outside_hdi_range,Brazil,brazil,BRA,2024,17
year_not_available_for_country,South Africa,south africa,ZAF,2002,17
year_not_available_for_country,Russian Federation,russian federation,RUS,2005,17
year_not_available_for_country,Peru,peru,PER,2009,17
year_not_available_for_country,Indonesia,indonesia,IDN,2005,16
year_not_available_for_country,Indonesia,indonesia,IDN,2017,16
year_outside_hdi_range,Thailand,thailand,THA,2025,16
year_outside_hdi_range,Viet Nam,viet nam,VNM,2025,16
year_not_available_for_country,Philippines,philippines,PHL,2013,16
year_outside_hdi_range,Philippines,philippines,PHL,2025,16
year_not_available_for_country,Egypt,egypt,EGY,2002,16
year_not_available_for_country,Democratic Republic of the Congo,congo democratic republic of the,COD,2002,16
year_not_available_for_country,Iran (Islamic Republic of),iran islamic republic of,IRN,2004,16
year_not_available_for_country,Viet Nam,viet nam,VNM,2005,16
year_not_available_for_country,Democratic Republic of the Congo,congo democratic republic of the,COD,2011,16
year_not_available_for_country,Nigeria,nigeria,NGA,2008,15
year_not_available_for_country,Russian Federation,russian federation,RUS,2016,15
year_not_available_for_country,Philippines,philippines,PHL,2016,15
year_not_available_for_country,Philippines,philippines,PHL,2014,15
year_outside_hdi_range,Brazil,brazil,BRA,2025,15
year_not_available_for_country,Russian Federation,russian federation,RUS,2012,15
year_not_available_for_country,Pakistan,pakistan,PAK,2002,15
year_not_available_for_country,Russian Federation,russian federation,RUS,2003,15
year_not_available_for_country,Afghanistan,afghanistan,AFG,2006,15
year_not_available_for_country,United Republic of Tanzania,tanzania united republic of,TZA,2006,15
year_not_available_for_country,Egypt,egypt,EGY,2006,15
year_not_available_for_country,Bangladesh,bangladesh,BGD,2006,15
year_not_available_for_country,Kenya,kenya,KEN,2006,15
year_not_available_for_country,Democratic Republic of the Congo,congo democratic republic of the,COD,2008,15
year_not_available_for_country,Democratic Republic of the Congo,congo democratic republic of the,COD,2009,15
year_not_available_for_country,Brazil,brazil,BRA,2003,14
year_not_available_for_country,Pakistan,pakistan,PAK,2003,14
year_not_available_for_country,Brazil,brazil,BRA,2019,14
year_not_available_for_country,Pakistan,pakistan,PAK,2014,14
year_not_available_for_country,Türkiye,turkiye,TUR,2003,14
year_not_available_for_country,Bangladesh,bangladesh,BGD,2003,14
year_not_available_for_country,Pakistan,pakistan,PAK,2004,14
year_not_available_for_country,Brazil,brazil,BRA,2004,14
year_not_available_for_country,Russian Federation,russian federation,RUS,2006,14
year_not_available_for_country,Brazil,brazil,BRA,2009,14
year_not_available_for_country,Mexico,mexico,MEX,2011,14
year_not_available_for_country,Philippines,philippines,PHL,2001,14
year_not_available_for_country,Bangladesh,bangladesh,BGD,2019,13
year_not_available_for_country,Nigeria,nigeria,NGA,2019,13
year_outside_hdi_range,Pakistan,pakistan,PAK,2024,13
year_not_available_for_country,Bangladesh,bangladesh,BGD,2001,13
year_not_available_for_country,South Africa,south africa,ZAF,2001,13
year_outside_hdi_range,Viet Nam,viet nam,VNM,2024,13
year_not_available_for_country,Democratic Republic of the Congo,congo democratic republic of the,COD,2014,13
year_not_available_for_country,Japan,japan,JPN,2014,13
year_not_available_for_country,Mexico,mexico,MEX,2002,13
year_not_available_for_country,Brazil,brazil,BRA,2002,13
year_not_available_for_country,Peru,peru,PER,2002,13
year_not_available_for_country,Philippines,philippines,PHL,2003,13
year_not_available_for_country,Pakistan,pakistan,PAK,2006,13
year_not_available_for_country,South Africa,south africa,ZAF,2007,13
year_not_available_for_country,Democratic Republic of the Congo,congo democratic republic of the,COD,2007,13
year_not_available_for_country,Mexico,mexico,MEX,2007,13
year_not_available_for_country,Egypt,egypt,EGY,2008,13
year_not_available_for_country,Brazil,brazil,BRA,2011,13
year_not_available_for_country,Nigeria,nigeria,NGA,2011,13
year_not_available_for_country,Kenya,kenya,KEN,2011,13
year_not_available_for_country,Viet Nam,viet nam,VNM,2001,13
year_not_available_for_country,Bangladesh,bangladesh,BGD,2002,13
year_not_available_for_country,Pakistan,pakistan,PAK,2007,13
year_not_available_for_country,Democratic Republic of the Congo,congo democratic republic of the,COD,2018,13
year_not_available_for_country,Philippines,philippines,PHL,2018,12
year_not_available_for_country,Mexico,mexico,MEX,2017,12
year_outside_hdi_range,South Africa,south africa,ZAF,2024,12
year_outside_hdi_range,Nigeria,nigeria,NGA,2024,12
year_not_available_for_country,Thailand,thailand,THA,2014,12
year_outside_hdi_range,Mexico,mexico,MEX,2024,12
year_not_available_for_country,Viet Nam,viet nam,VNM,2013,12
year_not_available_for_country,Japan,japan,JPN,2013,12
year_not_available_for_country,Afghanistan,afghanistan,AFG,2012,12
year_not_available_for_country,Peru,peru,PER,2012,12
year_not_available_for_country,Sudan,sudan,SDN,2002,12
year_not_available_for_country,Algeria,algeria,DZA,2003,12
year_not_available_for_country,Democratic Republic of the Congo,congo democratic republic of the,COD,2003,12
year_not_available_for_country,Japan,japan,JPN,2004,12
year_not_available_for_country,Viet Nam,viet nam,VNM,2006,12
year_not_available_for_country,Iran (Islamic Republic of),iran islamic republic of,IRN,2006,12
year_not_available_for_country,Russian Federation,russian federation,RUS,2007,12
year_not_available_for_country,Colombia,colombia,COL,2007,12
year_not_available_for_country,Iran (Islamic Republic of),iran islamic republic of,IRN,2008,12
year_not_available_for_country,Viet Nam,viet nam,VNM,2008,12
year_not_available_for_country,Mexico,mexico,MEX,2009,12
year_not_available_for_country,Nigeria,nigeria,NGA,2009,12
year_not_available_for_country,France,france,FRA,2019,11
year_not_available_for_country,Mexico,mexico,MEX,2019,11
year_not_available_for_country,Colombia,colombia,COL,2017,11
year_not_available_for_country,Bangladesh,bangladesh,BGD,2017,11
year_not_available_for_country,Mexico,mexico,MEX,2016,11
year_not_available_for_country,Japan,japan,JPN,2016,11
year_outside_hdi_range,Afghanistan,afghanistan,AFG,2024,11
year_not_available_for_country,Peru,peru,PER,2014,11
year_not_available_for_country,Colombia,colombia,COL,2014,11
year_not_available_for_country,Peru,peru,PER,2013,11
year_not_available_for_country,Nigeria,nigeria,NGA,2013,11
year_not_available_for_country,Mexico,mexico,MEX,2013,11
year_not_available_for_country,Russian Federation,russian federation,RUS,2013,11
year_outside_hdi_range,Peru,peru,PER,2025,11
year_not_available_for_country,Pakistan,pakistan,PAK,2012,11
year_not_available_for_country,Bangladesh,bangladesh,BGD,2012,11
year_not_available_for_country,Nigeria,nigeria,NGA,2012,11
year_outside_hdi_range,Democratic Republic of the Congo,congo democratic republic of the,COD,2025,11
year_outside_hdi_range,Peru,peru,PER,2024,11
year_not_available_for_country,Egypt,egypt,EGY,2004,11
year_not_available_for_country,Thailand,thailand,THA,2004,11
year_not_available_for_country,Colombia,colombia,COL,2005,11
year_not_available_for_country,Peru,peru,PER,2006,11
year_not_available_for_country,Morocco,morocco,MAR,2006,11
year_not_available_for_country,South Africa,south africa,ZAF,2006,11
year_not_available_for_country,Mexico,mexico,MEX,2006,11
year_not_available_for_country,South Africa,south africa,ZAF,2008,11
year_not_available_for_country,Mexico,mexico,MEX,2008,11
year_not_available_for_country,Kenya,kenya,KEN,2009,11
year_not_available_for_country,Bangladesh,bangladesh,BGD,2009,11
year_not_available_for_country,South Africa,south africa,ZAF,2011,11
year_not_available_for_country,Peru,peru,PER,2011,11
year_not_available_for_country,Russian Federation,russian federation,RUS,2011,11
year_not_available_for_country,Nepal,nepal,NPL,2011,11
year_not_available_for_country,Türkiye,turkiye,TUR,2001,11
year_not_available_for_country,Egypt,egypt,EGY,2001,11
year_not_available_for_country,Nepal,nepal,NPL,2005,10
year_not_available_for_country,Uganda,uganda,UGA,2019,10
year_not_available_for_country,Colombia,colombia,COL,2019,10
year_not_available_for_country,Russian Federation,russian federation,RUS,2019,10
year_not_available_for_country,Japan,japan,JPN,2019,10
year_not_available_for_country,Viet Nam,viet nam,VNM,2016,10
year_not_available_for_country,Libya,libya,LBY,2016,10
year_not_available_for_country,Myanmar,myanmar,MMR,2016,10
year_outside_hdi_range,Iran (Islamic Republic of),iran islamic republic of,IRN,2024,10
year_not_available_for_country,Brazil,brazil,BRA,2014,10
year_not_available_for_country,Egypt,egypt,EGY,2014,10
year_not_available_for_country,United Republic of Tanzania,tanzania united republic of,TZA,2002,10
year_not_available_for_country,Afghanistan,afghanistan,AFG,2003,10
year_not_available_for_country,Australia,australia,AUS,2003,10
year_not_available_for_country,Mexico,mexico,MEX,2003,10
year_not_available_for_country,Sudan,sudan,SDN,2003,10
year_not_available_for_country,Uganda,uganda,UGA,2003,10
year_not_available_for_country,Uganda,uganda,UGA,2004,10
year_not_available_for_country,Democratic Republic of the Congo,congo democratic republic of the,COD,2004,10
year_not_available_for_country,Kenya,kenya,KEN,2004,10
year_not_available_for_country,Ethiopia,ethiopia,ETH,2005,10
year_not_available_for_country,Mexico,mexico,MEX,2005,10
year_not_available_for_country,Philippines,philippines,PHL,2005,10
year_not_available_for_country,Türkiye,turkiye,TUR,2005,10
year_not_available_for_country,Kenya,kenya,KEN,2005,10
year_not_available_for_country,Uganda,uganda,UGA,2006,10
year_not_available_for_country,Ethiopia,ethiopia,ETH,2006,10
year_not_available_for_country,Somalia,somalia,SOM,2006,10
year_not_available_for_country,Mozambique,mozambique,MOZ,2007,10
year_not_available_for_country,Viet Nam,viet nam,VNM,2007,10
year_not_available_for_country,Brazil,brazil,BRA,2008,10
year_not_available_for_country,Kenya,kenya,KEN,2008,10
year_not_available_for_country,United Republic of Tanzania,tanzania united republic of,TZA,2009,10
year_not_available_for_country,Japan,japan,JPN,2001,10
year_not_available_for_country,Colombia,colombia,COL,2001,10
year_not_available_for_country,Angola,angola,AGO,2001,10
year_not_available_for_country,Thailand,thailand,THA,2001,10
year_not_available_for_country,Italy,italy,ITA,2002,10
year_not_available_for_country,South Africa,south africa,ZAF,2003,10
year_not_available_for_country,Thailand,thailand,THA,2007,10
year_outside_hdi_range,Indonesia,indonesia,IDN,2026,9
year_outside_hdi_range,Madagascar,madagascar,MDG,2025,9
year_not_available_for_country,Somalia,somalia,SOM,2005,9
year_not_available_for_country,Türkiye,turkiye,TUR,2007,9
year_not_available_for_country,Uganda,uganda,UGA,2002,9
year_not_available_for_country,France,france,FRA,2003,9
year_not_available_for_country,Peru,peru,PER,2019,9
year_not_available_for_country,Iran (Islamic Republic of),iran islamic republic of,IRN,2018,9
year_not_available_for_country,Afghanistan,afghanistan,AFG,2018,9
year_not_available_for_country,Libya,libya,LBY,2014,9
year_not_available_for_country,Democratic Republic of the Congo,congo democratic republic of the,COD,2017,9
year_not_available_for_country,Pakistan,pakistan,PAK,2017,9
year_not_available_for_country,Peru,peru,PER,2016,9
year_not_available_for_country,Italy,italy,ITA,2017,9
year_not_available_for_country,Haiti,haiti,HTI,2016,9
year_outside_hdi_range,Bangladesh,bangladesh,BGD,2024,9
year_outside_hdi_range,Bolivia (Plurinational State of),bolivia,BOL,2024,9
year_not_available_for_country,Peru,peru,PER,2001,9
year_not_available_for_country,Nigeria,nigeria,NGA,2014,9
year_not_available_for_country,Italy,italy,ITA,2014,9
year_not_available_for_country,Nepal,nepal,NPL,2014,9
year_outside_hdi_range,Malaysia,malaysia,MYS,2025,9
year_not_available_for_country,Pakistan,pakistan,PAK,2013,9
year_not_available_for_country,South Africa,south africa,ZAF,2013,9
year_not_available_for_country,Italy,italy,ITA,2012,9
year_outside_hdi_range,Bolivia (Plurinational State of),bolivia,BOL,2025,9
year_not_available_for_country,South Africa,south africa,ZAF,2012,9
year_not_available_for_country,Sudan,sudan,SDN,2012,9
year_not_available_for_country,Türkiye,turkiye,TUR,2002,9
year_not_available_for_country,Mozambique,mozambique,MOZ,2003,9
year_not_available_for_country,Viet Nam,viet nam,VNM,2003,9
year_not_available_for_country,Haiti,haiti,HTI,2003,9
year_not_available_for_country,Algeria,algeria,DZA,2004,9
year_not_available_for_country,Peru,peru,PER,2004,9
year_not_available_for_country,Venezuela (Bolivarian Republic of),venezuela bolivarian republic of,VEN,2005,9
year_not_available_for_country,Romania,romania,ROU,2005,9
year_not_available_for_country,Sudan,sudan,SDN,2005,9
year_not_available_for_country,South Africa,south africa,ZAF,2005,9
year_not_available_for_country,Thailand,thailand,THA,2005,9
year_not_available_for_country,Sudan,sudan,SDN,2006,9
year_not_available_for_country,Romania,romania,ROU,2006,9
year_not_available_for_country,Bangladesh,bangladesh,BGD,2007,9
year_not_available_for_country,Kenya,kenya,KEN,2007,9
year_not_available_for_country,Colombia,colombia,COL,2008,9
year_not_available_for_country,Pakistan,pakistan,PAK,2009,9
year_not_available_for_country,Nepal,nepal,NPL,2009,9
year_not_available_for_country,Viet Nam,viet nam,VNM,2011,9
year_not_available_for_country,France,france,FRA,2001,9
year_not_available_for_country,Argentina,argentina,ARG,2001,9
year_not_available_for_country,Brazil,brazil,BRA,2001,9
year_not_available_for_country,Pakistan,pakistan,PAK,2001,9
year_not_available_for_country,Ecuador,ecuador,ECU,2002,9
year_not_available_for_country,Australia,australia,AUS,2001,9
year_not_available_for_country,Russian Federation,russian federation,RUS,2009,9
year_not_available_for_country,Viet Nam,viet nam,VNM,2017,9
year_outside_hdi_range,Afghanistan,afghanistan,AFG,2026,8
year_outside_hdi_range,United States of America,united states,USA,2026,8
year_not_available_for_country,Mali,mali,MLI,2006,8
year_not_available_for_country,Viet Nam,viet nam,VNM,2019,8
year_not_available_for_country,Morocco,morocco,MAR,2019,8
year_not_available_for_country,Iran (Islamic Republic of),iran islamic republic of,IRN,2019,8
year_not_available_for_country,Viet Nam,viet nam,VNM,2018,8
year_not_available_for_country,Nigeria,nigeria,NGA,2018,8
year_not_available_for_country,Japan,japan,JPN,2018,8
year_not_available_for_country,Libya,libya,LBY,2018,8
year_not_available_for_country,Russian Federation,russian federation,RUS,2018,8
year_not_available_for_country,Iran (Islamic Republic of),iran islamic republic of,IRN,2017,8
year_not_available_for_country,Guatemala,guatemala,GTM,2017,8
year_outside_hdi_range,Democratic Republic of the Congo,congo democratic republic of the,COD,2024,8
year_outside_hdi_range,Thailand,thailand,THA,2024,8
year_outside_hdi_range,Spain,spain,ESP,2024,8
year_not_available_for_country,Mexico,mexico,MEX,2014,8
year_not_available_for_country,Republic of Korea,korea republic of,KOR,2014,8
year_not_available_for_country,Türkiye,turkiye,TUR,2014,8
year_not_available_for_country,Russian Federation,russian federation,RUS,2014,8
year_outside_hdi_range,Colombia,colombia,COL,2025,8
year_not_available_for_country,Afghanistan,afghanistan,AFG,2013,8
year_not_available_for_country,Brazil,brazil,BRA,2012,8
year_not_available_for_country,Japan,japan,JPN,2012,8
year_not_available_for_country,Iran (Islamic Republic of),iran islamic republic of,IRN,2012,8
year_not_available_for_country,Somalia,somalia,SOM,2000,8
year_not_available_for_country,Haiti,haiti,HTI,2012,8
year_not_available_for_country,Algeria,algeria,DZA,2002,8
year_not_available_for_country,Angola,angola,AGO,2004,8
year_not_available_for_country,Australia,australia,AUS,2004,8
year_not_available_for_country,Viet Nam,viet nam,VNM,2004,8
year_not_available_for_country,Morocco,morocco,MAR,2004,8
year_not_available_for_country,Brazil,brazil,BRA,2005,8
year_not_available_for_country,France,france,FRA,2005,8
year_not_available_for_country,Haiti,haiti,HTI,2005,8
year_not_available_for_country,Nepal,nepal,NPL,2006,8
year_not_available_for_country,Ukraine,ukraine,UKR,2007,8
year_not_available_for_country,Australia,australia,AUS,2006,8
year_not_available_for_country,Haiti,haiti,HTI,2007,8
year_not_available_for_country,Thailand,thailand,THA,2008,8
year_not_available_for_country,Sudan,sudan,SDN,2008,8
year_not_available_for_country,Afghanistan,afghanistan,AFG,2009,8
year_not_available_for_country,Haiti,haiti,HTI,2009,8
year_not_available_for_country,Viet Nam,viet nam,VNM,2009,8
year_not_available_for_country,Japan,japan,JPN,2009,8
year_not_available_for_country,Guatemala,guatemala,GTM,2011,8
year_not_available_for_country,United Republic of Tanzania,tanzania united republic of,TZA,2011,8
year_not_available_for_country,Niger,niger,NER,2001,8
year_not_available_for_country,Kenya,kenya,KEN,2001,8
year_not_available_for_country,United Republic of Tanzania,tanzania united republic of,TZA,2001,8
year_not_available_for_country,Egypt,egypt,EGY,2003,8
year_not_available_for_country,Thailand,thailand,THA,2002,8
year_not_available_for_country,Peru,peru,PER,2005,8
year_not_available_for_country,Türkiye,turkiye,TUR,2006,8
year_not_available_for_country,Afghanistan,afghanistan,AFG,2007,8
year_not_available_for_country,Japan,japan,JPN,2007,8
year_not_available_for_country,Bolivia (Plurinational State of),bolivia,BOL,2008,8
year_not_available_for_country,Kenya,kenya,KEN,2013,8
year_not_available_for_country,Brazil,brazil,BRA,2013,8
year_not_available_for_country,Thailand,thailand,THA,2013,8
year_not_available_for_country,Nigeria,nigeria,NGA,2016,8
year_not_available_for_country,Thailand,thailand,THA,2016,8
year_outside_hdi_range,India,india,IND,2026,7
year_not_available_for_country,Greece,greece,GRC,2002,7
year_not_available_for_country,Guinea,guinea,GIN,2001,7
year_not_available_for_country,United Republic of Tanzania,tanzania united republic of,TZA,2019,7
year_not_available_for_country,Italy,italy,ITA,2019,7
year_not_available_for_country,Sri Lanka,sri lanka,LKA,2019,7
year_not_available_for_country,Afghanistan,afghanistan,AFG,2019,7
year_not_available_for_country,Mexico,mexico,MEX,2018,7
year_not_available_for_country,South Africa,south africa,ZAF,2019,7
year_not_available_for_country,France,france,FRA,2018,7
year_not_available_for_country,Kenya,kenya,KEN,2018,7
year_not_available_for_country,Pakistan,pakistan,PAK,2018,7
year_not_available_for_country,Brazil,brazil,BRA,2017,7
year_not_available_for_country,Türkiye,turkiye,TUR,2017,7
year_not_available_for_country,Malaysia,malaysia,MYS,2017,7
year_not_available_for_country,Russian Federation,russian federation,RUS,2017,7
year_not_available_for_country,Haiti,haiti,HTI,2017,7
year_not_available_for_country,Nigeria,nigeria,NGA,2017,7
year_outside_hdi_range,Canada,canada,CAN,2024,7
year_not_available_for_country,Kenya,kenya,KEN,2017,7
year_not_available_for_country,Argentina,argentina,ARG,2017,7
year_not_available_for_country,Colombia,colombia,COL,2016,7
year_not_available_for_country,Bangladesh,bangladesh,BGD,2016,7
year_outside_hdi_range,Türkiye,turkiye,TUR,2025,7
year_not_available_for_country,Türkiye,turkiye,TUR,2016,7
year_outside_hdi_range,Italy,italy,ITA,2024,7
year_not_available_for_country,Bangladesh,bangladesh,BGD,2014,7
year_outside_hdi_range,Nepal,nepal,NPL,2024,7
year_not_available_for_country,Malaysia,malaysia,MYS,2014,7
year_not_available_for_country,France,france,FRA,2014,7
year_outside_hdi_range,Yemen,yemen,YEM,2024,7
year_not_available_for_country,Haiti,haiti,HTI,2014,7
year_not_available_for_country,Greece,greece,GRC,2014,7
year_outside_hdi_range,Senegal,senegal,SEN,2024,7
year_outside_hdi_range,United Republic of Tanzania,tanzania united republic of,TZA,2024,7
year_outside_hdi_range,Haiti,haiti,HTI,2024,7
year_outside_hdi_range,Ethiopia,ethiopia,ETH,2025,7
year_outside_hdi_range,Iran (Islamic Republic of),iran islamic republic of,IRN,2025,7
year_not_available_for_country,Myanmar,myanmar,MMR,2013,7
year_not_available_for_country,Sudan,sudan,SDN,2013,7
year_not_available_for_country,Uganda,uganda,UGA,2012,7
year_not_available_for_country,Egypt,egypt,EGY,2013,7
year_not_available_for_country,Spain,spain,ESP,2001,7
year_not_available_for_country,Argentina,argentina,ARG,2012,7
year_not_available_for_country,Viet Nam,viet nam,VNM,2002,7
year_not_available_for_country,Colombia,colombia,COL,2002,7
year_not_available_for_country,Morocco,morocco,MAR,2002,7
year_not_available_for_country,Peru,peru,PER,2003,7
year_not_available_for_country,Canada,canada,CAN,2003,7
year_not_available_for_country,Zimbabwe,zimbabwe,ZWE,2003,7
year_not_available_for_country,United Republic of Tanzania,tanzania united republic of,TZA,2003,7
year_not_available_for_country,South Africa,south africa,ZAF,2004,7
year_not_available_for_country,Romania,romania,ROU,2004,7
year_not_available_for_country,Republic of Korea,korea republic of,KOR,2004,7
year_not_available_for_country,Uganda,uganda,UGA,2005,7
year_not_available_for_country,Germany,germany,DEU,2006,7
year_not_available_for_country,Zambia,zambia,ZMB,2005,7
year_not_available_for_country,Burundi,burundi,BDI,2006,7
year_not_available_for_country,United Republic of Tanzania,tanzania united republic of,TZA,2007,7
year_not_available_for_country,Myanmar,myanmar,MMR,2007,7
year_not_available_for_country,Algeria,algeria,DZA,2007,7
year_not_available_for_country,Zimbabwe,zimbabwe,ZWE,2007,7
year_not_available_for_country,Brazil,brazil,BRA,2007,7
year_not_available_for_country,Bangladesh,bangladesh,BGD,2008,7
year_not_available_for_country,Peru,peru,PER,2008,7
year_not_available_for_country,Ukraine,ukraine,UKR,2008,7
year_not_available_for_country,Türkiye,turkiye,TUR,2008,7
year_not_available_for_country,Haiti,haiti,HTI,2008,7
year_not_available_for_country,Egypt,egypt,EGY,2009,7
year_not_available_for_country,Australia,australia,AUS,2009,7
year_not_available_for_country,Republic of Korea,korea republic of,KOR,2002,7
year_not_available_for_country,Japan,japan,JPN,2011,7
year_not_available_for_country,Zimbabwe,zimbabwe,ZWE,2011,7
year_not_available_for_country,Pakistan,pakistan,PAK,2011,7
year_not_available_for_country,Bangladesh,bangladesh,BGD,2011,7
year_not_available_for_country,Afghanistan,afghanistan,AFG,2011,7
year_not_available_for_country,Guatemala,guatemala,GTM,2001,7
year_not_available_for_country,Ethiopia,ethiopia,ETH,2001,7
year_not_available_for_country,Malawi,malawi,MWI,2002,7
year_not_available_for_country,Republic of Korea,korea republic of,KOR,2005,7
year_not_available_for_country,Japan,japan,JPN,2005,7
year_not_available_for_country,Canada,canada,CAN,2005,7
year_not_available_for_country,Honduras,honduras,HND,2005,7
year_not_available_for_country,Italy,italy,ITA,2011,7
year_not_available_for_country,Italy,italy,ITA,2018,7
year_not_available_for_country,Sri Lanka,sri lanka,LKA,2014,7
year_not_available_for_country,Libya,libya,LBY,2017,7
year_not_available_for_country,Uganda,uganda,UGA,2001,7
year_not_available_for_country,Germany,germany,DEU,2002,7
year_outside_hdi_range,Afghanistan,afghanistan,AFG,2025,6
year_outside_hdi_range,Pakistan,pakistan,PAK,2026,6
year_not_available_for_country,Iran (Islamic Republic of),iran islamic republic of,IRN,2009,6
year_not_available_for_country,Saudi Arabia,saudi arabia,SAU,2003,6
year_not_available_for_country,Yemen,yemen,YEM,2011,6
year_not_available_for_country,Congo,congo,COG,2019,6
year_not_available_for_country,Spain,spain,ESP,2019,6
year_not_available_for_country,Ethiopia,ethiopia,ETH,2019,6
year_not_available_for_country,Türkiye,turkiye,TUR,2019,6
year_not_available_for_country,Mali,mali,MLI,2019,6
year_not_available_for_country,Bolivia (Plurinational State of),bolivia,BOL,2019,6
year_not_available_for_country,Mozambique,mozambique,MOZ,2019,6
year_not_available_for_country,Uganda,uganda,UGA,2018,6
year_not_available_for_country,United Republic of Tanzania,tanzania united republic of,TZA,2018,6
year_not_available_for_country,Thailand,thailand,THA,2017,6
year_not_available_for_country,South Africa,south africa,ZAF,2017,6
year_not_available_for_country,Afghanistan,afghanistan,AFG,2017,6
year_outside_hdi_range,Guatemala,guatemala,GTM,2024,6
year_not_available_for_country,Egypt,egypt,EGY,2016,6
year_not_available_for_country,Afghanistan,afghanistan,AFG,2016,6
year_not_available_for_country,Nepal,nepal,NPL,2016,6
country_not_in_hdi,Taiwan (Province of China),taiwan province of china,TWN,2016,6
year_not_available_for_country,Malaysia,malaysia,MYS,2016,6
year_outside_hdi_range,France,france,FRA,2024,6
year_outside_hdi_range,Ethiopia,ethiopia,ETH,2024,6
year_outside_hdi_range,Republic of Korea,korea republic of,KOR,2024,6
year_outside_hdi_range,Uganda,uganda,UGA,2024,6
year_outside_hdi_range,Tunisia,tunisia,TUN,2024,6
year_outside_hdi_range,Japan,japan,JPN,2024,6
year_not_available_for_country,Bulgaria,bulgaria,BGR,2014,6
year_outside_hdi_range,Colombia,colombia,COL,2024,6
year_outside_hdi_range,Kenya,kenya,KEN,2024,6
year_outside_hdi_range,Côte d’Ivoire,cote d ivoire,CIV,2025,6
year_not_available_for_country,Argentina,argentina,ARG,2014,6
year_outside_hdi_range,Japan,japan,JPN,2025,6
year_not_available_for_country,United Kingdom of Great Britain and Northern Ireland,united kingdom,GBR,2013,6
year_not_available_for_country,Argentina,argentina,ARG,2013,6
year_not_available_for_country,Bolivia (Plurinational State of),bolivia,BOL,2013,6
year_outside_hdi_range,Iraq,iraq,IRQ,2025,6
year_outside_hdi_range,Bangladesh,bangladesh,BGD,2025,6
year_outside_hdi_range,Nepal,nepal,NPL,2025,6
year_outside_hdi_range,Russian Federation,russian federation,RUS,2025,6
year_not_available_for_country,Democratic Republic of the Congo,congo democratic republic of the,COD,2012,6
year_not_available_for_country,Colombia,colombia,COL,2012,6
year_not_available_for_country,Dominican Republic,dominican republic,DOM,2012,6
year_outside_hdi_range,Türkiye,turkiye,TUR,2024,6
year_not_available_for_country,Guatemala,guatemala,GTM,2002,6
year_not_available_for_country,France,france,FRA,2002,6
year_not_available_for_country,Papua New Guinea,papua new guinea,PNG,2002,6
year_not_available_for_country,Zimbabwe,zimbabwe,ZWE,2002,6
year_not_available_for_country,Mozambique,mozambique,MOZ,2002,6
year_not_available_for_country,United Kingdom of Great Britain and Northern Ireland,united kingdom,GBR,2002,6
year_not_available_for_country,Senegal,senegal,SEN,2002,6
year_not_available_for_country,Japan,japan,JPN,2002,6
year_not_available_for_country,Bolivia (Plurinational State of),bolivia,BOL,2003,6
year_not_available_for_country,Italy,italy,ITA,2003,6
year_not_available_for_country,Japan,japan,JPN,2003,6
year_not_available_for_country,Colombia,colombia,COL,2004,6
year_not_available_for_country,Dominican Republic,dominican republic,DOM,2004,6
year_not_available_for_country,Senegal,senegal,SEN,2004,6
year_not_available_for_country,Sudan,sudan,SDN,2004,6
year_not_available_for_country,Afghanistan,afghanistan,AFG,2004,6
year_not_available_for_country,Egypt,egypt,EGY,2005,6
year_not_available_for_country,Bulgaria,bulgaria,BGR,2005,6
country_not_in_hdi,Taiwan (Province of China),taiwan province of china,TWN,2005,6
year_not_available_for_country,Mali,mali,MLI,2005,6
year_not_available_for_country,El Salvador,el salvador,SLV,2005,6
year_not_available_for_country,Papua New Guinea,papua new guinea,PNG,2006,6
year_not_available_for_country,Guinea,guinea,GIN,2006,6
year_not_available_for_country,Burkina Faso,burkina faso,BFA,2006,6
year_not_available_for_country,Japan,japan,JPN,2006,6
year_not_available_for_country,Iran (Islamic Republic of),iran islamic republic of,IRN,2007,6
year_not_available_for_country,Yemen,yemen,YEM,2007,6
year_not_available_for_country,Malawi,malawi,MWI,2007,6
year_not_available_for_country,Bulgaria,bulgaria,BGR,2007,6
year_not_available_for_country,Mozambique,mozambique,MOZ,2009,6
year_not_available_for_country,Peru,peru,PER,2007,6
year_not_available_for_country,Romania,romania,ROU,2007,6
year_not_available_for_country,Cameroon,cameroon,CMR,2007,6
year_not_available_for_country,Uganda,uganda,UGA,2007,6
year_not_available_for_country,Guatemala,guatemala,GTM,2008,6
year_not_available_for_country,Pakistan,pakistan,PAK,2008,6
year_not_available_for_country,Burkina Faso,burkina faso,BFA,2008,6
year_not_available_for_country,United Republic of Tanzania,tanzania united republic of,TZA,2008,6
year_not_available_for_country,Japan,japan,JPN,2008,6
year_not_available_for_country,Algeria,algeria,DZA,2009,6
year_not_available_for_country,Argentina,argentina,ARG,2009,6
year_not_available_for_country,Angola,angola,AGO,2009,6
year_not_available_for_country,Burkina Faso,burkina faso,BFA,2009,6
year_not_available_for_country,Italy,italy,ITA,2009,6
year_not_available_for_country,South Africa,south africa,ZAF,2009,6
year_not_available_for_country,Bolivia (Plurinational State of),bolivia,BOL,2011,6
year_not_available_for_country,Thailand,thailand,THA,2011,6
year_not_available_for_country,Colombia,colombia,COL,2011,6
year_not_available_for_country,Mexico,mexico,MEX,2001,6
year_not_available_for_country,Malawi,malawi,MWI,2001,6
year_not_available_for_country,Afghanistan,afghanistan,AFG,2001,6
year_not_available_for_country,Ghana,ghana,GHA,2001,6
year_not_available_for_country,Zambia,zambia,ZMB,2001,6
year_not_available_for_country,Romania,romania,ROU,2001,6
year_not_available_for_country,Tajikistan,tajikistan,TJK,2002,6
year_not_available_for_country,Burundi,burundi,BDI,2002,6
year_not_available_for_country,Ethiopia,ethiopia,ETH,2002,6
year_not_available_for_country,Nepal,nepal,NPL,2002,6
year_not_available_for_country,Zambia,zambia,ZMB,2003,6
year_not_available_for_country,Malaysia,malaysia,MYS,2004,6
year_not_available_for_country,Türkiye,turkiye,TUR,2011,6
year_not_available_for_country,Iran (Islamic Republic of),iran islamic republic of,IRN,2013,6
year_not_available_for_country,Mexico,mexico,MEX,2012,6
year_not_available_for_country,Democratic Republic of the Congo,congo democratic republic of the,COD,2016,6
year_not_available_for_country,Niger,niger,NER,2017,6
year_not_available_for_country,Brazil,brazil,BRA,2018,6
year_not_available_for_country,Senegal,senegal,SEN,2017,6
year_not_available_for_country,Egypt,egypt,EGY,2011,6
year_not_available_for_country,Sri Lanka,sri lanka,LKA,2017,6
year_outside_hdi_range,Somalia,somalia,SOM,2025,5
year_outside_hdi_range,Democratic Republic of the Congo,congo democratic republic of the,COD,2026,5
year_outside_hdi_range,China,china,CHN,2026,5
year_not_available_for_country,Somalia,somalia,SOM,2007,5
year_not_available_for_country,Morocco,morocco,MAR,2005,5
year_not_available_for_country,Mozambique,mozambique,MOZ,2001,5
year_not_available_for_country,Nepal,nepal,NPL,2004,5
year_outside_hdi_range,Brazil,brazil,BRA,2026,5
year_not_available_for_country,Nepal,nepal,NPL,2003,5
year_not_available_for_country,Chile,chile,CHL,2019,5
year_not_available_for_country,Guatemala,guatemala,GTM,2019,5
year_not_available_for_country,Sudan,sudan,SDN,2019,5
year_not_available_for_country,Malaysia,malaysia,MYS,2019,5
year_not_available_for_country,Yemen,yemen,YEM,2019,5
year_not_available_for_country,Niger,niger,NER,2019,5
year_not_available_for_country,Republic of Korea,korea republic of,KOR,2019,5
year_not_available_for_country,Libya,libya,LBY,2019,5
year_not_available_for_country,Argentina,argentina,ARG,2018,5
year_not_available_for_country,Myanmar,myanmar,MMR,2018,5
year_not_available_for_country,Canada,canada,CAN,2018,5
year_not_available_for_country,Spain,spain,ESP,2018,5
year_not_available_for_country,Morocco,morocco,MAR,2017,5
year_not_available_for_country,Türkiye,turkiye,TUR,2018,5
year_not_available_for_country,Greece,greece,GRC,2017,5
year_not_available_for_country,Japan,japan,JPN,2017,5
year_not_available_for_country,Madagascar,madagascar,MDG,2017,5
year_not_available_for_country,Nepal,nepal,NPL,2017,5
year_not_available_for_country,Myanmar,myanmar,MMR,2017,5
year_not_available_for_country,Chile,chile,CHL,2017,5
year_not_available_for_country,Mozambique,mozambique,MOZ,2016,5
year_not_available_for_country,Kenya,kenya,KEN,2016,5
year_not_available_for_country,Greece,greece,GRC,2016,5
year_not_available_for_country,Uganda,uganda,UGA,2016,5
year_not_available_for_country,Ecuador,ecuador,ECU,2016,5
year_not_available_for_country,Somalia,somalia,SOM,2015,5
country_not_in_hdi,Taiwan (Province of China),taiwan province of china,TWN,2015,5
year_outside_hdi_range,Madagascar,madagascar,MDG,2024,5
year_outside_hdi_range,Malawi,malawi,MWI,2024,5
year_not_available_for_country,Guatemala,guatemala,GTM,2014,5
year_outside_hdi_range,Guinea,guinea,GIN,2024,5
year_outside_hdi_range,Lao People's Democratic Republic,lao people s democratic republic,LAO,2024,5
year_outside_hdi_range,Yemen,yemen,YEM,2025,5
country_not_in_hdi,Taiwan (Province of China),taiwan province of china,TWN,2025,5
year_not_available_for_country,Serbia,serbia,SRB,2014,5
year_not_available_for_country,Ecuador,ecuador,ECU,2013,5
year_outside_hdi_range,United Republic of Tanzania,tanzania united republic of,TZA,2025,5
year_outside_hdi_range,Myanmar,myanmar,MMR,2025,5
country_not_in_hdi,Taiwan (Province of China),taiwan province of china,TWN,2013,5
year_outside_hdi_range,Pakistan,pakistan,PAK,2025,5
year_not_available_for_country,France,france,FRA,2013,5
year_not_available_for_country,Canada,canada,CAN,2013,5
year_outside_hdi_range,Syrian Arab Republic,syrian arab republic,SYR,2025,5
year_not_available_for_country,Benin,benin,BEN,2013,5
year_not_available_for_country,Uganda,uganda,UGA,2013,5
year_not_available_for_country,Bangladesh,bangladesh,BGD,2013,5
year_not_available_for_country,Türkiye,turkiye,TUR,2012,5
year_outside_hdi_range,South Africa,south africa,ZAF,2025,5
year_not_available_for_country,Egypt,egypt,EGY,2012,5
year_outside_hdi_range,Kenya,kenya,KEN,2025,5
year_outside_hdi_range,Cuba,cuba,CUB,2024,5
year_not_available_for_country,Argentina,argentina,ARG,2002,5
year_not_available_for_country,Central African Republic,central african republic,CAF,2002,5
year_not_available_for_country,Saudi Arabia,saudi arabia,SAU,2002,5
year_not_available_for_country,Dominican Republic,dominican republic,DOM,2003,5
year_not_available_for_country,Kenya,kenya,KEN,2002,5
year_not_available_for_country,Australia,australia,AUS,2002,5
year_not_available_for_country,Thailand,thailand,THA,2003,5
year_not_available_for_country,Madagascar,madagascar,MDG,2003,5
year_not_available_for_country,Argentina,argentina,ARG,2003,5
year_not_available_for_country,Canada,canada,CAN,2004,5
country_not_in_hdi,Puerto Rico,puerto rico,PRI,2004,5
year_not_available_for_country,Burkina Faso,burkina faso,BFA,2004,5
year_not_available_for_country,Argentina,argentina,ARG,2004,5
year_not_available_for_country,Somalia,somalia,SOM,2004,5
country_not_in_hdi,Taiwan (Province of China),taiwan province of china,TWN,2004,5
year_not_available_for_country,Australia,australia,AUS,2005,5
year_not_available_for_country,Algeria,algeria,DZA,2005,5
year_not_available_for_country,Cameroon,cameroon,CMR,2005,5
year_not_available_for_country,Canada,canada,CAN,2006,5
year_not_available_for_country,Niger,niger,NER,2006,5
year_not_available_for_country,Ukraine,ukraine,UKR,2006,5
year_not_available_for_country,Brazil,brazil,BRA,2006,5
year_not_available_for_country,Egypt,egypt,EGY,2007,5
year_not_available_for_country,Greece,greece,GRC,2007,5
year_not_available_for_country,Dominican Republic,dominican republic,DOM,2007,5
year_not_available_for_country,Cuba,cuba,CUB,2007,5
year_not_available_for_country,Angola,angola,AGO,2008,5
year_not_available_for_country,United Kingdom of Great Britain and Northern Ireland,united kingdom,GBR,2007,5
year_not_available_for_country,Australia,australia,AUS,2008,5
year_not_available_for_country,Germany,germany,DEU,2008,5
year_not_available_for_country,Nepal,nepal,NPL,2008,5
year_not_available_for_country,Niger,niger,NER,2008,5
year_not_available_for_country,Madagascar,madagascar,MDG,2008,5
year_not_available_for_country,"China, Hong Kong Special Administrative Region",hong kong china sar,HKG,2008,5
year_not_available_for_country,Cuba,cuba,CUB,2008,5
country_not_in_hdi,Taiwan (Province of China),taiwan province of china,TWN,2008,5
year_not_available_for_country,Uganda,uganda,UGA,2008,5
year_not_available_for_country,Romania,romania,ROU,2009,5
year_not_available_for_country,Poland,poland,POL,2009,5
year_not_available_for_country,France,france,FRA,2009,5
year_not_available_for_country,Cuba,cuba,CUB,2002,5
year_not_available_for_country,Mozambique,mozambique,MOZ,2011,5
year_not_available_for_country,Argentina,argentina,ARG,2011,5
year_not_available_for_country,Republic of Korea,korea republic of,KOR,2011,5
year_not_available_for_country,Sri Lanka,sri lanka,LKA,2011,5
year_not_available_for_country,Chile,chile,CHL,2011,5
year_not_available_for_country,Central African Republic,central african republic,CAF,2011,5
year_not_available_for_country,Iran (Islamic Republic of),iran islamic republic of,IRN,2011,5
year_not_available_for_country,Ghana,ghana,GHA,2011,5
year_not_available_for_country,Angola,angola,AGO,2011,5
year_not_available_for_country,Venezuela (Bolivarian Republic of),venezuela bolivarian republic of,VEN,2011,5
year_not_available_for_country,Malawi,malawi,MWI,2012,5
year_not_available_for_country,Viet Nam,viet nam,VNM,2012,5
year_not_available_for_country,Yemen,yemen,YEM,2001,5
year_not_available_for_country,Malaysia,malaysia,MYS,2001,5
country_not_in_hdi,Taiwan (Province of China),taiwan province of china,TWN,2001,5
year_not_available_for_country,Benin,benin,BEN,2001,5
year_not_available_for_country,Chile,chile,CHL,2002,5
year_not_available_for_country,Somalia,somalia,SOM,2001,5
year_not_available_for_country,Spain,spain,ESP,2002,5
year_not_available_for_country,Cameroon,cameroon,CMR,2003,5
year_not_available_for_country,Colombia,colombia,COL,2003,5
year_not_available_for_country,Greece,greece,GRC,2004,5
year_not_available_for_country,Poland,poland,POL,2005,5
year_not_available_for_country,United Kingdom of Great Britain and Northern Ireland,united kingdom,GBR,2005,5
year_not_available_for_country,Malawi,malawi,MWI,2005,5
year_not_available_for_country,Zambia,zambia,ZMB,2007,5
year_not_available_for_country,Angola,angola,AGO,2007,5
year_not_available_for_country,Chile,chile,CHL,2007,5
year_not_available_for_country,Paraguay,paraguay,PRY,2008,5
year_not_available_for_country,Benin,benin,BEN,2008,5
year_not_available_for_country,Afghanistan,afghanistan,AFG,2008,5
year_not_available_for_country,Morocco,morocco,MAR,2008,5
year_not_available_for_country,Ethiopia,ethiopia,ETH,2008,5
year_not_available_for_country,Mozambique,mozambique,MOZ,2008,5
year_not_available_for_country,Burundi,burundi,BDI,2009,5
year_not_available_for_country,Papua New Guinea,papua new guinea,PNG,2009,5
year_not_available_for_country,Haiti,haiti,HTI,2011,5
year_not_available_for_country,Ecuador,ecuador,ECU,2012,5
year_not_available_for_country,Mali,mali,MLI,2011,5
year_not_available_for_country,Nepal,nepal,NPL,2012,5
year_not_available_for_country,Poland,poland,POL,2012,5
year_not_available_for_country,Italy,italy,ITA,2016,5
year_not_available_for_country,Ecuador,ecuador,ECU,2019,5
year_not_available_for_country,Spain,spain,ESP,2007,5
year_not_available_for_country,Guinea,guinea,GIN,2012,5
year_not_available_for_country,Italy,italy,ITA,2013,5
year_outside_hdi_range,Ecuador,ecuador,ECU,2025,4
year_outside_hdi_range,Philippines,philippines,PHL,2026,4
year_outside_hdi_range,Argentina,argentina,ARG,2025,4
country_not_in_hdi,Taiwan (Province of China),taiwan province of china,TWN,2000,4
year_not_available_for_country,Spain,spain,ESP,2003,4
year_outside_hdi_range,Greece,greece,GRC,2026,4
year_not_available_for_country,Yemen,yemen,YEM,2003,4
year_not_available_for_country,Burundi,burundi,BDI,2004,4
year_not_available_for_country,Kenya,kenya,KEN,2019,4
year_not_available_for_country,Somalia,somalia,SOM,2019,4
year_outside_hdi_range,Italy,italy,ITA,2025,4
year_not_available_for_country,Venezuela (Bolivarian Republic of),venezuela bolivarian republic of,VEN,2019,4
year_not_available_for_country,Saudi Arabia,saudi arabia,SAU,2019,4
year_not_available_for_country,Myanmar,myanmar,MMR,2019,4
year_not_available_for_country,South Sudan,south sudan,SSD,2019,4
year_not_available_for_country,Paraguay,paraguay,PRY,2019,4
year_not_available_for_country,Egypt,egypt,EGY,2019,4
year_not_available_for_country,Argentina,argentina,ARG,2019,4
year_not_available_for_country,Ghana,ghana,GHA,2019,4
year_not_available_for_country,Papua New Guinea,papua new guinea,PNG,2019,4
year_not_available_for_country,Zimbabwe,zimbabwe,ZWE,2018,4
year_not_available_for_country,Ethiopia,ethiopia,ETH,2018,4
year_not_available_for_country,Papua New Guinea,papua new guinea,PNG,2018,4
country_not_in_hdi,Democratic People's Republic of Korea,korea democratic people s rep of,PRK,2018,4
year_not_available_for_country,Peru,peru,PER,2018,4
year_not_available_for_country,Sudan,sudan,SDN,2018,4
year_not_available_for_country,Guatemala,guatemala,GTM,2018,4
year_not_available_for_country,United Republic of Tanzania,tanzania united republic of,TZA,2017,4
year_not_available_for_country,Honduras,honduras,HND,2014,4
year_not_available_for_country,Central African Republic,central african republic,CAF,2017,4
year_not_available_for_country,Yemen,yemen,YEM,2017,4
year_not_available_for_country,Germany,germany,DEU,2017,4
year_not_available_for_country,Honduras,honduras,HND,2017,4
year_not_available_for_country,Central African Republic,central african republic,CAF,2022,4
year_not_available_for_country,Namibia,namibia,NAM,2013,4
year_not_available_for_country,Zimbabwe,zimbabwe,ZWE,2017,4
year_not_available_for_country,South Sudan,south sudan,SSD,2016,4
year_not_available_for_country,Ethiopia,ethiopia,ETH,2016,4
year_not_available_for_country,Brazil,brazil,BRA,2016,4
year_not_available_for_country,United Republic of Tanzania,tanzania united republic of,TZA,2016,4
year_not_available_for_country,Angola,angola,AGO,2016,4
year_not_available_for_country,Yemen,yemen,YEM,2016,4
year_not_available_for_country,Saudi Arabia,saudi arabia,SAU,2016,4
year_outside_hdi_range,Mali,mali,MLI,2024,4
year_outside_hdi_range,Chile,chile,CHL,2024,4
year_outside_hdi_range,Mozambique,mozambique,MOZ,2024,4
year_outside_hdi_range,Bosnia and Herzegovina,bosnia and herzegovina,BIH,2024,4
year_not_available_for_country,Morocco,morocco,MAR,2014,4
year_not_available_for_country,Central African Republic,central african republic,CAF,2014,4
year_outside_hdi_range,Sri Lanka,sri lanka,LKA,2024,4
year_not_available_for_country,Sudan,sudan,SDN,2014,4
year_not_available_for_country,Iran (Islamic Republic of),iran islamic republic of,IRN,2014,4
year_not_available_for_country,Guinea,guinea,GIN,2014,4
year_not_available_for_country,Bosnia and Herzegovina,bosnia and herzegovina,BIH,2014,4
year_not_available_for_country,Sri Lanka,sri lanka,LKA,2013,4
year_not_available_for_country,Madagascar,madagascar,MDG,2013,4
year_not_available_for_country,Germany,germany,DEU,2013,4
year_not_available_for_country,Malaysia,malaysia,MYS,2013,4
year_not_available_for_country,Mali,mali,MLI,2013,4
year_not_available_for_country,Ethiopia,ethiopia,ETH,2013,4
year_not_available_for_country,Australia,australia,AUS,2013,4
year_outside_hdi_range,Guatemala,guatemala,GTM,2025,4
year_not_available_for_country,Ukraine,ukraine,UKR,2012,4
year_not_available_for_country,Chad,chad,TCD,2012,4
year_not_available_for_country,Chile,chile,CHL,2012,4
year_not_available_for_country,Republic of Korea,korea republic of,KOR,2012,4
year_outside_hdi_range,Australia,australia,AUS,2025,4
year_not_available_for_country,Congo,congo,COG,2012,4
year_not_available_for_country,Nepal,nepal,NPL,2013,4
year_not_available_for_country,Burkina Faso,burkina faso,BFA,2012,4
year_not_available_for_country,Morocco,morocco,MAR,2012,4
year_outside_hdi_range,Venezuela (Bolivarian Republic of),venezuela bolivarian republic of,VEN,2025,4
year_outside_hdi_range,Sri Lanka,sri lanka,LKA,2025,4
year_outside_hdi_range,Chile,chile,CHL,2025,4
year_outside_hdi_range,Greece,greece,GRC,2024,4
year_not_available_for_country,Greece,greece,GRC,2003,4
country_not_in_hdi,Taiwan (Province of China),taiwan province of china,TWN,2024,4
year_outside_hdi_range,Honduras,honduras,HND,2024,4
year_not_available_for_country,Belgium,belgium,BEL,2002,4
year_not_available_for_country,Poland,poland,POL,2002,4
year_not_available_for_country,Lebanon,lebanon,LBN,2003,4
year_not_available_for_country,Burkina Faso,burkina faso,BFA,2003,4
year_not_available_for_country,Ethiopia,ethiopia,ETH,2003,4
year_not_available_for_country,Tajikistan,tajikistan,TJK,2003,4
year_not_available_for_country,Portugal,portugal,PRT,2003,4
year_not_available_for_country,Ecuador,ecuador,ECU,2003,4
year_not_available_for_country,Kenya,kenya,KEN,2003,4
year_not_available_for_country,Burundi,burundi,BDI,2003,4
year_not_available_for_country,Spain,spain,ESP,2004,4
year_not_available_for_country,Kyrgyzstan,kyrgyzstan,KGZ,2004,4
year_not_available_for_country,Ukraine,ukraine,UKR,2004,4
year_not_available_for_country,Guinea,guinea,GIN,2004,4
year_not_available_for_country,Niger,niger,NER,2004,4
year_not_available_for_country,Chad,chad,TCD,2004,4
year_not_available_for_country,Argentina,argentina,ARG,2005,4
year_not_available_for_country,Comoros,comoros,COM,2005,4
year_not_available_for_country,Central African Republic,central african republic,CAF,2005,4
year_not_available_for_country,Dominican Republic,dominican republic,DOM,2005,4
year_not_available_for_country,Iraq,iraq,IRQ,2006,4
year_not_available_for_country,Yemen,yemen,YEM,2005,4
year_not_available_for_country,Chile,chile,CHL,2005,4
year_not_available_for_country,Germany,germany,DEU,2005,4
year_not_available_for_country,Guatemala,guatemala,GTM,2005,4
year_not_available_for_country,Tajikistan,tajikistan,TJK,2005,4
year_not_available_for_country,Hungary,hungary,HUN,2005,4
year_not_available_for_country,Italy,italy,ITA,2005,4
country_not_in_hdi,Serbia Montenegro,serbia montenegro,SCG,2006,4
year_not_available_for_country,Zimbabwe,zimbabwe,ZWE,2005,4
year_not_available_for_country,Tajikistan,tajikistan,TJK,2006,4
year_not_available_for_country,Malaysia,malaysia,MYS,2006,4
year_not_available_for_country,Algeria,algeria,DZA,2006,4
year_not_available_for_country,Cameroon,cameroon,CMR,2006,4
year_not_available_for_country,Ecuador,ecuador,ECU,2006,4
country_not_in_hdi,Taiwan (Province of China),taiwan province of china,TWN,2006,4
year_not_available_for_country,Italy,italy,ITA,2006,4
year_not_available_for_country,France,france,FRA,2006,4
year_not_available_for_country,Spain,spain,ESP,2006,4
year_not_available_for_country,Guatemala,guatemala,GTM,2006,4
year_not_available_for_country,Angola,angola,AGO,2006,4
year_not_available_for_country,France,france,FRA,2007,4
year_not_available_for_country,Germany,germany,DEU,2007,4
year_not_available_for_country,Guinea,guinea,GIN,2007,4
year_not_available_for_country,Italy,italy,ITA,2007,4
year_not_available_for_country,Sudan,sudan,SDN,2007,4
year_not_available_for_country,Bolivia (Plurinational State of),bolivia,BOL,2007,4
year_not_available_for_country,Nepal,nepal,NPL,2007,4
year_not_available_for_country,Republic of Korea,korea republic of,KOR,2007,4
year_not_available_for_country,Honduras,honduras,HND,2007,4
year_not_available_for_country,Tajikistan,tajikistan,TJK,2007,4
year_not_available_for_country,Sierra Leone,sierra leone,SLE,2007,4
year_not_available_for_country,Fiji,fiji,FJI,2007,4
year_not_available_for_country,Chile,chile,CHL,2008,4
year_not_available_for_country,Argentina,argentina,ARG,2008,4
year_not_available_for_country,Costa Rica,costa rica,CRI,2008,4
year_not_available_for_country,Senegal,senegal,SEN,2008,4
year_not_available_for_country,Dominican Republic,dominican republic,DOM,2008,4
year_not_available_for_country,Venezuela (Bolivarian Republic of),venezuela bolivarian republic of,VEN,2008,4
year_not_available_for_country,Germany,germany,DEU,2009,4
year_not_available_for_country,Canada,canada,CAN,2009,4
year_not_available_for_country,Yemen,yemen,YEM,2009,4
year_not_available_for_country,Türkiye,turkiye,TUR,2009,4
year_not_available_for_country,Paraguay,paraguay,PRY,2009,4
year_not_available_for_country,Ghana,ghana,GHA,2009,4
year_not_available_for_country,Benin,benin,BEN,2009,4
year_not_available_for_country,Nicaragua,nicaragua,NIC,2009,4
year_not_available_for_country,Cameroon,cameroon,CMR,2009,4
year_not_available_for_country,Malawi,malawi,MWI,2009,4
year_not_available_for_country,Madagascar,madagascar,MDG,2009,4
year_not_available_for_country,Zimbabwe,zimbabwe,ZWE,2009,4
country_not_in_hdi,Democratic People's Republic of Korea,korea democratic people s rep of,PRK,2010,4
year_not_available_for_country,Zambia,zambia,ZMB,2011,4
year_not_available_for_country,Niger,niger,NER,2011,4
year_not_available_for_country,Uganda,uganda,UGA,2011,4
year_not_available_for_country,Cameroon,cameroon,CMR,2011,4
year_not_available_for_country,Dominican Republic,dominican republic,DOM,2011,4
year_not_available_for_country,Bulgaria,bulgaria,BGR,2012,4
year_not_available_for_country,Canada,canada,CAN,2012,4
year_not_available_for_country,United Kingdom of Great Britain and Northern Ireland,united kingdom,GBR,2001,4
year_not_available_for_country,Sudan,sudan,SDN,2001,4
year_not_available_for_country,Chad,chad,TCD,2001,4
year_not_available_for_country,Republic of Korea,korea republic of,KOR,2001,4
year_not_available_for_country,Nepal,nepal,NPL,2001,4
year_not_available_for_country,Portugal,portugal,PRT,2001,4
year_not_available_for_country,Ukraine,ukraine,UKR,2001,4
year_not_available_for_country,Burkina Faso,burkina faso,BFA,2001,4
year_not_available_for_country,Somalia,somalia,SOM,2002,4
year_not_available_for_country,Madagascar,madagascar,MDG,2002,4
year_not_available_for_country,Honduras,honduras,HND,2002,4
year_not_available_for_country,Canada,canada,CAN,2002,4
year_not_available_for_country,Bolivia (Plurinational State of),bolivia,BOL,2002,4
year_not_available_for_country,Romania,romania,ROU,2002,4
year_not_available_for_country,El Salvador,el salvador,SLV,2001,4
year_not_available_for_country,Chile,chile,CHL,2001,4
year_not_available_for_country,Haiti,haiti,HTI,2001,4
year_not_available_for_country,Ecuador,ecuador,ECU,2001,4
year_not_available_for_country,Cameroon,cameroon,CMR,2001,4
year_not_available_for_country,El Salvador,el salvador,SLV,2002,4
year_not_available_for_country,Yemen,yemen,YEM,2002,4
year_not_available_for_country,Central African Republic,central african republic,CAF,2003,4
year_not_available_for_country,Angola,angola,AGO,2003,4
year_not_available_for_country,Venezuela (Bolivarian Republic of),venezuela bolivarian republic of,VEN,2004,4
year_not_available_for_country,Burundi,burundi,BDI,2005,4
year_not_available_for_country,United Republic of Tanzania,tanzania united republic of,TZA,2005,4
year_not_available_for_country,Costa Rica,costa rica,CRI,2005,4
year_not_available_for_country,Madagascar,madagascar,MDG,2005,4
year_not_available_for_country,Bolivia (Plurinational State of),bolivia,BOL,2006,4
year_not_available_for_country,Panama,panama,PAN,2006,4
year_not_available_for_country,Sri Lanka,sri lanka,LKA,2007,4
year_not_available_for_country,Côte d’Ivoire,cote d ivoire,CIV,2007,4
year_not_available_for_country,Comoros,comoros,COM,2007,4
year_not_available_for_country,Zambia,zambia,ZMB,2008,4
year_not_available_for_country,Cameroon,cameroon,CMR,2008,4
year_not_available_for_country,Austria,austria,AUT,2009,4
year_not_available_for_country,Sri Lanka,sri lanka,LKA,2009,4
year_not_available_for_country,Chad,chad,TCD,2009,4
year_not_available_for_country,United Kingdom of Great Britain and Northern Ireland,united kingdom,GBR,2009,4
year_not_available_for_country,Burundi,burundi,BDI,2011,4
year_not_available_for_country,Sudan,sudan,SDN,2011,4
year_not_available_for_country,Central African Republic,central african republic,CAF,2012,4
year_not_available_for_country,Kazakhstan,kazakhstan,KAZ,2012,4
country_not_in_hdi,Taiwan (Province of China),taiwan province of china,TWN,2012,4
year_not_available_for_country,United Kingdom of Great Britain and Northern Ireland,united kingdom,GBR,2012,4
year_not_available_for_country,Australia,australia,AUS,2014,4
year_not_available_for_country,Algeria,algeria,DZA,2014,4
year_not_available_for_country,Nicaragua,nicaragua,NIC,2014,4
country_not_in_hdi,Taiwan (Province of China),taiwan province of china,TWN,2014,4
year_not_available_for_country,Niger,niger,NER,2014,4
year_not_available_for_country,Ecuador,ecuador,ECU,2014,4
year_not_available_for_country,Iran (Islamic Republic of),iran islamic republic of,IRN,2016,4
year_not_available_for_country,South Africa,south africa,ZAF,2016,4
year_not_available_for_country,Australia,australia,AUS,2016,4
year_not_available_for_country,Portugal,portugal,PRT,2018,4
year_not_available_for_country,Nepal,nepal,NPL,2018,4
year_not_available_for_country,Rwanda,rwanda,RWA,2018,4
year_outside_hdi_range,"China, Hong Kong Special Administrative Region",hong kong china sar,HKG,2025,4
year_not_available_for_country,Ghana,ghana,GHA,2002,4
year_not_available_for_country,Netherlands (Kingdom of the),netherlands,NLD,2005,4
year_not_available_for_country,Bulgaria,bulgaria,BGR,2006,4
year_not_available_for_country,Comoros,comoros,COM,2006,4
year_not_available_for_country,Sri Lanka,sri lanka,LKA,2008,4
year_not_available_for_country,Colombia,colombia,COL,2009,4
year_not_available_for_country,Australia,australia,AUS,2011,4
year_not_available_for_country,Canada,canada,CAN,2011,4
year_not_available_for_country,Somalia,somalia,SOM,2012,4
year_not_available_for_country,Portugal,portugal,PRT,2013,4
year_not_available_for_country,Yemen,yemen,YEM,2013,4
year_not_available_for_country,Lao People's Democratic Republic,lao people s democratic republic,LAO,2013,4
year_not_available_for_country,Viet Nam,viet nam,VNM,2014,4
year_not_available_for_country,Bangladesh,bangladesh,BGD,2018,4
country_not_in_hdi,Taiwan (Province of China),taiwan province of china,TWN,2021,4
year_not_available_for_country,Egypt,egypt,EGY,2017,4
year_not_available_for_country,Colombia,colombia,COL,2018,4
year_outside_hdi_range,Kenya,kenya,KEN,2026,3
year_outside_hdi_range,Bangladesh,bangladesh,BGD,2026,3
year_outside_hdi_range,Angola,angola,AGO,2026,3
year_outside_hdi_range,Ethiopia,ethiopia,ETH,2026,3
year_not_available_for_country,Hungary,hungary,HUN,2006,3
year_not_available_for_country,Cuba,cuba,CUB,2005,3
year_outside_hdi_range,South Africa,south africa,ZAF,2026,3
year_outside_hdi_range,Colombia,colombia,COL,2026,3
country_not_in_hdi,Democratic People's Republic of Korea,korea democratic people s rep of,PRK,2006,3
year_not_available_for_country,Sudan,sudan,SDN,2000,3
year_outside_hdi_range,Viet Nam,viet nam,VNM,2026,3
year_not_available_for_country,Zambia,zambia,ZMB,2019,3
year_not_available_for_country,Belgium,belgium,BEL,2019,3
country_not_in_hdi,Puerto Rico,puerto rico,PRI,2020,3
year_not_available_for_country,Nepal,nepal,NPL,2019,3
year_not_available_for_country,Thailand,thailand,THA,2019,3
year_not_available_for_country,Slovakia,slovakia,SVK,2019,3
year_not_available_for_country,Syrian Arab Republic,syrian arab republic,SYR,2019,3
year_not_available_for_country,Albania,albania,ALB,2019,3
year_not_available_for_country,Haiti,haiti,HTI,2019,3
year_not_available_for_country,Zimbabwe,zimbabwe,ZWE,2019,3
year_not_available_for_country,Djibouti,djibouti,DJI,2019,3
year_not_available_for_country,Australia,australia,AUS,2019,3
year_not_available_for_country,El Salvador,el salvador,SLV,2018,3
year_not_available_for_country,South Africa,south africa,ZAF,2018,3
year_not_available_for_country,Madagascar,madagascar,MDG,2018,3
year_not_available_for_country,Yemen,yemen,YEM,2018,3
country_not_in_hdi,Taiwan (Province of China),taiwan province of china,TWN,2018,3
year_not_available_for_country,Lao People's Democratic Republic,lao people s democratic republic,LAO,2018,3
year_not_available_for_country,Guinea-Bissau,guinea bissau,GNB,2018,3
year_not_available_for_country,Algeria,algeria,DZA,2018,3
year_not_available_for_country,Thailand,thailand,THA,2018,3
year_not_available_for_country,Malawi,malawi,MWI,2018,3
year_not_available_for_country,Poland,poland,POL,2018,3
year_not_available_for_country,United Kingdom of Great Britain and Northern Ireland,united kingdom,GBR,2018,3
year_not_available_for_country,Switzerland,switzerland,CHE,2018,3
year_not_available_for_country,Angola,angola,AGO,2017,3
year_not_available_for_country,Saudi Arabia,saudi arabia,SAU,2017,3
year_not_available_for_country,Kyrgyzstan,kyrgyzstan,KGZ,2017,3
year_not_available_for_country,Malawi,malawi,MWI,2017,3
year_not_available_for_country,France,france,FRA,2017,3
year_not_available_for_country,Dominican Republic,dominican republic,DOM,2017,3
year_not_available_for_country,Cameroon,cameroon,CMR,2017,3
year_not_available_for_country,Canada,canada,CAN,2017,3
year_not_available_for_country,Ghana,ghana,GHA,2017,3
country_not_in_hdi,Puerto Rico,puerto rico,PRI,2022,3
year_not_available_for_country,Australia,australia,AUS,2017,3
year_not_available_for_country,Peru,peru,PER,2017,3
year_not_available_for_country,Tajikistan,tajikistan,TJK,2017,3
year_not_available_for_country,Niger,niger,NER,2016,3
year_not_available_for_country,Somalia,somalia,SOM,2016,3
year_not_available_for_country,Bolivia (Plurinational State of),bolivia,BOL,2016,3
year_not_available_for_country,Sudan,sudan,SDN,2016,3
year_not_available_for_country,France,france,FRA,2016,3
year_not_available_for_country,Ukraine,ukraine,UKR,2016,3
year_not_available_for_country,Burundi,burundi,BDI,2016,3
year_outside_hdi_range,Ecuador,ecuador,ECU,2024,3
year_outside_hdi_range,Algeria,algeria,DZA,2024,3
year_outside_hdi_range,Comoros,comoros,COM,2024,3
year_outside_hdi_range,Burundi,burundi,BDI,2024,3
year_outside_hdi_range,Côte d’Ivoire,cote d ivoire,CIV,2024,3
year_outside_hdi_range,Myanmar,myanmar,MMR,2024,3
year_not_available_for_country,Bolivia (Plurinational State of),bolivia,BOL,2014,3
year_not_available_for_country,Mozambique,mozambique,MOZ,2014,3
year_outside_hdi_range,Cameroon,cameroon,CMR,2024,3
year_outside_hdi_range,Russian Federation,russian federation,RUS,2024,3
year_not_available_for_country,Canada,canada,CAN,2014,3
year_outside_hdi_range,Costa Rica,costa rica,CRI,2024,3
year_not_available_for_country,Germany,germany,DEU,2014,3
year_outside_hdi_range,Mozambique,mozambique,MOZ,2025,3
year_outside_hdi_range,Australia,australia,AUS,2024,3
year_outside_hdi_range,Guinea-Bissau,guinea bissau,GNB,2025,3
year_not_available_for_country,Yemen,yemen,YEM,2014,3
year_not_available_for_country,Togo,togo,TGO,2014,3
year_not_available_for_country,Zimbabwe,zimbabwe,ZWE,2014,3
year_not_available_for_country,Libya,libya,LBY,2013,3
year_not_available_for_country,Niger,niger,NER,2013,3
year_not_available_for_country,Belgium,belgium,BEL,2013,3
year_not_available_for_country,Georgia,georgia,GEO,2013,3
year_not_available_for_country,Somalia,somalia,SOM,2013,3
year_not_available_for_country,South Sudan,south sudan,SSD,2013,3
year_not_available_for_country,Morocco,morocco,MAR,2013,3
year_not_available_for_country,New Zealand,new zealand,NZL,2013,3
year_not_available_for_country,Sri Lanka,sri lanka,LKA,2012,3
year_not_available_for_country,Spain,spain,ESP,2013,3
year_not_available_for_country,United Republic of Tanzania,tanzania united republic of,TZA,2013,3
year_outside_hdi_range,Sudan,sudan,SDN,2025,3
year_outside_hdi_range,Spain,spain,ESP,2025,3
year_not_available_for_country,Cameroon,cameroon,CMR,2012,3
year_not_available_for_country,Azerbaijan,azerbaijan,AZE,2012,3
year_not_available_for_country,Bolivia (Plurinational State of),bolivia,BOL,2012,3
year_not_available_for_country,Switzerland,switzerland,CHE,2012,3
year_not_available_for_country,Spain,spain,ESP,2012,3
year_not_available_for_country,Zambia,zambia,ZMB,2012,3
year_not_available_for_country,Ghana,ghana,GHA,2012,3
year_not_available_for_country,Thailand,thailand,THA,2012,3
year_not_available_for_country,Niger,niger,NER,2012,3
year_not_available_for_country,Guatemala,guatemala,GTM,2012,3
year_not_available_for_country,Papua New Guinea,papua new guinea,PNG,2012,3
year_outside_hdi_range,Uganda,uganda,UGA,2025,3
year_outside_hdi_range,Honduras,honduras,HND,2025,3
year_outside_hdi_range,Sudan,sudan,SDN,2024,3
year_outside_hdi_range,Algeria,algeria,DZA,2025,3
year_outside_hdi_range,Cuba,cuba,CUB,2025,3
year_outside_hdi_range,Republic of Korea,korea republic of,KOR,2025,3
year_outside_hdi_range,Uruguay,uruguay,URY,2024,3
year_outside_hdi_range,Papua New Guinea,papua new guinea,PNG,2024,3
year_outside_hdi_range,Kyrgyzstan,kyrgyzstan,KGZ,2024,3
year_outside_hdi_range,Djibouti,djibouti,DJI,2024,3
year_outside_hdi_range,Argentina,argentina,ARG,2024,3
country_not_in_hdi,Taiwan (Province of China),taiwan province of china,TWN,2023,3
year_not_available_for_country,Guinea,guinea,GIN,2002,3
year_not_available_for_country,Vanuatu,vanuatu,VUT,2002,3
year_not_available_for_country,Sri Lanka,sri lanka,LKA,2002,3
year_not_available_for_country,Gambia,gambia,GMB,2002,3
year_not_available_for_country,"China, Hong Kong Special Administrative Region",hong kong china sar,HKG,2003,3
year_not_available_for_country,Germany,germany,DEU,2003,3
year_not_available_for_country,Iraq,iraq,IRQ,2003,3
year_not_available_for_country,Republic of Korea,korea republic of,KOR,2003,3
year_not_available_for_country,Malaysia,malaysia,MYS,2003,3
year_not_available_for_country,Panama,panama,PAN,2003,3
country_not_in_hdi,Canary Islands,canary islands,SPI,2004,3
year_not_available_for_country,United Kingdom of Great Britain and Northern Ireland,united kingdom,GBR,2004,3
year_not_available_for_country,Guatemala,guatemala,GTM,2004,3
year_not_available_for_country,Chile,chile,CHL,2004,3
year_not_available_for_country,Sierra Leone,sierra leone,SLE,2004,3
year_not_available_for_country,Bahamas,bahamas,BHS,2004,3
year_not_available_for_country,Cuba,cuba,CUB,2004,3
year_not_available_for_country,Bolivia (Plurinational State of),bolivia,BOL,2004,3
country_not_in_hdi,Democratic People's Republic of Korea,korea democratic people s rep of,PRK,2004,3
year_not_available_for_country,Panama,panama,PAN,2004,3
year_not_available_for_country,Mexico,mexico,MEX,2004,3
year_not_available_for_country,Mali,mali,MLI,2004,3
year_not_available_for_country,United Republic of Tanzania,tanzania united republic of,TZA,2004,3
year_not_available_for_country,Syrian Arab Republic,syrian arab republic,SYR,2005,3
year_not_available_for_country,Czechia,czech republic,CZE,2005,3
year_not_available_for_country,Iraq,iraq,IRQ,2005,3
year_not_available_for_country,Congo,congo,COG,2005,3
year_not_available_for_country,Papua New Guinea,papua new guinea,PNG,2005,3
year_not_available_for_country,Switzerland,switzerland,CHE,2005,3
year_not_available_for_country,Mauritania,mauritania,MRT,2005,3
year_not_available_for_country,Belgium,belgium,BEL,2005,3
year_not_available_for_country,Spain,spain,ESP,2005,3
year_not_available_for_country,Ghana,ghana,GHA,2005,3
year_not_available_for_country,Mozambique,mozambique,MOZ,2005,3
year_not_available_for_country,Mozambique,mozambique,MOZ,2006,3
year_not_available_for_country,Namibia,namibia,NAM,2006,3
year_not_available_for_country,Côte d’Ivoire,cote d ivoire,CIV,2006,3
year_not_available_for_country,Colombia,colombia,COL,2006,3
year_not_available_for_country,Mauritania,mauritania,MRT,2006,3
year_not_available_for_country,Haiti,haiti,HTI,2006,3
year_not_available_for_country,Syrian Arab Republic,syrian arab republic,SYR,2006,3
year_not_available_for_country,Thailand,thailand,THA,2006,3
year_not_available_for_country,Greece,greece,GRC,2006,3
year_not_available_for_country,Poland,poland,POL,2006,3
year_not_available_for_country,Yemen,yemen,YEM,2006,3
year_not_available_for_country,Senegal,senegal,SEN,2006,3
year_not_available_for_country,Cambodia,cambodia,KHM,2006,3
year_not_available_for_country,Iraq,iraq,IRQ,2007,3
year_not_available_for_country,Ecuador,ecuador,ECU,2007,3
year_not_available_for_country,Canada,canada,CAN,2007,3
year_not_available_for_country,Uruguay,uruguay,URY,2007,3
year_not_available_for_country,Ethiopia,ethiopia,ETH,2007,3
year_not_available_for_country,Chad,chad,TCD,2007,3
year_not_available_for_country,Panama,panama,PAN,2007,3
country_not_in_hdi,Taiwan (Province of China),taiwan province of china,TWN,2007,3
year_not_available_for_country,Australia,australia,AUS,2007,3
year_not_available_for_country,Austria,austria,AUT,2007,3
year_not_available_for_country,Senegal,senegal,SEN,2007,3
year_not_available_for_country,Mauritania,mauritania,MRT,2007,3
year_not_available_for_country,Iraq,iraq,IRQ,2008,3
year_not_available_for_country,Guinea,guinea,GIN,2008,3
year_not_available_for_country,Italy,italy,ITA,2008,3
year_not_available_for_country,Honduras,honduras,HND,2008,3
year_not_available_for_country,El Salvador,el salvador,SLV,2008,3
year_not_available_for_country,Algeria,algeria,DZA,2008,3
year_not_available_for_country,Spain,spain,ESP,2008,3
year_not_available_for_country,Chad,chad,TCD,2008,3
country_not_in_hdi,Turks and Caicos Islands,turks and caicos islands,TCA,2008,3
year_not_available_for_country,Russian Federation,russian federation,RUS,2008,3
year_not_available_for_country,Nicaragua,nicaragua,NIC,2008,3
year_not_available_for_country,Rwanda,rwanda,RWA,2008,3
year_not_available_for_country,Yemen,yemen,YEM,2008,3
year_not_available_for_country,Poland,poland,POL,2008,3
year_not_available_for_country,Malawi,malawi,MWI,2008,3
year_not_available_for_country,Guatemala,guatemala,GTM,2009,3
year_not_available_for_country,Comoros,comoros,COM,2009,3
year_not_available_for_country,Zambia,zambia,ZMB,2009,3
year_not_available_for_country,Central African Republic,central african republic,CAF,2009,3
year_not_available_for_country,Kazakhstan,kazakhstan,KAZ,2009,3
year_not_available_for_country,Niger,niger,NER,2009,3
year_not_available_for_country,El Salvador,el salvador,SLV,2009,3
year_not_available_for_country,Botswana,botswana,BWA,2009,3
year_not_available_for_country,Somalia,somalia,SOM,2010,3
country_not_in_hdi,Taiwan (Province of China),taiwan province of china,TWN,2010,3
year_not_available_for_country,Rwanda,rwanda,RWA,2011,3
year_not_available_for_country,Spain,spain,ESP,2011,3
country_not_in_hdi,Serbia Montenegro,serbia montenegro,SCG,2000,3
year_not_available_for_country,Lesotho,lesotho,LSO,2011,3
year_not_available_for_country,Malawi,malawi,MWI,2011,3
year_not_available_for_country,Burkina Faso,burkina faso,BFA,2011,3
year_not_available_for_country,Congo,congo,COG,2011,3
year_not_available_for_country,Côte d’Ivoire,cote d ivoire,CIV,2011,3
year_not_available_for_country,Guinea,guinea,GIN,2011,3
year_not_available_for_country,Morocco,morocco,MAR,2011,3
year_not_available_for_country,Paraguay,paraguay,PRY,2011,3
year_not_available_for_country,Senegal,senegal,SEN,2011,3
year_not_available_for_country,Mozambique,mozambique,MOZ,2012,3
year_not_available_for_country,Republic of Moldova,moldova republic of,MDA,2012,3
year_not_available_for_country,Algeria,algeria,DZA,2012,3
year_not_available_for_country,Paraguay,paraguay,PRY,2012,3
year_not_available_for_country,Comoros,comoros,COM,2012,3
year_not_available_for_country,Tajikistan,tajikistan,TJK,2012,3
year_not_available_for_country,Australia,australia,AUS,2012,3
year_not_available_for_country,Senegal,senegal,SEN,2012,3
year_not_available_for_country,Mauritania,mauritania,MRT,2001,3
year_not_available_for_country,Greece,greece,GRC,2001,3
country_not_in_hdi,Taiwan (Province of China),taiwan province of china,TWN,2002,3
year_not_available_for_country,Nicaragua,nicaragua,NIC,2002,3
year_not_available_for_country,Rwanda,rwanda,RWA,2002,3
year_not_available_for_country,Mali,mali,MLI,2002,3
year_not_available_for_country,Haiti,haiti,HTI,2002,3
year_not_available_for_country,Jamaica,jamaica,JAM,2002,3
year_not_available_for_country,Albania,albania,ALB,2002,3
year_not_available_for_country,Tajikistan,tajikistan,TJK,2001,3
year_not_available_for_country,Vanuatu,vanuatu,VUT,2001,3
year_not_available_for_country,Sri Lanka,sri lanka,LKA,2001,3
year_not_available_for_country,Cambodia,cambodia,KHM,2001,3
country_not_in_hdi,Serbia Montenegro,serbia montenegro,SCG,2002,3
year_not_available_for_country,Côte d’Ivoire,cote d ivoire,CIV,2002,3
year_not_available_for_country,Syrian Arab Republic,syrian arab republic,SYR,2002,3
year_not_available_for_country,Ukraine,ukraine,UKR,2002,3
year_not_available_for_country,Austria,austria,AUT,2002,3
year_not_available_for_country,Panama,panama,PAN,2002,3
year_not_available_for_country,Belgium,belgium,BEL,2003,3
year_not_available_for_country,Romania,romania,ROU,2003,3
year_not_available_for_country,Tunisia,tunisia,TUN,2003,3
year_not_available_for_country,Honduras,honduras,HND,2003,3
year_not_available_for_country,Venezuela (Bolivarian Republic of),venezuela bolivarian republic of,VEN,2003,3
year_not_available_for_country,Senegal,senegal,SEN,2003,3
year_not_available_for_country,Rwanda,rwanda,RWA,2003,3
year_not_available_for_country,Madagascar,madagascar,MDG,2004,3
year_not_available_for_country,Tunisia,tunisia,TUN,2004,3
year_not_available_for_country,Haiti,haiti,HTI,2004,3
year_not_available_for_country,Albania,albania,ALB,2004,3
year_not_available_for_country,Costa Rica,costa rica,CRI,2004,3
year_not_available_for_country,Kazakhstan,kazakhstan,KAZ,2004,3
year_not_available_for_country,Myanmar,myanmar,MMR,2004,3
year_not_available_for_country,Equatorial Guinea,equatorial guinea,GNQ,2004,3
year_not_available_for_country,Croatia,croatia,HRV,2005,3
year_not_available_for_country,Ukraine,ukraine,UKR,2005,3
year_not_available_for_country,Jamaica,jamaica,JAM,2005,3
year_not_available_for_country,Austria,austria,AUT,2005,3
year_not_available_for_country,Equatorial Guinea,equatorial guinea,GNQ,2005,3
year_not_available_for_country,Malaysia,malaysia,MYS,2005,3
year_not_available_for_country,Malawi,malawi,MWI,2006,3
year_not_available_for_country,Senegal,senegal,SEN,2013,3
year_not_available_for_country,Saudi Arabia,saudi arabia,SAU,2006,3
year_not_available_for_country,Switzerland,switzerland,CHE,2007,3
year_not_available_for_country,Malaysia,malaysia,MYS,2007,3
year_not_available_for_country,Burundi,burundi,BDI,2007,3
year_not_available_for_country,Saudi Arabia,saudi arabia,SAU,2007,3
year_not_available_for_country,Madagascar,madagascar,MDG,2007,3
year_not_available_for_country,Argentina,argentina,ARG,2007,3
year_not_available_for_country,Cambodia,cambodia,KHM,2007,3
year_not_available_for_country,Guatemala,guatemala,GTM,2007,3
year_not_available_for_country,Ghana,ghana,GHA,2007,3
year_not_available_for_country,Gambia,gambia,GMB,2008,3
year_not_available_for_country,Somalia,somalia,SOM,2008,3
year_not_available_for_country,Panama,panama,PAN,2008,3
year_not_available_for_country,South Sudan,south sudan,SSD,2008,3
year_not_available_for_country,Kyrgyzstan,kyrgyzstan,KGZ,2008,3
year_not_available_for_country,Papua New Guinea,papua new guinea,PNG,2008,3
year_not_available_for_country,Canada,canada,CAN,2008,3
year_not_available_for_country,Bosnia and Herzegovina,bosnia and herzegovina,BIH,2009,3
year_not_available_for_country,Honduras,honduras,HND,2009,3
year_not_available_for_country,Uganda,uganda,UGA,2009,3
year_not_available_for_country,Sierra Leone,sierra leone,SLE,2009,3
year_not_available_for_country,Cambodia,cambodia,KHM,2009,3
year_not_available_for_country,Mauritania,mauritania,MRT,2011,3
year_not_available_for_country,New Zealand,new zealand,NZL,2011,3
year_not_available_for_country,Madagascar,madagascar,MDG,2012,3
year_not_available_for_country,Netherlands (Kingdom of the),netherlands,NLD,2012,3
year_not_available_for_country,Fiji,fiji,FJI,2012,3
year_not_available_for_country,Honduras,honduras,HND,2012,3
year_not_available_for_country,Saudi Arabia,saudi arabia,SAU,2012,3
country_not_in_hdi,Democratic People's Republic of Korea,korea democratic people s rep of,PRK,2012,3
year_not_available_for_country,Algeria,algeria,DZA,2016,3
year_not_available_for_country,Zimbabwe,zimbabwe,ZWE,2013,3
year_not_available_for_country,Ghana,ghana,GHA,2013,3
year_not_available_for_country,Solomon Islands,solomon islands,SLB,2013,3
year_not_available_for_country,Colombia,colombia,COL,2013,3
year_not_available_for_country,Paraguay,paraguay,PRY,2013,3
year_not_available_for_country,Central African Republic,central african republic,CAF,2013,3
year_not_available_for_country,Guinea,guinea,GIN,2013,3
year_not_available_for_country,Netherlands (Kingdom of the),netherlands,NLD,2013,3
year_not_available_for_country,Chile,chile,CHL,2014,3
year_not_available_for_country,Romania,romania,ROU,2014,3
year_not_available_for_country,Cameroon,cameroon,CMR,2014,3
year_not_available_for_country,Papua New Guinea,papua new guinea,PNG,2014,3
year_not_available_for_country,Côte d’Ivoire,cote d ivoire,CIV,2014,3
year_not_available_for_country,Tonga,tonga,TON,2016,3
year_not_available_for_country,Dominican Republic,dominican republic,DOM,2016,3
year_not_available_for_country,Republic of Korea,korea republic of,KOR,2016,3
year_not_available_for_country,United Kingdom of Great Britain and Northern Ireland,united kingdom,GBR,2017,3
year_not_available_for_country,Mozambique,mozambique,MOZ,2018,3
year_not_available_for_country,Republic of Korea,korea republic of,KOR,2017,3
year_not_available_for_country,Mozambique,mozambique,MOZ,2017,3
year_not_available_for_country,Romania,romania,ROU,2018,3
year_not_available_for_country,Burundi,burundi,BDI,2018,3
year_not_available_for_country,Mongolia,mongolia,MNG,2018,3
year_not_available_for_country,Angola,angola,AGO,2018,3
year_not_available_for_country,Australia,australia,AUS,2018,3
year_not_available_for_country,Cuba,cuba,CUB,2018,3
year_not_available_for_country,Ecuador,ecuador,ECU,2018,3
year_not_available_for_country,Bolivia (Plurinational State of),bolivia,BOL,2018,3
year_not_available_for_country,Burundi,burundi,BDI,2019,3
year_not_available_for_country,Angola,angola,AGO,2019,3
year_not_available_for_country,Mongolia,mongolia,MNG,2019,3
year_not_available_for_country,United Kingdom of Great Britain and Northern Ireland,united kingdom,GBR,2019,3
year_not_available_for_country,Somalia,somalia,SOM,2020,3
year_outside_hdi_range,Libya,libya,LBY,2025,3
year_outside_hdi_range,Malawi,malawi,MWI,2025,3
year_outside_hdi_range,Dominican Republic,dominican republic,DOM,2025,3
year_outside_hdi_range,Chad,chad,TCD,2025,3
year_outside_hdi_range,Georgia,georgia,GEO,2025,3
year_not_available_for_country,Italy,italy,ITA,2001,3
year_not_available_for_country,Canada,canada,CAN,2001,3
year_not_available_for_country,Côte d’Ivoire,cote d ivoire,CIV,2001,3
year_not_available_for_country,Morocco,morocco,MAR,2003,3
year_not_available_for_country,Croatia,croatia,HRV,2003,3
country_not_in_hdi,Taiwan (Province of China),taiwan province of china,TWN,2003,3
year_not_available_for_country,France,france,FRA,2004,3
year_not_available_for_country,Sri Lanka,sri lanka,LKA,2004,3
year_not_available_for_country,Honduras,honduras,HND,2004,3
year_not_available_for_country,Cambodia,cambodia,KHM,2005,3
country_not_in_hdi,Democratic People's Republic of Korea,korea democratic people s rep of,PRK,2007,3
year_not_available_for_country,Togo,togo,TGO,2007,3
year_not_available_for_country,Burundi,burundi,BDI,2008,3
year_not_available_for_country,Central African Republic,central african republic,CAF,2008,3
year_not_available_for_country,Ukraine,ukraine,UKR,2009,3
year_not_available_for_country,Thailand,thailand,THA,2009,3
year_not_available_for_country,Tunisia,tunisia,TUN,2009,3
year_not_available_for_country,Myanmar,myanmar,MMR,2011,3
year_not_available_for_country,Ukraine,ukraine,UKR,2011,3
country_not_in_hdi,Democratic People's Republic of Korea,korea democratic people s rep of,PRK,2011,3
year_not_available_for_country,Greece,greece,GRC,2012,3
year_not_available_for_country,Cuba,cuba,CUB,2012,3
year_not_available_for_country,Germany,germany,DEU,2012,3
year_not_available_for_country,Croatia,croatia,HRV,2012,3
year_not_available_for_country,Serbia,serbia,SRB,2012,3
year_not_available_for_country,Hungary,hungary,HUN,2013,3
year_not_available_for_country,Afghanistan,afghanistan,AFG,2014,3
year_not_available_for_country,Guatemala,guatemala,GTM,2013,3
year_not_available_for_country,South Africa,south africa,ZAF,2014,3
year_not_available_for_country,South Sudan,south sudan,SSD,2014,3
year_not_available_for_country,Ghana,ghana,GHA,2016,3
year_not_available_for_country,Burkina Faso,burkina faso,BFA,2016,3
country_not_in_hdi,Taiwan (Province of China),taiwan province of china,TWN,2017,3
year_not_available_for_country,Venezuela (Bolivarian Republic of),venezuela bolivarian republic of,VEN,2018,3
year_not_available_for_country,Sri Lanka,sri lanka,LKA,2018,3
year_not_available_for_country,Germany,germany,DEU,2019,3
year_not_available_for_country,Mali,mali,MLI,2018,3
year_not_available_for_country,Rwanda,rwanda,RWA,2019,3
year_not_available_for_country,Uruguay,uruguay,URY,2019,3
year_not_available_for_country,Malawi,malawi,MWI,2019,3
year_not_available_for_country,Madagascar,madagascar,MDG,2019,3
year_not_available_for_country,Niger,niger,NER,2002,3
year_not_available_for_country,Spain,spain,ESP,2009,3
year_not_available_for_country,Dominican Republic,dominican republic,DOM,2009,3
year_not_available_for_country,Greece,greece,GRC,2009,3
year_not_available_for_country,Madagascar,madagascar,MDG,2016,3
year_outside_hdi_range,Syrian Arab Republic,syrian arab republic,SYR,2026,2
year_outside_hdi_range,Malaysia,malaysia,MYS,2026,2
year_outside_hdi_range,Morocco,morocco,MAR,2026,2
year_outside_hdi_range,Central African Republic,central african republic,CAF,2026,2
year_outside_hdi_range,Iraq,iraq,IRQ,2026,2
year_outside_hdi_range,Guinea,guinea,GIN,2026,2
year_outside_hdi_range,Yemen,yemen,YEM,2026,2
year_outside_hdi_range,Spain,spain,ESP,2026,2
year_outside_hdi_range,Nigeria,nigeria,NGA,2026,2
year_outside_hdi_range,Bolivia (Plurinational State of),bolivia,BOL,2026,2
year_outside_hdi_range,Argentina,argentina,ARG,2026,2
year_not_available_for_country,Jordan,jordan,JOR,2003,2
year_not_available_for_country,Guinea,guinea,GIN,2005,2
year_outside_hdi_range,Australia,australia,AUS,2026,2
year_outside_hdi_range,Bosnia and Herzegovina,bosnia and herzegovina,BIH,2026,2
year_outside_hdi_range,France,france,FRA,2026,2
year_outside_hdi_range,Dominican Republic,dominican republic,DOM,2026,2
year_outside_hdi_range,Peru,peru,PER,2026,2
year_outside_hdi_range,Madagascar,madagascar,MDG,2026,2
year_outside_hdi_range,Ecuador,ecuador,ECU,2026,2
year_outside_hdi_range,Russian Federation,russian federation,RUS,2026,2
year_outside_hdi_range,New Zealand,new zealand,NZL,2026,2
year_not_available_for_country,Central African Republic,central african republic,CAF,2019,2
year_not_available_for_country,Fiji,fiji,FJI,2019,2
year_not_available_for_country,Tunisia,tunisia,TUN,2019,2
year_not_available_for_country,Mauritania,mauritania,MRT,2019,2
year_not_available_for_country,Canada,canada,CAN,2019,2
year_not_available_for_country,Tonga,tonga,TON,2019,2
year_not_available_for_country,Romania,romania,ROU,2019,2
year_not_available_for_country,Cameroon,cameroon,CMR,2019,2
year_not_available_for_country,Bahamas,bahamas,BHS,2019,2
year_not_available_for_country,Sierra Leone,sierra leone,SLE,2019,2
year_not_available_for_country,El Salvador,el salvador,SLV,2019,2
year_not_available_for_country,Honduras,honduras,HND,2019,2
year_not_available_for_country,Ukraine,ukraine,UKR,2019,2
year_not_available_for_country,Comoros,comoros,COM,2019,2
year_not_available_for_country,Kazakhstan,kazakhstan,KAZ,2019,2
year_not_available_for_country,Iraq,iraq,IRQ,2019,2
year_not_available_for_country,Honduras,honduras,HND,2018,2
year_not_available_for_country,Costa Rica,costa rica,CRI,2019,2
year_not_available_for_country,Lithuania,lithuania,LTU,2018,2
year_not_available_for_country,Jordan,jordan,JOR,2018,2
year_not_available_for_country,Mauritania,mauritania,MRT,2018,2
year_not_available_for_country,Tunisia,tunisia,TUN,2018,2
year_not_available_for_country,"China, Hong Kong Special Administrative Region",hong kong china sar,HKG,2018,2
year_not_available_for_country,Niger,niger,NER,2018,2
year_not_available_for_country,Fiji,fiji,FJI,2018,2
year_not_available_for_country,Somalia,somalia,SOM,2018,2
year_not_available_for_country,Malaysia,malaysia,MYS,2018,2
year_not_available_for_country,Czechia,czech republic,CZE,2018,2
year_not_available_for_country,Republic of Korea,korea republic of,KOR,2018,2
year_outside_hdi_range,Germany,germany,DEU,2024,2
year_not_available_for_country,Mauritania,mauritania,MRT,2017,2
year_not_available_for_country,Chad,chad,TCD,2017,2
year_not_available_for_country,Iraq,iraq,IRQ,2017,2
year_not_available_for_country,Portugal,portugal,PRT,2017,2
year_not_available_for_country,Croatia,croatia,HRV,2017,2
country_not_in_hdi,United States Virgin Islands,united states virgin islands,VIR,2017,2
country_not_in_hdi,British Virgin Islands,british virgin islands,VGB,2017,2
country_not_in_hdi,Puerto Rico,puerto rico,PRI,2017,2
year_not_available_for_country,Burkina Faso,burkina faso,BFA,2017,2
country_not_in_hdi,"China, Macao Special Administrative Region",china macao special administrative region,MAC,2017,2
year_not_available_for_country,Vanuatu,vanuatu,VUT,2017,2
year_not_available_for_country,New Zealand,new zealand,NZL,2017,2
country_not_in_hdi,Taiwan (Province of China),taiwan province of china,TWN,2022,2
year_not_available_for_country,Benin,benin,BEN,2016,2
country_not_in_hdi,Democratic People's Republic of Korea,korea democratic people s rep of,PRK,2016,2
year_not_available_for_country,Zimbabwe,zimbabwe,ZWE,2016,2
year_not_available_for_country,Argentina,argentina,ARG,2016,2
year_not_available_for_country,Spain,spain,ESP,2016,2
year_not_available_for_country,Saint Vincent and the Grenadines,saint vincent and the grenadines,VCT,2016,2
year_not_available_for_country,North Macedonia,north macedonia,MKD,2016,2
year_not_available_for_country,Nicaragua,nicaragua,NIC,2013,2
year_not_available_for_country,Tajikistan,tajikistan,TJK,2016,2
year_not_available_for_country,Fiji,fiji,FJI,2016,2
country_not_in_hdi,Democratic People's Republic of Korea,korea democratic people s rep of,PRK,2015,2
year_outside_hdi_range,Switzerland,switzerland,CHE,2024,2
year_outside_hdi_range,Chad,chad,TCD,2024,2
year_not_available_for_country,Senegal,senegal,SEN,2014,2
year_not_available_for_country,Kenya,kenya,KEN,2014,2
year_outside_hdi_range,Netherlands (Kingdom of the),netherlands,NLD,2024,2
year_outside_hdi_range,Serbia,serbia,SRB,2024,2
year_outside_hdi_range,Mauritania,mauritania,MRT,2024,2
year_not_available_for_country,Somalia,somalia,SOM,2014,2
year_outside_hdi_range,Slovakia,slovakia,SVK,2024,2
year_outside_hdi_range,Sierra Leone,sierra leone,SLE,2024,2
year_not_available_for_country,Zambia,zambia,ZMB,2014,2
country_not_in_hdi,Canary Islands,canary islands,SPI,2024,2
year_outside_hdi_range,Nicaragua,nicaragua,NIC,2024,2
year_not_available_for_country,Croatia,croatia,HRV,2014,2
year_outside_hdi_range,Ireland,ireland,IRL,2024,2
year_outside_hdi_range,Zambia,zambia,ZMB,2024,2
year_not_available_for_country,Comoros,comoros,COM,2014,2
year_not_available_for_country,Paraguay,paraguay,PRY,2014,2
year_not_available_for_country,Tajikistan,tajikistan,TJK,2014,2
year_not_available_for_country,United Republic of Tanzania,tanzania united republic of,TZA,2014,2
year_not_available_for_country,United Kingdom of Great Britain and Northern Ireland,united kingdom,GBR,2014,2
year_outside_hdi_range,Sierra Leone,sierra leone,SLE,2025,2
year_not_available_for_country,Poland,poland,POL,2014,2
year_outside_hdi_range,Central African Republic,central african republic,CAF,2025,2
year_not_available_for_country,Mauritania,mauritania,MRT,2013,2
year_not_available_for_country,Haiti,haiti,HTI,2013,2
year_not_available_for_country,Poland,poland,POL,2013,2
country_not_in_hdi,Puerto Rico,puerto rico,PRI,2025,2
year_outside_hdi_range,Namibia,namibia,NAM,2025,2
year_outside_hdi_range,Portugal,portugal,PRT,2025,2
year_outside_hdi_range,Gambia,gambia,GMB,2025,2
year_outside_hdi_range,Lao People's Democratic Republic,lao people s democratic republic,LAO,2025,2
year_outside_hdi_range,Niger,niger,NER,2025,2
year_outside_hdi_range,Bahamas,bahamas,BHS,2025,2
year_not_available_for_country,Serbia,serbia,SRB,2013,2
year_not_available_for_country,State of Palestine,palestine state of,PSE,2013,2
year_not_available_for_country,Benin,benin,BEN,2002,2
year_not_available_for_country,Mozambique,mozambique,MOZ,2013,2
year_outside_hdi_range,Haiti,haiti,HTI,2025,2
year_outside_hdi_range,Bosnia and Herzegovina,bosnia and herzegovina,BIH,2025,2
year_outside_hdi_range,Congo,congo,COG,2025,2
year_outside_hdi_range,Greece,greece,GRC,2025,2
year_not_available_for_country,Georgia,georgia,GEO,2012,2
year_outside_hdi_range,Morocco,morocco,MAR,2025,2
year_not_available_for_country,Panama,panama,PAN,2012,2
year_not_available_for_country,Myanmar,myanmar,MMR,2012,2
year_outside_hdi_range,Panama,panama,PAN,2025,2
year_outside_hdi_range,Egypt,egypt,EGY,2025,2
year_outside_hdi_range,Albania,albania,ALB,2025,2
year_outside_hdi_range,Israel,israel,ISR,2025,2
year_outside_hdi_range,Grenada,grenada,GRD,2024,2
year_outside_hdi_range,Zimbabwe,zimbabwe,ZWE,2024,2
year_outside_hdi_range,Dominican Republic,dominican republic,DOM,2024,2
year_outside_hdi_range,Rwanda,rwanda,RWA,2024,2
year_outside_hdi_range,Poland,poland,POL,2024,2
year_outside_hdi_range,Austria,austria,AUT,2024,2
year_outside_hdi_range,El Salvador,el salvador,SLV,2024,2
year_outside_hdi_range,Romania,romania,ROU,2024,2
year_outside_hdi_range,Belize,belize,BLZ,2024,2
year_outside_hdi_range,Egypt,egypt,EGY,2024,2
year_outside_hdi_range,United Arab Emirates,united arab emirates,ARE,2024,2
year_outside_hdi_range,Cyprus,cyprus,CYP,2024,2
year_not_available_for_country,Czechia,czech republic,CZE,2002,2
year_not_available_for_country,Congo,congo,COG,2002,2
year_not_available_for_country,Costa Rica,costa rica,CRI,2002,2
year_not_available_for_country,North Macedonia,north macedonia,MKD,2002,2
year_not_available_for_country,Namibia,namibia,NAM,2002,2
year_not_available_for_country,Malawi,malawi,MWI,2003,2
year_not_available_for_country,Timor-Leste,timor leste,TLS,2003,2
year_not_available_for_country,Benin,benin,BEN,2003,2
year_not_available_for_country,North Macedonia,north macedonia,MKD,2003,2
year_not_available_for_country,Costa Rica,costa rica,CRI,2003,2
year_not_available_for_country,Cuba,cuba,CUB,2003,2
year_not_available_for_country,Italy,italy,ITA,2004,2
year_not_available_for_country,New Zealand,new zealand,NZL,2004,2
year_not_available_for_country,Syrian Arab Republic,syrian arab republic,SYR,2004,2
year_not_available_for_country,Maldives,maldives,MDV,2004,2
year_not_available_for_country,Nicaragua,nicaragua,NIC,2004,2
year_not_available_for_country,Fiji,fiji,FJI,2004,2
year_not_available_for_country,North Macedonia,north macedonia,MKD,2004,2
year_not_available_for_country,Georgia,georgia,GEO,2004,2
year_not_available_for_country,Guinea-Bissau,guinea bissau,GNB,2004,2
year_not_available_for_country,Jamaica,jamaica,JAM,2004,2
year_not_available_for_country,Trinidad and Tobago,trinidad and tobago,TTO,2004,2
year_not_available_for_country,Libya,libya,LBY,2004,2
year_not_available_for_country,Central African Republic,central african republic,CAF,2004,2
year_not_available_for_country,Germany,germany,DEU,2004,2
year_not_available_for_country,Chad,chad,TCD,2005,2
year_not_available_for_country,Angola,angola,AGO,2005,2
year_not_available_for_country,Guinea-Bissau,guinea bissau,GNB,2005,2
year_not_available_for_country,Senegal,senegal,SEN,2005,2
country_not_in_hdi,Serbia Montenegro,serbia montenegro,SCG,2005,2
year_not_available_for_country,Saudi Arabia,saudi arabia,SAU,2005,2
year_not_available_for_country,Uruguay,uruguay,URY,2005,2
year_not_available_for_country,Bosnia and Herzegovina,bosnia and herzegovina,BIH,2005,2
year_not_available_for_country,Slovakia,slovakia,SVK,2005,2
year_not_available_for_country,Niger,niger,NER,2005,2
year_not_available_for_country,Djibouti,djibouti,DJI,2006,2
year_not_available_for_country,Argentina,argentina,ARG,2006,2
year_not_available_for_country,Cuba,cuba,CUB,2006,2
year_not_available_for_country,Portugal,portugal,PRT,2006,2
year_not_available_for_country,Chad,chad,TCD,2006,2
year_not_available_for_country,Rwanda,rwanda,RWA,2006,2
year_not_available_for_country,Jamaica,jamaica,JAM,2006,2
year_not_available_for_country,El Salvador,el salvador,SLV,2006,2
year_not_available_for_country,Venezuela (Bolivarian Republic of),venezuela bolivarian republic of,VEN,2009,2
year_not_available_for_country,Central African Republic,central african republic,CAF,2007,2
year_not_available_for_country,Syrian Arab Republic,syrian arab republic,SYR,2007,2
year_not_available_for_country,Congo,congo,COG,2007,2
year_not_available_for_country,Mali,mali,MLI,2007,2
year_not_available_for_country,Oman,oman,OMN,2007,2
year_not_available_for_country,Slovakia,slovakia,SVK,2007,2
year_not_available_for_country,Lesotho,lesotho,LSO,2007,2
year_not_available_for_country,Jamaica,jamaica,JAM,2007,2
year_not_available_for_country,Nicaragua,nicaragua,NIC,2007,2
year_not_available_for_country,Serbia,serbia,SRB,2007,2
year_not_available_for_country,Gabon,gabon,GAB,2007,2
year_not_available_for_country,Saint Lucia,saint lucia,LCA,2007,2
year_not_available_for_country,Morocco,morocco,MAR,2007,2
year_not_available_for_country,Republic of Korea,korea republic of,KOR,2008,2
year_not_available_for_country,Ecuador,ecuador,ECU,2008,2
year_not_available_for_country,United Kingdom of Great Britain and Northern Ireland,united kingdom,GBR,2008,2
year_not_available_for_country,Austria,austria,AUT,2008,2
year_not_available_for_country,Kazakhstan,kazakhstan,KAZ,2008,2
year_not_available_for_country,Saudi Arabia,saudi arabia,SAU,2008,2
year_not_available_for_country,Suriname,suriname,SUR,2008,2
year_not_available_for_country,Myanmar,myanmar,MMR,2008,2
year_not_available_for_country,Belize,belize,BLZ,2008,2
year_not_available_for_country,Zimbabwe,zimbabwe,ZWE,2008,2
year_not_available_for_country,Congo,congo,COG,2008,2
year_not_available_for_country,Gabon,gabon,GAB,2008,2
year_not_available_for_country,Jamaica,jamaica,JAM,2008,2
year_not_available_for_country,Côte d’Ivoire,cote d ivoire,CIV,2008,2
country_not_in_hdi,Cayman Islands,cayman islands,CYM,2008,2
year_not_available_for_country,Guinea-Bissau,guinea bissau,GNB,2008,2
year_not_available_for_country,Bahamas,bahamas,BHS,2008,2
year_not_available_for_country,Chile,chile,CHL,2009,2
year_not_available_for_country,Ghana,ghana,GHA,2008,2
year_not_available_for_country,Malaysia,malaysia,MYS,2008,2
year_not_available_for_country,Togo,togo,TGO,2008,2
year_not_available_for_country,Tajikistan,tajikistan,TJK,2008,2
year_not_available_for_country,Togo,togo,TGO,2009,2
year_not_available_for_country,Bolivia (Plurinational State of),bolivia,BOL,2009,2
year_not_available_for_country,Bhutan,bhutan,BTN,2009,2
year_not_available_for_country,Czechia,czech republic,CZE,2009,2
year_not_available_for_country,Guinea,guinea,GIN,2009,2
year_not_available_for_country,Sudan,sudan,SDN,2009,2
year_not_available_for_country,Gambia,gambia,GMB,2009,2
year_not_available_for_country,Cabo Verde,cape verde,CPV,2009,2
year_not_available_for_country,Serbia,serbia,SRB,2009,2
year_not_available_for_country,Syrian Arab Republic,syrian arab republic,SYR,2009,2
year_not_available_for_country,Albania,albania,ALB,2009,2
year_not_available_for_country,Ecuador,ecuador,ECU,2009,2
year_not_available_for_country,Madagascar,madagascar,MDG,2011,2
year_not_available_for_country,Tunisia,tunisia,TUN,2011,2
year_not_available_for_country,Kazakhstan,kazakhstan,KAZ,2001,2
year_not_available_for_country,Tajikistan,tajikistan,TJK,2011,2
year_not_available_for_country,Estonia,estonia,EST,2011,2
year_not_available_for_country,Sierra Leone,sierra leone,SLE,2011,2
year_not_available_for_country,Panama,panama,PAN,2011,2
year_not_available_for_country,Greece,greece,GRC,2011,2
year_not_available_for_country,Kenya,kenya,KEN,2012,2
year_not_available_for_country,Montenegro,montenegro,MNE,2012,2
year_not_available_for_country,Venezuela (Bolivarian Republic of),venezuela bolivarian republic of,VEN,2012,2
year_not_available_for_country,Switzerland,switzerland,CHE,2001,2
year_not_available_for_country,Namibia,namibia,NAM,2001,2
year_not_available_for_country,Republic of Moldova,moldova republic of,MDA,2000,2
year_not_available_for_country,Venezuela (Bolivarian Republic of),venezuela bolivarian republic of,VEN,2001,2
year_not_available_for_country,Myanmar,myanmar,MMR,2001,2
year_not_available_for_country,Senegal,senegal,SEN,2001,2
year_not_available_for_country,Saudi Arabia,saudi arabia,SAU,2001,2
year_not_available_for_country,Madagascar,madagascar,MDG,2001,2
year_not_available_for_country,Poland,poland,POL,2001,2
year_not_available_for_country,Mali,mali,MLI,2001,2
year_not_available_for_country,Hungary,hungary,HUN,2001,2
year_not_available_for_country,Lesotho,lesotho,LSO,2001,2
year_not_available_for_country,Malaysia,malaysia,MYS,2002,2
year_not_available_for_country,Micronesia (Federated States of),micronesia federated states of,FSM,2002,2
year_not_available_for_country,Uruguay,uruguay,URY,2002,2
year_not_available_for_country,Angola,angola,AGO,2002,2
year_not_available_for_country,Venezuela (Bolivarian Republic of),venezuela bolivarian republic of,VEN,2002,2
year_not_available_for_country,Zimbabwe,zimbabwe,ZWE,2001,2
year_not_available_for_country,Central African Republic,central african republic,CAF,2001,2
year_not_available_for_country,Syrian Arab Republic,syrian arab republic,SYR,2001,2
year_not_available_for_country,Mongolia,mongolia,MNG,2001,2
year_not_available_for_country,Togo,togo,TGO,2001,2
year_not_available_for_country,Papua New Guinea,papua new guinea,PNG,2001,2
year_not_available_for_country,Honduras,honduras,HND,2001,2
year_not_available_for_country,Rwanda,rwanda,RWA,2001,2
year_not_available_for_country,North Macedonia,north macedonia,MKD,2001,2
year_not_available_for_country,Morocco,morocco,MAR,2001,2
year_not_available_for_country,Tunisia,tunisia,TUN,2002,2
country_not_in_hdi,Serbia Montenegro,serbia montenegro,SCG,2001,2
year_not_available_for_country,Eswatini,eswatini kingdom of,SWZ,2001,2
year_not_available_for_country,Paraguay,paraguay,PRY,2002,2
year_not_available_for_country,Hungary,hungary,HUN,2002,2
country_not_in_hdi,Cayman Islands,cayman islands,CYM,2002,2
year_not_available_for_country,Switzerland,switzerland,CHE,2002,2
year_not_available_for_country,Papua New Guinea,papua new guinea,PNG,2003,2
year_not_available_for_country,Solomon Islands,solomon islands,SLB,2003,2
year_not_available_for_country,Czechia,czech republic,CZE,2003,2
year_not_available_for_country,New Zealand,new zealand,NZL,2003,2
year_not_available_for_country,Liberia,liberia,LBR,2003,2
year_not_available_for_country,Slovakia,slovakia,SVK,2003,2
country_not_in_hdi,Puerto Rico,puerto rico,PRI,2003,2
year_not_available_for_country,Guatemala,guatemala,GTM,2003,2
year_not_available_for_country,Congo,congo,COG,2004,2
year_not_available_for_country,Tajikistan,tajikistan,TJK,2004,2
year_not_available_for_country,Namibia,namibia,NAM,2004,2
year_not_available_for_country,Gabon,gabon,GAB,2004,2
year_not_available_for_country,Paraguay,paraguay,PRY,2004,2
year_not_available_for_country,Yemen,yemen,YEM,2004,2
year_not_available_for_country,Slovakia,slovakia,SVK,2004,2
year_not_available_for_country,Portugal,portugal,PRT,2004,2
country_not_in_hdi,Cayman Islands,cayman islands,CYM,2004,2
year_not_available_for_country,Iraq,iraq,IRQ,2004,2
country_not_in_hdi,Democratic People's Republic of Korea,korea democratic people s rep of,PRK,2005,2
year_not_available_for_country,Albania,albania,ALB,2005,2
year_not_available_for_country,North Macedonia,north macedonia,MKD,2005,2
year_not_available_for_country,Sri Lanka,sri lanka,LKA,2005,2
year_not_available_for_country,Lithuania,lithuania,LTU,2005,2
year_not_available_for_country,Nicaragua,nicaragua,NIC,2005,2
year_not_available_for_country,Belize,belize,BLZ,2005,2
year_not_available_for_country,Fiji,fiji,FJI,2006,2
year_not_available_for_country,Madagascar,madagascar,MDG,2006,2
year_not_available_for_country,Kyrgyzstan,kyrgyzstan,KGZ,2006,2
year_not_available_for_country,Zimbabwe,zimbabwe,ZWE,2006,2
year_not_available_for_country,Burkina Faso,burkina faso,BFA,2007,2
year_not_available_for_country,Albania,albania,ALB,2008,2
year_not_available_for_country,North Macedonia,north macedonia,MKD,2007,2
year_not_available_for_country,Croatia,croatia,HRV,2007,2
year_not_available_for_country,Eswatini,eswatini kingdom of,SWZ,2007,2
country_not_in_hdi,Martinique,martinique,MTQ,2007,2
year_not_available_for_country,Albania,albania,ALB,2007,2
year_not_available_for_country,Bahamas,bahamas,BHS,2007,2
year_not_available_for_country,Timor-Leste,timor leste,TLS,2007,2
year_not_available_for_country,Liberia,liberia,LBR,2007,2
year_not_available_for_country,Rwanda,rwanda,RWA,2007,2
year_not_available_for_country,Tunisia,tunisia,TUN,2007,2
year_not_available_for_country,Costa Rica,costa rica,CRI,2007,2
year_not_available_for_country,Gambia,gambia,GMB,2007,2
year_not_available_for_country,Djibouti,djibouti,DJI,2007,2
year_not_available_for_country,Equatorial Guinea,equatorial guinea,GNQ,2008,2
year_not_available_for_country,France,france,FRA,2008,2
year_not_available_for_country,Czechia,czech republic,CZE,2008,2
year_not_available_for_country,Namibia,namibia,NAM,2008,2
year_not_available_for_country,Guinea-Bissau,guinea bissau,GNB,2009,2
year_not_available_for_country,Mali,mali,MLI,2009,2
year_not_available_for_country,Côte d’Ivoire,cote d ivoire,CIV,2009,2
year_not_available_for_country,Liberia,liberia,LBR,2009,2
year_not_available_for_country,Ethiopia,ethiopia,ETH,2009,2
year_not_available_for_country,Lao People's Democratic Republic,lao people s democratic republic,LAO,2009,2
year_not_available_for_country,Iraq,iraq,IRQ,2009,2
year_not_available_for_country,Vanuatu,vanuatu,VUT,2009,2
year_not_available_for_country,Mongolia,mongolia,MNG,2009,2
year_not_available_for_country,Myanmar,myanmar,MMR,2009,2
year_not_available_for_country,Vanuatu,vanuatu,VUT,2011,2
year_not_available_for_country,Ethiopia,ethiopia,ETH,2011,2
year_not_available_for_country,Malaysia,malaysia,MYS,2011,2
year_not_available_for_country,Ecuador,ecuador,ECU,2011,2
country_not_in_hdi,Puerto Rico,puerto rico,PRI,2011,2
year_not_available_for_country,Lao People's Democratic Republic,lao people s democratic republic,LAO,2011,2
year_not_available_for_country,United Republic of Tanzania,tanzania united republic of,TZA,2012,2
year_not_available_for_country,New Zealand,new zealand,NZL,2012,2
year_not_available_for_country,Albania,albania,ALB,2012,2
year_not_available_for_country,Lithuania,lithuania,LTU,2012,2
year_not_available_for_country,Bahamas,bahamas,BHS,2012,2
year_not_available_for_country,Angola,angola,AGO,2013,2
year_not_available_for_country,Benin,benin,BEN,2012,2
year_not_available_for_country,Costa Rica,costa rica,CRI,2012,2
year_not_available_for_country,Portugal,portugal,PRT,2019,2
year_not_available_for_country,South Sudan,south sudan,SSD,2012,2
year_not_available_for_country,Czechia,czech republic,CZE,2012,2
year_not_available_for_country,Kyrgyzstan,kyrgyzstan,KGZ,2012,2
year_not_available_for_country,Zambia,zambia,ZMB,2013,2
year_not_available_for_country,Sierra Leone,sierra leone,SLE,2013,2
year_not_available_for_country,Denmark,denmark,DNK,2013,2
year_not_available_for_country,Latvia,latvia,LVA,2013,2
year_not_available_for_country,Sweden,sweden,SWE,2013,2
year_not_available_for_country,Switzerland,switzerland,CHE,2013,2
year_not_available_for_country,Bahamas,bahamas,BHS,2013,2
year_not_available_for_country,Armenia,armenia,ARM,2013,2
year_not_available_for_country,Portugal,portugal,PRT,2014,2
year_not_available_for_country,Slovenia,slovenia,SVN,2014,2
year_not_available_for_country,Panama,panama,PAN,2014,2
year_not_available_for_country,Myanmar,myanmar,MMR,2014,2
year_not_available_for_country,Bulgaria,bulgaria,BGR,2018,2
year_not_available_for_country,Spain,spain,ESP,2014,2
year_not_available_for_country,Côte d’Ivoire,cote d ivoire,CIV,2017,2
year_not_available_for_country,Poland,poland,POL,2016,2
year_not_available_for_country,Rwanda,rwanda,RWA,2016,2
year_not_available_for_country,Sri Lanka,sri lanka,LKA,2016,2
year_not_available_for_country,Belgium,belgium,BEL,2016,2
year_not_available_for_country,Canada,canada,CAN,2016,2
year_not_available_for_country,Venezuela (Bolivarian Republic of),venezuela bolivarian republic of,VEN,2016,2
year_not_available_for_country,Solomon Islands,solomon islands,SLB,2016,2
year_not_available_for_country,New Zealand,new zealand,NZL,2016,2
year_not_available_for_country,Nicaragua,nicaragua,NIC,2016,2
year_not_available_for_country,Papua New Guinea,papua new guinea,PNG,2016,2
year_not_available_for_country,Guinea,guinea,GIN,2017,2
year_not_available_for_country,Panama,panama,PAN,2017,2
year_not_available_for_country,Sudan,sudan,SDN,2017,2
year_not_available_for_country,Uganda,uganda,UGA,2017,2
year_not_available_for_country,Algeria,algeria,DZA,2017,2
year_not_available_for_country,Bulgaria,bulgaria,BGR,2017,2
year_not_available_for_country,Tunisia,tunisia,TUN,2017,2
year_not_available_for_country,Greece,greece,GRC,2018,2
year_not_available_for_country,Nicaragua,nicaragua,NIC,2018,2
year_not_available_for_country,Oman,oman,OMN,2018,2
year_not_available_for_country,Kuwait,kuwait,KWT,2018,2
year_not_available_for_country,Paraguay,paraguay,PRY,2018,2
year_not_available_for_country,Bosnia and Herzegovina,bosnia and herzegovina,BIH,2019,2
year_not_available_for_country,Maldives,maldives,MDV,2019,2
year_not_available_for_country,Austria,austria,AUT,2019,2
year_not_available_for_country,Chad,chad,TCD,2019,2
year_not_available_for_country,Cambodia,cambodia,KHM,2019,2
year_not_available_for_country,Somalia,somalia,SOM,2021,2
year_outside_hdi_range,Syrian Arab Republic,syrian arab republic,SYR,2024,2
year_outside_hdi_range,Kazakhstan,kazakhstan,KAZ,2024,2
year_outside_hdi_range,Marshall Islands,marshall islands,MHL,2024,2
year_outside_hdi_range,Oman,oman,OMN,2024,2
year_outside_hdi_range,Central African Republic,central african republic,CAF,2024,2
year_outside_hdi_range,Czechia,czech republic,CZE,2024,2
year_outside_hdi_range,Portugal,portugal,PRT,2024,2
year_outside_hdi_range,Jamaica,jamaica,JAM,2024,2
year_outside_hdi_range,Morocco,morocco,MAR,2024,2
year_outside_hdi_range,South Sudan,south sudan,SSD,2024,2
year_outside_hdi_range,United Kingdom of Great Britain and Northern Ireland,united kingdom,GBR,2024,2
year_outside_hdi_range,Benin,benin,BEN,2025,2
year_outside_hdi_range,Costa Rica,costa rica,CRI,2025,2
year_outside_hdi_range,South Sudan,south sudan,SSD,2025,2
year_outside_hdi_range,Zambia,zambia,ZMB,2025,2
year_outside_hdi_range,Armenia,armenia,ARM,2025,2
year_not_available_for_country,Congo,congo,COG,2001,2
country_not_in_hdi,Democratic People's Republic of Korea,korea democratic people s rep of,PRK,2001,2
year_not_available_for_country,Nicaragua,nicaragua,NIC,2001,2
year_not_available_for_country,Sweden,sweden,SWE,2002,2
country_not_in_hdi,Democratic People's Republic of Korea,korea democratic people s rep of,PRK,2002,2
year_not_available_for_country,Dominican Republic,dominican republic,DOM,2002,2
year_not_available_for_country,Ukraine,ukraine,UKR,2003,2
year_not_available_for_country,Somalia,somalia,SOM,2003,2
year_not_available_for_country,Kyrgyzstan,kyrgyzstan,KGZ,2003,2
year_not_available_for_country,Niger,niger,NER,2003,2
year_not_available_for_country,Saudi Arabia,saudi arabia,SAU,2004,2
year_not_available_for_country,Ethiopia,ethiopia,ETH,2004,2
year_not_available_for_country,Bosnia and Herzegovina,bosnia and herzegovina,BIH,2004,2
year_not_available_for_country,Gambia,gambia,GMB,2004,2
year_not_available_for_country,El Salvador,el salvador,SLV,2004,2
year_not_available_for_country,Côte d’Ivoire,cote d ivoire,CIV,2004,2
year_not_available_for_country,Portugal,portugal,PRT,2005,2
country_not_in_hdi,Canary Islands,canary islands,SPI,2005,2
year_not_available_for_country,Sweden,sweden,SWE,2005,2
year_not_available_for_country,Switzerland,switzerland,CHE,2006,2
year_not_available_for_country,Czechia,czech republic,CZE,2006,2
year_not_available_for_country,Slovakia,slovakia,SVK,2006,2
year_not_available_for_country,Bahrain,bahrain,BHR,2006,2
year_not_available_for_country,Ghana,ghana,GHA,2006,2
year_not_available_for_country,Myanmar,myanmar,MMR,2006,2
year_not_available_for_country,Malta,malta,MLT,2006,2
year_not_available_for_country,Chile,chile,CHL,2006,2
year_not_available_for_country,Congo,congo,COG,2006,2
year_not_available_for_country,Benin,benin,BEN,2007,2
year_not_available_for_country,Czechia,czech republic,CZE,2007,2
year_not_available_for_country,Malta,malta,MLT,2007,2
year_not_available_for_country,Namibia,namibia,NAM,2007,2
country_not_in_hdi,Canary Islands,canary islands,SPI,2007,2
year_not_available_for_country,Poland,poland,POL,2007,2
year_not_available_for_country,Romania,romania,ROU,2008,2
year_not_available_for_country,Mongolia,mongolia,MNG,2008,2
year_not_available_for_country,Fiji,fiji,FJI,2009,2
year_not_available_for_country,Tonga,tonga,TON,2009,2
year_not_available_for_country,Morocco,morocco,MAR,2009,2
year_not_available_for_country,Slovakia,slovakia,SVK,2009,2
year_not_available_for_country,Somalia,somalia,SOM,2009,2
year_not_available_for_country,Panama,panama,PAN,2009,2
year_not_available_for_country,Malaysia,malaysia,MYS,2009,2
year_not_available_for_country,Papua New Guinea,papua new guinea,PNG,2011,2
year_not_available_for_country,Honduras,honduras,HND,2011,2
year_not_available_for_country,Angola,angola,AGO,2012,2
year_not_available_for_country,Chile,chile,CHL,2013,2
year_not_available_for_country,Türkiye,turkiye,TUR,2013,2
year_not_available_for_country,Burkina Faso,burkina faso,BFA,2013,2
year_not_available_for_country,Saudi Arabia,saudi arabia,SAU,2013,2
year_not_available_for_country,Uganda,uganda,UGA,2014,2
year_not_available_for_country,Sierra Leone,sierra leone,SLE,2014,2
year_not_available_for_country,Costa Rica,costa rica,CRI,2016,2
year_not_available_for_country,Oman,oman,OMN,2016,2
year_not_available_for_country,Romania,romania,ROU,2016,2
year_not_available_for_country,Honduras,honduras,HND,2016,2
year_not_available_for_country,Albania,albania,ALB,2017,2
year_not_available_for_country,Ecuador,ecuador,ECU,2017,2
year_not_available_for_country,Kazakhstan,kazakhstan,KAZ,2018,2
year_not_available_for_country,Ireland,ireland,IRL,2017,2
year_not_available_for_country,Netherlands (Kingdom of the),netherlands,NLD,2018,2
year_not_available_for_country,Morocco,morocco,MAR,2018,2
country_not_in_hdi,Puerto Rico,puerto rico,PRI,2018,2
year_not_available_for_country,Ukraine,ukraine,UKR,2018,2
year_not_available_for_country,Dominican Republic,dominican republic,DOM,2018,2
year_not_available_for_country,Vanuatu,vanuatu,VUT,2018,2
year_not_available_for_country,Hungary,hungary,HUN,2019,2
year_not_available_for_country,Switzerland,switzerland,CHE,2019,2
year_not_available_for_country,Lao People's Democratic Republic,lao people s democratic republic,LAO,2019,2
country_not_in_hdi,Democratic People's Republic of Korea,korea democratic people s rep of,PRK,2019,2
year_not_available_for_country,Guinea,guinea,GIN,2019,2
year_outside_hdi_range,Panama,panama,PAN,2024,2
year_outside_hdi_range,France,france,FRA,2025,2
country_not_in_hdi,Puerto Rico,puerto rico,PRI,2000,2
year_not_available_for_country,Libya,libya,LBY,2002,2
country_not_in_hdi,Guam,guam,GUM,2002,2
year_not_available_for_country,Cambodia,cambodia,KHM,2002,2
year_not_available_for_country,Liberia,liberia,LBR,2002,2
year_not_available_for_country,Switzerland,switzerland,CHE,2003,2
country_not_in_hdi,New Caledonia,new caledonia,NCL,2003,2
year_not_available_for_country,Mali,mali,MLI,2003,2
year_not_available_for_country,Hungary,hungary,HUN,2003,2
year_not_available_for_country,Papua New Guinea,papua new guinea,PNG,2004,2
country_not_in_hdi,Guam,guam,GUM,2004,2
year_not_available_for_country,New Zealand,new zealand,NZL,2005,2
year_not_available_for_country,Guinea-Bissau,guinea bissau,GNB,2006,2
year_not_available_for_country,Republic of Korea,korea republic of,KOR,2006,2
year_not_available_for_country,Slovenia,slovenia,SVN,2007,2
year_not_available_for_country,El Salvador,el salvador,SLV,2007,2
year_not_available_for_country,Chad,chad,TCD,2011,2
year_not_available_for_country,Saudi Arabia,saudi arabia,SAU,2011,2
year_not_available_for_country,Benin,benin,BEN,2011,2
year_not_available_for_country,Mali,mali,MLI,2014,2
year_not_available_for_country,Madagascar,madagascar,MDG,2014,2
year_not_available_for_country,Germany,germany,DEU,2016,2
year_not_available_for_country,Serbia,serbia,SRB,2016,2
year_not_available_for_country,Guatemala,guatemala,GTM,2016,2
year_not_available_for_country,Rwanda,rwanda,RWA,2017,2
year_not_available_for_country,Spain,spain,ESP,2017,2
year_not_available_for_country,Austria,austria,AUT,2017,2
year_not_available_for_country,"China, Hong Kong Special Administrative Region",hong kong china sar,HKG,2017,2
year_not_available_for_country,Costa Rica,costa rica,CRI,2017,2
year_not_available_for_country,Nicaragua,nicaragua,NIC,2017,2
country_not_in_hdi,Democratic People's Republic of Korea,korea democratic people s rep of,PRK,2017,2
year_not_available_for_country,Belgium,belgium,BEL,2018,2
year_not_available_for_country,Germany,germany,DEU,2018,2
year_not_available_for_country,Senegal,senegal,SEN,2019,2
year_outside_hdi_range,Angola,angola,AGO,2025,1
year_outside_hdi_range,Venezuela (Bolivarian Republic of),venezuela bolivarian republic of,VEN,2026,1
year_outside_hdi_range,Kyrgyzstan,kyrgyzstan,KGZ,2025,1
year_outside_hdi_range,Equatorial Guinea,equatorial guinea,GNQ,2025,1
year_outside_hdi_range,Sri Lanka,sri lanka,LKA,2026,1
year_outside_hdi_range,Malta,malta,MLT,2026,1
year_not_available_for_country,Belize,belize,BLZ,2001,1
year_outside_hdi_range,Switzerland,switzerland,CHE,2026,1
year_outside_hdi_range,Gambia,gambia,GMB,2026,1
year_not_available_for_country,Namibia,namibia,NAM,2003,1
year_outside_hdi_range,Mexico,mexico,MEX,2026,1
year_outside_hdi_range,United Kingdom of Great Britain and Northern Ireland,united kingdom,GBR,2026,1
year_outside_hdi_range,Lebanon,lebanon,LBN,2026,1
year_outside_hdi_range,Sudan,sudan,SDN,2026,1
year_outside_hdi_range,Libya,libya,LBY,2026,1
year_outside_hdi_range,Zimbabwe,zimbabwe,ZWE,2026,1
year_outside_hdi_range,Mozambique,mozambique,MOZ,2026,1
year_outside_hdi_range,Portugal,portugal,PRT,2026,1
year_outside_hdi_range,Nepal,nepal,NPL,2026,1
year_outside_hdi_range,Tunisia,tunisia,TUN,2026,1
year_outside_hdi_range,Algeria,algeria,DZA,2026,1
year_outside_hdi_range,Cameroon,cameroon,CMR,2026,1
year_outside_hdi_range,Malawi,malawi,MWI,2026,1
year_outside_hdi_range,Republic of Korea,korea republic of,KOR,2026,1
year_outside_hdi_range,Djibouti,djibouti,DJI,2026,1
year_outside_hdi_range,Croatia,croatia,HRV,2026,1
year_outside_hdi_range,Gabon,gabon,GAB,2026,1
year_outside_hdi_range,Burundi,burundi,BDI,2026,1
year_outside_hdi_range,Comoros,comoros,COM,2026,1
year_outside_hdi_range,Azerbaijan,azerbaijan,AZE,2026,1
year_outside_hdi_range,Micronesia (Federated States of),micronesia federated states of,FSM,2026,1
country_not_in_hdi,Guam,guam,GUM,2026,1
country_not_in_hdi,Northern Mariana Islands,northern mariana islands,MNP,2026,1
year_outside_hdi_range,Uruguay,uruguay,URY,2026,1
year_outside_hdi_range,Liberia,liberia,LBR,2026,1
year_outside_hdi_range,Japan,japan,JPN,2026,1
year_outside_hdi_range,Netherlands (Kingdom of the),netherlands,NLD,2026,1
year_outside_hdi_range,United Republic of Tanzania,tanzania united republic of,TZA,2026,1
year_outside_hdi_range,Albania,albania,ALB,2026,1
year_outside_hdi_range,Papua New Guinea,papua new guinea,PNG,2026,1
year_outside_hdi_range,Solomon Islands,solomon islands,SLB,2026,1
year_outside_hdi_range,Mongolia,mongolia,MNG,2026,1
year_outside_hdi_range,Fiji,fiji,FJI,2026,1
year_not_available_for_country,Eswatini,eswatini kingdom of,SWZ,2019,1
year_not_available_for_country,Liberia,liberia,LBR,2019,1
country_not_in_hdi,New Caledonia,new caledonia,NCL,2021,1
year_not_available_for_country,Tajikistan,tajikistan,TJK,2019,1
year_not_available_for_country,Micronesia (Federated States of),micronesia federated states of,FSM,2019,1
year_not_available_for_country,Senegal,senegal,SEN,2018,1
year_not_available_for_country,Namibia,namibia,NAM,2018,1
year_not_available_for_country,Guinea,guinea,GIN,2018,1
year_not_available_for_country,Cameroon,cameroon,CMR,2018,1
year_not_available_for_country,Iraq,iraq,IRQ,2018,1
year_not_available_for_country,Georgia,georgia,GEO,2018,1
year_not_available_for_country,South Sudan,south sudan,SSD,2018,1
year_not_available_for_country,Togo,togo,TGO,2018,1
year_not_available_for_country,Sweden,sweden,SWE,2018,1
year_not_available_for_country,Latvia,latvia,LVA,2018,1
year_not_available_for_country,Egypt,egypt,EGY,2018,1
year_not_available_for_country,Estonia,estonia,EST,2018,1
year_not_available_for_country,Lebanon,lebanon,LBN,2018,1
year_not_available_for_country,Tonga,tonga,TON,2018,1
country_not_in_hdi,Réunion,reunion,REU,2018,1
country_not_in_hdi,Réunion,reunion,REU,2022,1
country_not_in_hdi,Guadeloupe,guadeloupe,GLP,2017,1
year_not_available_for_country,Bahamas,bahamas,BHS,2017,1
year_not_available_for_country,Antigua and Barbuda,antigua and barbuda,ATG,2017,1
year_not_available_for_country,Czechia,czech republic,CZE,2017,1
year_not_available_for_country,Uruguay,uruguay,URY,2017,1
year_not_available_for_country,Jamaica,jamaica,JAM,2017,1
year_not_available_for_country,Namibia,namibia,NAM,2017,1
year_not_available_for_country,Belarus,belarus,BLR,2017,1
year_not_available_for_country,Cambodia,cambodia,KHM,2016,1
year_not_available_for_country,Vanuatu,vanuatu,VUT,2016,1
year_not_available_for_country,Singapore,singapore,SGP,2016,1
year_not_available_for_country,Panama,panama,PAN,2016,1
year_not_available_for_country,Jamaica,jamaica,JAM,2016,1
year_not_available_for_country,Cuba,cuba,CUB,2016,1
year_not_available_for_country,Mali,mali,MLI,2016,1
year_not_available_for_country,Chile,chile,CHL,2016,1
year_not_available_for_country,Guinea,guinea,GIN,2016,1
year_outside_hdi_range,Mauritius,mauritius,MUS,2024,1
country_not_in_hdi,Réunion,reunion,REU,2024,1
year_outside_hdi_range,Lebanon,lebanon,LBN,2024,1
year_outside_hdi_range,Iraq,iraq,IRQ,2024,1
year_outside_hdi_range,Tajikistan,tajikistan,TJK,2024,1
year_outside_hdi_range,Finland,finland,FIN,2024,1
year_outside_hdi_range,Slovenia,slovenia,SVN,2024,1
year_outside_hdi_range,Barbados,barbados,BRB,2024,1
year_outside_hdi_range,Venezuela (Bolivarian Republic of),venezuela bolivarian republic of,VEN,2024,1
year_outside_hdi_range,New Zealand,new zealand,NZL,2024,1
year_not_available_for_country,Switzerland,switzerland,CHE,2014,1
year_not_available_for_country,Dominican Republic,dominican republic,DOM,2014,1
year_outside_hdi_range,Gabon,gabon,GAB,2024,1
year_not_available_for_country,Hungary,hungary,HUN,2014,1
year_outside_hdi_range,Libya,libya,LBY,2024,1
year_not_available_for_country,Cambodia,cambodia,KHM,2014,1
year_outside_hdi_range,Georgia,georgia,GEO,2024,1
year_outside_hdi_range,Benin,benin,BEN,2024,1
year_outside_hdi_range,Namibia,namibia,NAM,2024,1
year_outside_hdi_range,Angola,angola,AGO,2024,1
year_not_available_for_country,United Arab Emirates,united arab emirates,ARE,2014,1
year_not_available_for_country,Kazakhstan,kazakhstan,KAZ,2014,1
year_not_available_for_country,Marshall Islands,marshall islands,MHL,2014,1
year_not_available_for_country,Solomon Islands,solomon islands,SLB,2014,1
year_not_available_for_country,Liberia,liberia,LBR,2014,1
country_not_in_hdi,Réunion,reunion,REU,2025,1
year_outside_hdi_range,North Macedonia,north macedonia,MKD,2025,1
year_not_available_for_country,Costa Rica,costa rica,CRI,2013,1
year_outside_hdi_range,Switzerland,switzerland,CHE,2025,1
year_not_available_for_country,Cameroon,cameroon,CMR,2013,1
year_outside_hdi_range,Comoros,comoros,COM,2025,1
year_not_available_for_country,Greece,greece,GRC,2013,1
year_not_available_for_country,Cambodia,cambodia,KHM,2013,1
year_outside_hdi_range,Uruguay,uruguay,URY,2025,1
country_not_in_hdi,Democratic People's Republic of Korea,korea democratic people s rep of,PRK,2013,1
year_not_available_for_country,Montenegro,montenegro,MNE,2013,1
year_not_available_for_country,Slovakia,slovakia,SVK,2013,1
year_not_available_for_country,Czechia,czech republic,CZE,2013,1
year_outside_hdi_range,Mauritania,mauritania,MRT,2025,1
year_outside_hdi_range,Bulgaria,bulgaria,BGR,2025,1
year_not_available_for_country,Kazakhstan,kazakhstan,KAZ,2013,1
year_not_available_for_country,Papua New Guinea,papua new guinea,PNG,2013,1
year_outside_hdi_range,Tunisia,tunisia,TUN,2025,1
year_outside_hdi_range,Jamaica,jamaica,JAM,2025,1
year_not_available_for_country,Gambia,gambia,GMB,2012,1
year_not_available_for_country,Slovenia,slovenia,SVN,2012,1
year_outside_hdi_range,Lebanon,lebanon,LBN,2025,1
year_outside_hdi_range,Paraguay,paraguay,PRY,2025,1
year_outside_hdi_range,Uganda,uganda,UGA,2026,1
year_not_available_for_country,Mauritania,mauritania,MRT,2012,1
country_not_in_hdi,Mayotte,mayotte,MYT,2012,1
year_outside_hdi_range,Cyprus,cyprus,CYP,2025,1
country_not_in_hdi,"China, Macao Special Administrative Region",china macao special administrative region,MAC,2025,1
year_outside_hdi_range,Ukraine,ukraine,UKR,2025,1
year_outside_hdi_range,Ghana,ghana,GHA,2025,1
country_not_in_hdi,Bermuda,bermuda,BMU,2025,1
year_outside_hdi_range,United Kingdom of Great Britain and Northern Ireland,united kingdom,GBR,2025,1
year_outside_hdi_range,Slovenia,slovenia,SVN,2025,1
year_outside_hdi_range,Togo,togo,TGO,2024,1
year_outside_hdi_range,Burkina Faso,burkina faso,BFA,2024,1
year_outside_hdi_range,Saint Vincent and the Grenadines,saint vincent and the grenadines,VCT,2024,1
year_outside_hdi_range,Niger,niger,NER,2024,1
year_outside_hdi_range,Sweden,sweden,SWE,2024,1
year_outside_hdi_range,Norway,norway,NOR,2024,1
year_outside_hdi_range,Luxembourg,luxembourg,LUX,2024,1
year_outside_hdi_range,Bulgaria,bulgaria,BGR,2024,1
year_outside_hdi_range,Belgium,belgium,BEL,2024,1
year_outside_hdi_range,Armenia,armenia,ARM,2024,1
year_outside_hdi_range,Malaysia,malaysia,MYS,2024,1
year_outside_hdi_range,Somalia,somalia,SOM,2024,1
year_not_available_for_country,Myanmar,myanmar,MMR,2002,1
year_not_available_for_country,Bulgaria,bulgaria,BGR,2002,1
year_not_available_for_country,Equatorial Guinea,equatorial guinea,GNQ,2002,1
year_not_available_for_country,Lao People's Democratic Republic,lao people s democratic republic,LAO,2002,1
year_not_available_for_country,Grenada,grenada,GRD,2002,1
year_not_available_for_country,Saint Vincent and the Grenadines,saint vincent and the grenadines,VCT,2002,1
year_not_available_for_country,Comoros,comoros,COM,2002,1
year_not_available_for_country,Mongolia,mongolia,MNG,2002,1
year_not_available_for_country,Portugal,portugal,PRT,2002,1
year_not_available_for_country,Bhutan,bhutan,BTN,2000,1
year_not_available_for_country,Cabo Verde,cape verde,CPV,2002,1
year_not_available_for_country,Latvia,latvia,LVA,2003,1
year_not_available_for_country,Fiji,fiji,FJI,2003,1
year_not_available_for_country,Oman,oman,OMN,2003,1
year_not_available_for_country,Azerbaijan,azerbaijan,AZE,2003,1
country_not_in_hdi,Northern Mariana Islands,northern mariana islands,MNP,2003,1
year_not_available_for_country,Kazakhstan,kazakhstan,KAZ,2003,1
year_not_available_for_country,United Kingdom of Great Britain and Northern Ireland,united kingdom,GBR,2003,1
year_not_available_for_country,Netherlands (Kingdom of the),netherlands,NLD,2003,1
year_not_available_for_country,Gambia,gambia,GMB,2003,1
year_not_available_for_country,Sierra Leone,sierra leone,SLE,2003,1
year_not_available_for_country,Togo,togo,TGO,2003,1
year_not_available_for_country,Vanuatu,vanuatu,VUT,2004,1
year_not_available_for_country,Oman,oman,OMN,2004,1
year_not_available_for_country,Rwanda,rwanda,RWA,2004,1
year_not_available_for_country,Mozambique,mozambique,MOZ,2004,1
year_not_available_for_country,Grenada,grenada,GRD,2004,1
year_not_available_for_country,Saint Lucia,saint lucia,LCA,2004,1
year_not_available_for_country,Dominica,dominica,DMA,2004,1
country_not_in_hdi,Guadeloupe,guadeloupe,GLP,2004,1
year_not_available_for_country,Denmark,denmark,DNK,2004,1
year_not_available_for_country,Slovenia,slovenia,SVN,2004,1
year_not_available_for_country,Oman,oman,OMN,2002,1
year_not_available_for_country,Ireland,ireland,IRL,2005,1
year_not_available_for_country,Norway,norway,NOR,2005,1
year_not_available_for_country,Panama,panama,PAN,2005,1
year_not_available_for_country,Timor-Leste,timor leste,TLS,2005,1
country_not_in_hdi,Tokelau,tokelau,TKL,2005,1
year_not_available_for_country,Kazakhstan,kazakhstan,KAZ,2005,1
year_not_available_for_country,Côte d’Ivoire,cote d ivoire,CIV,2005,1
country_not_in_hdi,American Samoa,american samoa,ASM,2005,1
year_not_available_for_country,Grenada,grenada,GRD,2005,1
year_not_available_for_country,Bolivia (Plurinational State of),bolivia,BOL,2005,1
year_not_available_for_country,Cyprus,cyprus,CYP,2005,1
year_not_available_for_country,Azerbaijan,azerbaijan,AZE,2005,1
year_not_available_for_country,Latvia,latvia,LVA,2006,1
year_not_available_for_country,Guyana,guyana,GUY,2006,1
year_not_available_for_country,Croatia,croatia,HRV,2006,1
year_not_available_for_country,Ireland,ireland,IRL,2007,1
year_not_available_for_country,Bosnia and Herzegovina,bosnia and herzegovina,BIH,2007,1
year_not_available_for_country,Cyprus,cyprus,CYP,2007,1
country_not_in_hdi,Guadeloupe,guadeloupe,GLP,2007,1
year_not_available_for_country,Jordan,jordan,JOR,2008,1
year_not_available_for_country,Lebanon,lebanon,LBN,2007,1
country_not_in_hdi,Puerto Rico,puerto rico,PRI,2007,1
country_not_in_hdi,"China, Macao Special Administrative Region",china macao special administrative region,MAC,2008,1
year_not_available_for_country,Libya,libya,LBY,2008,1
year_not_available_for_country,Sierra Leone,sierra leone,SLE,2008,1
year_not_available_for_country,Norway,norway,NOR,2008,1
year_not_available_for_country,Sao Tome and Principe,sao tome and principe,STP,2008,1
year_not_available_for_country,Marshall Islands,marshall islands,MHL,2008,1
year_not_available_for_country,Guyana,guyana,GUY,2008,1
year_not_available_for_country,Belgium,belgium,BEL,2009,1
year_not_available_for_country,Portugal,portugal,PRT,2009,1
year_not_available_for_country,Syrian Arab Republic,syrian arab republic,SYR,2008,1
year_not_available_for_country,Costa Rica,costa rica,CRI,2009,1
country_not_in_hdi,Canary Islands,canary islands,SPI,2009,1
year_not_available_for_country,Senegal,senegal,SEN,2009,1
year_not_available_for_country,Georgia,georgia,GEO,2009,1
year_not_available_for_country,North Macedonia,north macedonia,MKD,2009,1
country_not_in_hdi,American Samoa,american samoa,ASM,2009,1
year_not_available_for_country,Republic of Korea,korea republic of,KOR,2009,1
year_not_available_for_country,South Sudan,south sudan,SSD,2009,1
year_not_available_for_country,Kyrgyzstan,kyrgyzstan,KGZ,2009,1
country_not_in_hdi,Martinique,martinique,MTQ,2010,1
year_not_available_for_country,Togo,togo,TGO,2011,1
year_not_available_for_country,Kyrgyzstan,kyrgyzstan,KGZ,2001,1
year_not_available_for_country,Kazakhstan,kazakhstan,KAZ,2011,1
year_not_available_for_country,Algeria,algeria,DZA,2011,1
year_not_available_for_country,Bhutan,bhutan,BTN,2011,1
year_not_available_for_country,Libya,libya,LBY,2011,1
year_not_available_for_country,France,france,FRA,2011,1
year_not_available_for_country,Ireland,ireland,IRL,2011,1
year_not_available_for_country,Cuba,cuba,CUB,2011,1
year_not_available_for_country,Austria,austria,AUT,2012,1
year_not_available_for_country,Latvia,latvia,LVA,2012,1
year_not_available_for_country,Romania,romania,ROU,2012,1
year_not_available_for_country,Namibia,namibia,NAM,2012,1
year_not_available_for_country,State of Palestine,palestine state of,PSE,2012,1
year_not_available_for_country,Solomon Islands,solomon islands,SLB,2012,1
year_not_available_for_country,Equatorial Guinea,equatorial guinea,GNQ,2001,1
year_not_available_for_country,Suriname,suriname,SUR,2001,1
country_not_in_hdi,Netherlands Antilles,netherlands antilles,ANT,2001,1
year_not_available_for_country,Samoa,samoa,WSM,2001,1
year_not_available_for_country,Panama,panama,PAN,2001,1
country_not_in_hdi,Saint Helena,saint helena,SHN,2001,1
year_not_available_for_country,Slovakia,slovakia,SVK,2001,1
year_not_available_for_country,Gambia,gambia,GMB,2001,1
year_not_available_for_country,Estonia,estonia,EST,2001,1
year_not_available_for_country,Bahamas,bahamas,BHS,2001,1
year_not_available_for_country,Jordan,jordan,JOR,2001,1
year_not_available_for_country,Costa Rica,costa rica,CRI,2001,1
year_not_available_for_country,New Zealand,new zealand,NZL,2002,1
year_not_available_for_country,Mauritania,mauritania,MRT,2002,1
year_not_available_for_country,Gabon,gabon,GAB,2002,1
year_not_available_for_country,Republic of Moldova,moldova republic of,MDA,2002,1
year_not_available_for_country,Djibouti,djibouti,DJI,2001,1
country_not_in_hdi,Democratic People's Republic of Korea,korea democratic people s rep of,PRK,2000,1
year_not_available_for_country,Latvia,latvia,LVA,2001,1
year_not_available_for_country,Lebanon,lebanon,LBN,2000,1
year_not_available_for_country,Bolivia (Plurinational State of),bolivia,BOL,2001,1
year_not_available_for_country,Uruguay,uruguay,URY,2001,1
year_not_available_for_country,Israel,israel,ISR,2001,1
year_not_available_for_country,Timor-Leste,timor leste,TLS,2001,1
year_not_available_for_country,United Arab Emirates,united arab emirates,ARE,2001,1
country_not_in_hdi,Canary Islands,canary islands,SPI,2001,1
year_not_available_for_country,Gabon,gabon,GAB,2001,1
year_not_available_for_country,Croatia,croatia,HRV,2001,1
year_not_available_for_country,Bosnia and Herzegovina,bosnia and herzegovina,BIH,2001,1
year_not_available_for_country,Djibouti,djibouti,DJI,2002,1
year_not_available_for_country,Croatia,croatia,HRV,2002,1
year_not_available_for_country,Seychelles,seychelles,SYC,2002,1
year_not_available_for_country,Barbados,barbados,BRB,2002,1
year_not_available_for_country,Netherlands (Kingdom of the),netherlands,NLD,2002,1
year_not_available_for_country,Lebanon,lebanon,LBN,2002,1
country_not_in_hdi,Northern Mariana Islands,northern mariana islands,MNP,2002,1
year_not_available_for_country,Guinea-Bissau,guinea bissau,GNB,2002,1
year_not_available_for_country,Lesotho,lesotho,LSO,2002,1
year_not_available_for_country,Cyprus,cyprus,CYP,2003,1
year_not_available_for_country,Sri Lanka,sri lanka,LKA,2003,1
year_not_available_for_country,Luxembourg,luxembourg,LUX,2003,1
year_not_available_for_country,Belarus,belarus,BLR,2003,1
year_not_available_for_country,Micronesia (Federated States of),micronesia federated states of,FSM,2003,1
year_not_available_for_country,Congo,congo,COG,2003,1
country_not_in_hdi,Canary Islands,canary islands,SPI,2003,1
year_not_available_for_country,Bosnia and Herzegovina,bosnia and herzegovina,BIH,2003,1
country_not_in_hdi,Niue,niue,NIU,2004,1
year_not_available_for_country,Samoa,samoa,WSM,2004,1
year_not_available_for_country,Norway,norway,NOR,2004,1
year_not_available_for_country,Cameroon,cameroon,CMR,2004,1
year_not_available_for_country,Botswana,botswana,BWA,2004,1
year_not_available_for_country,Zambia,zambia,ZMB,2004,1
year_not_available_for_country,Bhutan,bhutan,BTN,2004,1
country_not_in_hdi,Northern Mariana Islands,northern mariana islands,MNP,2004,1
year_not_available_for_country,Eswatini,eswatini kingdom of,SWZ,2004,1
year_not_available_for_country,Malawi,malawi,MWI,2004,1
year_not_available_for_country,Cabo Verde,cape verde,CPV,2004,1
country_not_in_hdi,Turks and Caicos Islands,turks and caicos islands,TCA,2004,1
year_not_available_for_country,Saint Vincent and the Grenadines,saint vincent and the grenadines,VCT,2004,1
country_not_in_hdi,United States Virgin Islands,united states virgin islands,VIR,2004,1
year_not_available_for_country,Cambodia,cambodia,KHM,2004,1
year_not_available_for_country,Estonia,estonia,EST,2005,1
year_not_available_for_country,Guyana,guyana,GUY,2005,1
year_not_available_for_country,Eswatini,eswatini kingdom of,SWZ,2005,1
year_not_available_for_country,Georgia,georgia,GEO,2005,1
year_not_available_for_country,Finland,finland,FIN,2005,1
year_not_available_for_country,Kyrgyzstan,kyrgyzstan,KGZ,2005,1
year_not_available_for_country,Malta,malta,MLT,2005,1
year_not_available_for_country,Slovenia,slovenia,SVN,2005,1
year_not_available_for_country,Burkina Faso,burkina faso,BFA,2005,1
year_not_available_for_country,Sao Tome and Principe,sao tome and principe,STP,2005,1
year_not_available_for_country,Estonia,estonia,EST,2006,1
year_not_available_for_country,Republic of Moldova,moldova republic of,MDA,2006,1
year_not_available_for_country,Seychelles,seychelles,SYC,2006,1
year_not_available_for_country,Central African Republic,central african republic,CAF,2006,1
year_not_available_for_country,Botswana,botswana,BWA,2006,1
year_not_available_for_country,Benin,benin,BEN,2006,1
year_not_available_for_country,Sierra Leone,sierra leone,SLE,2006,1
year_not_available_for_country,Uzbekistan,uzbekistan,UZB,2006,1
year_not_available_for_country,Sri Lanka,sri lanka,LKA,2006,1
year_not_available_for_country,Zambia,zambia,ZMB,2006,1
year_not_available_for_country,Venezuela (Bolivarian Republic of),venezuela bolivarian republic of,VEN,2006,1
year_not_available_for_country,Denmark,denmark,DNK,2007,1
year_not_available_for_country,Solomon Islands,solomon islands,SLB,2007,1
year_not_available_for_country,New Zealand,new zealand,NZL,2007,1
country_not_in_hdi,French Polynesia,french polynesia,PYF,2007,1
year_not_available_for_country,Mongolia,mongolia,MNG,2007,1
year_not_available_for_country,Belize,belize,BLZ,2007,1
year_not_available_for_country,Dominica,dominica,DMA,2007,1
year_not_available_for_country,Niger,niger,NER,2007,1
year_not_available_for_country,Paraguay,paraguay,PRY,2007,1
year_not_available_for_country,Papua New Guinea,papua new guinea,PNG,2007,1
year_not_available_for_country,Montenegro,montenegro,MNE,2007,1
year_not_available_for_country,Barbados,barbados,BRB,2007,1
year_not_available_for_country,Lesotho,lesotho,LSO,2008,1
year_not_available_for_country,Fiji,fiji,FJI,2008,1
year_not_available_for_country,Greece,greece,GRC,2008,1
year_not_available_for_country,Slovenia,slovenia,SVN,2008,1
year_not_available_for_country,Uzbekistan,uzbekistan,UZB,2008,1
year_not_available_for_country,United Arab Emirates,united arab emirates,ARE,2008,1
year_not_available_for_country,Croatia,croatia,HRV,2008,1
year_not_available_for_country,Micronesia (Federated States of),micronesia federated states of,FSM,2008,1
year_not_available_for_country,Vanuatu,vanuatu,VUT,2008,1
year_not_available_for_country,Eritrea,eritrea,ERI,2008,1
year_not_available_for_country,Djibouti,djibouti,DJI,2008,1
year_not_available_for_country,Libya,libya,LBY,2009,1
year_not_available_for_country,Qatar,qatar,QAT,2009,1
year_not_available_for_country,Djibouti,djibouti,DJI,2009,1
year_not_available_for_country,Cuba,cuba,CUB,2009,1
year_not_available_for_country,"China, Hong Kong Special Administrative Region",hong kong china sar,HKG,2009,1
year_not_available_for_country,Samoa,samoa,WSM,2009,1
year_not_available_for_country,Azerbaijan,azerbaijan,AZE,2009,1
year_not_available_for_country,Saudi Arabia,saudi arabia,SAU,2009,1
year_not_available_for_country,Turkmenistan,turkmenistan,TKM,2011,1
year_not_available_for_country,Solomon Islands,solomon islands,SLB,2011,1
year_not_available_for_country,Tonga,tonga,TON,2011,1
year_not_available_for_country,Botswana,botswana,BWA,2011,1
year_not_available_for_country,United Kingdom of Great Britain and Northern Ireland,united kingdom,GBR,2011,1
year_not_available_for_country,Iraq,iraq,IRQ,2011,1
year_not_available_for_country,Serbia,serbia,SRB,2011,1
year_not_available_for_country,Uzbekistan,uzbekistan,UZB,2011,1
year_not_available_for_country,Cambodia,cambodia,KHM,2011,1
year_not_available_for_country,Gabon,gabon,GAB,2011,1
year_not_available_for_country,Norway,norway,NOR,2011,1
year_not_available_for_country,Poland,poland,POL,2011,1
year_not_available_for_country,Norway,norway,NOR,2013,1
year_not_available_for_country,Tuvalu,tuvalu,TUV,2011,1
year_not_available_for_country,Gabon,gabon,GAB,2013,1
year_not_available_for_country,Zimbabwe,zimbabwe,ZWE,2012,1
year_not_available_for_country,Qatar,qatar,QAT,2012,1
year_not_available_for_country,Sierra Leone,sierra leone,SLE,2012,1
year_not_available_for_country,Nicaragua,nicaragua,NIC,2012,1
year_not_available_for_country,Jamaica,jamaica,JAM,2012,1
year_not_available_for_country,"China, Hong Kong Special Administrative Region",hong kong china sar,HKG,2012,1
year_not_available_for_country,Guinea-Bissau,guinea bissau,GNB,2012,1
year_not_available_for_country,Palau,palau,PLW,2012,1
year_not_available_for_country,Malawi,malawi,MWI,2013,1
year_not_available_for_country,Mauritius,mauritius,MUS,2013,1
year_not_available_for_country,Venezuela (Bolivarian Republic of),venezuela bolivarian republic of,VEN,2013,1
year_not_available_for_country,Honduras,honduras,HND,2013,1
year_not_available_for_country,Estonia,estonia,EST,2013,1
year_not_available_for_country,Cuba,cuba,CUB,2013,1
year_not_available_for_country,Ukraine,ukraine,UKR,2013,1
year_not_available_for_country,Togo,togo,TGO,2013,1
year_not_available_for_country,Malta,malta,MLT,2013,1
year_not_available_for_country,Saint Lucia,saint lucia,LCA,2013,1
year_not_available_for_country,Israel,israel,ISR,2013,1
country_not_in_hdi,Turks and Caicos Islands,turks and caicos islands,TCA,2013,1
year_not_available_for_country,Dominican Republic,dominican republic,DOM,2013,1
year_not_available_for_country,Côte d’Ivoire,cote d ivoire,CIV,2013,1
year_not_available_for_country,Saint Vincent and the Grenadines,saint vincent and the grenadines,VCT,2013,1
year_not_available_for_country,Panama,panama,PAN,2013,1
year_not_available_for_country,Belarus,belarus,BLR,2014,1
year_not_available_for_country,Guinea-Bissau,guinea bissau,GNB,2014,1
year_not_available_for_country,Ireland,ireland,IRL,2014,1
year_not_available_for_country,Qatar,qatar,QAT,2014,1
year_not_available_for_country,Vanuatu,vanuatu,VUT,2014,1
country_not_in_hdi,Puerto Rico,puerto rico,PRI,2014,1
year_not_available_for_country,North Macedonia,north macedonia,MKD,2014,1
country_not_in_hdi,Northern Mariana Islands,northern mariana islands,MNP,2015,1
year_not_available_for_country,Maldives,maldives,MDV,2016,1
year_not_available_for_country,Morocco,morocco,MAR,2016,1
year_not_available_for_country,Jordan,jordan,JOR,2016,1
year_not_available_for_country,Uruguay,uruguay,URY,2016,1
year_not_available_for_country,Malawi,malawi,MWI,2016,1
year_not_available_for_country,Norway,norway,NOR,2016,1
year_not_available_for_country,Portugal,portugal,PRT,2016,1
year_not_available_for_country,Iraq,iraq,IRQ,2016,1
year_not_available_for_country,Central African Republic,central african republic,CAF,2016,1
year_not_available_for_country,Seychelles,seychelles,SYC,2016,1
year_not_available_for_country,Côte d’Ivoire,cote d ivoire,CIV,2016,1
year_not_available_for_country,Cameroon,cameroon,CMR,2016,1
year_not_available_for_country,Israel,israel,ISR,2016,1
year_not_available_for_country,Senegal,senegal,SEN,2016,1
year_not_available_for_country,Montenegro,montenegro,MNE,2017,1
year_not_available_for_country,Timor-Leste,timor leste,TLS,2016,1
year_not_available_for_country,Micronesia (Federated States of),micronesia federated states of,FSM,2016,1
year_not_available_for_country,Somalia,somalia,SOM,2017,1
year_not_available_for_country,Sierra Leone,sierra leone,SLE,2017,1
country_not_in_hdi,Anguilla,anguilla,AIA,2017,1
year_not_available_for_country,Cuba,cuba,CUB,2017,1
country_not_in_hdi,Sint Maarten (Dutch part),sint maarten dutch part,SXM,2017,1
year_not_available_for_country,Zambia,zambia,ZMB,2017,1
year_not_available_for_country,Mauritius,mauritius,MUS,2018,1
year_not_available_for_country,Albania,albania,ALB,2018,1
year_not_available_for_country,Djibouti,djibouti,DJI,2018,1
year_not_available_for_country,Cambodia,cambodia,KHM,2018,1
year_outside_hdi_range,Saudi Arabia,saudi arabia,SAU,2024,1
year_not_available_for_country,Serbia,serbia,SRB,2018,1
year_not_available_for_country,Marshall Islands,marshall islands,MHL,2019,1
year_not_available_for_country,Ghana,ghana,GHA,2018,1
year_not_available_for_country,Costa Rica,costa rica,CRI,2018,1
year_not_available_for_country,Trinidad and Tobago,trinidad and tobago,TTO,2018,1
year_not_available_for_country,Chad,chad,TCD,2018,1
year_not_available_for_country,Solomon Islands,solomon islands,SLB,2018,1
year_not_available_for_country,Poland,poland,POL,2019,1
year_not_available_for_country,Serbia,serbia,SRB,2019,1
year_not_available_for_country,Norway,norway,NOR,2019,1
year_not_available_for_country,Côte d’Ivoire,cote d ivoire,CIV,2019,1
year_not_available_for_country,Samoa,samoa,WSM,2019,1
year_not_available_for_country,New Zealand,new zealand,NZL,2019,1
year_not_available_for_country,Gambia,gambia,GMB,2019,1
country_not_in_hdi,French Guiana,french guiana,GUF,2020,1
country_not_in_hdi,Taiwan (Province of China),taiwan province of china,TWN,2020,1
country_not_in_hdi,Mayotte,mayotte,MYT,2020,1
country_not_in_hdi,Canary Islands,canary islands,SPI,2022,1
country_not_in_hdi,Guam,guam,GUM,2023,1
year_outside_hdi_range,Cambodia,cambodia,KHM,2024,1
year_outside_hdi_range,Denmark,denmark,DNK,2024,1
year_outside_hdi_range,Croatia,croatia,HRV,2024,1
year_outside_hdi_range,Lithuania,lithuania,LTU,2024,1
year_outside_hdi_range,Liberia,liberia,LBR,2024,1
country_not_in_hdi,Mayotte,mayotte,MYT,2024,1
year_outside_hdi_range,Vanuatu,vanuatu,VUT,2024,1
year_outside_hdi_range,Botswana,botswana,BWA,2024,1
year_outside_hdi_range,Botswana,botswana,BWA,2025,1
year_outside_hdi_range,Romania,romania,ROU,2025,1
year_outside_hdi_range,Cabo Verde,cape verde,CPV,2025,1
year_outside_hdi_range,Canada,canada,CAN,2025,1
year_outside_hdi_range,State of Palestine,palestine state of,PSE,2025,1
year_outside_hdi_range,Senegal,senegal,SEN,2025,1
country_not_in_hdi,Bermuda,bermuda,BMU,2000,1
country_not_in_hdi,French Guiana,french guiana,GUF,2000,1
year_not_available_for_country,Netherlands (Kingdom of the),netherlands,NLD,2001,1
year_not_available_for_country,Georgia,georgia,GEO,2001,1
country_not_in_hdi,Puerto Rico,puerto rico,PRI,2001,1
year_not_available_for_country,Bulgaria,bulgaria,BGR,2001,1
year_not_available_for_country,Burundi,burundi,BDI,2001,1
country_not_in_hdi,Cayman Islands,cayman islands,CYM,2001,1
year_not_available_for_country,Jamaica,jamaica,JAM,2001,1
year_not_available_for_country,Algeria,algeria,DZA,2001,1
year_not_available_for_country,Eritrea,eritrea,ERI,2003,1
year_not_available_for_country,Togo,togo,TGO,2002,1
year_not_available_for_country,Tonga,tonga,TON,2001,1
year_not_available_for_country,Mauritius,mauritius,MUS,2002,1
country_not_in_hdi,Réunion,reunion,REU,2002,1
year_not_available_for_country,United Arab Emirates,united arab emirates,ARE,2002,1
year_not_available_for_country,Georgia,georgia,GEO,2002,1
year_not_available_for_country,Slovakia,slovakia,SVK,2002,1
year_not_available_for_country,Denmark,denmark,DNK,2002,1
year_not_available_for_country,Luxembourg,luxembourg,LUX,2002,1
year_not_available_for_country,Solomon Islands,solomon islands,SLB,2002,1
year_not_available_for_country,Equatorial Guinea,equatorial guinea,GNQ,2003,1
year_not_available_for_country,Guinea,guinea,GIN,2003,1
country_not_in_hdi,American Samoa,american samoa,ASM,2003,1
year_not_available_for_country,Gabon,gabon,GAB,2003,1
year_not_available_for_country,Mongolia,mongolia,MNG,2003,1
year_not_available_for_country,El Salvador,el salvador,SLV,2003,1
country_not_in_hdi,Bermuda,bermuda,BMU,2003,1
year_not_available_for_country,Chad,chad,TCD,2003,1
country_not_in_hdi,American Samoa,american samoa,ASM,2004,1
year_not_available_for_country,Zimbabwe,zimbabwe,ZWE,2004,1
year_not_available_for_country,Cyprus,cyprus,CYP,2004,1
year_not_available_for_country,Armenia,armenia,ARM,2004,1
country_not_in_hdi,Serbia Montenegro,serbia montenegro,SCG,2004,1
year_not_available_for_country,Djibouti,djibouti,DJI,2004,1
year_not_available_for_country,Belgium,belgium,BEL,2004,1
year_not_available_for_country,Hungary,hungary,HUN,2004,1
year_not_available_for_country,Ireland,ireland,IRL,2004,1
year_not_available_for_country,Ghana,ghana,GHA,2004,1
year_not_available_for_country,Seychelles,seychelles,SYC,2004,1
year_not_available_for_country,Latvia,latvia,LVA,2005,1
year_not_available_for_country,Uzbekistan,uzbekistan,UZB,2005,1
year_not_available_for_country,Samoa,samoa,WSM,2005,1
year_not_available_for_country,Israel,israel,ISR,2005,1
year_not_available_for_country,Eritrea,eritrea,ERI,2005,1
year_not_available_for_country,Saint Vincent and the Grenadines,saint vincent and the grenadines,VCT,2005,1
year_not_available_for_country,Greece,greece,GRC,2005,1
year_not_available_for_country,Liberia,liberia,LBR,2005,1
year_not_available_for_country,Benin,benin,BEN,2005,1
country_not_in_hdi,Réunion,reunion,REU,2005,1
year_not_available_for_country,Paraguay,paraguay,PRY,2005,1
year_not_available_for_country,New Zealand,new zealand,NZL,2006,1
year_not_available_for_country,Austria,austria,AUT,2006,1
year_not_available_for_country,Equatorial Guinea,equatorial guinea,GNQ,2006,1
year_not_available_for_country,Honduras,honduras,HND,2006,1
year_not_available_for_country,Togo,togo,TGO,2006,1
year_not_available_for_country,Netherlands (Kingdom of the),netherlands,NLD,2006,1
year_not_available_for_country,Belgium,belgium,BEL,2006,1
year_not_available_for_country,North Macedonia,north macedonia,MKD,2006,1
year_not_available_for_country,Jordan,jordan,JOR,2006,1
year_not_available_for_country,Paraguay,paraguay,PRY,2006,1
year_not_available_for_country,Belgium,belgium,BEL,2007,1
year_not_available_for_country,Kyrgyzstan,kyrgyzstan,KGZ,2007,1
year_not_available_for_country,Guinea-Bissau,guinea bissau,GNB,2007,1
year_not_available_for_country,Mauritius,mauritius,MUS,2007,1
year_not_available_for_country,Lithuania,lithuania,LTU,2007,1
year_not_available_for_country,Portugal,portugal,PRT,2007,1
year_not_available_for_country,Bosnia and Herzegovina,bosnia and herzegovina,BIH,2008,1
year_not_available_for_country,Cabo Verde,cape verde,CPV,2007,1
year_not_available_for_country,Bulgaria,bulgaria,BGR,2008,1
year_not_available_for_country,Belgium,belgium,BEL,2008,1
year_not_available_for_country,Eswatini,eswatini kingdom of,SWZ,2008,1
year_not_available_for_country,Tunisia,tunisia,TUN,2008,1
year_not_available_for_country,Lao People's Democratic Republic,lao people s democratic republic,LAO,2008,1
year_not_available_for_country,Botswana,botswana,BWA,2008,1
year_not_available_for_country,Kiribati,kiribati,KIR,2008,1
year_not_available_for_country,Mali,mali,MLI,2008,1
year_not_available_for_country,Namibia,namibia,NAM,2009,1
year_not_available_for_country,Gabon,gabon,GAB,2009,1
year_not_available_for_country,Tajikistan,tajikistan,TJK,2009,1
year_not_available_for_country,Bulgaria,bulgaria,BGR,2009,1
country_not_in_hdi,Turks and Caicos Islands,turks and caicos islands,TCA,2009,1
country_not_in_hdi,Taiwan (Province of China),taiwan province of china,TWN,2009,1
country_not_in_hdi,Guadeloupe,guadeloupe,GLP,2010,1
country_not_in_hdi,Puerto Rico,puerto rico,PRI,2009,1
year_not_available_for_country,Mauritius,mauritius,MUS,2011,1
year_not_available_for_country,Cyprus,cyprus,CYP,2011,1
year_not_available_for_country,Saint Vincent and the Grenadines,saint vincent and the grenadines,VCT,2011,1
year_not_available_for_country,Georgia,georgia,GEO,2011,1
year_not_available_for_country,Comoros,comoros,COM,2011,1
year_not_available_for_country,Belgium,belgium,BEL,2011,1
year_not_available_for_country,Bahamas,bahamas,BHS,2011,1
year_not_available_for_country,Nicaragua,nicaragua,NIC,2011,1
year_not_available_for_country,El Salvador,el salvador,SLV,2011,1
year_not_available_for_country,Hungary,hungary,HUN,2011,1
year_not_available_for_country,Somalia,somalia,SOM,2011,1
year_not_available_for_country,Belgium,belgium,BEL,2012,1
year_not_available_for_country,Belarus,belarus,BLR,2012,1
year_not_available_for_country,Estonia,estonia,EST,2012,1
year_not_available_for_country,France,france,FRA,2012,1
year_not_available_for_country,Hungary,hungary,HUN,2012,1
year_not_available_for_country,North Macedonia,north macedonia,MKD,2012,1
year_not_available_for_country,Côte d’Ivoire,cote d ivoire,CIV,2012,1
country_not_in_hdi,Puerto Rico,puerto rico,PRI,2012,1
year_not_available_for_country,Cambodia,cambodia,KHM,2012,1
year_not_available_for_country,Iraq,iraq,IRQ,2012,1
year_not_available_for_country,Tajikistan,tajikistan,TJK,2013,1
year_not_available_for_country,Botswana,botswana,BWA,2013,1
year_not_available_for_country,Democratic Republic of the Congo,congo democratic republic of the,COD,2013,1
year_not_available_for_country,Austria,austria,AUT,2013,1
year_not_available_for_country,Marshall Islands,marshall islands,MHL,2013,1
year_not_available_for_country,Gambia,gambia,GMB,2013,1
year_not_available_for_country,Palau,palau,PLW,2013,1
year_not_available_for_country,Iraq,iraq,IRQ,2013,1
year_not_available_for_country,Congo,congo,COG,2013,1
year_not_available_for_country,El Salvador,el salvador,SLV,2013,1
year_not_available_for_country,Ukraine,ukraine,UKR,2014,1
year_not_available_for_country,Tunisia,tunisia,TUN,2014,1
year_not_available_for_country,Belgium,belgium,BEL,2014,1
year_not_available_for_country,Georgia,georgia,GEO,2014,1
year_not_available_for_country,Lao People's Democratic Republic,lao people s democratic republic,LAO,2014,1
year_not_available_for_country,Maldives,maldives,MDV,2014,1
year_not_available_for_country,Eswatini,eswatini kingdom of,SWZ,2014,1
year_not_available_for_country,United Kingdom of Great Britain and Northern Ireland,united kingdom,GBR,2016,1
year_not_available_for_country,Austria,austria,AUT,2016,1
year_not_available_for_country,Qatar,qatar,QAT,2016,1
year_not_available_for_country,Gabon,gabon,GAB,2016,1
year_not_available_for_country,Belize,belize,BLZ,2016,1
year_not_available_for_country,Singapore,singapore,SGP,2017,1
year_not_available_for_country,Lao People's Democratic Republic,lao people s democratic republic,LAO,2016,1
year_not_available_for_country,Bahamas,bahamas,BHS,2016,1
year_not_available_for_country,Saint Lucia,saint lucia,LCA,2016,1
year_not_available_for_country,Albania,albania,ALB,2016,1
year_not_available_for_country,Armenia,armenia,ARM,2016,1
year_not_available_for_country,Switzerland,switzerland,CHE,2017,1
year_not_available_for_country,Mongolia,mongolia,MNG,2016,1
year_not_available_for_country,Lesotho,lesotho,LSO,2016,1
year_not_available_for_country,Paraguay,paraguay,PRY,2016,1
year_not_available_for_country,Serbia,serbia,SRB,2017,1
year_not_available_for_country,Ukraine,ukraine,UKR,2017,1
year_not_available_for_country,Botswana,botswana,BWA,2017,1
year_not_available_for_country,Guyana,guyana,GUY,2017,1
year_not_available_for_country,Poland,poland,POL,2017,1
country_not_in_hdi,Saint Barthélemy,saint barthelemy,BLM,2017,1
year_not_available_for_country,Barbados,barbados,BRB,2017,1
country_not_in_hdi,Turks and Caicos Islands,turks and caicos islands,TCA,2017,1
year_not_available_for_country,Dominica,dominica,DMA,2017,1
year_not_available_for_country,El Salvador,el salvador,SLV,2017,1
year_not_available_for_country,Togo,togo,TGO,2017,1
year_not_available_for_country,Oman,oman,OMN,2017,1
year_not_available_for_country,Ireland,ireland,IRL,2018,1
year_not_available_for_country,Samoa,samoa,WSM,2018,1
year_not_available_for_country,Kiribati,kiribati,KIR,2018,1
year_not_available_for_country,Belarus,belarus,BLR,2018,1
year_not_available_for_country,Zambia,zambia,ZMB,2018,1
year_not_available_for_country,Tajikistan,tajikistan,TJK,2018,1
year_not_available_for_country,Sierra Leone,sierra leone,SLE,2018,1
year_not_available_for_country,Haiti,haiti,HTI,2018,1
year_not_available_for_country,Qatar,qatar,QAT,2018,1
country_not_in_hdi,Northern Mariana Islands,northern mariana islands,MNP,2018,1
year_not_available_for_country,Armenia,armenia,ARM,2018,1
year_not_available_for_country,Palau,palau,PLW,2018,1
year_not_available_for_country,New Zealand,new zealand,NZL,2018,1
year_not_available_for_country,Hungary,hungary,HUN,2018,1
year_not_available_for_country,Cuba,cuba,CUB,2019,1
year_not_available_for_country,Algeria,algeria,DZA,2019,1
year_not_available_for_country,North Macedonia,north macedonia,MKD,2019,1
year_not_available_for_country,Georgia,georgia,GEO,2019,1
year_not_available_for_country,Armenia,armenia,ARM,2019,1
year_not_available_for_country,Nicaragua,nicaragua,NIC,2019,1
year_not_available_for_country,Netherlands (Kingdom of the),netherlands,NLD,2019,1
country_not_in_hdi,Taiwan (Province of China),taiwan province of china,TWN,2019,1
country_not_in_hdi,Réunion,reunion,REU,2023,1
year_not_available_for_country,Benin,benin,BEN,2019,1
year_not_available_for_country,Lesotho,lesotho,LSO,2019,1
country_not_in_hdi,Canary Islands,canary islands,SPI,2021,1
year_not_available_for_country,Botswana,botswana,BWA,2019,1
country_not_in_hdi,Democratic People's Republic of Korea,korea democratic people s rep of,PRK,2020,1
country_not_in_hdi,Democratic People's Republic of Korea,korea democratic people s rep of,PRK,2021,1
country_not_in_hdi,Guadeloupe,guadeloupe,GLP,2022,1
year_outside_hdi_range,Estonia,estonia,EST,2024,1
year_outside_hdi_range,Hungary,hungary,HUN,2024,1
year_outside_hdi_range,Latvia,latvia,LVA,2024,1
year_outside_hdi_range,Montenegro,montenegro,MNE,2024,1
year_outside_hdi_range,Kuwait,kuwait,KWT,2024,1
country_not_in_hdi,Democratic People's Republic of Korea,korea democratic people s rep of,PRK,2024,1
year_outside_hdi_range,Croatia,croatia,HRV,2025,1
year_outside_hdi_range,Tajikistan,tajikistan,TJK,2025,1
country_not_in_hdi,Canary Islands,canary islands,SPI,2025,1
year_outside_hdi_range,Guinea,guinea,GIN,2025,1
country_not_in_hdi,Azores Islands,azores islands,AZO,2025,1
year_outside_hdi_range,Cambodia,cambodia,KHM,2025,1
year_outside_hdi_range,Papua New Guinea,papua new guinea,PNG,2025,1
year_outside_hdi_range,Saudi Arabia,saudi arabia,SAU,2025,1
country_not_in_hdi,Réunion,reunion,REU,2000,1
year_not_available_for_country,Turkmenistan,turkmenistan,TKM,2000,1
year_not_available_for_country,Marshall Islands,marshall islands,MHL,2000,1
country_not_in_hdi,Guadeloupe,guadeloupe,GLP,2001,1
year_not_available_for_country,Germany,germany,DEU,2001,1
year_not_available_for_country,Denmark,denmark,DNK,2001,1
year_not_available_for_country,Dominican Republic,dominican republic,DOM,2001,1
year_not_available_for_country,Cuba,cuba,CUB,2001,1
country_not_in_hdi,Cook Islands,cook islands,COK,2001,1
year_not_available_for_country,Lithuania,lithuania,LTU,2001,1
year_not_available_for_country,Sierra Leone,sierra leone,SLE,2001,1
country_not_in_hdi,Puerto Rico,puerto rico,PRI,2002,1
year_not_available_for_country,Norway,norway,NOR,2001,1
year_not_available_for_country,New Zealand,new zealand,NZL,2001,1
year_not_available_for_country,Lao People's Democratic Republic,lao people s democratic republic,LAO,2001,1
country_not_in_hdi,Canary Islands,canary islands,SPI,2002,1
year_not_available_for_country,Kyrgyzstan,kyrgyzstan,KGZ,2002,1
year_not_available_for_country,Azerbaijan,azerbaijan,AZE,2002,1
year_not_available_for_country,Ireland,ireland,IRL,2002,1
year_not_available_for_country,Malta,malta,MLT,2004,1
year_not_available_for_country,Chile,chile,CHL,2003,1
year_not_available_for_country,Mauritania,mauritania,MRT,2003,1
year_not_available_for_country,Austria,austria,AUT,2003,1
year_not_available_for_country,Slovenia,slovenia,SVN,2003,1
year_not_available_for_country,United Arab Emirates,united arab emirates,ARE,2004,1
year_not_available_for_country,Guinea-Bissau,guinea bissau,GNB,2003,1
year_not_available_for_country,Comoros,comoros,COM,2003,1
country_not_in_hdi,Serbia Montenegro,serbia montenegro,SCG,2003,1
year_not_available_for_country,Uruguay,uruguay,URY,2003,1
year_not_available_for_country,Tonga,tonga,TON,2004,1
year_not_available_for_country,Uzbekistan,uzbekistan,UZB,2004,1
year_not_available_for_country,Finland,finland,FIN,2004,1
year_not_available_for_country,Micronesia (Federated States of),micronesia federated states of,FSM,2004,1
year_not_available_for_country,Uruguay,uruguay,URY,2004,1
year_not_available_for_country,Poland,poland,POL,2004,1
year_not_available_for_country,Mauritania,mauritania,MRT,2004,1
year_not_available_for_country,Eritrea,eritrea,ERI,2004,1
year_not_available_for_country,Barbados,barbados,BRB,2004,1
year_not_available_for_country,Jordan,jordan,JOR,2004,1
year_not_available_for_country,Denmark,denmark,DNK,2005,1
country_not_in_hdi,Cook Islands,cook islands,COK,2005,1
year_not_available_for_country,Trinidad and Tobago,trinidad and tobago,TTO,2005,1
year_not_available_for_country,Myanmar,myanmar,MMR,2005,1
year_not_available_for_country,Sierra Leone,sierra leone,SLE,2005,1
year_not_available_for_country,Republic of Moldova,moldova republic of,MDA,2005,1
year_not_available_for_country,Bahamas,bahamas,BHS,2005,1
year_not_available_for_country,Belarus,belarus,BLR,2006,1
year_not_available_for_country,Vanuatu,vanuatu,VUT,2005,1
year_not_available_for_country,Mauritius,mauritius,MUS,2006,1
year_not_available_for_country,Djibouti,djibouti,DJI,2005,1
year_not_available_for_country,Norway,norway,NOR,2006,1
year_not_available_for_country,Timor-Leste,timor leste,TLS,2006,1
year_not_available_for_country,Georgia,georgia,GEO,2006,1
year_not_available_for_country,Suriname,suriname,SUR,2006,1
year_not_available_for_country,Vanuatu,vanuatu,VUT,2006,1
year_not_available_for_country,Tunisia,tunisia,TUN,2006,1
year_not_available_for_country,Eswatini,eswatini kingdom of,SWZ,2006,1
year_not_available_for_country,Kazakhstan,kazakhstan,KAZ,2006,1
year_not_available_for_country,Nicaragua,nicaragua,NIC,2006,1
country_not_in_hdi,Montserrat,montserrat,MSR,2006,1
year_not_available_for_country,Lithuania,lithuania,LTU,2006,1
year_not_available_for_country,Belarus,belarus,BLR,2007,1
year_not_available_for_country,Netherlands (Kingdom of the),netherlands,NLD,2007,1
country_not_in_hdi,Réunion,reunion,REU,2007,1
year_not_available_for_country,State of Palestine,palestine state of,PSE,2007,1
year_not_available_for_country,Venezuela (Bolivarian Republic of),venezuela bolivarian republic of,VEN,2007,1
year_not_available_for_country,Hungary,hungary,HUN,2007,1
year_not_available_for_country,Maldives,maldives,MDV,2007,1
year_not_available_for_country,Sao Tome and Principe,sao tome and principe,STP,2007,1
year_not_available_for_country,Azerbaijan,azerbaijan,AZE,2007,1
year_not_available_for_country,Republic of Moldova,moldova republic of,MDA,2007,1
year_not_available_for_country,Hungary,hungary,HUN,2008,1
year_not_available_for_country,Portugal,portugal,PRT,2008,1
year_not_available_for_country,Netherlands (Kingdom of the),netherlands,NLD,2008,1
year_not_available_for_country,Republic of Moldova,moldova republic of,MDA,2008,1
year_not_available_for_country,Liberia,liberia,LBR,2008,1
year_not_available_for_country,Malta,malta,MLT,2008,1
year_not_available_for_country,Israel,israel,ISR,2008,1
country_not_in_hdi,Mayotte,mayotte,MYT,2008,1
year_not_available_for_country,Saint Kitts and Nevis,saint kitts and nevis,KNA,2008,1
year_not_available_for_country,Antigua and Barbuda,antigua and barbuda,ATG,2008,1
year_not_available_for_country,Solomon Islands,solomon islands,SLB,2009,1
year_not_available_for_country,Lebanon,lebanon,LBN,2009,1
country_not_in_hdi,Cook Islands,cook islands,COK,2009,1
year_not_available_for_country,Switzerland,switzerland,CHE,2009,1
year_not_available_for_country,Kuwait,kuwait,KWT,2009,1
year_not_available_for_country,Mauritania,mauritania,MRT,2009,1
year_not_available_for_country,Ireland,ireland,IRL,2009,1
year_not_available_for_country,Uruguay,uruguay,URY,2009,1
year_not_available_for_country,Montenegro,montenegro,MNE,2009,1
country_not_in_hdi,French Polynesia,french polynesia,PYF,2010,1
country_not_in_hdi,Cook Islands,cook islands,COK,2010,1
year_not_available_for_country,Germany,germany,DEU,2011,1
year_not_available_for_country,Maldives,maldives,MDV,2011,1
year_not_available_for_country,Namibia,namibia,NAM,2011,1
year_not_available_for_country,Syrian Arab Republic,syrian arab republic,SYR,2011,1
year_not_available_for_country,Kyrgyzstan,kyrgyzstan,KGZ,2011,1
country_not_in_hdi,Martinique,martinique,MTQ,2011,1
year_not_available_for_country,Costa Rica,costa rica,CRI,2011,1
year_not_available_for_country,Slovakia,slovakia,SVK,2012,1
year_not_available_for_country,Libya,libya,LBY,2012,1
year_not_available_for_country,Oman,oman,OMN,2011,1
year_not_available_for_country,Dominica,dominica,DMA,2011,1
year_not_available_for_country,Panama,panama,PAN,2018,1
year_not_available_for_country,Ethiopia,ethiopia,ETH,2012,1
year_not_available_for_country,Bosnia and Herzegovina,bosnia and herzegovina,BIH,2012,1
year_not_available_for_country,Rwanda,rwanda,RWA,2012,1
year_not_available_for_country,Bahrain,bahrain,BHR,2012,1
year_not_available_for_country,Gabon,gabon,GAB,2012,1
year_not_available_for_country,Yemen,yemen,YEM,2012,1
year_not_available_for_country,Seychelles,seychelles,SYC,2013,1
country_not_in_hdi,Wallis and Futuna Islands,wallis and futuna islands,WLF,2012,1
year_not_available_for_country,Bahrain,bahrain,BHR,2013,1
year_not_available_for_country,Samoa,samoa,WSM,2012,1
year_not_available_for_country,Belarus,belarus,BLR,2013,1
year_not_available_for_country,North Macedonia,north macedonia,MKD,2013,1
year_not_available_for_country,United Arab Emirates,united arab emirates,ARE,2013,1
year_not_available_for_country,Liberia,liberia,LBR,2013,1
year_not_available_for_country,Jordan,jordan,JOR,2013,1
year_not_available_for_country,Comoros,comoros,COM,2013,1
year_not_available_for_country,Albania,albania,ALB,2013,1
year_not_available_for_country,Romania,romania,ROU,2013,1
country_not_in_hdi,Réunion,reunion,REU,2014,1
year_not_available_for_country,Tonga,tonga,TON,2014,1
year_not_available_for_country,Kiribati,kiribati,KIR,2014,1
year_not_available_for_country,Seychelles,seychelles,SYC,2014,1
year_not_available_for_country,Saudi Arabia,saudi arabia,SAU,2014,1
year_not_available_for_country,Burundi,burundi,BDI,2014,1
year_not_available_for_country,Timor-Leste,timor leste,TLS,2014,1
year_not_available_for_country,Kyrgyzstan,kyrgyzstan,KGZ,2014,1
year_not_available_for_country,Gambia,gambia,GMB,2014,1
year_not_available_for_country,"China, Hong Kong Special Administrative Region",hong kong china sar,HKG,2014,1
year_not_available_for_country,Ghana,ghana,GHA,2014,1
year_not_available_for_country,Angola,angola,AGO,2014,1
year_not_available_for_country,El Salvador,el salvador,SLV,2014,1
year_not_available_for_country,Lesotho,lesotho,LSO,2014,1
year_not_available_for_country,Cabo Verde,cape verde,CPV,2014,1
year_not_available_for_country,Burkina Faso,burkina faso,BFA,2014,1
year_not_available_for_country,Jamaica,jamaica,JAM,2014,1
year_not_available_for_country,Zambia,zambia,ZMB,2016,1
year_not_available_for_country,Netherlands (Kingdom of the),netherlands,NLD,2016,1
year_not_available_for_country,Liberia,liberia,LBR,2016,1
year_not_available_for_country,Hungary,hungary,HUN,2016,1
year_not_available_for_country,Eswatini,eswatini kingdom of,SWZ,2016,1
year_not_available_for_country,North Macedonia,north macedonia,MKD,2017,1
country_not_in_hdi,French Polynesia,french polynesia,PYF,2017,1
year_not_available_for_country,Burundi,burundi,BDI,2017,1
year_not_available_for_country,Kazakhstan,kazakhstan,KAZ,2017,1
year_not_available_for_country,Hungary,hungary,HUN,2017,1
year_not_available_for_country,Lao People's Democratic Republic,lao people s democratic republic,LAO,2017,1
year_not_available_for_country,Slovakia,slovakia,SVK,2017,1
year_not_available_for_country,Saint Kitts and Nevis,saint kitts and nevis,KNA,2017,1
country_not_in_hdi,Saint Martin (French Part),saint martin french part,MAF,2017,1
country_not_in_hdi,Martinique,martinique,MTQ,2017,1
year_not_available_for_country,Romania,romania,ROU,2017,1
year_not_available_for_country,Israel,israel,ISR,2018,1
year_not_available_for_country,Mongolia,mongolia,MNG,2017,1
year_not_available_for_country,Georgia,georgia,GEO,2017,1
year_not_available_for_country,United Arab Emirates,united arab emirates,ARE,2017,1
year_not_available_for_country,Gambia,gambia,GMB,2017,1
year_not_available_for_country,Cabo Verde,cape verde,CPV,2017,1
year_not_available_for_country,Botswana,botswana,BWA,2018,1
year_not_available_for_country,Croatia,croatia,HRV,2018,1
country_not_in_hdi,Curaçao,curacao,CUW,2018,1
year_not_available_for_country,Azerbaijan,azerbaijan,AZE,2018,1
year_not_available_for_country,Côte d’Ivoire,cote d ivoire,CIV,2018,1
year_not_available_for_country,Cyprus,cyprus,CYP,2018,1
year_not_available_for_country,Congo,congo,COG,2018,1
year_not_available_for_country,Central African Republic,central african republic,CAF,2018,1
year_not_available_for_country,Uruguay,uruguay,URY,2018,1
year_not_available_for_country,Lebanon,lebanon,LBN,2019,1
year_not_available_for_country,Republic of Moldova,moldova republic of,MDA,2019,1
year_not_available_for_country,Croatia,croatia,HRV,2019,1
year_not_available_for_country,Oman,oman,OMN,2019,1
year_not_available_for_country,Greece,greece,GRC,2019,1
year_not_available_for_country,Luxembourg,luxembourg,LUX,2019,1
year_not_available_for_country,Dominican Republic,dominican republic,DOM,2019,1
