model_id,fold,threshold,candidate_id,default_prediction_disagreement,accuracy,balanced_accuracy,macro_precision,macro_recall,macro_f1,weighted_f1,quadratic_weighted_kappa,severe_to_low,low_to_severe,low_precision,low_recall,low_f1,low_support,moderate_precision,moderate_recall,moderate_f1,moderate_support,severe_precision,severe_recall,severe_f1,severe_support,severe_to_low_rate
RF_T2,pooled,0.2,RF_T2_t0.20,1274,0.4368147720715522,0.6218849195325666,0.5721640431184,0.6218849195325666,0.43146619821767523,0.4642740079881717,0.3729483778954443,24,245,0.6323651452282157,0.7434146341463415,0.683408071748879,1025,0.9571428571428572,0.24419134396355352,0.38911070780399276,2195,0.12698412698412698,0.8780487804878049,0.2218798151001541,246,0.0975609756097561
RF_T2,1,0.2,RF_T2_t0.20,379,0.40458015267175573,0.6173898071625344,0.5719759836484416,0.6173898071625344,0.4196670575224209,0.43892345675543454,0.33310577541984443,2,77,0.628,0.6541666666666667,0.6408163265306123,240,0.9539473684210527,0.2396694214876033,0.38309114927344784,605,0.13398058252427184,0.9583333333333334,0.23509369676320271,72,0.027777777777777776
RF_T2,2,0.2,RF_T2_t0.20,321,0.4342258440046566,0.621732103239537,0.5607754686438553,0.621732103239537,0.4320747085348864,0.4653558217682706,0.36624918627489167,7,52,0.6027874564459931,0.7521739130434782,0.6692456479690522,230,0.9548387096774194,0.2605633802816901,0.4094052558782849,568,0.12470023980815348,0.8524590163934426,0.2175732217573222,61,0.11475409836065574
RF_T2,3,0.2,RF_T2_t0.20,303,0.41196388261851014,0.5999274217837269,0.5554275265231691,0.5999274217837269,0.41213871059096036,0.44366002381242453,0.31707992453282474,9,66,0.565068493150685,0.7081545064377682,0.6285714285714286,233,0.9798657718120806,0.24787775891341257,0.3956639566395664,589,0.12134831460674157,0.84375,0.21218074656188604,64,0.140625
RF_T2,4,0.2,RF_T2_t0.20,271,0.503731343283582,0.6299819054039931,0.5897806335158581,0.6299819054039931,0.44871613875367805,0.5143585359507291,0.45253707253101993,6,50,0.7101063829787234,0.8291925465838509,0.7650429799426934,322,0.9326923076923077,0.22401847575057737,0.3612662942271881,433,0.12654320987654322,0.8367346938775511,0.21983914209115282,49,0.12244897959183673
RF_T2,pooled,0.21,RF_T2_t0.21,1227,0.44633583381419506,0.6283035477279603,0.5734222860027212,0.6283035477279603,0.438172987924375,0.47201765999531264,0.3872034168857684,26,223,0.632768361581921,0.7648780487804878,0.6925795053003534,1025,0.9581151832460733,0.2501138952164009,0.39667630057803466,2195,0.1293833131801693,0.8699186991869918,0.22526315789473683,246,0.10569105691056911
RF_T2,1,0.21,RF_T2_t0.21,362,0.4187568157033806,0.6280149984695439,0.5751826612457838,0.6280149984695439,0.43121728676765064,0.45157363505776166,0.356049024775962,3,68,0.6335877862595419,0.6916666666666667,0.6613545816733067,240,0.9554140127388535,0.24793388429752067,0.3937007874015748,605,0.13654618473895583,0.9444444444444444,0.23859649122807017,72,0.041666666666666664
RF_T2,2,0.21,RF_T2_t0.21,313,0.4412107101280559,0.6304277554134501,0.5629192449991823,0.6304277554134501,0.4375288711759093,0.4690083270283895,0.38549231614901747,7,46,0.6067796610169491,0.7782608695652173,0.6819047619047619,230,0.9548387096774194,0.2605633802816901,0.4094052558782849,568,0.1271393643031785,0.8524590163934426,0.22127659574468084,61,0.11475409836065574
RF_T2,3,0.21,RF_T2_t0.21,290,0.4221218961625282,0.6076148530158291,0.5558393569964397,0.6076148530158291,0.4193076777966422,0.4534537757048268,0.32513742961113756,9,63,0.5618729096989966,0.721030042918455,0.631578947368421,233,0.9806451612903225,0.25806451612903225,0.40860215053763443,589,0.125,0.84375,0.21774193548387097,64,0.140625
RF_T2,4,0.21,RF_T2_t0.21,262,0.5099502487562189,0.6288596169464874,0.5895060642338833,0.6288596169464874,0.4519738282656216,0.51913212476203,0.4593383822907091,7,46,0.7075718015665796,0.8416149068322981,0.7687943262411348,322,0.9339622641509434,0.22863741339491916,0.3673469387755102,433,0.12698412698412698,0.8163265306122449,0.21978021978021978,49,0.14285714285714285
RF_T2,pooled,0.22,RF_T2_t0.22,1170,0.45470282746682056,0.6301585890574167,0.5712412588116176,0.6301585890574167,0.4430098625018252,0.47853900965410173,0.3978942421339079,30,201,0.6286161063330727,0.784390243902439,0.6979166666666666,1025,0.9542372881355933,0.25649202733485194,0.4043087971274686,2195,0.1308703819661866,0.8495934959349594,0.2268041237113402,246,0.12195121951219512
RF_T2,1,0.22,RF_T2_t0.22,340,0.4318429661941112,0.6364133761861034,0.5721748503927414,0.6364133761861034,0.43983097064308735,0.46203536905144865,0.3734159807334957,4,60,0.6245487364620939,0.7208333333333333,0.6692456479690522,240,0.9512195121951219,0.2578512396694215,0.4057217165149545,605,0.1407563025210084,0.9305555555555556,0.24452554744525548,72,0.05555555555555555
RF_T2,2,0.22,RF_T2_t0.22,302,0.4481955762514552,0.6316585184664653,0.5609306221027618,0.6316585184664653,0.44176789939501804,0.47544488029087784,0.3930950774233579,8,42,0.6046511627906976,0.7913043478260869,0.6854990583804144,230,0.95,0.2676056338028169,0.4175824175824176,568,0.12814070351758794,0.8360655737704918,0.2222222222222222,61,0.13114754098360656
RF_T2,3,0.22,RF_T2_t0.22,280,0.43002257336343114,0.6158997907512794,0.5574572401209087,0.6158997907512794,0.4252771985569126,0.459023069390174,0.34010756340818604,9,58,0.5635179153094463,0.7424892703862661,0.6407407407407407,233,0.9808917197452229,0.2614601018675722,0.4128686327077748,589,0.12796208530805686,0.84375,0.2222222222222222,64,0.140625
RF_T2,4,0.22,RF_T2_t0.22,248,0.5149253731343284,0.6151670829994815,0.5833455689467404,0.6151670829994815,0.4516906730120773,0.5223659127110741,0.46153102001026935,9,41,0.700507614213198,0.8571428571428571,0.770949720670391,322,0.926605504587156,0.23325635103926096,0.3726937269372694,433,0.12292358803986711,0.7551020408163265,0.21142857142857144,49,0.1836734693877551
RF_T2,pooled,0.23,RF_T2_t0.23,1109,0.4633583381419504,0.6309520899309221,0.5680844752976603,0.6309520899309221,0.447922451557776,0.48643518716155093,0.4036662956750654,32,187,0.621765601217656,0.7970731707317074,0.698589140658401,1025,0.9496753246753247,0.26651480637813213,0.41622198505869795,2195,0.1328125,0.8292682926829268,0.22895622895622897,246,0.13008130081300814
RF_T2,1,0.23,RF_T2_t0.23,319,0.4394765539803708,0.6256313131313131,0.5626165501165501,0.6256313131313131,0.4423412116240177,0.4716947018099974,0.3694635582486049,5,58,0.6118881118881119,0.7291666666666666,0.6653992395437263,240,0.9375,0.2727272727272727,0.4225352112676056,605,0.13846153846153847,0.875,0.23908918406072105,72,0.06944444444444445
RF_T2,2,0.23,RF_T2_t0.23,286,0.459837019790454,0.6378239620665308,0.5603915975343944,0.6378239620665308,0.4495119306623417,0.48499214599297025,0.41103060785455114,9,35,0.6045016077170418,0.8173913043478261,0.6950092421441775,230,0.9457831325301205,0.2764084507042254,0.42779291553133514,568,0.13089005235602094,0.819672131147541,0.22573363431151242,61,0.14754098360655737
RF_T2,3,0.23,RF_T2_t0.23,265,0.435665914221219,0.6204588139495909,0.5541724914569742,0.6204588139495909,0.4275276560835743,0.46200289504900766,0.3422118057261768,9,56,0.54858934169279,0.7510729613733905,0.6340579710144928,233,0.98125,0.266553480475382,0.4192256341789052,589,0.13267813267813267,0.84375,0.22929936305732485,64,0.140625
RF_T2,4,0.23,RF_T2_t0.23,239,0.5248756218905473,0.6221217877652115,0.5858473050987534,0.6221217877652115,0.45985911780421423,0.5323390742892463,0.4711909936013521,9,38,0.7010050251256281,0.8664596273291926,0.775,322,0.9298245614035088,0.24480369515011546,0.3875685557586837,433,0.1267123287671233,0.7551020408163265,0.21700879765395895,49,0.1836734693877551
RF_T2,pooled,0.24,RF_T2_t0.24,1049,0.47374495095210617,0.6335132198702397,0.5660090624633763,0.6335132198702397,0.45471130001792015,0.4969120510350356,0.41057824659900966,34,173,0.6179104477611941,0.8078048780487805,0.7002114164904862,1025,0.9446153846153846,0.2797266514806378,0.43163444639718807,2195,0.13550135501355012,0.8130081300813008,0.23228803716608595,246,0.13821138211382114
RF_T2,1,0.24,RF_T2_t0.24,300,0.4514721919302072,0.6260483624119987,0.5575482457523108,0.6260483624119987,0.45028073255047363,0.48478461793107813,0.38011029643039373,5,53,0.6116838487972509,0.7416666666666667,0.6704331450094162,240,0.9210526315789473,0.2892561983471074,0.44025157232704404,605,0.13990825688073394,0.8472222222222222,0.24015748031496062,72,0.06944444444444445
RF_T2,2,0.24,RF_T2_t0.24,277,0.470314318975553,0.6431056522073759,0.5623737645537082,0.6431056522073759,0.4574203784635045,0.49791725792710567,0.41264512551821186,9,35,0.6045016077170418,0.8173913043478261,0.6950092421441775,230,0.9485714285714286,0.29225352112676056,0.4468371467025572,568,0.13404825737265416,0.819672131147541,0.2304147465437788,61,0.14754098360655737
RF_T2,3,0.24,RF_T2_t0.24,248,0.44469525959367945,0.6246672802645544,0.5532578092231338,0.6246672802645544,0.4327570532566152,0.4687051491945216,0.35166374325428906,10,51,0.5421686746987951,0.7725321888412017,0.6371681415929203,233,0.9817073170731707,0.2733446519524618,0.42762284196547146,589,0.1358974358974359,0.828125,0.23348017621145375,64,0.15625
RF_T2,4,0.24,RF_T2_t0.24,224,0.5348258706467661,0.6230435943832298,0.5833883381386297,0.6230435943832298,0.4666387667982317,0.5414918365988522,0.47640485879981775,10,34,0.6945812807881774,0.8757763975155279,0.7747252747252747,322,0.9256198347107438,0.2586605080831409,0.4043321299638989,433,0.1299638989169675,0.7346938775510204,0.22085889570552147,49,0.20408163265306123
RF_T2,pooled,0.25,RF_T2_t0.25,959,0.4916330063473745,0.6383097826422456,0.5646214701979327,0.6383097826422456,0.46701866351640814,0.5158591289010678,0.42186237760004897,36,154,0.6157779401022644,0.8224390243902439,0.7042606516290727,1025,0.9381153305203939,0.303872437357631,0.459050240880936,2195,0.13997113997113997,0.7886178861788617,0.23774509803921567,246,0.14634146341463414
RF_T2,1,0.25,RF_T2_t0.25,262,0.4776444929116685,0.6230677992041628,0.5538403254040325,0.6230677992041628,0.4661398079808614,0.5148302915973063,0.3875066558713903,7,47,0.6079734219269103,0.7625,0.6765249537892791,240,0.9128440366972477,0.32892561983471075,0.4835965978128797,605,0.1407035175879397,0.7777777777777778,0.23829787234042554,72,0.09722222222222222
RF_T2,2,0.25,RF_T2_t0.25,266,0.47729918509895225,0.6474891998701642,0.5603247313331935,0.6474891998701642,0.4617743744806779,0.5040807661079235,0.41748563247196957,9,33,0.5981012658227848,0.8217391304347826,0.6923076923076923,230,0.9447513812154696,0.301056338028169,0.45660881174899864,568,0.13812154696132597,0.819672131147541,0.2364066193853428,61,0.14754098360655737
RF_T2,3,0.25,RF_T2_t0.25,229,0.4604966139954853,0.6314066481099606,0.5508159750602484,0.6314066481099606,0.44439838224943884,0.48521004916954863,0.3683511434469944,10,45,0.5459940652818991,0.7896995708154506,0.6456140350877193,233,0.9662921348314607,0.2920203735144312,0.4485006518904824,589,0.14016172506738545,0.8125,0.23908045977011494,64,0.15625
RF_T2,4,0.25,RF_T2_t0.25,202,0.5572139303482587,0.63822727604949,0.5885261855146662,0.63822727604949,0.4855307733460828,0.5638142179816825,0.492676132998223,10,29,0.691566265060241,0.8913043478260869,0.7788331071913162,322,0.9328358208955224,0.28868360277136257,0.4409171075837742,433,0.1411764705882353,0.7346938775510204,0.23684210526315788,49,0.20408163265306123
RF_T2,pooled,0.26,RF_T2_t0.26,884,0.5028851702250433,0.6334142020235691,0.5603302992309774,0.6334142020235691,0.4729841379249254,0.528381400804207,0.42231615094192554,41,143,0.6101938262742282,0.8292682926829268,0.7030603804797353,1025,0.9304461942257218,0.32300683371298405,0.47954007439972945,2195,0.14035087719298245,0.7479674796747967,0.2363519588953115,246,0.16666666666666666
RF_T2,1,0.26,RF_T2_t0.26,233,0.4983642311886587,0.62705463728191,0.5505810243647729,0.62705463728191,0.47910386871425836,0.5362034756021359,0.3990598620022522,7,42,0.6045751633986928,0.7708333333333334,0.6776556776556777,240,0.9008264462809917,0.3603305785123967,0.5147579693034239,605,0.14634146341463414,0.75,0.24489795918367346,72,0.09722222222222222
RF_T2,2,0.26,RF_T2_t0.26,248,0.48661233993015135,0.6392759981126962,0.5572295452405611,0.6392759981126962,0.4651070302199003,0.5148159068442313,0.4108381805448932,12,31,0.5876923076923077,0.8304347826086956,0.6882882882882883,230,0.9473684210526315,0.31690140845070425,0.47493403693931396,568,0.13662790697674418,0.7704918032786885,0.23209876543209876,61,0.19672131147540983
RF_T2,3,0.26,RF_T2_t0.26,212,0.4706546275395034,0.6243021880032352,0.5467241550203191,0.6243021880032352,0.44955733593117086,0.49770334813694644,0.36746793022377,11,43,0.543859649122807,0.7982832618025751,0.6469565217391304,233,0.9578947368421052,0.3089983022071307,0.4672657252888318,589,0.1384180790960452,0.765625,0.23444976076555024,64,0.171875
RF_T2,4,0.26,RF_T2_t0.26,191,0.5609452736318408,0.6287363223228843,0.5821623731459797,0.6287363223228843,0.48620800493921507,0.567534363915623,0.48988375694931274,11,27,0.6857142857142857,0.8944099378881988,0.7762803234501348,322,0.9214285714285714,0.2979214780600462,0.450261780104712,433,0.13934426229508196,0.6938775510204082,0.23208191126279865,49,0.22448979591836735
RF_T2,pooled,0.27,RF_T2_t0.27,807,0.518465089440277,0.6393919415276157,0.5609863256296129,0.6393919415276157,0.4836105085904399,0.5441531188605542,0.4279078251773081,43,133,0.6050775740479548,0.8370731707317073,0.7024150634465821,1025,0.9312039312039312,0.34533029612756266,0.5038218677301429,2195,0.146677471636953,0.7357723577235772,0.2445945945945946,246,0.17479674796747968
RF_T2,1,0.27,RF_T2_t0.27,210,0.5179934569247546,0.6362450260177533,0.5539016015897135,0.6362450260177533,0.49216741144011733,0.5551557808487857,0.41040444485830463,8,38,0.6019108280254777,0.7875,0.6823104693140795,240,0.9066147859922179,0.3851239669421488,0.5406032482598608,605,0.1531791907514451,0.7361111111111112,0.2535885167464115,72,0.1111111111111111
RF_T2,2,0.27,RF_T2_t0.27,231,0.49941792782305006,0.6368385652475079,0.5547190010486182,0.6368385652475079,0.4725133774407404,0.5296362652361839,0.412017590080219,13,29,0.5853658536585366,0.8347826086956521,0.6881720430107527,230,0.9411764705882353,0.3380281690140845,0.49740932642487046,568,0.13761467889908258,0.7377049180327869,0.23195876288659795,61,0.21311475409836064
RF_T2,3,0.27,RF_T2_t0.27,197,0.481941309255079,0.6308261817755659,0.5472326965584372,0.6308261817755659,0.4572218267730627,0.5091195969795351,0.36975213574866883,11,42,0.5373563218390804,0.8025751072961373,0.6437177280550774,233,0.9597989949748744,0.3242784380305603,0.4847715736040609,589,0.14454277286135694,0.765625,0.24317617866004962,64,0.171875
RF_T2,4,0.27,RF_T2_t0.27,169,0.5796019900497512,0.6408144139270329,0.5842670562296731,0.6408144139270329,0.5026906187290152,0.5855732216250689,0.4972219398990412,11,24,0.677570093457944,0.9006211180124224,0.7733333333333333,322,0.922077922077922,0.3279445727482679,0.4838160136286201,433,0.15315315315315314,0.6938775510204082,0.25092250922509224,49,0.22448979591836735
RF_T2,pooled,0.28,RF_T2_t0.28,734,0.535199076745528,0.6444272829972035,0.5623120996144252,0.6444272829972035,0.49525398683282545,0.561844567410829,0.43385361918592324,44,125,0.6041958041958042,0.8429268292682927,0.7038696537678207,1025,0.9302857142857143,0.37084282460136675,0.5302931596091205,2195,0.1524547803617571,0.7195121951219512,0.2515991471215352,246,0.17886178861788618
RF_T2,1,0.28,RF_T2_t0.28,195,0.5332606324972737,0.6439585246403429,0.5567066364136819,0.6439585246403429,0.5028738956874604,0.5708606880981514,0.41550763573540017,8,37,0.6019108280254777,0.7875,0.6823104693140795,240,0.9080882352941176,0.40826446280991735,0.5632839224629419,605,0.16012084592145015,0.7361111111111112,0.2630272952853598,72,0.1111111111111111
RF_T2,2,0.28,RF_T2_t0.28,215,0.5145518044237486,0.6404524677167305,0.5564203771683095,0.6404524677167305,0.48230305813791235,0.5463860853767606,0.4130557062088597,14,28,0.5830815709969789,0.8391304347826087,0.6880570409982175,230,0.9447004608294931,0.3609154929577465,0.5222929936305732,568,0.1414790996784566,0.7213114754098361,0.23655913978494625,61,0.22950819672131148
RF_T2,3,0.28,RF_T2_t0.28,175,0.5022573363431151,0.6444716758235752,0.5501820755799476,0.6444716758235752,0.47248767227348676,0.5288571504107055,0.38711584623207085,11,37,0.5380281690140845,0.8197424892703863,0.6496598639455783,233,0.9579439252336449,0.34804753820033957,0.5105853051058531,589,0.15457413249211358,0.765625,0.2572178477690289,64,0.171875
RF_T2,4,0.28,RF_T2_t0.28,149,0.595771144278607,0.6329887914599518,0.5810000767518612,0.6329887914599518,0.5133187956222703,0.6045293668884052,0.4965597339292942,11,23,0.6767441860465117,0.9037267080745341,0.773936170212766,322,0.9127906976744186,0.3625866050808314,0.5190082644628099,433,0.15346534653465346,0.6326530612244898,0.24701195219123506,49,0.22448979591836735
RF_T2,pooled,0.29,RF_T2_t0.29,642,0.5504904789382573,0.6435440240507189,0.5591936464686416,0.6435440240507189,0.504219696784595,0.5768422047872115,0.4369913563760893,44,116,0.5977961432506887,0.8468292682926829,0.7008477997577715,1025,0.9216931216931217,0.3968109339407745,0.5547770700636943,2195,0.1580916744621141,0.6869918699186992,0.2570342205323194,246,0.17886178861788618
RF_T2,1,0.29,RF_T2_t0.29,169,0.5474372955288986,0.643801652892562,0.5532942892801727,0.643801652892562,0.5096207889967784,0.5832419298384144,0.4143708268292484,8,36,0.5864197530864198,0.7916666666666666,0.6737588652482269,240,0.90625,0.43140495867768597,0.5845464725643897,605,0.16721311475409836,0.7083333333333334,0.27055702917771884,72,0.1111111111111111
RF_T2,2,0.29,RF_T2_t0.29,187,0.5343422584400466,0.6317809087836594,0.5506443818842471,0.6317809087836594,0.49201898583392895,0.5680658351825302,0.4143698851762214,14,26,0.5808383233532934,0.8434782608695652,0.6879432624113475,230,0.9297520661157025,0.3961267605633803,0.5555555555555556,568,0.1413427561837456,0.6557377049180327,0.23255813953488372,61,0.22950819672131148
RF_T2,3,0.29,RF_T2_t0.29,158,0.5124153498871332,0.6466520204706699,0.5480140094711917,0.6466520204706699,0.4788203331289938,0.5379940515498781,0.3938082677098844,11,34,0.5331491712707183,0.8283261802575107,0.6487394957983194,233,0.9508928571428571,0.3616298811544992,0.5239852398523985,589,0.16,0.75,0.26373626373626374,64,0.171875
RF_T2,4,0.29,RF_T2_t0.29,128,0.6131840796019901,0.6377334144823709,0.5799601758913754,0.6377334144823709,0.528011635208037,0.6219330298494075,0.5034077879190937,11,20,0.6736111111111112,0.9037267080745341,0.7718832891246684,322,0.900523560209424,0.3972286374133949,0.5512820512820513,433,0.16574585635359115,0.6122448979591837,0.2608695652173913,49,0.22448979591836735
RF_T2,pooled,0.3,RF_T2_t0.30,567,0.5680900173110214,0.6485149174954165,0.5610038349203131,0.6485149174954165,0.5164302625167916,0.5945872424211186,0.44334990982090794,44,109,0.5978037062457103,0.8497560975609756,0.701853344077357,1025,0.9192118226600985,0.42505694760820045,0.5813084112149532,2195,0.1659959758551308,0.6707317073170732,0.2661290322580645,246,0.17886178861788618
RF_T2,1,0.3,RF_T2_t0.30,158,0.5528898582333697,0.6392370676461586,0.5501107095737968,0.6392370676461586,0.5117426279258809,0.5881333278396853,0.4204261535779802,8,33,0.5876923076923077,0.7958333333333333,0.6761061946902654,240,0.8959731543624161,0.4413223140495868,0.5913621262458472,605,0.16666666666666666,0.6805555555555556,0.2677595628415301,72,0.1111111111111111
RF_T2,2,0.3,RF_T2_t0.30,171,0.5506402793946449,0.6351192448107509,0.5523794324077217,0.6351192448107509,0.5022873139709708,0.5853384017936752,0.415459223058116,14,26,0.5808383233532934,0.8434782608695652,0.6879432624113475,230,0.9302325581395349,0.4225352112676056,0.5811138014527845,568,0.14606741573033707,0.639344262295082,0.23780487804878048,61,0.22950819672131148
RF_T2,3,0.3,RF_T2_t0.30,137,0.5316027088036117,0.6524951285610537,0.549309290647403,0.6524951285610537,0.4922844471416412,0.558260590095108,0.4005994204772978,11,32,0.532967032967033,0.8326180257510729,0.6499162479061976,233,0.9465020576131687,0.3904923599320883,0.5528846153846154,589,0.16845878136200718,0.734375,0.27405247813411077,64,0.171875
RF_T2,4,0.3,RF_T2_t0.30,101,0.6442786069651741,0.6572443617471088,0.5916745540401455,0.6572443617471088,0.5573531460926747,0.6526842886598754,0.5148603265195193,11,18,0.6728110599078341,0.906832298136646,0.7724867724867724,322,0.9074074074074074,0.45265588914549654,0.6040061633281972,433,0.19480519480519481,0.6122448979591837,0.2955665024630542,49,0.22448979591836735
RF_T2,pooled,0.31,RF_T2_t0.31,489,0.5825158684362377,0.6483792309449291,0.5614271468440308,0.6483792309449291,0.5249059352261104,0.6083284914808775,0.4423240007393069,49,103,0.5920162381596752,0.8536585365853658,0.6991610067918498,1025,0.9197761194029851,0.44920273348519363,0.603611876339149,2195,0.17248908296943233,0.6422764227642277,0.2719449225473322,246,0.1991869918699187
RF_T2,1,0.31,RF_T2_t0.31,140,0.5648854961832062,0.6412190082644628,0.5499356771969661,0.6412190082644628,0.5184026044129548,0.5989664222062954,0.4188465657029218,9,32,0.5787878787878787,0.7958333333333333,0.6701754385964912,240,0.8971061093247589,0.46115702479338844,0.6091703056768559,605,0.17391304347826086,0.6666666666666666,0.27586206896551724,72,0.125
RF_T2,2,0.31,RF_T2_t0.31,153,0.5657741559953434,0.6338555208657505,0.5525441075832553,0.6338555208657505,0.5101943904777193,0.600533949284806,0.4147490529975857,15,25,0.5786350148367952,0.8478260869565217,0.6878306878306878,230,0.9304029304029304,0.4471830985915493,0.6040428061831153,568,0.14859437751004015,0.6065573770491803,0.23870967741935484,61,0.2459016393442623
RF_T2,3,0.31,RF_T2_t0.31,115,0.5428893905191874,0.6459565994107517,0.5467894786732049,0.6459565994107517,0.49701078703539175,0.5692871094144931,0.3954938402528806,13,30,0.5240641711229946,0.8412017167381974,0.6457990115321252,233,0.9450980392156862,0.4091680814940577,0.5710900473933649,589,0.17120622568093385,0.6875,0.27414330218068533,64,0.203125
RF_T2,4,0.31,RF_T2_t0.31,81,0.664179104477612,0.663794004397622,0.5989232347606797,0.663794004397622,0.5752150128486551,0.6713927598439465,0.5191728751710506,12,16,0.6704805491990846,0.9099378881987578,0.7720685111989459,322,0.9098712446351931,0.4896073903002309,0.6366366366366366,433,0.21641791044776118,0.5918367346938775,0.31693989071038253,49,0.24489795918367346
RF_T2,pooled,0.32,RF_T2_t0.32,426,0.5911713791113675,0.6405670685408449,0.5587916013503776,0.6405670685408449,0.5275402751794096,0.6163568817922978,0.4387866871268381,56,95,0.5874499332443258,0.8585365853658536,0.6975822433610781,1025,0.9165919282511211,0.46560364464692483,0.6175226586102719,2195,0.17233294255568582,0.5975609756097561,0.267515923566879,246,0.22764227642276422
RF_T2,1,0.32,RF_T2_t0.32,125,0.5779716466739367,0.6445898377716559,0.5518405555659436,0.6445898377716559,0.5268643707262995,0.6110559196709072,0.4261975943822568,9,30,0.5800604229607251,0.8,0.6725043782837128,240,0.8953846153846153,0.4809917355371901,0.6258064516129033,605,0.18007662835249041,0.6527777777777778,0.2822822822822823,72,0.125
RF_T2,2,0.32,RF_T2_t0.32,136,0.5750873108265425,0.6336727301322785,0.5504538336058366,0.6336727301322785,0.514424218111166,0.608079474971423,0.41064256886080996,16,24,0.5668604651162791,0.8478260869565217,0.6794425087108014,230,0.9293286219081273,0.4630281690140845,0.618096357226792,568,0.15517241379310345,0.5901639344262295,0.24573378839590443,61,0.26229508196721313
RF_T2,3,0.32,RF_T2_t0.32,104,0.5485327313769752,0.6348590470621382,0.543708360197722,0.6348590470621382,0.4973386984481767,0.5764978410029755,0.38463755397289867,15,30,0.5212765957446809,0.8412017167381974,0.6436781609195402,233,0.9431818181818182,0.4227504244482173,0.5838218053927315,589,0.16666666666666666,0.640625,0.2645161290322581,64,0.234375
RF_T2,4,0.32,RF_T2_t0.32,61,0.6703980099502488,0.6325072252015577,0.589139494689163,0.6325072252015577,0.5675231041862504,0.6755030997535286,0.5098165671089496,16,11,0.6644295302013423,0.922360248447205,0.7724317295188556,322,0.9012345679012346,0.5057736720554272,0.6479289940828402,433,0.20175438596491227,0.46938775510204084,0.2822085889570552,49,0.32653061224489793
RF_T2,pooled,0.33,RF_T2_t0.33,374,0.6027120600115407,0.64337870622442,0.5607337009572037,0.64337870622442,0.5353286359480617,0.6270229684615317,0.44150446197477233,57,91,0.586046511627907,0.8604878048780488,0.6972332015810276,1025,0.9163793103448276,0.48428246013667425,0.6336810730253353,2195,0.1797752808988764,0.5853658536585366,0.27507163323782235,246,0.23170731707317074
RF_T2,1,0.33,RF_T2_t0.33,112,0.5910577971646674,0.6520393327211509,0.5559684108071205,0.6520393327211509,0.5364226067165807,0.6228538220698621,0.43261915095258763,9,29,0.5795795795795796,0.8041666666666667,0.6736474694589878,240,0.8988095238095238,0.4991735537190083,0.6418703506907545,605,0.18951612903225806,0.6527777777777778,0.29375,72,0.125
RF_T2,2,0.33,RF_T2_t0.33,121,0.590221187427241,0.6421642590157242,0.5538088866682938,0.6421642590157242,0.5253741451283418,0.6215371513421781,0.4198503153696318,16,22,0.5664739884393064,0.8521739130434782,0.6805555555555556,230,0.9290540540540541,0.4841549295774648,0.6365740740740741,568,0.16589861751152074,0.5901639344262295,0.2589928057553957,61,0.26229508196721313
RF_T2,3,0.33,RF_T2_t0.33,91,0.5575620767494357,0.6347440923366148,0.5434766849789705,0.6347440923366148,0.5025991325948157,0.5853864357675488,0.3823995471055228,16,29,0.5171503957783641,0.8412017167381974,0.6405228758169934,233,0.9416058394160584,0.4380305602716469,0.5979142526071842,589,0.17167381974248927,0.625,0.26936026936026936,64,0.25
RF_T2,4,0.33,RF_T2_t0.33,50,0.6791044776119403,0.6258301894911996,0.5886502735408546,0.6258301894911996,0.5708343258359413,0.6836674180676616,0.506828791662143,16,11,0.6644295302013423,0.922360248447205,0.7724317295188556,322,0.8976377952755905,0.5265588914549654,0.6637554585152838,433,0.20388349514563106,0.42857142857142855,0.27631578947368424,49,0.32653061224489793
RF_T2,pooled,0.34,RF_T2_t0.34,298,0.6130986728216965,0.6347545233994482,0.5570669156365597,0.6347545233994482,0.5386813303174558,0.635857015104041,0.44133705773832854,58,83,0.5823451910408433,0.8624390243902439,0.695241840346048,1025,0.9067865903515945,0.5052391799544419,0.6489174956114687,2195,0.1820689655172414,0.5365853658536586,0.27188465499485065,246,0.23577235772357724
RF_T2,1,0.34,RF_T2_t0.34,76,0.6128680479825518,0.6467439546985002,0.5538000168775139,0.6467439546985002,0.547295622836596,0.6409633266825607,0.43940032399734064,9,25,0.5727002967359051,0.8041666666666667,0.6689774696707106,240,0.8858695652173914,0.5388429752066116,0.6700924974306269,605,0.2028301886792453,0.5972222222222222,0.3028169014084507,72,0.125
RF_T2,2,0.34,RF_T2_t0.34,100,0.5913853317811408,0.6045925230642587,0.5370539953873287,0.6045925230642587,0.5130739289463682,0.6223417494699803,0.40541342298772054,17,20,0.5612535612535613,0.8565217391304348,0.6781411359724613,230,0.907051282051282,0.4982394366197183,0.6431818181818182,568,0.14285714285714285,0.45901639344262296,0.2178988326848249,61,0.2786885245901639
RF_T2,3,0.34,RF_T2_t0.34,86,0.5620767494356659,0.6370078161623081,0.5438856975426717,0.6370078161623081,0.5060607048338067,0.5895570036254295,0.3856296655847534,16,28,0.5171503957783641,0.8412017167381974,0.6405228758169934,233,0.9390681003584229,0.44482173174872663,0.6036866359447005,589,0.17543859649122806,0.625,0.273972602739726,64,0.25
RF_T2,4,0.34,RF_T2_t0.34,36,0.6927860696517413,0.6345636155858065,0.599408029320334,0.6345636155858065,0.5860988825310943,0.6951361219553215,0.5113988242157699,16,10,0.6607538802660754,0.9254658385093167,0.7710219922380336,322,0.9015151515151515,0.5496535796766744,0.6829268292682927,433,0.23595505617977527,0.42857142857142855,0.30434782608695654,49,0.32653061224489793
RF_T2,pooled,0.35,RF_T2_t0.35,249,0.6231967686093479,0.6368171071232352,0.5591515284720535,0.6368171071232352,0.5453019789515613,0.6439429627252409,0.45059241482864776,60,71,0.5821382007822686,0.871219512195122,0.6979288784681517,1025,0.9054054054054054,0.5189066059225512,0.6597161888213148,2195,0.18991097922848665,0.5203252032520326,0.2782608695652174,246,0.24390243902439024
RF_T2,1,0.35,RF_T2_t0.35,63,0.6194111232279171,0.6427303336394246,0.5527447438113113,0.6427303336394246,0.5495349595783466,0.6459945991321446,0.43997862513836405,10,23,0.5689149560117303,0.8083333333333333,0.6678141135972461,240,0.883289124668435,0.5504132231404959,0.6782077393075356,605,0.20603015075376885,0.5694444444444444,0.3025830258302583,72,0.1388888888888889
RF_T2,2,0.35,RF_T2_t0.35,82,0.6088474970896391,0.615982602672342,0.5422644770959377,0.615982602672342,0.5258659230000088,0.6362791969301851,0.42381085286140097,17,16,0.5617977528089888,0.8695652173913043,0.6825938566552902,230,0.9076923076923077,0.5193661971830986,0.6606942889137738,568,0.15730337078651685,0.45901639344262296,0.23430962343096234,61,0.2786885245901639
RF_T2,3,0.35,RF_T2_t0.35,77,0.572234762979684,0.6400528450175001,0.5459827135487558,0.6400528450175001,0.512963264620215,0.5985209473447554,0.3973981351766597,16,25,0.5209424083769634,0.8540772532188842,0.6471544715447154,233,0.9372822299651568,0.4567062818336163,0.6141552511415526,589,0.17972350230414746,0.609375,0.2775800711743772,64,0.25
RF_T2,4,0.35,RF_T2_t0.35,27,0.6990049751243781,0.632910579635007,0.6029896373762544,0.632910579635007,0.590578993679769,0.6994751985495941,0.5179138166110977,17,7,0.6593406593406593,0.9316770186335404,0.7722007722007722,322,0.8996282527881041,0.558891454965358,0.6894586894586895,433,0.25,0.40816326530612246,0.31007751937984496,49,0.3469387755102041
RF_T2,pooled,0.36,RF_T2_t0.36,226,0.6301211771494518,0.6411551259020563,0.5618930165441793,0.6411551259020563,0.5511970944423384,0.6495484808945196,0.4583600322219604,60,64,0.5824675324675325,0.8751219512195122,0.6994152046783626,1025,0.9047619047619048,0.5280182232346241,0.6668584579976985,2195,0.19844961240310077,0.5203252032520326,0.287317620650954,246,0.24390243902439024
RF_T2,1,0.36,RF_T2_t0.36,59,0.6226826608505998,0.6452211509029692,0.55422484766085,0.6452211509029692,0.5523213672112052,0.6484212666721024,0.4445638201945399,10,22,0.5685131195335277,0.8125,0.6689536878216124,240,0.8839050131926122,0.5537190082644629,0.6808943089430894,605,0.21025641025641026,0.5694444444444444,0.30711610486891383,72,0.1388888888888889
RF_T2,2,0.36,RF_T2_t0.36,73,0.6239813736903376,0.6244741315557876,0.5479004694225501,0.6244741315557876,0.5370262698099294,0.6495799150709946,0.4318271870377649,17,15,0.5630252100840336,0.8739130434782608,0.6848381601362862,230,0.9109792284866469,0.5404929577464789,0.6784530386740332,568,0.1696969696969697,0.45901639344262296,0.24778761061946902,61,0.2786885245901639
RF_T2,3,0.36,RF_T2_t0.36,73,0.5767494356659142,0.6440459372593882,0.5471316013071202,0.6440459372593882,0.5169105281249488,0.6014661362908725,0.4084348963524699,16,22,0.522077922077922,0.8626609442060086,0.6504854368932039,233,0.9344827586206896,0.4601018675721562,0.6166097838452788,589,0.1848341232227488,0.609375,0.28363636363636363,64,0.25
RF_T2,4,0.36,RF_T2_t0.36,21,0.7039800995024875,0.6359898713979014,0.6080521280521279,0.6359898713979014,0.5974397594901936,0.703335712789786,0.5259342014919295,17,5,0.6593406593406593,0.9316770186335404,0.7722007722007722,322,0.8945454545454545,0.5681293302540416,0.6949152542372882,433,0.2702702702702703,0.40816326530612246,0.3252032520325203,49,0.3469387755102041
RF_T2,pooled,0.37,RF_T2_t0.37,203,0.6341604154645124,0.638815242822132,0.5612909892537111,0.638815242822132,0.5528874193053538,0.6525689862693649,0.4610203526600125,60,59,0.5815006468305304,0.8770731707317073,0.6993387786853364,1025,0.9010736196319018,0.5353075170842825,0.6716204629894256,2195,0.2012987012987013,0.5040650406504065,0.2877030162412993,246,0.24390243902439024
RF_T2,1,0.37,RF_T2_t0.37,51,0.6281352235550709,0.6438973063973064,0.5547279658503194,0.6438973063973064,0.5549607572505434,0.6530758667137749,0.4436475310261718,10,22,0.5668604651162791,0.8125,0.6678082191780822,240,0.883419689119171,0.5636363636363636,0.6881937436932392,605,0.21390374331550802,0.5555555555555556,0.3088803088803089,72,0.1388888888888889
RF_T2,2,0.37,RF_T2_t0.37,66,0.629802095459837,0.623393198344259,0.5472235197399152,0.623393198344259,0.5397946244651036,0.6535655983166685,0.4417772885614848,17,12,0.5642458100558659,0.8782608695652174,0.6870748299319728,230,0.9043478260869565,0.5492957746478874,0.683461117196057,568,0.17307692307692307,0.4426229508196721,0.2488479262672811,61,0.2786885245901639
RF_T2,3,0.37,RF_T2_t0.37,68,0.5778781038374717,0.6399694658389016,0.5442957251629175,0.6399694658389016,0.5164238768625619,0.6017903917844561,0.4076740063573282,16,21,0.5180412371134021,0.8626609442060086,0.6473429951690821,233,0.9285714285714286,0.4634974533106961,0.6183465458663646,589,0.18627450980392157,0.59375,0.2835820895522388,64,0.25
RF_T2,4,0.37,RF_T2_t0.37,18,0.7077114427860697,0.6325318158190075,0.6093077188061318,0.6325318158190075,0.5984170069535864,0.7062104663299931,0.5293646210237251,17,4,0.6600877192982456,0.9347826086956522,0.7737789203084833,322,0.8924731182795699,0.5750577367205543,0.699438202247191,433,0.2753623188405797,0.3877551020408163,0.3220338983050847,49,0.3469387755102041
RF_T2,pooled,0.38,RF_T2_t0.38,192,0.6431044431621465,0.6394036705742911,0.5638255902492821,0.6394036705742911,0.5585820695642377,0.660163703677142,0.46408918251507314,61,55,0.5807073954983922,0.8809756097560976,0.7,1025,0.9013452914798207,0.5494305239179954,0.68270591565242,2195,0.2094240837696335,0.4878048780487805,0.29304029304029305,246,0.24796747967479674
RF_T2,1,0.38,RF_T2_t0.38,56,0.6390403489640131,0.642087542087542,0.5567312805566603,0.642087542087542,0.560390703964479,0.6623171905395826,0.4431968624640408,11,21,0.5648414985590778,0.8166666666666667,0.6678023850085179,240,0.8844221105527639,0.5818181818181818,0.7018943170488534,605,0.22093023255813954,0.5277777777777778,0.3114754098360656,72,0.1527777777777778
RF_T2,2,0.38,RF_T2_t0.38,60,0.640279394644936,0.6206444774611078,0.5476128947317278,0.6206444774611078,0.5438219811578816,0.6617645018388212,0.44901845979763955,17,10,0.5650969529085873,0.8869565217391304,0.6903553299492385,230,0.901685393258427,0.5651408450704225,0.6948051948051948,568,0.176056338028169,0.4098360655737705,0.24630541871921183,61,0.2786885245901639
RF_T2,3,0.38,RF_T2_t0.38,62,0.5880361173814899,0.6459275286548088,0.5480961942558175,0.6459275286548088,0.5246002426271277,0.6111290328152302,0.4133173180572238,16,20,0.517948717948718,0.8669527896995708,0.6484751203852327,233,0.9304635761589404,0.4770797962648557,0.6307519640852974,589,0.1958762886597938,0.59375,0.29457364341085274,64,0.25
RF_T2,4,0.38,RF_T2_t0.38,14,0.7114427860696517,0.6348412846411785,0.6148560132078918,0.6348412846411785,0.6036713536071687,0.7094401545122907,0.5293487319919038,17,4,0.6586433260393874,0.9347826086956522,0.772785622593068,322,0.8936170212765957,0.581986143187067,0.7048951048951049,433,0.2923076923076923,0.3877551020408163,0.3333333333333333,49,0.3469387755102041
RF_T2,pooled,0.39,RF_T2_t0.39,172,0.6482977495672244,0.6354382650888012,0.5635593952806454,0.6354382650888012,0.5599744448649107,0.6644480460696063,0.4644021803153502,63,51,0.5803971812940423,0.8839024390243903,0.7006960556844548,1025,0.8995601173020528,0.558997722095672,0.6895195279572913,2195,0.21072088724584104,0.4634146341463415,0.289707750952986,246,0.25609756097560976
RF_T2,1,0.39,RF_T2_t0.39,54,0.6412213740458015,0.6285506580961125,0.5515343915343915,0.6285506580961125,0.5555784087752539,0.6635800132941541,0.44114435907804284,12,19,0.5657142857142857,0.825,0.6711864406779661,240,0.8790123456790123,0.5884297520661157,0.7049504950495049,605,0.20987654320987653,0.4722222222222222,0.2905982905982906,72,0.16666666666666666
RF_T2,2,0.39,RF_T2_t0.39,49,0.6507566938300349,0.6259261676019529,0.5520049835069979,0.6259261676019529,0.5520813238291825,0.6702786727112701,0.4546288240411974,17,9,0.56353591160221,0.8869565217391304,0.6891891891891891,230,0.9016393442622951,0.5809859154929577,0.7066381156316917,568,0.19083969465648856,0.4098360655737705,0.2604166666666667,61,0.2786885245901639
RF_T2,3,0.39,RF_T2_t0.39,56,0.5948081264108352,0.6501877986014462,0.5509684454858098,0.6501877986014462,0.5302070614570614,0.6172848071479561,0.41895234353136723,16,19,0.5191815856777494,0.871244635193133,0.6506410256410257,233,0.9315960912052117,0.4855687606112054,0.6383928571428571,589,0.20212765957446807,0.59375,0.30158730158730157,64,0.25
RF_T2,4,0.39,RF_T2_t0.39,13,0.7126865671641791,0.6235453112864786,0.6107156550387991,0.6235453112864786,0.5976799917377428,0.7101209726173326,0.5199739470256187,18,4,0.6572052401746725,0.9347826086956522,0.7717948717948718,322,0.8916083916083916,0.5889145496535797,0.7093184979137691,433,0.2833333333333333,0.3469387755102041,0.3119266055045872,49,0.3673469387755102
RF_T2,pooled,0.4,RF_T2_t0.40,155,0.6543566070398154,0.6369143964788168,0.5659956904645845,0.6369143964788168,0.5643544457111078,0.6693557623183146,0.470139491055631,63,46,0.5810983397190294,0.8878048780487805,0.7024314936318024,1025,0.898989898989899,0.5676537585421413,0.695895001396258,2195,0.2178988326848249,0.45528455284552843,0.29473684210526313,246,0.25609756097560976
RF_T2,1,0.4,RF_T2_t0.40,54,0.6423118865866958,0.6250229568411386,0.550138101329464,0.6250229568411386,0.5546062447652308,0.6642246240383375,0.438877979793869,12,19,0.5641025641025641,0.825,0.6700507614213198,240,0.8774509803921569,0.5917355371900826,0.7068114511352419,605,0.2088607594936709,0.4583333333333333,0.28695652173913044,72,0.16666666666666666
RF_T2,2,0.4,RF_T2_t0.40,39,0.6623981373690337,0.6286419275931188,0.5564034942946081,0.6286419275931188,0.5594965664174704,0.6795627924769022,0.4657593083826985,17,7,0.5659340659340659,0.8956521739130435,0.6936026936026936,230,0.901595744680851,0.596830985915493,0.7182203389830508,568,0.20168067226890757,0.39344262295081966,0.26666666666666666,61,0.2786885245901639
RF_T2,3,0.4,RF_T2_t0.40,51,0.6038374717832957,0.6564446146690276,0.554618435751172,0.6564446146690276,0.5381474633909326,0.6247698619079637,0.43228087075438426,16,16,0.5216284987277354,0.8798283261802575,0.6549520766773163,233,0.9299363057324841,0.49575551782682514,0.646733111849391,589,0.2122905027932961,0.59375,0.31275720164609055,64,0.25
RF_T2,4,0.4,RF_T2_t0.40,11,0.7151741293532339,0.6250849571679259,0.6142232665205486,0.6250849571679259,0.6008168776247899,0.7124044796972464,0.5206044289213902,18,4,0.6572052401746725,0.9347826086956522,0.7717948717948718,322,0.8923611111111112,0.5935334872979214,0.7128987517337032,433,0.29310344827586204,0.3469387755102041,0.3177570093457944,49,0.3673469387755102
RF_T2,pooled,0.41,RF_T2_t0.41,137,0.6595499134448932,0.6350086115895327,0.5669013516025069,0.6350086115895327,0.5668442478842753,0.6735427560798964,0.4708887763817444,63,44,0.5802547770700637,0.8887804878048781,0.7021194605009634,1025,0.8973087818696884,0.5772209567198178,0.7025228721929582,2195,0.2231404958677686,0.43902439024390244,0.2958904109589041,246,0.25609756097560976
RF_T2,1,0.41,RF_T2_t0.41,54,0.6423118865866958,0.6209442913988369,0.5482801751094434,0.6209442913988369,0.5527138927896204,0.6641146700181678,0.4368266805542792,12,19,0.5641025641025641,0.825,0.6700507614213198,240,0.875609756097561,0.5933884297520661,0.7073891625615764,605,0.20512820512820512,0.4444444444444444,0.2807017543859649,72,0.16666666666666666
RF_T2,2,0.41,RF_T2_t0.41,36,0.6658905704307334,0.6215096590471793,0.5539794855699959,0.6215096590471793,0.5576275137872598,0.6814309468493814,0.4661671723290378,17,6,0.5640326975476839,0.9,0.6934673366834171,230,0.8979057591623036,0.6038732394366197,0.7221052631578947,568,0.2,0.36065573770491804,0.2573099415204678,61,0.2786885245901639
RF_T2,3,0.41,RF_T2_t0.41,41,0.6173814898419865,0.6632357861461073,0.5600904024645467,0.6632357861461073,0.5498468945952283,0.6371925353374313,0.43796750140232055,16,15,0.5203045685279187,0.8798283261802575,0.6539074960127592,233,0.9296636085626911,0.5161290322580645,0.6637554585152838,589,0.23030303030303031,0.59375,0.3318777292576419,64,0.25
RF_T2,4,0.41,RF_T2_t0.41,6,0.7189054726368159,0.6213615278423851,0.6166256718542188,0.6213615278423851,0.6015095421512534,0.7154490998133747,0.5189160611313981,18,4,0.6572052401746725,0.9347826086956522,0.7717948717948718,322,0.8907849829351536,0.6027713625866051,0.71900826446281,433,0.3018867924528302,0.32653061224489793,0.3137254901960784,49,0.3673469387755102
RF_T2,pooled,0.42,RF_T2_t0.42,127,0.6638776687824581,0.6338503990962461,0.5681943739121754,0.6338503990962461,0.5690691029905923,0.6770886223329722,0.47019336463601125,64,43,0.579047619047619,0.8897560975609756,0.7015384615384616,1025,0.8972746331236897,0.5849658314350797,0.7082184225041368,2195,0.22826086956521738,0.4268292682926829,0.29745042492917845,246,0.2601626016260163
RF_T2,1,0.42,RF_T2_t0.42,52,0.6477644492911668,0.6204583715947353,0.5492973824683259,0.6204583715947353,0.5554458924706923,0.6678253853509291,0.43917861326201657,12,18,0.5605633802816902,0.8291666666666667,0.66890756302521,240,0.875,0.6016528925619835,0.713026444662096,605,0.21232876712328766,0.4305555555555556,0.28440366972477066,72,0.16666666666666666
RF_T2,2,0.42,RF_T2_t0.42,32,0.670547147846333,0.6189794504733318,0.5542876636552021,0.6189794504733318,0.5586820880107396,0.685154566608568,0.46546359676415683,17,6,0.5640326975476839,0.9,0.6934673366834171,230,0.8969072164948454,0.6126760563380281,0.7280334728033473,568,0.20192307692307693,0.3442622950819672,0.2545454545454545,61,0.2786885245901639
RF_T2,3,0.42,RF_T2_t0.42,37,0.6241534988713319,0.6619889695077372,0.5619312853773224,0.6619889695077372,0.5538657872627972,0.6438697615396589,0.43419027345668904,17,15,0.5189873417721519,0.8798283261802575,0.6528662420382165,233,0.9311377245508982,0.5280135823429541,0.6738894907908992,589,0.2356687898089172,0.578125,0.334841628959276,64,0.265625
RF_T2,4,0.42,RF_T2_t0.42,6,0.7189054726368159,0.6213615278423851,0.6166256718542188,0.6213615278423851,0.6015095421512534,0.7154490998133747,0.5189160611313981,18,4,0.6572052401746725,0.9347826086956522,0.7717948717948718,322,0.8907849829351536,0.6027713625866051,0.71900826446281,433,0.3018867924528302,0.32653061224489793,0.3137254901960784,49,0.3673469387755102
RF_T2,pooled,0.43,RF_T2_t0.43,113,0.668205424120023,0.6337219969010625,0.5702003860575962,0.6337219969010625,0.5718936380330136,0.6807273236516849,0.4688498138488938,65,43,0.577580747308423,0.8897560975609756,0.7004608294930875,1025,0.8978605935127675,0.5927107061503417,0.7140504939626784,2195,0.23515981735159816,0.4186991869918699,0.30116959064327486,246,0.26422764227642276
RF_T2,1,0.43,RF_T2_t0.43,50,0.6521264994547438,0.6226622283440465,0.5516806722689075,0.6226622283440465,0.5590560924477169,0.6711844230847402,0.43933321473792153,12,18,0.5574229691876751,0.8291666666666667,0.6666666666666666,240,0.8761904761904762,0.6082644628099173,0.7180487804878048,605,0.22142857142857142,0.4305555555555556,0.29245283018867924,72,0.16666666666666666
RF_T2,2,0.43,RF_T2_t0.43,27,0.6752037252619325,0.6164492418994844,0.5548748844349085,0.6164492418994844,0.5597866610524839,0.6886170431358389,0.46409325105861177,17,6,0.5625,0.9,0.6923076923076923,230,0.8959390862944162,0.6214788732394366,0.7338877338877339,568,0.20618556701030927,0.32786885245901637,0.25316455696202533,61,0.2786885245901639
RF_T2,3,0.43,RF_T2_t0.43,32,0.6297968397291196,0.6601762219129438,0.5633432362844127,0.6601762219129438,0.5569103829672365,0.649406612054853,0.43002335216572496,18,15,0.5176767676767676,0.8798283261802575,0.6518282988871225,233,0.9323529411764706,0.5382003395585738,0.682454251883746,589,0.24,0.5625,0.3364485981308411,64,0.28125
RF_T2,4,0.43,RF_T2_t0.43,4,0.7213930348258707,0.6229011737238324,0.6208187180331882,0.6229011737238324,0.6047741147741148,0.7177267964208263,0.519552934485615,18,4,0.6572052401746725,0.9347826086956522,0.7717948717948718,322,0.8915254237288136,0.6073903002309469,0.7225274725274725,433,0.3137254901960784,0.32653061224489793,0.32,49,0.3673469387755102
RF_T2,pooled,0.44,RF_T2_t0.44,111,0.671667628390075,0.6307317073170732,0.5706557350801457,0.6307317073170732,0.5729068680215931,0.6832504189097844,0.46755222404002084,65,42,0.5757575757575758,0.8897560975609756,0.6991184361824454,1025,0.8959183673469387,0.6,0.7186903137789904,2195,0.24029126213592233,0.4024390243902439,0.3009118541033435,246,0.26422764227642276
RF_T2,1,0.44,RF_T2_t0.44,54,0.6543075245365322,0.6115281603917967,0.5471366161973896,0.6115281603917967,0.5551426234256517,0.6712367441780578,0.4337983567271483,12,17,0.5497237569060773,0.8291666666666667,0.6611295681063123,240,0.8694638694638694,0.6165289256198347,0.7214700193423598,605,0.2222222222222222,0.3888888888888889,0.2828282828282828,72,0.16666666666666666
RF_T2,2,0.44,RF_T2_t0.44,20,0.6833527357392316,0.6205572231201416,0.5608259443982636,0.6205572231201416,0.566747470095634,0.6954983158106764,0.4668645698154623,17,6,0.5625,0.9,0.6923076923076923,230,0.8977556109725686,0.6338028169014085,0.7430340557275542,568,0.2222222222222222,0.32786885245901637,0.26490066225165565,61,0.2786885245901639
RF_T2,3,0.44,RF_T2_t0.44,33,0.6331828442437923,0.6572316124053037,0.563163620210097,0.6572316124053037,0.5580408985252496,0.652562158821826,0.428760853367395,18,15,0.5176767676767676,0.8798283261802575,0.6518282988871225,233,0.9304347826086956,0.5449915110356537,0.6873661670235546,589,0.2413793103448276,0.546875,0.3349282296650718,64,0.28125
RF_T2,4,0.44,RF_T2_t0.44,4,0.7213930348258707,0.6229011737238324,0.6208187180331882,0.6229011737238324,0.6047741147741148,0.7177267964208263,0.519552934485615,18,4,0.6572052401746725,0.9347826086956522,0.7717948717948718,322,0.8915254237288136,0.6073903002309469,0.7225274725274725,433,0.3137254901960784,0.32653061224489793,0.32,49,0.3673469387755102
RF_T2,pooled,0.45,RF_T2_t0.45,106,0.6751298326601269,0.6304944101832818,0.5726061817891163,0.6304944101832818,0.5751062393748889,0.685942860115426,0.4683234754401102,67,39,0.5748427672955975,0.8917073170731707,0.6990439770554493,1025,0.8961564396493594,0.6054669703872437,0.7226753670473083,2195,0.24681933842239187,0.3943089430894309,0.30359937402190923,246,0.27235772357723576
RF_T2,1,0.45,RF_T2_t0.45,54,0.6564885496183206,0.6053106825834099,0.5449940808388297,0.6053106825834099,0.5523863713845742,0.6727424027772615,0.42734249355078957,14,16,0.547945205479452,0.8333333333333334,0.6611570247933884,240,0.8703703703703703,0.6214876033057851,0.7251687560270009,605,0.21666666666666667,0.3611111111111111,0.2708333333333333,72,0.19444444444444445
RF_T2,2,0.45,RF_T2_t0.45,20,0.6868451688009313,0.6231802074026482,0.5640944601172161,0.6231802074026482,0.5704852095485514,0.6977994376054778,0.4768728446694548,17,4,0.5636856368563685,0.9043478260869565,0.6944908180300501,230,0.8960396039603961,0.6373239436619719,0.7448559670781894,568,0.23255813953488372,0.32786885245901637,0.272108843537415,61,0.2786885245901639
RF_T2,3,0.45,RF_T2_t0.45,27,0.6410835214446953,0.661193129100267,0.5678884767808998,0.661193129100267,0.5653943564232714,0.6597443196634971,0.43018202120341886,18,15,0.5163727959697733,0.8798283261802575,0.6507936507936508,233,0.9318181818181818,0.5568760611205433,0.6971307120085016,589,0.25547445255474455,0.546875,0.3482587064676617,64,0.28125
RF_T2,4,0.45,RF_T2_t0.45,5,0.7213930348258707,0.6229011737238324,0.6224329480693721,0.6229011737238324,0.6055221512967992,0.7175280141303896,0.5184694117792841,18,4,0.6557734204793029,0.9347826086956522,0.7708066581306018,322,0.8915254237288136,0.6073903002309469,0.7225274725274725,433,0.32,0.32653061224489793,0.32323232323232326,49,0.3673469387755102
RF_T2,pooled,0.46,RF_T2_t0.46,101,0.6785920369301789,0.6263009673376917,0.5729196773460383,0.6263009673376917,0.5753103620009772,0.688437468805615,0.465582465574067,68,38,0.5730407523510972,0.8917073170731707,0.6977099236641221,1025,0.8943521594684385,0.6132118451025057,0.7275675675675676,2195,0.25136612021857924,0.37398373983739835,0.3006535947712418,246,0.2764227642276423
RF_T2,1,0.46,RF_T2_t0.46,46,0.6597600872410033,0.5947275788184879,0.5407251615645056,0.5947275788184879,0.548079351567312,0.6739648081973864,0.4234930789168919,14,15,0.5449591280653951,0.8333333333333334,0.6589785831960461,240,0.8642533936651584,0.631404958677686,0.7297039159503342,605,0.21296296296296297,0.3194444444444444,0.25555555555555554,72,0.19444444444444445
RF_T2,2,0.46,RF_T2_t0.46,20,0.6915017462165308,0.6206499988288008,0.5654358626919602,0.6206499988288008,0.5715018705243678,0.7013538917427538,0.4762759815457137,17,4,0.5636856368563685,0.9043478260869565,0.6944908180300501,230,0.8951219512195122,0.6461267605633803,0.7505112474437627,568,0.2375,0.3114754098360656,0.2695035460992908,61,0.2786885245901639
RF_T2,3,0.46,RF_T2_t0.46,30,0.6467268623024831,0.6593803815054735,0.5703619646182495,0.6593803815054735,0.5690871383426946,0.6648475793274097,0.424597896133731,19,15,0.5125,0.8798283261802575,0.6477093206951027,233,0.9329608938547486,0.567062818336163,0.7053854276663146,589,0.265625,0.53125,0.3541666666666667,64,0.296875
RF_T2,4,0.46,RF_T2_t0.46,5,0.7213930348258707,0.6229011737238324,0.6224329480693721,0.6229011737238324,0.6055221512967992,0.7175280141303896,0.5184694117792841,18,4,0.6557734204793029,0.9347826086956522,0.7708066581306018,322,0.8915254237288136,0.6073903002309469,0.7225274725274725,433,0.32,0.32653061224489793,0.32323232323232326,49,0.3673469387755102
RF_T2,pooled,0.47,RF_T2_t0.47,106,0.6846508944027697,0.6234742670889123,0.575604511250449,0.6234742670889123,0.5777185079766557,0.6932684910453722,0.4640727362467254,69,37,0.5723231058234189,0.8917073170731707,0.6971777269260107,1025,0.8932291666666666,0.6250569476082004,0.7354596622889306,2195,0.26126126126126126,0.35365853658536583,0.3005181347150259,246,0.2804878048780488
RF_T2,1,0.47,RF_T2_t0.47,43,0.6684841875681571,0.5991352923171105,0.5473424571583673,0.5991352923171105,0.555540264928542,0.6809141559647575,0.42924517708356724,14,14,0.5449591280653951,0.8333333333333334,0.6589785831960461,240,0.8647450110864745,0.6446280991735537,0.7386363636363636,605,0.23232323232323232,0.3194444444444444,0.26900584795321636,72,0.19444444444444445
RF_T2,2,0.47,RF_T2_t0.47,26,0.6949941792782305,0.6077776829664133,0.560520942149542,0.6077776829664133,0.564348933916241,0.7029645126662176,0.4654169433640072,18,4,0.5606469002695418,0.9043478260869565,0.6921797004991681,230,0.8923444976076556,0.6566901408450704,0.7565922920892495,568,0.22857142857142856,0.26229508196721313,0.24427480916030533,61,0.29508196721311475
RF_T2,3,0.47,RF_T2_t0.47,28,0.6512415349887133,0.6523593005773467,0.5693761384335154,0.6523593005773467,0.5691924308227928,0.6688146856029846,0.4212757977311664,19,15,0.5125,0.8798283261802575,0.6477093206951027,233,0.9289617486338798,0.5772495755517827,0.7120418848167539,589,0.26666666666666666,0.5,0.34782608695652173,64,0.296875
RF_T2,4,0.47,RF_T2_t0.47,9,0.7288557213930348,0.6275201113681742,0.6376991639189541,0.6275201113681742,0.6159542356279782,0.7244228616544557,0.5204093206134768,18,4,0.6557734204793029,0.9347826086956522,0.7708066581306018,322,0.893687707641196,0.6212471131639723,0.7329700272479565,433,0.36363636363636365,0.32653061224489793,0.34408602150537637,49,0.3673469387755102
RF_T2,pooled,0.48,RF_T2_t0.48,117,0.688401615695326,0.6206358377934577,0.5771497942320607,0.6206358377934577,0.5785375366044467,0.6961043784116702,0.46242807272285114,69,37,0.5716072545340838,0.8917073170731707,0.6966463414634146,1025,0.8921001926782274,0.6328018223234624,0.740405117270789,2195,0.267741935483871,0.33739837398373984,0.29856115107913667,246,0.2804878048780488
RF_T2,1,0.48,RF_T2_t0.48,45,0.6739367502726281,0.5978114478114478,0.5499551078628352,0.5978114478114478,0.5576315116146854,0.68494254527785,0.4279345533321932,14,14,0.5434782608695652,0.8333333333333334,0.6578947368421053,240,0.8646288209606987,0.6545454545454545,0.7450611476952023,605,0.24175824175824176,0.3055555555555556,0.26993865030674846,72,0.19444444444444445
RF_T2,2,0.48,RF_T2_t0.48,30,0.6984866123399301,0.6095382463466951,0.5648918887751161,0.6095382463466951,0.5677874694379077,0.7056969849986489,0.46598301781044915,18,4,0.5591397849462365,0.9043478260869565,0.6910299003322259,230,0.8931116389548693,0.6619718309859155,0.7603640040444893,568,0.24242424242424243,0.26229508196721313,0.25196850393700787,61,0.29508196721311475
RF_T2,3,0.48,RF_T2_t0.48,28,0.6580135440180587,0.6557548863158866,0.5744364270892284,0.6557548863158866,0.5757810430369873,0.6750073814165685,0.4229897182405552,19,15,0.5125,0.8798283261802575,0.6477093206951027,233,0.9301075268817204,0.5874363327674024,0.7200832466181062,589,0.2807017543859649,0.5,0.3595505617977528,64,0.296875
RF_T2,4,0.48,RF_T2_t0.48,14,0.7276119402985075,0.6086515939843152,0.6249092229484386,0.6086515939843152,0.5998949163055588,0.7217032484749734,0.5117991460639685,18,4,0.6557734204793029,0.9347826086956522,0.7708066581306018,322,0.8856209150326797,0.625866050808314,0.7334235453315291,433,0.3333333333333333,0.2653061224489796,0.29545454545454547,49,0.3673469387755102
RF_T2,pooled,0.49,RF_T2_t0.49,144,0.6927293710328909,0.620507435598274,0.5820221577235771,0.620507435598274,0.5822641184811765,0.6991360600454452,0.4662706752393768,69,32,0.5705368289637952,0.8917073170731707,0.6958507803578227,1025,0.8893105629348513,0.6405466970387244,0.7447033898305084,2195,0.2862190812720848,0.32926829268292684,0.30623818525519847,246,0.2804878048780488
RF_T2,1,0.49,RF_T2_t0.49,54,0.6772082878953108,0.5953856749311296,0.5524166948147778,0.5953856749311296,0.5585849044042225,0.6864944692531628,0.42801385173088724,14,13,0.5390835579514824,0.8333333333333334,0.6546644844517185,240,0.8620689655172413,0.6611570247933884,0.7483629560336763,605,0.25609756097560976,0.2916666666666667,0.2727272727272727,72,0.19444444444444445
RF_T2,2,0.49,RF_T2_t0.49,32,0.7008149010477299,0.6107119552668828,0.5675856020742774,0.6107119552668828,0.5699652308204628,0.7076375401697046,0.46682770004746454,18,4,0.5591397849462365,0.9043478260869565,0.6910299003322259,230,0.8936170212765957,0.6654929577464789,0.7628657921291625,568,0.25,0.26229508196721313,0.256,61,0.29508196721311475
RF_T2,3,0.49,RF_T2_t0.49,38,0.6670428893905191,0.6602823339672731,0.5822979594576453,0.6602823339672731,0.5859356375900125,0.6825775998353224,0.4317513015920924,19,13,0.5125,0.8798283261802575,0.6477093206951027,233,0.9267015706806283,0.601018675721562,0.729145211122554,589,0.3076923076923077,0.5,0.38095238095238093,64,0.296875
RF_T2,4,0.49,RF_T2_t0.49,20,0.7300995024875622,0.6041583417180508,0.6325383041069316,0.6041583417180508,0.5996866849195093,0.7226905730789884,0.5171705083511109,18,2,0.6557734204793029,0.9347826086956522,0.7708066581306018,322,0.8782051282051282,0.6327944572748267,0.7355704697986577,433,0.36363636363636365,0.24489795918367346,0.2926829268292683,49,0.3673469387755102
RF_T2,pooled,0.5,RF_T2_t0.50,159,0.6938834391229083,0.6163022637060084,0.5814724113094056,0.6163022637060084,0.5804120129942174,0.699611869961816,0.4636268560973844,71,30,0.5694704049844237,0.8917073170731707,0.6950570342205323,1025,0.8876333961079724,0.6441913439635535,0.7465681098204857,2195,0.2873134328358209,0.3130081300813008,0.29961089494163423,246,0.2886178861788618
RF_T2,1,0.5,RF_T2_t0.50,58,0.6761177753544165,0.5866773798591981,0.5466321763551852,0.5866773798591981,0.5516874776444575,0.684540909220017,0.4222611130556527,15,12,0.5376344086021505,0.8333333333333334,0.6535947712418301,240,0.8586723768736617,0.6628099173553719,0.7481343283582089,605,0.24358974358974358,0.2638888888888889,0.25333333333333335,72,0.20833333333333334
RF_T2,2,0.5,RF_T2_t0.50,38,0.7077997671711292,0.6142330820274463,0.5767022496722163,0.6142330820274463,0.576749465385277,0.7134771225267033,0.4694090298846275,18,4,0.5591397849462365,0.9043478260869565,0.6910299003322259,230,0.8951048951048951,0.676056338028169,0.7703109327983951,568,0.27586206896551724,0.26229508196721313,0.2689075630252101,61,0.29508196721311475
RF_T2,3,0.5,RF_T2_t0.50,40,0.6659142212189616,0.6550740006339398,0.5798084993662705,0.6550740006339398,0.5828589115976309,0.6812714890003858,0.428516893793049,19,13,0.5112219451371571,0.8798283261802575,0.6466876971608833,233,0.9242819843342036,0.601018675721562,0.7283950617283951,589,0.30392156862745096,0.484375,0.37349397590361444,64,0.296875
RF_T2,4,0.5,RF_T2_t0.50,23,0.7300995024875622,0.5981254435703391,0.6322702236991907,0.5981254435703391,0.5948601438823521,0.7218115549318135,0.5131682493048633,19,1,0.6543478260869565,0.9347826086956522,0.7698209718670077,322,0.8757961783439491,0.6351039260969977,0.7362784471218207,433,0.36666666666666664,0.22448979591836735,0.27848101265822783,49,0.3877551020408163
RF_T2,pooled,0.51,RF_T2_t0.51,169,0.6933064050778996,0.6099827768209345,0.5775683113148348,0.6099827768209345,0.5756286200614661,0.6984274900654593,0.46106483364869044,72,28,0.5691158156911582,0.8917073170731707,0.6947928544279741,1025,0.8845193508114857,0.6455580865603645,0.7463787200421386,2195,0.27906976744186046,0.2926829268292683,0.2857142857142857,246,0.2926829268292683
RF_T2,1,0.51,RF_T2_t0.51,61,0.6772082878953108,0.5872283440465259,0.548762296957218,0.5872283440465259,0.5533350497821868,0.6847968494288234,0.42938489897033094,15,10,0.5376344086021505,0.8333333333333334,0.6535947712418301,240,0.8553191489361702,0.6644628099173554,0.747906976744186,605,0.25333333333333335,0.2638888888888889,0.2585034013605442,72,0.20833333333333334
RF_T2,2,0.51,RF_T2_t0.51,41,0.7066356228172294,0.6038909747389062,0.5682963143984648,0.6038909747389062,0.5674697368923513,0.7113166647350949,0.46398464726382227,18,4,0.5591397849462365,0.9043478260869565,0.6910299003322259,230,0.8912037037037037,0.6778169014084507,0.77,568,0.2545454545454545,0.22950819672131148,0.2413793103448276,61,0.29508196721311475
RF_T2,3,0.51,RF_T2_t0.51,44,0.6636568848758465,0.6400149315903632,0.5717845512138297,0.6400149315903632,0.5731844772964633,0.6788681965968777,0.4170569615008536,20,13,0.5099502487562189,0.8798283261802575,0.6456692913385826,233,0.9196891191709845,0.6027164685908319,0.7282051282051282,589,0.2857142857142857,0.4375,0.345679012345679,64,0.3125
RF_T2,4,0.51,RF_T2_t0.51,23,0.7300995024875622,0.5981254435703391,0.6322702236991907,0.5981254435703391,0.5948601438823521,0.7218115549318135,0.5131682493048633,19,1,0.6543478260869565,0.9347826086956522,0.7698209718670077,322,0.8757961783439491,0.6351039260969977,0.7362784471218207,433,0.36666666666666664,0.22448979591836735,0.27848101265822783,49,0.3877551020408163
RF_T2,pooled,0.52,RF_T2_t0.52,189,0.6964800923254472,0.6092469334716126,0.581811203934896,0.6092469334716126,0.5777088736625828,0.7006551718765781,0.46197069070703745,72,26,0.5680546923555003,0.8917073170731707,0.6940015186028854,1025,0.8832612723903644,0.6514806378132119,0.7498689040377556,2195,0.29411764705882354,0.2845528455284553,0.2892561983471074,246,0.2926829268292683
RF_T2,1,0.52,RF_T2_t0.52,71,0.6837513631406761,0.586455463728191,0.5557769902589001,0.586455463728191,0.5565162822065949,0.6894587151120404,0.4277011095285401,15,10,0.5347593582887701,0.8333333333333334,0.6514657980456026,240,0.8556485355648535,0.6760330578512397,0.7553093259464451,605,0.27692307692307694,0.25,0.26277372262773724,72,0.20833333333333334
RF_T2,2,0.52,RF_T2_t0.52,45,0.7112922002328289,0.6062383925792819,0.5752838079100635,0.6062383925792819,0.5719767662462001,0.7151691540992231,0.4657071319340449,18,4,0.5591397849462365,0.9043478260869565,0.6910299003322259,230,0.8922018348623854,0.6848591549295775,0.7749003984063745,568,0.27450980392156865,0.22950819672131148,0.25,61,0.29508196721311475
RF_T2,3,0.52,RF_T2_t0.52,49,0.6659142212189616,0.6411467935032098,0.5750482492417975,0.6411467935032098,0.5768858714438396,0.6801346873572658,0.4234800558029367,20,11,0.5086848635235732,0.8798283261802575,0.6446540880503144,233,0.9153846153846154,0.6061120543293718,0.7293156281920327,589,0.3010752688172043,0.4375,0.35668789808917195,64,0.3125
RF_T2,4,0.52,RF_T2_t0.52,24,0.7288557213930348,0.5913227224819038,0.6240637617699087,0.5913227224819038,0.5871751153081076,0.719936328913502,0.5099646141096306,19,1,0.6543478260869565,0.9347826086956522,0.7698209718670077,322,0.873015873015873,0.6351039260969977,0.7352941176470589,433,0.3448275862068966,0.20408163265306123,0.2564102564102564,49,0.3877551020408163
RF_T2,pooled,0.53,RF_T2_t0.53,202,0.6976341604154646,0.605041761579347,0.5809637982225979,0.605041761579347,0.5752083879901326,0.7011439609898735,0.45853021915159975,74,25,0.5673494723774053,0.8917073170731707,0.6934749620637329,1025,0.8822085889570552,0.655125284738041,0.7518954248366013,2195,0.29333333333333333,0.2682926829268293,0.2802547770700637,246,0.3008130081300813
RF_T2,1,0.53,RF_T2_t0.53,78,0.6892039258451472,0.5851316192225283,0.5611776365524719,0.5851316192225283,0.558157383164107,0.6934249009337069,0.4269466316710412,15,10,0.5347593582887701,0.8333333333333334,0.6514657980456026,240,0.8556701030927835,0.6859504132231405,0.7614678899082569,605,0.29310344827586204,0.2361111111111111,0.26153846153846155,72,0.20833333333333334
RF_T2,2,0.53,RF_T2_t0.53,46,0.7124563445867288,0.6068252470393757,0.5771960991773496,0.6068252470393757,0.5731338518565177,0.7161351401156248,0.46614287047461345,18,4,0.5591397849462365,0.9043478260869565,0.6910299003322259,230,0.8924485125858124,0.6866197183098591,0.7761194029850746,568,0.28,0.22950819672131148,0.25225225225225223,61,0.29508196721311475
RF_T2,3,0.53,RF_T2_t0.53,53,0.664785553047404,0.6312960577929664,0.5701673499539679,0.6312960577929664,0.5708785298372661,0.6785264243402068,0.4177633241781388,21,10,0.5074257425742574,0.8798283261802575,0.6436420722135008,233,0.910941475826972,0.6078098471986417,0.7291242362525459,589,0.29213483146067415,0.40625,0.33986928104575165,64,0.328125
RF_T2,4,0.53,RF_T2_t0.53,25,0.7276119402985075,0.5845200013934684,0.6157909536434482,0.5845200013934684,0.579299384911285,0.7181625262001778,0.50172079591756,20,1,0.6529284164859002,0.9347826086956522,0.768837803320562,322,0.873015873015873,0.6351039260969977,0.7352941176470589,433,0.32142857142857145,0.1836734693877551,0.23376623376623376,49,0.40816326530612246
RF_T2,pooled,0.54,RF_T2_t0.54,217,0.6982111944604732,0.5993297158484113,0.5788091601253834,0.5993297158484113,0.5711853504503654,0.7007370253265147,0.4571192529728719,74,23,0.5669975186104218,0.8917073170731707,0.6932119833143724,1025,0.8789537712895377,0.6583143507972665,0.752800208387601,2195,0.2904761904761905,0.24796747967479674,0.2675438596491228,246,0.3008130081300813
RF_T2,1,0.54,RF_T2_t0.54,80,0.6902944383860414,0.5856825834098561,0.5641800774818048,0.5856825834098561,0.5596651866501214,0.6940339939839972,0.43083795064561015,15,9,0.5347593582887701,0.8333333333333334,0.6514657980456026,240,0.8542094455852156,0.687603305785124,0.7619047619047619,605,0.30357142857142855,0.2361111111111111,0.265625,72,0.20833333333333334
RF_T2,2,0.54,RF_T2_t0.54,53,0.7136204889406287,0.5927792222568005,0.5674470419406653,0.5927792222568005,0.5604081627843003,0.7149213074181087,0.45884519396186185,18,4,0.5591397849462365,0.9043478260869565,0.6910299003322259,230,0.8873873873873874,0.6936619718309859,0.7786561264822134,568,0.2558139534883721,0.18032786885245902,0.21153846153846154,61,0.29508196721311475
RF_T2,3,0.54,RF_T2_t0.54,56,0.664785553047404,0.6266536554160563,0.568229691186173,0.6266536554160563,0.5686364718997061,0.6779278421430863,0.41864502761962563,21,9,0.5074257425742574,0.8798283261802575,0.6436420722135008,233,0.9065656565656566,0.6095076400679117,0.7289340101522843,589,0.29069767441860467,0.390625,0.3333333333333333,64,0.328125
RF_T2,4,0.54,RF_T2_t0.54,28,0.7276119402985075,0.5784871032457566,0.6140592040276583,0.5784871032457566,0.5733577863577864,0.7170803415355654,0.4975334086829333,20,1,0.6515151515151515,0.9347826086956522,0.7678571428571429,322,0.8706624605678234,0.6374133949191686,0.736,433,0.32,0.16326530612244897,0.21621621621621623,49,0.40816326530612246
RF_T2,pooled,0.55,RF_T2_t0.55,227,0.6999422965954991,0.5992110672815156,0.581687969058618,0.5992110672815156,0.5723078847260776,0.7018508937800056,0.4601532336831341,74,20,0.5672659640421575,0.8926829268292683,0.6937073540561031,1025,0.8777979431336963,0.6610478359908883,0.7541580041580042,2195,0.3,0.24390243902439024,0.26905829596412556,246,0.3008130081300813
RF_T2,1,0.55,RF_T2_t0.55,83,0.6913849509269356,0.5862335475971839,0.5688448278110558,0.5862335475971839,0.5617032112206803,0.6943623904895199,0.4383484232380438,15,7,0.5347593582887701,0.8333333333333334,0.6514657980456026,240,0.8510204081632653,0.6892561983471074,0.7616438356164383,605,0.32075471698113206,0.2361111111111111,0.272,72,0.20833333333333334
RF_T2,2,0.55,RF_T2_t0.55,54,0.7147846332945286,0.5933660767168943,0.5695616654297335,0.5933660767168943,0.5614946433285225,0.7158643815874127,0.45927275303356907,18,4,0.5591397849462365,0.9043478260869565,0.6910299003322259,230,0.8876404494382022,0.6954225352112676,0.7798617966436328,568,0.2619047619047619,0.18032786885245902,0.21359223300970873,61,0.29508196721311475
RF_T2,3,0.55,RF_T2_t0.55,61,0.6704288939051919,0.6303479944062704,0.5749279835390947,0.6303479944062704,0.5748901447796186,0.6827347473352888,0.4252327010437741,21,8,0.508641975308642,0.8841201716738197,0.64576802507837,233,0.9075,0.6162988115449916,0.7340748230535895,589,0.30864197530864196,0.390625,0.3448275862068966,64,0.328125
RF_T2,4,0.55,RF_T2_t0.55,29,0.7263681592039801,0.5716843821573212,0.6037021154945684,0.5716843821573212,0.5648859793812643,0.7150633193316929,0.4942384635902908,20,1,0.6515151515151515,0.9347826086956522,0.7678571428571429,322,0.8679245283018868,0.6374133949191686,0.7350199733688415,433,0.2916666666666667,0.14285714285714285,0.1917808219178082,49,0.40816326530612246
RF_T2,pooled,0.56,RF_T2_t0.56,244,0.7022504327755338,0.5968164898049891,0.5848458927625194,0.5968164898049891,0.5719469179539073,0.7032116686490677,0.4594488429709004,75,18,0.56656346749226,0.8926829268292683,0.6931818181818182,1025,0.8764988009592326,0.6660592255125285,0.7569246699456381,2195,0.3114754098360656,0.23170731707317074,0.26573426573426573,246,0.3048780487804878
RF_T2,1,0.56,RF_T2_t0.56,91,0.6957470010905126,0.5843587389041934,0.5793278187644385,0.5843587389041934,0.5632636651183861,0.696998255647059,0.4403387797931344,15,6,0.5333333333333333,0.8333333333333334,0.6504065040650406,240,0.8490945674044266,0.6975206611570248,0.7658802177858439,605,0.35555555555555557,0.2222222222222222,0.27350427350427353,72,0.20833333333333334
RF_T2,2,0.56,RF_T2_t0.56,57,0.7159487776484285,0.5890753047627653,0.5672369185474024,0.5890753047627653,0.5575086544414506,0.7159797914504535,0.45706514647354346,18,4,0.5591397849462365,0.9043478260869565,0.6910299003322259,230,0.8861607142857143,0.698943661971831,0.781496062992126,568,0.2564102564102564,0.16393442622950818,0.2,61,0.29508196721311475
RF_T2,3,0.56,RF_T2_t0.56,66,0.6738148984198645,0.6274033848986303,0.5771981592766484,0.6274033848986303,0.5755962652945761,0.6857166528816446,0.41969812703273457,22,8,0.5073891625615764,0.8841201716738197,0.6447574334898278,233,0.9084158415841584,0.6230899830220713,0.7391742195367573,589,0.3157894736842105,0.375,0.34285714285714286,64,0.34375
RF_T2,4,0.56,RF_T2_t0.56,30,0.7263681592039801,0.5716843821573212,0.6070222464525313,0.5716843821573212,0.5654480468310256,0.7146992578478765,0.49809377299177315,20,0,0.6515151515151515,0.9347826086956522,0.7678571428571429,322,0.8652037617554859,0.6374133949191686,0.7340425531914894,433,0.30434782608695654,0.14285714285714285,0.19444444444444445,49,0.40816326530612246
RF_T2,pooled,0.57,RF_T2_t0.57,253,0.7031159838430467,0.594865764147391,0.5858677182219086,0.594865764147391,0.5709225981463126,0.7035075850620846,0.45913624520046536,75,17,0.5662128712871287,0.8926829268292683,0.692919348731541,1025,0.8752983293556086,0.6683371298405467,0.757943683802635,2195,0.3160919540229885,0.22357723577235772,0.2619047619047619,246,0.3048780487804878
RF_T2,1,0.57,RF_T2_t0.57,96,0.6968375136314068,0.5767523722069177,0.5766489597166888,0.5767523722069177,0.5560825052694972,0.6964464264780779,0.4356658286696059,15,6,0.5333333333333333,0.8333333333333334,0.6504065040650406,240,0.8466135458167331,0.7024793388429752,0.7678410117434508,605,0.35,0.19444444444444445,0.25,72,0.20833333333333334
RF_T2,2,0.57,RF_T2_t0.57,59,0.7171129220023282,0.5896621592228591,0.5712848332203171,0.5896621592228591,0.5590122922655606,0.7165534947067765,0.46144200626959253,18,3,0.5591397849462365,0.9043478260869565,0.6910299003322259,230,0.8844444444444445,0.7007042253521126,0.7819253438113949,568,0.2702702702702703,0.16393442622950818,0.20408163265306123,61,0.29508196721311475
RF_T2,3,0.57,RF_T2_t0.57,68,0.6749435665914221,0.6279693158550537,0.5797029352584908,0.6279693158550537,0.5773395809640451,0.6866538870330631,0.4193226228166601,22,8,0.5061425061425061,0.8841201716738197,0.64375,233,0.908641975308642,0.6247877758913413,0.7404426559356136,589,0.32432432432432434,0.375,0.34782608695652173,64,0.34375
RF_T2,4,0.57,RF_T2_t0.57,30,0.7263681592039801,0.5716843821573212,0.6070222464525313,0.5716843821573212,0.5654480468310256,0.7146992578478765,0.49809377299177315,20,0,0.6515151515151515,0.9347826086956522,0.7678571428571429,322,0.8652037617554859,0.6374133949191686,0.7340425531914894,433,0.30434782608695654,0.14285714285714285,0.19444444444444445,49,0.40816326530612246
RF_T2,pooled,0.58,RF_T2_t0.58,270,0.705135603000577,0.591116173120729,0.5880200443201117,0.591116173120729,0.5687697171826224,0.7043674738233883,0.4589989926766699,75,15,0.5662128712871287,0.8926829268292683,0.692919348731541,1025,0.8730064973419964,0.6733485193621868,0.7602880658436214,2195,0.3248407643312102,0.2073170731707317,0.2531017369727047,246,0.3048780487804878
RF_T2,1,0.58,RF_T2_t0.58,102,0.6968375136314068,0.5685950413223141,0.5756085636354279,0.5685950413223141,0.5480390652963133,0.6942347701701745,0.4379698525927539,15,4,0.5333333333333333,0.8333333333333334,0.6504065040650406,240,0.8405511811023622,0.7057851239669422,0.7672955974842768,605,0.35294117647058826,0.16666666666666666,0.22641509433962265,72,0.20833333333333334
RF_T2,2,0.58,RF_T2_t0.58,67,0.7217694994179278,0.5822543242347886,0.5723659745935832,0.5822543242347886,0.5521106815272462,0.7183878482849847,0.4578448214606662,18,3,0.5591397849462365,0.9043478260869565,0.6910299003322259,230,0.8820960698689956,0.7112676056338029,0.7875243664717348,568,0.27586206896551724,0.13114754098360656,0.17777777777777778,61,0.29508196721311475
RF_T2,3,0.58,RF_T2_t0.58,70,0.6772009029345373,0.6291011777679003,0.5828555828555828,0.6291011777679003,0.5798876880069298,0.6887047709494198,0.41993292774235336,22,8,0.5061425061425061,0.8841201716738197,0.64375,233,0.9090909090909091,0.6281833616298812,0.7429718875502008,589,0.3333333333333333,0.375,0.35294117647058826,64,0.34375
RF_T2,4,0.58,RF_T2_t0.58,31,0.7276119402985075,0.5724542050980448,0.6117739898989899,0.5724542050980448,0.5669213376763459,0.7157715981657654,0.4983764926875084,20,0,0.6515151515151515,0.9347826086956522,0.7678571428571429,322,0.865625,0.6397228637413395,0.7357237715803453,433,0.3181818181818182,0.14285714285714285,0.19718309859154928,49,0.40816326530612246
RF_T2,pooled,0.59,RF_T2_t0.59,277,0.7062896710905944,0.5917236142748671,0.5926591923898272,0.5917236142748671,0.5704902386877987,0.7051204363035487,0.4621573766466146,75,12,0.5662128712871287,0.8926829268292683,0.692919348731541,1025,0.8717647058823529,0.6751708428246014,0.7609756097560976,2195,0.34,0.2073170731707317,0.25757575757575757,246,0.3048780487804878
RF_T2,1,0.59,RF_T2_t0.59,106,0.7001090512540894,0.5702479338842975,0.5910590277777777,0.5702479338842975,0.551873349582935,0.6966630215958614,0.4429278633008905,15,3,0.5333333333333333,0.8333333333333334,0.6504065040650406,240,0.83984375,0.7107438016528925,0.7699194270367055,605,0.4,0.16666666666666666,0.23529411764705882,72,0.20833333333333334
RF_T2,2,0.59,RF_T2_t0.59,70,0.7229336437718277,0.5828411786948825,0.5817856794695364,0.5828411786948825,0.554036652657015,0.718590186850892,0.46640682413040147,18,1,0.5591397849462365,0.9043478260869565,0.6910299003322259,230,0.8785249457700651,0.7130281690140845,0.7871720116618076,568,0.3076923076923077,0.13114754098360656,0.1839080459770115,61,0.29508196721311475
RF_T2,3,0.59,RF_T2_t0.59,70,0.6772009029345373,0.6291011777679003,0.5828555828555828,0.6291011777679003,0.5798876880069298,0.6887047709494198,0.41993292774235336,22,8,0.5061425061425061,0.8841201716738197,0.64375,233,0.9090909090909091,0.6281833616298812,0.7429718875502008,589,0.3333333333333333,0.375,0.35294117647058826,64,0.34375
RF_T2,4,0.59,RF_T2_t0.59,31,0.7276119402985075,0.5724542050980448,0.6117739898989899,0.5724542050980448,0.5669213376763459,0.7157715981657654,0.4983764926875084,20,0,0.6515151515151515,0.9347826086956522,0.7678571428571429,322,0.865625,0.6397228637413395,0.7357237715803453,433,0.3181818181818182,0.14285714285714285,0.19718309859154928,49,0.40816326530612246
RF_T2,pooled,0.6,RF_T2_t0.60,289,0.7071552221581073,0.5885697353556679,0.594504834846472,0.5885697353556679,0.5681649592114653,0.7051396710234613,0.46098740957142315,76,10,0.565512978986403,0.8926829268292683,0.6923950056753689,1025,0.8701754385964913,0.6779043280182232,0.7620998719590268,2195,0.34782608695652173,0.1951219512195122,0.25,246,0.3089430894308943
RF_T2,1,0.6,RF_T2_t0.60,113,0.7022900763358778,0.5672711968166514,0.6154296754315894,0.5672711968166514,0.5505710572261495,0.6970840137921793,0.4435762978500263,16,1,0.5305039787798409,0.8333333333333334,0.6482982171799028,240,0.8375241779497099,0.715702479338843,0.7718360071301248,605,0.4782608695652174,0.1527777777777778,0.23157894736842105,72,0.2222222222222222
RF_T2,2,0.6,RF_T2_t0.60,73,0.7240977881257276,0.5785504067407533,0.5802142611489954,0.5785504067407533,0.5488187523071244,0.7184156549697877,0.46416386597413184,18,1,0.5591397849462365,0.9043478260869565,0.6910299003322259,230,0.8771551724137931,0.7165492957746479,0.7887596899224806,568,0.30434782608695654,0.11475409836065574,0.16666666666666666,61,0.29508196721311475
RF_T2,3,0.6,RF_T2_t0.60,70,0.6772009029345373,0.6291011777679003,0.5828555828555828,0.6291011777679003,0.5798876880069298,0.6887047709494198,0.41993292774235336,22,8,0.5061425061425061,0.8841201716738197,0.64375,233,0.9090909090909091,0.6281833616298812,0.7429718875502008,589,0.3333333333333333,0.375,0.35294117647058826,64,0.34375
RF_T2,4,0.6,RF_T2_t0.60,33,0.7276119402985075,0.5664213069503331,0.604956396260744,0.5664213069503331,0.5593980091316687,0.7147304257577646,0.495329373650108,20,0,0.6515151515151515,0.9347826086956522,0.7678571428571429,322,0.8633540372670807,0.6420323325635104,0.7364238410596027,433,0.3,0.12244897959183673,0.17391304347826086,49,0.40816326530612246
LGBM_T2,pooled,0.2,LGBM_T2_t0.20,444,0.6061742642815926,0.6363195486168984,0.5566965017512834,0.6363195486168984,0.5379893601372422,0.639045642278073,0.4168948356799127,40,133,0.6097190584662111,0.7834146341463415,0.6857386848847139,1025,0.8866615265998458,0.5239179954441914,0.6586483390607102,2195,0.17370892018779344,0.6016260162601627,0.26958105646630237,246,0.16260162601626016
LGBM_T2,1,0.2,LGBM_T2_t0.20,95,0.5910577971646674,0.6248316498316498,0.550123507038218,0.6248316498316498,0.5314650262693545,0.6301266822210564,0.41949778434268836,6,33,0.6185567010309279,0.75,0.6779661016949152,240,0.8644986449864499,0.5272727272727272,0.6550308008213552,605,0.16731517509727625,0.5972222222222222,0.2613981762917933,72,0.08333333333333333
LGBM_T2,2,0.2,LGBM_T2_t0.20,117,0.5983701979045402,0.6465408631403532,0.5549958495592503,0.6465408631403532,0.5320428066389183,0.6330329675661983,0.3935846337122939,14,31,0.5623100303951368,0.8043478260869565,0.6618962432915921,230,0.9267515923566879,0.5123239436619719,0.6598639455782312,568,0.17592592592592593,0.6229508196721312,0.2743682310469314,61,0.22950819672131148
LGBM_T2,3,0.2,LGBM_T2_t0.20,146,0.5711060948081265,0.6329806815338915,0.5436254150642036,0.6329806815338915,0.5130856476452242,0.6123998749801033,0.3453231235500007,12,45,0.5466237942122186,0.7296137339055794,0.625,233,0.915625,0.49745331069609505,0.6446644664466447,589,0.16862745098039217,0.671875,0.26959247648902823,64,0.1875
LGBM_T2,4,0.2,LGBM_T2_t0.20,86,0.6703980099502488,0.6308442846965074,0.575994986551086,0.6308442846965074,0.5713412028656212,0.6860633975325887,0.4865409926548635,8,24,0.694300518134715,0.8322981366459627,0.7570621468926554,322,0.8401360544217688,0.5704387990762124,0.6795048143053645,433,0.1935483870967742,0.4897959183673469,0.2774566473988439,49,0.16326530612244897
LGBM_T2,pooled,0.21,LGBM_T2_t0.21,416,0.6119446047316792,0.6403968121685772,0.5581428569269314,0.6403968121685772,0.5426028491115273,0.6431057979219232,0.42613915094893207,40,123,0.6096458176337604,0.7892682926829269,0.6879251700680272,1025,0.8851711026615969,0.5302961275626423,0.6632478632478632,2195,0.1796116504854369,0.6016260162601627,0.2766355140186916,246,0.16260162601626016
LGBM_T2,1,0.21,LGBM_T2_t0.21,89,0.5943293347873501,0.6281603917967554,0.5501924712823055,0.6281603917967554,0.5343227800794731,0.6314951308870278,0.432982768164206,6,29,0.6190476190476191,0.7583333333333333,0.6816479400749064,240,0.8602150537634409,0.5289256198347108,0.6550665301944729,605,0.17131474103585656,0.5972222222222222,0.26625386996904027,72,0.08333333333333333
LGBM_T2,2,0.21,LGBM_T2_t0.21,111,0.6041909196740396,0.6503375563430477,0.5564512116236254,0.6503375563430477,0.5366306636975212,0.6376083558404961,0.40161956068079774,14,29,0.5636363636363636,0.808695652173913,0.6642857142857143,230,0.9247648902821317,0.5193661971830986,0.6651634723788049,568,0.18095238095238095,0.6229508196721312,0.28044280442804426,61,0.22950819672131148
LGBM_T2,3,0.21,LGBM_T2_t0.21,135,0.5790067720090294,0.6386715666450495,0.5448812450376429,0.6386715666450495,0.5190602354536781,0.6179696745955119,0.35505860135026646,12,42,0.5443037974683544,0.7381974248927039,0.6265938069216758,233,0.9141104294478528,0.5059422750424448,0.6513661202185792,589,0.1762295081967213,0.671875,0.2792207792207792,64,0.1875
LGBM_T2,4,0.21,LGBM_T2_t0.21,81,0.6766169154228856,0.6349587731467725,0.5796843302466747,0.6349587731467725,0.5770866748641268,0.691160216544847,0.4920863309352518,8,23,0.6950904392764858,0.8354037267080745,0.7588152327221439,322,0.8422818791946308,0.5796766743648961,0.6867305061559508,433,0.20168067226890757,0.4897959183673469,0.2857142857142857,49,0.16326530612244897
LGBM_T2,pooled,0.22,LGBM_T2_t0.22,389,0.6142527409117138,0.632333154311042,0.5553339169775261,0.632333154311042,0.5411526516626384,0.6450665723529451,0.4222640429858052,42,121,0.6079460269865068,0.791219512195122,0.6875794828317083,1025,0.8823970037453184,0.5366742596810934,0.6674220963172804,2195,0.17565872020075282,0.5691056910569106,0.2684563758389262,246,0.17073170731707318
LGBM_T2,1,0.22,LGBM_T2_t0.22,84,0.5976008724100327,0.6265725436179982,0.5500377478531366,0.6265725436179982,0.5355916052202809,0.6342479564505802,0.43595908255706584,6,28,0.6203389830508474,0.7625,0.6841121495327103,240,0.8590425531914894,0.5338842975206611,0.6585117227319062,605,0.17073170731707318,0.5833333333333334,0.2641509433962264,72,0.08333333333333333
LGBM_T2,2,0.22,LGBM_T2_t0.22,101,0.6053550640279395,0.6322763260484743,0.5499600798403194,0.6322763260484743,0.5311032737954776,0.6388513070447679,0.39011249911438795,16,28,0.5598802395209581,0.8130434782608695,0.6631205673758865,230,0.92,0.5264084507042254,0.6696528555431132,568,0.17,0.5573770491803278,0.26053639846743293,61,0.26229508196721313
LGBM_T2,3,0.22,LGBM_T2_t0.22,126,0.582392776523702,0.6310845547604994,0.5417528327203156,0.6310845547604994,0.5186112407187907,0.6209350067619598,0.34990055803355924,12,42,0.5408805031446541,0.7381974248927039,0.6243194192377496,233,0.9099099099099099,0.5144312393887945,0.6572668112798264,589,0.17446808510638298,0.640625,0.27424749163879597,64,0.1875
LGBM_T2,4,0.22,LGBM_T2_t0.22,78,0.677860696517413,0.6296956979397844,0.5779659542690817,0.6296956979397844,0.5756588028375825,0.692161378854871,0.48982748364069006,8,23,0.6950904392764858,0.8354037267080745,0.7588152327221439,322,0.840531561461794,0.5842956120092379,0.6893732970027248,433,0.19827586206896552,0.46938775510204084,0.2787878787878788,49,0.16326530612244897
LGBM_T2,pooled,0.23,LGBM_T2_t0.23,367,0.6174264281592614,0.630914186590613,0.5549758015752692,0.630914186590613,0.5423489874273523,0.6474180515395694,0.4227231839931206,45,116,0.6061057334326135,0.7941463414634147,0.6875,1025,0.8820474777448071,0.5416856492027334,0.6711826136042901,2195,0.1767741935483871,0.556910569105691,0.2683643486777669,246,0.18292682926829268
LGBM_T2,1,0.23,LGBM_T2_t0.23,78,0.6019629225736096,0.6255356596265688,0.5502960895504755,0.6255356596265688,0.5373561814264534,0.6380455639456651,0.43606832406920903,7,27,0.6195286195286195,0.7666666666666667,0.6852886405959032,240,0.8605263157894737,0.540495867768595,0.6639593908629442,605,0.17083333333333334,0.5694444444444444,0.26282051282051283,72,0.09722222222222222
LGBM_T2,2,0.23,LGBM_T2_t0.23,98,0.6041909196740396,0.6219342187599343,0.5464098553479918,0.6219342187599343,0.5266601134200674,0.6383220433336253,0.3786609042512946,18,28,0.5565476190476191,0.8130434782608695,0.6607773851590106,230,0.9202453987730062,0.528169014084507,0.6711409395973155,568,0.16243654822335024,0.5245901639344263,0.24806201550387597,61,0.29508196721311475
LGBM_T2,3,0.23,LGBM_T2_t0.23,121,0.5857787810383747,0.6336470318378669,0.542207988267771,0.6336470318378669,0.5213497144781051,0.6230868663273074,0.35643910880500884,12,40,0.540625,0.7424892703862661,0.6256781193490054,233,0.9077380952380952,0.5178268251273345,0.6594594594594595,589,0.1782608695652174,0.640625,0.2789115646258503,64,0.1875
LGBM_T2,4,0.23,LGBM_T2_t0.23,70,0.6840796019900498,0.6338101863900495,0.581713312105469,0.6338101863900495,0.5823183676515643,0.6961898161453081,0.4966734226295383,8,21,0.6923076923076923,0.8385093167701864,0.7584269662921348,322,0.8398692810457516,0.5935334872979214,0.6955345060893099,433,0.21296296296296297,0.46938775510204084,0.2929936305732484,49,0.16326530612244897
LGBM_T2,pooled,0.24,LGBM_T2_t0.24,338,0.6203115983843047,0.6233275922736449,0.5524430506344846,0.6233275922736449,0.5411122449164593,0.6497531004206855,0.41903971803832096,50,111,0.6042899408284024,0.7970731707317074,0.6874211190576357,1025,0.8801169590643275,0.5485193621867882,0.6758349705304518,2195,0.17292225201072386,0.524390243902439,0.2600806451612903,246,0.2032520325203252
LGBM_T2,1,0.24,LGBM_T2_t0.24,75,0.6008724100327154,0.6176652892561983,0.5471845918502387,0.6176652892561983,0.5340565297549765,0.6370908679542227,0.4329214148290662,8,26,0.6187290969899666,0.7708333333333334,0.686456400742115,240,0.8582677165354331,0.540495867768595,0.6632860040567952,605,0.16455696202531644,0.5416666666666666,0.2524271844660194,72,0.1111111111111111
LGBM_T2,2,0.24,LGBM_T2_t0.24,82,0.6111757857974389,0.6068072607658305,0.5406128308330754,0.6068072607658305,0.5243910955942389,0.6440962856044522,0.37019351752034124,20,26,0.5529411764705883,0.8173913043478261,0.6596491228070176,230,0.9142011834319527,0.5440140845070423,0.6821192052980133,568,0.15469613259668508,0.45901639344262296,0.23140495867768596,61,0.32786885245901637
LGBM_T2,3,0.24,LGBM_T2_t0.24,115,0.5914221218961625,0.6364766866199835,0.5433644876079086,0.6364766866199835,0.5254503107779495,0.6278218081148128,0.3597529318991186,12,39,0.540625,0.7424892703862661,0.6256781193490054,233,0.9064327485380117,0.5263157894736842,0.6659505907626209,589,0.18303571428571427,0.640625,0.2847222222222222,64,0.1875
LGBM_T2,4,0.24,LGBM_T2_t0.24,66,0.6840796019900498,0.622009763841273,0.5772937954757832,0.622009763841273,0.5766163530869414,0.6958584833475089,0.4878961927721551,10,20,0.6895674300254453,0.8416149068322981,0.7580419580419581,322,0.8403908794788274,0.5958429561200924,0.6972972972972973,433,0.20192307692307693,0.42857142857142855,0.27450980392156865,49,0.20408163265306123
LGBM_T2,pooled,0.25,LGBM_T2_t0.25,300,0.6278130409694171,0.6250532436987241,0.5538569839916391,0.6250532436987241,0.5458192993755432,0.6553119456706505,0.42817244829286716,52,99,0.6048387096774194,0.8048780487804879,0.6906655504395144,1025,0.8787661406025825,0.5580865603644647,0.6826414042908888,2195,0.17796610169491525,0.5121951219512195,0.2641509433962264,246,0.21138211382113822
LGBM_T2,1,0.25,LGBM_T2_t0.25,67,0.6074154852780806,0.6226469237832873,0.5489550976501317,0.6226469237832873,0.5392624355917339,0.6415623761585346,0.44827134380323086,8,22,0.6212624584717608,0.7791666666666667,0.6913123844731978,240,0.8552971576227391,0.547107438016529,0.6673387096774194,605,0.1703056768558952,0.5416666666666666,0.2591362126245847,72,0.1111111111111111
LGBM_T2,2,0.25,LGBM_T2_t0.25,73,0.6135040745052387,0.595072932247799,0.5361180588816159,0.595072932247799,0.5203920418699295,0.6456063364855403,0.36480291001544995,22,24,0.5507246376811594,0.8260869565217391,0.6608695652173913,230,0.9122807017543859,0.5492957746478874,0.6857142857142857,568,0.14534883720930233,0.4098360655737705,0.2145922746781116,61,0.36065573770491804
LGBM_T2,3,0.25,LGBM_T2_t0.25,103,0.6038374717832957,0.6452959797649322,0.5483925105099109,0.6452959797649322,0.5354582184112667,0.6379229688272199,0.3736342836576775,12,36,0.5432098765432098,0.7553648068669528,0.6319569120287253,233,0.9085714285714286,0.5398981324278438,0.6773162939297125,589,0.19339622641509435,0.640625,0.2971014492753623,64,0.1875
LGBM_T2,4,0.25,LGBM_T2_t0.25,57,0.6927860696517413,0.6276638981729855,0.583167733207808,0.6276638981729855,0.5857751853068974,0.7022223509737979,0.5007213368018084,10,17,0.6903553299492385,0.84472049689441,0.7597765363128491,322,0.8380952380952381,0.6096997690531177,0.7058823529411765,433,0.22105263157894736,0.42857142857142855,0.2916666666666667,49,0.20408163265306123
LGBM_T2,pooled,0.26,LGBM_T2_t0.26,284,0.6306982111944605,0.6245122259878636,0.5541566720370709,0.6245122259878636,0.5470998341850035,0.6576293761450407,0.42771898313372114,54,97,0.6036496350364964,0.806829268292683,0.6906054279749478,1025,0.8796296296296297,0.5626423690205011,0.6863017504862462,2195,0.1791907514450867,0.5040650406504065,0.26439232409381663,246,0.21951219512195122
LGBM_T2,1,0.26,LGBM_T2_t0.26,65,0.6095965103598692,0.623748852157943,0.5497032523260134,0.623748852157943,0.540734023471645,0.6434675616220817,0.44887686875516497,8,22,0.6212624584717608,0.7791666666666667,0.6913123844731978,240,0.8560411311053985,0.5504132231404959,0.670020120724346,605,0.17180616740088106,0.5416666666666666,0.2608695652173913,72,0.1111111111111111
LGBM_T2,2,0.26,LGBM_T2_t0.26,70,0.6169965075669382,0.5976959165303056,0.5375809377148474,0.5976959165303056,0.5230607466734469,0.6483334095517852,0.3698682113677182,22,23,0.5520231213872833,0.8304347826086956,0.6631944444444444,230,0.9127906976744186,0.5528169014084507,0.6885964912280702,568,0.14792899408284024,0.4098360655737705,0.21739130434782608,61,0.36065573770491804
LGBM_T2,3,0.26,LGBM_T2_t0.26,97,0.608352144469526,0.6429173012137155,0.5485241245831974,0.6429173012137155,0.537147567651486,0.6422242886931276,0.36877294897791413,13,36,0.5415384615384615,0.7553648068669528,0.6308243727598566,233,0.9098591549295775,0.5483870967741935,0.684322033898305,589,0.1941747572815534,0.625,0.2962962962962963,64,0.203125
LGBM_T2,4,0.26,LGBM_T2_t0.26,52,0.6940298507462687,0.6226661967126442,0.582253155133379,0.6226661967126442,0.5845710881228262,0.7023373710811555,0.49679597602149794,11,16,0.6859296482412061,0.8478260869565217,0.7583333333333333,322,0.8386075949367089,0.6120092378752887,0.7076101468624834,433,0.2222222222222222,0.40816326530612246,0.28776978417266186,49,0.22448979591836735
LGBM_T2,pooled,0.27,LGBM_T2_t0.27,259,0.634737449509521,0.6250986783216351,0.5546909758466506,0.6250986783216351,0.549528889681047,0.6602997201825043,0.4326312485071563,55,90,0.6024619840695149,0.8117073170731708,0.6916043225270158,1025,0.8787023977433004,0.5676537585421413,0.6897315250484362,2195,0.18290854572713644,0.4959349593495935,0.2672508214676889,246,0.22357723577235772
LGBM_T2,1,0.27,LGBM_T2_t0.27,62,0.6117775354416576,0.6256887052341598,0.5503264818240066,0.6256887052341598,0.5424398842886308,0.6448546047417635,0.45312249686666606,8,21,0.6204620462046204,0.7833333333333333,0.6924493554327809,240,0.8564102564102564,0.5520661157024793,0.671356783919598,605,0.17410714285714285,0.5416666666666666,0.2635135135135135,72,0.1111111111111111
LGBM_T2,2,0.27,LGBM_T2_t0.27,63,0.6216530849825378,0.6017681761751311,0.538458520218118,0.6017681761751311,0.5269460817270557,0.6506468683174931,0.3849694428107501,22,19,0.5530085959885387,0.8391304347826087,0.6666666666666666,230,0.9080459770114943,0.5563380281690141,0.6899563318777293,568,0.15432098765432098,0.4098360655737705,0.2242152466367713,61,0.36065573770491804
LGBM_T2,3,0.27,LGBM_T2_t0.27,86,0.6128668171557562,0.636760904493686,0.5466075629510533,0.636760904493686,0.5375790106537045,0.6456031188230908,0.3640483870495209,14,35,0.5363636363636364,0.759656652360515,0.6287744227353463,233,0.9085872576177285,0.5568760611205433,0.6905263157894737,589,0.19487179487179487,0.59375,0.29343629343629346,64,0.21875
LGBM_T2,4,0.27,LGBM_T2_t0.27,48,0.6990049751243781,0.6260108622221858,0.5864667744547878,0.6260108622221858,0.5897059107483951,0.7063234355356424,0.5026733626378724,11,15,0.6867167919799498,0.8509316770186336,0.7600554785020804,322,0.8401253918495298,0.6189376443418014,0.7127659574468085,433,0.23255813953488372,0.40816326530612246,0.2962962962962963,49,0.22448979591836735
LGBM_T2,pooled,0.28,LGBM_T2_t0.28,233,0.6396422388920946,0.6259673685575124,0.5556198642100427,0.6259673685575124,0.5526559209610545,0.6638326149283027,0.4388706225213117,55,83,0.6027397260273972,0.8156097560975609,0.693200663349917,1025,0.8769123783031989,0.574487471526196,0.6941921277181393,2195,0.187207488299532,0.4878048780487805,0.2705749718151071,246,0.22357723577235772
LGBM_T2,1,0.28,LGBM_T2_t0.28,59,0.6150490730643402,0.6281795224977044,0.5517746572313136,0.6281795224977044,0.5450288704902099,0.6474539710222289,0.45821148367924436,8,20,0.6217105263157895,0.7875,0.6948529411764706,240,0.8571428571428571,0.5553719008264463,0.6740220661985958,605,0.17647058823529413,0.5416666666666666,0.26621160409556316,72,0.1111111111111111
LGBM_T2,2,0.28,LGBM_T2_t0.28,57,0.6274738067520372,0.6055648693778256,0.5403525684262228,0.6055648693778256,0.5314257050112671,0.654969476151242,0.3936153887159539,22,17,0.5542857142857143,0.8434782608695652,0.6689655172413793,230,0.9065155807365439,0.5633802816901409,0.6948968512486428,568,0.16025641025641027,0.4098360655737705,0.2304147465437788,61,0.36065573770491804
LGBM_T2,3,0.28,LGBM_T2_t0.28,77,0.6196388261851016,0.6418858586484208,0.5488235884649703,0.6418858586484208,0.5436898344594429,0.6500302399701021,0.37888279938807945,14,31,0.5375375375375375,0.7682403433476395,0.6325088339222615,233,0.9046321525885559,0.5636672325976231,0.694560669456067,589,0.20430107526881722,0.59375,0.304,64,0.21875
LGBM_T2,4,0.28,LGBM_T2_t0.28,40,0.7027363184079602,0.6162545347489332,0.5843975145508888,0.6162545347489332,0.5872783086483475,0.7086751514355617,0.49708751657510897,11,15,0.685,0.8509316770186336,0.7590027700831025,322,0.8374233128834356,0.6304849884526559,0.7193675889328063,433,0.23076923076923078,0.3673469387755102,0.28346456692913385,49,0.22448979591836735
LGBM_T2,pooled,0.29,LGBM_T2_t0.29,213,0.640796306982112,0.6219355396287448,0.553701996637923,0.6219355396287448,0.5517225532434186,0.6641362214798999,0.4384945932927258,57,78,0.6004304160688666,0.8165853658536585,0.6920214964861513,1025,0.8738800827015851,0.5776765375854214,0.6955567745474492,2195,0.18679549114331723,0.4715447154471545,0.2675893886966551,246,0.23170731707317074
LGBM_T2,1,0.29,LGBM_T2_t0.29,54,0.613958560523446,0.6194712274257729,0.5474204748959898,0.6194712274257729,0.5408870555503705,0.6461595088177279,0.4498890655798584,9,20,0.6156351791530945,0.7875,0.6910420475319927,240,0.8553299492385786,0.5570247933884298,0.6746746746746747,605,0.1712962962962963,0.5138888888888888,0.2569444444444444,72,0.125
LGBM_T2,2,0.29,LGBM_T2_t0.29,52,0.629802095459837,0.6067385782980134,0.5400767503091876,0.6067385782980134,0.5332931288057453,0.6559194987089727,0.3994152418483443,22,15,0.5527065527065527,0.8434782608695652,0.6678141135972461,230,0.9019607843137255,0.5669014084507042,0.6962162162162162,568,0.16556291390728478,0.4098360655737705,0.2358490566037736,61,0.36065573770491804
LGBM_T2,3,0.29,LGBM_T2_t0.29,69,0.6207674943566591,0.6331669848510241,0.5448996245389913,0.6331669848510241,0.5414226825878554,0.6502429473308823,0.3760882583953511,15,29,0.5343283582089552,0.7682403433476395,0.6302816901408451,233,0.8981233243967829,0.568760611205433,0.6964656964656964,589,0.20224719101123595,0.5625,0.2975206611570248,64,0.234375
LGBM_T2,4,0.29,LGBM_T2_t0.29,38,0.7052238805970149,0.6180595543770274,0.586849376906465,0.6180595543770274,0.5899239523428211,0.7105464926224232,0.5026232199578857,11,14,0.685785536159601,0.8540372670807453,0.7607192254495159,322,0.8379204892966361,0.6327944572748267,0.7210526315789474,433,0.23684210526315788,0.3673469387755102,0.288,49,0.22448979591836735
LGBM_T2,pooled,0.3,LGBM_T2_t0.30,195,0.6433929601846509,0.6196928224407529,0.5532205051263356,0.6196928224407529,0.5522074492447212,0.6661306157307939,0.4368738387645277,59,76,0.5991410164638511,0.8165853658536585,0.6911643270024773,1025,0.8731241473396999,0.5831435079726651,0.6992624965856323,2195,0.18739635157545606,0.45934959349593496,0.2661955241460542,246,0.23983739837398374
LGBM_T2,1,0.3,LGBM_T2_t0.30,48,0.6205016357688113,0.6227770125497397,0.5497752184478569,0.6227770125497397,0.5453468199087801,0.6518090322337056,0.45176683374541815,9,20,0.6156351791530945,0.7875,0.6910420475319927,240,0.8575,0.5669421487603306,0.6825870646766169,605,0.1761904761904762,0.5138888888888888,0.2624113475177305,72,0.125
LGBM_T2,2,0.3,LGBM_T2_t0.30,48,0.6332945285215367,0.608499141678295,0.5413273895416753,0.608499141678295,0.5358274388446803,0.6587213299860324,0.39943871857152236,22,15,0.5511363636363636,0.8434782608695652,0.6666666666666666,230,0.9027777777777778,0.5721830985915493,0.7004310344827587,568,0.17006802721088435,0.4098360655737705,0.2403846153846154,61,0.36065573770491804
LGBM_T2,3,0.3,LGBM_T2_t0.30,62,0.6207674943566591,0.6192397777202941,0.5394398734499729,0.6192397777202941,0.5359968419071103,0.650188068491067,0.36494897446745045,17,28,0.5311572700296736,0.7682403433476395,0.6280701754385964,233,0.8941798941798942,0.5738539898132428,0.6990692864529473,589,0.19298245614035087,0.515625,0.28085106382978725,64,0.265625
LGBM_T2,4,0.3,LGBM_T2_t0.30,37,0.7052238805970149,0.6180595543770274,0.5870504632727125,0.6180595543770274,0.5903823103101399,0.710177756343574,0.5060835957629545,11,13,0.685785536159601,0.8540372670807453,0.7607192254495159,322,0.8353658536585366,0.6327944572748267,0.7201051248357424,433,0.24,0.3673469387755102,0.2903225806451613,49,0.22448979591836735
LGBM_T2,pooled,0.31,LGBM_T2_t0.31,174,0.6457010963646855,0.6190214271163212,0.5530879260292134,0.6190214271163212,0.5532642778975366,0.6672809598833186,0.43904311203650104,60,71,0.5965909090909091,0.8195121951219512,0.6905055487053021,1025,0.8719512195121951,0.5863325740318907,0.701171342958322,2195,0.19072164948453607,0.45121951219512196,0.26811594202898553,246,0.24390243902439024
LGBM_T2,1,0.31,LGBM_T2_t0.31,45,0.6215921483097055,0.6233279767370676,0.5494166027951867,0.6233279767370676,0.5458847284508862,0.6522356936764256,0.45106785617734524,9,20,0.6116504854368932,0.7875,0.6885245901639344,240,0.85785536159601,0.5685950413223141,0.68389662027833,605,0.178743961352657,0.5138888888888888,0.26523297491039427,72,0.125
LGBM_T2,2,0.31,LGBM_T2_t0.31,44,0.6344586728754366,0.6050707906263908,0.5397440372157106,0.6050707906263908,0.5347258685474484,0.6590914834407469,0.4013976821990376,22,14,0.5508474576271186,0.8478260869565217,0.6678082191780822,230,0.9005524861878453,0.573943661971831,0.7010752688172043,568,0.16783216783216784,0.39344262295081966,0.23529411764705882,61,0.36065573770491804
LGBM_T2,3,0.31,LGBM_T2_t0.31,52,0.626410835214447,0.6229341167105081,0.5411510605453452,0.6229341167105081,0.541163835482137,0.6534551196082328,0.37425704015305816,17,25,0.5278592375366569,0.7725321888412017,0.627177700348432,233,0.890625,0.5806451612903226,0.7029804727646455,589,0.20496894409937888,0.515625,0.29333333333333333,64,0.265625
LGBM_T2,4,0.31,LGBM_T2_t0.31,33,0.7064676616915423,0.6130618529166864,0.5861570659827231,0.6130618529166864,0.588482896249539,0.710500731359795,0.503112170573434,12,12,0.6831683168316832,0.8571428571428571,0.7603305785123967,322,0.8358662613981763,0.6351039260969977,0.7217847769028871,433,0.23943661971830985,0.3469387755102041,0.2833333333333333,49,0.24489795918367346
LGBM_T2,pooled,0.32,LGBM_T2_t0.32,160,0.6488747836122332,0.6200087659190943,0.5542758135545979,0.6200087659190943,0.5554203239641566,0.6697172638008765,0.44247380743159814,60,68,0.5970254957507082,0.8224390243902439,0.6918342224045958,1025,0.8721399730820996,0.5904328018223235,0.7041564792176039,2195,0.1936619718309859,0.44715447154471544,0.2702702702702703,246,0.24390243902439024
LGBM_T2,1,0.32,LGBM_T2_t0.32,40,0.6270447110141767,0.6260827976737068,0.5514749045328752,0.6260827976737068,0.5496677073116306,0.6569100417135054,0.4526622320480731,9,20,0.6116504854368932,0.7875,0.6885245901639344,240,0.8596059113300493,0.5768595041322314,0.6904055390702275,605,0.18316831683168316,0.5138888888888888,0.27007299270072993,72,0.125
LGBM_T2,2,0.32,LGBM_T2_t0.32,43,0.6356228172293364,0.6056576450864847,0.5402293294717175,0.6056576450864847,0.5355772943391612,0.6600963423431014,0.40163341755228943,22,14,0.5508474576271186,0.8478260869565217,0.6678082191780822,230,0.9008264462809917,0.5757042253521126,0.7024704618689581,568,0.16901408450704225,0.39344262295081966,0.23645320197044334,61,0.36065573770491804
LGBM_T2,3,0.32,LGBM_T2_t0.32,45,0.6309255079006773,0.6222848065754861,0.5420124109886757,0.6222848065754861,0.5435569348737594,0.6566076085755546,0.38132937592751703,17,23,0.5290697674418605,0.7811158798283262,0.6308492201039861,233,0.8891752577319587,0.5857385398981324,0.706243602865916,589,0.2077922077922078,0.5,0.29357798165137616,64,0.265625
LGBM_T2,4,0.32,LGBM_T2_t0.32,32,0.7077114427860697,0.6140970496040569,0.5875580071797566,0.6140970496040569,0.589844942009484,0.7113287614644054,0.5084882780921585,12,11,0.6839506172839506,0.860248447204969,0.7620357634112792,322,0.8358662613981763,0.6351039260969977,0.7217847769028871,433,0.24285714285714285,0.3469387755102041,0.2857142857142857,49,0.24489795918367346
LGBM_T2,pooled,0.33,LGBM_T2_t0.33,140,0.652336987882285,0.6201181547122988,0.5550756717030753,0.6201181547122988,0.5574196359155278,0.6720843354232116,0.4470357970745671,60,63,0.5968992248062015,0.8263414634146341,0.693126022913257,1025,0.8712474983322215,0.5949886104783599,0.7070925825663238,2195,0.19708029197080293,0.43902439024390244,0.27204030226700254,246,0.24390243902439024
LGBM_T2,1,0.33,LGBM_T2_t0.33,37,0.6281352235550709,0.6233930211202938,0.5505502952248063,0.6233930211202938,0.5492028431905965,0.6575926784302657,0.45535740488931054,9,19,0.6129032258064516,0.7916666666666666,0.6909090909090909,240,0.8578431372549019,0.5785123966942148,0.6910167818361304,605,0.18090452261306533,0.5,0.2656826568265683,72,0.125
LGBM_T2,2,0.33,LGBM_T2_t0.33,38,0.6391152502910361,0.6082806293689913,0.5418573175362202,0.6082806293689913,0.5384928343675475,0.6623579659142385,0.40581376936603586,22,13,0.5490196078431373,0.8521739130434782,0.6678023850085179,230,0.9013698630136986,0.579225352112676,0.7052518756698821,568,0.17518248175182483,0.39344262295081966,0.24242424242424243,61,0.36065573770491804
LGBM_T2,3,0.33,LGBM_T2_t0.33,39,0.6354401805869074,0.6245485304011794,0.5439310535228224,0.6245485304011794,0.5474796250907668,0.6599460043694712,0.38448324317838045,17,22,0.527536231884058,0.7811158798283262,0.629757785467128,233,0.8880407124681934,0.5925297113752123,0.7107942973523421,589,0.21621621621621623,0.5,0.3018867924528302,64,0.265625
LGBM_T2,4,0.33,LGBM_T2_t0.33,26,0.7126865671641791,0.6116741907125336,0.59011284011284,0.6116741907125336,0.5914888344806883,0.7147234703925284,0.5172946149604851,12,9,0.6855036855036855,0.8664596273291926,0.7654320987654321,322,0.8348348348348348,0.6420323325635104,0.7258485639686684,433,0.25,0.32653061224489793,0.2831858407079646,49,0.24489795918367346
LGBM_T2,pooled,0.34,LGBM_T2_t0.34,124,0.6552221581073283,0.6194037940379403,0.5555934769307149,0.6194037940379403,0.5586811241297748,0.674332658051757,0.4464671078871757,62,61,0.5959241040056219,0.8273170731707317,0.6928104575163399,1025,0.871608206485771,0.6,0.710739341608203,2195,0.19924812030075187,0.43089430894308944,0.27249357326478146,246,0.25203252032520324
LGBM_T2,1,0.34,LGBM_T2_t0.34,33,0.6324972737186477,0.6255968778696052,0.55224730379757,0.6255968778696052,0.5522457346659395,0.6613019118410146,0.45667786458076787,9,19,0.6129032258064516,0.7916666666666666,0.6909090909090909,240,0.8592233009708737,0.5851239669421487,0.696165191740413,605,0.18461538461538463,0.5,0.2696629213483146,72,0.125
LGBM_T2,2,0.34,LGBM_T2_t0.34,33,0.640279394644936,0.599112231000639,0.5382671941652201,0.599112231000639,0.5343052629223094,0.6634690474794469,0.39365928754378066,24,13,0.5459610027855153,0.8521739130434782,0.66553480475382,230,0.9021739130434783,0.5845070422535211,0.7094017094017094,568,0.16666666666666666,0.36065573770491804,0.22797927461139897,61,0.39344262295081966
LGBM_T2,3,0.34,LGBM_T2_t0.34,35,0.6388261851015802,0.6271110074785469,0.5460691129242546,0.6271110074785469,0.55071380819909,0.6624430718817849,0.3892120453527418,17,21,0.5273775216138329,0.7854077253218884,0.6310344827586207,233,0.8886075949367088,0.5959252971137521,0.7134146341463414,589,0.2222222222222222,0.5,0.3076923076923077,64,0.265625
LGBM_T2,4,0.34,LGBM_T2_t0.34,23,0.7151741293532339,0.6132138365939809,0.5937107002680774,0.6132138365939809,0.5948532184047283,0.7164704935767267,0.5215468248085,12,8,0.6855036855036855,0.8664596273291926,0.7654320987654321,322,0.8333333333333334,0.6466512702078522,0.7282184655396619,433,0.26229508196721313,0.32653061224489793,0.2909090909090909,49,0.24489795918367346
LGBM_T2,pooled,0.35,LGBM_T2_t0.35,112,0.6560877091748413,0.6164232580822391,0.5546049596841154,0.6164232580822391,0.5576852066224038,0.6748365089178242,0.4427347421140083,65,60,0.5937062937062937,0.8282926829268292,0.6916496945010183,1025,0.8720316622691293,0.6022779043280182,0.712476421449744,2195,0.19807692307692307,0.4186991869918699,0.2689295039164491,246,0.26422764227642276
LGBM_T2,1,0.35,LGBM_T2_t0.35,30,0.6357688113413305,0.6280876951331497,0.553850430536786,0.6280876951331497,0.554912149552281,0.6638526862146911,0.46201498223704396,9,18,0.6141479099678456,0.7958333333333333,0.6932849364791288,240,0.8599033816425121,0.5884297520661157,0.6987242394504416,605,0.1875,0.5,0.2727272727272727,72,0.125
LGBM_T2,2,0.35,LGBM_T2_t0.35,30,0.6414435389988359,0.59482145904651,0.5366459482738553,0.59482145904651,0.5325376431212105,0.6644947242637865,0.3876122998537018,25,13,0.5444444444444444,0.8521739130434782,0.6644067796610169,230,0.9027027027027027,0.5880281690140845,0.7121535181236673,568,0.16279069767441862,0.3442622950819672,0.22105263157894736,61,0.4098360655737705
LGBM_T2,3,0.35,LGBM_T2_t0.35,29,0.6376975169300225,0.6172602717683034,0.5420555189576929,0.6172602717683034,0.5457971802646879,0.6611228197969441,0.37478838307064566,19,21,0.5198863636363636,0.7854077253218884,0.6256410256410256,233,0.8888888888888888,0.597623089983022,0.7147208121827411,589,0.21739130434782608,0.46875,0.297029702970297,64,0.296875
LGBM_T2,4,0.35,LGBM_T2_t0.35,23,0.7151741293532339,0.6132138365939809,0.5937107002680774,0.6132138365939809,0.5948532184047283,0.7164704935767267,0.5215468248085,12,8,0.6855036855036855,0.8664596273291926,0.7654320987654321,322,0.8333333333333334,0.6466512702078522,0.7282184655396619,433,0.26229508196721313,0.32653061224489793,0.2909090909090909,49,0.24489795918367346
LGBM_T2,pooled,0.36,LGBM_T2_t0.36,98,0.6592613964223889,0.6172372539215142,0.55591289646925,0.6172372539215142,0.559817897178093,0.6773041855955968,0.4451017053596753,65,58,0.5938590369853455,0.8302439024390244,0.692432872253865,1025,0.8722986247544204,0.6068337129840546,0.7157442235357335,2195,0.2015810276679842,0.4146341463414634,0.2712765957446808,246,0.26422764227642276
LGBM_T2,1,0.36,LGBM_T2_t0.36,24,0.6401308615049073,0.6262128864401592,0.5539479208341359,0.6262128864401592,0.5563310032796441,0.6674802246858197,0.4614769101511317,9,18,0.6141479099678456,0.7958333333333333,0.6932849364791288,240,0.8595238095238096,0.596694214876033,0.704390243902439,605,0.1881720430107527,0.4861111111111111,0.2713178294573643,72,0.125
LGBM_T2,2,0.36,LGBM_T2_t0.36,26,0.6461001164144354,0.5988937186913355,0.5393957108061546,0.5988937186913355,0.5365396625176996,0.6678522926284325,0.3983162075226625,25,11,0.5469613259668509,0.8608695652173913,0.668918918918919,230,0.9032258064516129,0.5915492957746479,0.7148936170212766,568,0.168,0.3442622950819672,0.22580645161290322,61,0.4098360655737705
LGBM_T2,3,0.36,LGBM_T2_t0.36,25,0.6410835214446953,0.6189580646375735,0.5440061685085262,0.6189580646375735,0.5487423878837566,0.6638699406690685,0.3746910258104228,19,21,0.5184135977337111,0.7854077253218884,0.6245733788395904,233,0.8897243107769424,0.6027164685908319,0.7186234817813765,589,0.22388059701492538,0.46875,0.30303030303030304,64,0.296875
LGBM_T2,4,0.36,LGBM_T2_t0.36,23,0.7151741293532339,0.6132138365939809,0.5937107002680774,0.6132138365939809,0.5948532184047283,0.7164704935767267,0.5215468248085,12,8,0.6855036855036855,0.8664596273291926,0.7654320987654321,322,0.8333333333333334,0.6466512702078522,0.7282184655396619,433,0.26229508196721313,0.32653061224489793,0.2909090909090909,49,0.24489795918367346
LGBM_T2,pooled,0.37,LGBM_T2_t0.37,91,0.6604154645124062,0.6144085782543475,0.5548335234397913,0.6144085782543475,0.5591540933985205,0.6778406874561197,0.44623828156428347,66,54,0.5937282229965157,0.8312195121951219,0.6926829268292682,1025,0.8699609882964889,0.6095671981776766,0.7168497187248861,2195,0.20081135902636918,0.4024390243902439,0.2679296346414073,246,0.2682926829268293
LGBM_T2,1,0.37,LGBM_T2_t0.37,20,0.6412213740458015,0.626763850627487,0.5534097290603994,0.626763850627487,0.5574904038880395,0.6672915130451277,0.47078972023815513,9,15,0.6141479099678456,0.7958333333333333,0.6932849364791288,240,0.8537735849056604,0.5983471074380166,0.7035957240038873,605,0.19230769230769232,0.4861111111111111,0.2755905511811024,72,0.125
LGBM_T2,2,0.37,LGBM_T2_t0.37,27,0.6472642607683353,0.5897253203229833,0.5348329677773381,0.5897253203229833,0.5321079959201506,0.6684230983737671,0.3936064416508791,25,11,0.5469613259668509,0.8608695652173913,0.668918918918919,230,0.8992042440318302,0.596830985915493,0.7174603174603175,568,0.15833333333333333,0.3114754098360656,0.20994475138121546,61,0.4098360655737705
LGBM_T2,3,0.37,LGBM_T2_t0.37,23,0.6410835214446953,0.6143156622606635,0.5422153740797809,0.6143156622606635,0.5464489490785316,0.6639377139501721,0.36847464530581764,20,21,0.5169491525423728,0.7854077253218884,0.6235093696763203,233,0.89,0.6044142614601019,0.7199191102123357,589,0.2196969696969697,0.453125,0.29591836734693877,64,0.3125
LGBM_T2,4,0.37,LGBM_T2_t0.37,21,0.7176616915422885,0.6150188562220751,0.5970962812189873,0.6150188562220751,0.5977632379458863,0.7183656509731613,0.5274483752002284,12,7,0.6862745098039216,0.8695652173913043,0.7671232876712328,322,0.8338278931750742,0.648960739030023,0.7298701298701299,433,0.2711864406779661,0.32653061224489793,0.2962962962962963,49,0.24489795918367346
LGBM_T2,pooled,0.38,LGBM_T2_t0.38,81,0.6621465666474322,0.6141165867239539,0.5551632742722535,0.6141165867239539,0.560073080204695,0.679062675943674,0.447677280059955,66,52,0.5937282229965157,0.8312195121951219,0.6926829268292682,1025,0.8688630490956072,0.6127562642369021,0.7186748597381779,2195,0.2028985507246377,0.3983739837398374,0.26886145404663925,246,0.2682926829268293
LGBM_T2,1,0.38,LGBM_T2_t0.38,18,0.64340239912759,0.6278657790021427,0.5543508161030012,0.6278657790021427,0.5590577621722828,0.6691224438083487,0.47152317880794703,9,15,0.6141479099678456,0.7958333333333333,0.6932849364791288,240,0.8544600938967136,0.6016528925619835,0.7061105722599418,605,0.19444444444444445,0.4861111111111111,0.2777777777777778,72,0.125
LGBM_T2,2,0.38,LGBM_T2_t0.38,25,0.6484284051222352,0.5903121747830772,0.5350253001497361,0.5903121747830772,0.5330888146291685,0.6689842382040831,0.3970287176816134,25,10,0.5469613259668509,0.8608695652173913,0.668918918918919,230,0.8970976253298153,0.5985915492957746,0.7180570221752904,568,0.16101694915254236,0.3114754098360656,0.2122905027932961,61,0.4098360655737705
LGBM_T2,3,0.38,LGBM_T2_t0.38,19,0.6422121896162528,0.6102391908401766,0.540612588801253,0.6102391908401766,0.5454077892207405,0.6643806184517815,0.3692111188225595,20,20,0.5169491525423728,0.7854077253218884,0.6235093696763203,233,0.8861386138613861,0.6078098471986417,0.7210473313192346,589,0.21875,0.4375,0.2916666666666667,64,0.3125
LGBM_T2,4,0.38,LGBM_T2_t0.38,19,0.7201492537313433,0.6165585021035224,0.6005948412589691,0.6165585021035224,0.6007235672952403,0.720478483436721,0.528139555211468,12,7,0.6862745098039216,0.8695652173913043,0.7671232876712328,322,0.8348082595870207,0.6535796766743649,0.7331606217616581,433,0.2807017543859649,0.32653061224489793,0.3018867924528302,49,0.24489795918367346
LGBM_T2,pooled,0.39,LGBM_T2_t0.39,68,0.6644547028274668,0.6117220092474273,0.5548233424950292,0.6117220092474273,0.5601818983229553,0.6806830922990145,0.4459614755219452,67,51,0.5924895688456189,0.8312195121951219,0.6918392204628502,1025,0.8681177976952625,0.6177676537585421,0.7218525419217461,2195,0.20386266094420602,0.3861788617886179,0.26685393258426965,246,0.27235772357723576
LGBM_T2,1,0.39,LGBM_T2_t0.39,14,0.6444929116684842,0.6243380777471687,0.5528308396157794,0.6243380777471687,0.5582416205592733,0.6695903797272371,0.473006141217448,9,14,0.6141479099678456,0.7958333333333333,0.6932849364791288,240,0.8511627906976744,0.6049586776859505,0.7072463768115942,605,0.19318181818181818,0.4722222222222222,0.27419354838709675,72,0.125
LGBM_T2,2,0.39,LGBM_T2_t0.39,21,0.6554132712456344,0.5938333015436407,0.5384351606036689,0.5938333015436407,0.5382333716329192,0.6748438985077867,0.3984667371012949,25,10,0.5469613259668509,0.8608695652173913,0.668918918918919,230,0.8987012987012987,0.6091549295774648,0.7261280167890871,568,0.16964285714285715,0.3114754098360656,0.21965317919075145,61,0.4098360655737705
LGBM_T2,3,0.39,LGBM_T2_t0.39,16,0.6422121896162528,0.6055967884632667,0.5388215656355481,0.6055967884632667,0.5431468266304106,0.6642492358482374,0.36220408029710593,21,20,0.5140449438202247,0.7854077253218884,0.6213921901528013,233,0.8864197530864197,0.6095076400679117,0.7223340040241448,589,0.216,0.421875,0.2857142857142857,64,0.328125
LGBM_T2,4,0.39,LGBM_T2_t0.39,17,0.7213930348258707,0.6112954268965343,0.6003162594249922,0.6112954268965343,0.5985584631451981,0.7208359047619675,0.524726731123621,12,7,0.684596577017115,0.8695652173913043,0.7660738714090287,322,0.8333333333333334,0.6581986143187067,0.7354838709677419,433,0.2830188679245283,0.30612244897959184,0.29411764705882354,49,0.24489795918367346
LGBM_T2,pooled,0.4,LGBM_T2_t0.40,53,0.6667628390075014,0.6082976214727979,0.5539701372272825,0.6082976214727979,0.5597522290179651,0.6820162180014359,0.4454671547687352,67,49,0.5911295911295912,0.8321951219512195,0.6912479740680713,1025,0.8662864385297845,0.6227790432801822,0.7246223164590512,2195,0.20449438202247192,0.3699186991869919,0.2633863965267728,246,0.27235772357723576
LGBM_T2,1,0.4,LGBM_T2_t0.40,13,0.6477644492911668,0.6259909703091521,0.5537493489701037,0.6259909703091521,0.560531875586522,0.6718421758598851,0.4730966550379644,9,14,0.610223642172524,0.7958333333333333,0.6907775768535263,240,0.8521939953810623,0.6099173553719008,0.7109826589595376,605,0.19883040935672514,0.4722222222222222,0.27983539094650206,72,0.125
LGBM_T2,2,0.4,LGBM_T2_t0.40,20,0.6577415599534342,0.5950070104638283,0.5396637594205335,0.5950070104638283,0.5400387056811901,0.6765811648719203,0.3982407626873139,25,10,0.5454545454545454,0.8608695652173913,0.6677908937605397,230,0.8992248062015504,0.6126760563380281,0.7287958115183246,568,0.1743119266055046,0.3114754098360656,0.2235294117647059,61,0.4098360655737705
LGBM_T2,3,0.4,LGBM_T2_t0.40,7,0.6444695259593679,0.5936661274534808,0.5339769977787047,0.5936661274534808,0.5382049422658559,0.6651652259311162,0.3590494087908067,21,19,0.5139664804469274,0.7896995708154506,0.622673434856176,233,0.8810679611650486,0.6162988115449916,0.7252747252747253,589,0.20689655172413793,0.375,0.26666666666666666,64,0.328125
LGBM_T2,4,0.4,LGBM_T2_t0.40,13,0.722636815920398,0.6060323516895462,0.5999302105058426,0.6060323516895462,0.5962100874621573,0.7210552464834011,0.5261088272093557,12,6,0.684596577017115,0.8695652173913043,0.7660738714090287,322,0.8294797687861272,0.6628175519630485,0.7368421052631579,433,0.2857142857142857,0.2857142857142857,0.2857142857142857,49,0.24489795918367346
LGBM_T2,pooled,0.41,LGBM_T2_t0.41,53,0.6702250432775534,0.6104666308622083,0.5563810107939117,0.6104666308622083,0.5628581052644763,0.6846855961103967,0.44842665267535586,67,47,0.5908776779543884,0.8341463414634146,0.691747572815534,1025,0.8671284634760705,0.6273348519362186,0.7279936558287073,2195,0.2111368909512761,0.3699186991869919,0.2688330871491876,246,0.27235772357723576
LGBM_T2,1,0.41,LGBM_T2_t0.41,13,0.648854961832061,0.6265419344964799,0.5539994163139047,0.6265419344964799,0.5613038846318964,0.6725166943861564,0.47295364510984206,9,14,0.60828025477707,0.7958333333333333,0.6895306859205776,240,0.8525345622119815,0.6115702479338843,0.7122232916265641,605,0.20118343195266272,0.4722222222222222,0.2821576763485477,72,0.125
LGBM_T2,2,0.41,LGBM_T2_t0.41,21,0.6647264260768335,0.5985281372243918,0.5436646375128638,0.5985281372243918,0.5455093570872763,0.6822098860593487,0.3989980541456667,25,10,0.5439560439560439,0.8608695652173913,0.6666666666666666,230,0.9007633587786259,0.6232394366197183,0.736732570239334,568,0.18627450980392157,0.3114754098360656,0.2331288343558282,61,0.4098360655737705
LGBM_T2,3,0.41,LGBM_T2_t0.41,7,0.6489841986455982,0.5976592196953688,0.5375316310098919,0.5976592196953688,0.5426208471524462,0.6685143961544899,0.36980134223695005,21,17,0.5166666666666667,0.7982832618025751,0.627318718381113,233,0.8816425120772947,0.6196943972835314,0.7278165503489531,589,0.21428571428571427,0.375,0.2727272727272727,64,0.328125
LGBM_T2,4,0.41,LGBM_T2_t0.41,12,0.7238805970149254,0.6068021746302698,0.6020781417466592,0.6068021746302698,0.5977317345616667,0.7221069187120157,0.5264593283056554,12,6,0.684596577017115,0.8695652173913043,0.7660738714090287,322,0.829971181556196,0.6651270207852193,0.7384615384615385,433,0.2916666666666667,0.2857142857142857,0.28865979381443296,49,0.24489795918367346
LGBM_T2,pooled,0.42,LGBM_T2_t0.42,47,0.6719561454125793,0.6091448290337117,0.5564600835025882,0.6091448290337117,0.5631147168522251,0.6858378827229368,0.4485450054554615,68,45,0.5903448275862069,0.8351219512195122,0.6917171717171717,1025,0.8666249217282405,0.6305239179954442,0.729957805907173,2195,0.21241050119331742,0.3617886178861789,0.26766917293233083,246,0.2764227642276423
LGBM_T2,1,0.42,LGBM_T2_t0.42,11,0.6499454743729552,0.623014233241506,0.552531774423407,0.623014233241506,0.5604462133645555,0.6729561582866106,0.47447366511521827,9,13,0.60828025477707,0.7958333333333333,0.6895306859205776,240,0.8493150684931506,0.6148760330578512,0.713326941514861,605,0.2,0.4583333333333333,0.27848101265822783,72,0.125
LGBM_T2,2,0.42,LGBM_T2_t0.42,20,0.6647264260768335,0.5985281372243918,0.5437826413614905,0.5985281372243918,0.5456155633204323,0.6820120746488372,0.3982738921735163,25,10,0.5424657534246575,0.8608695652173913,0.6655462184873949,230,0.9007633587786259,0.6232394366197183,0.736732570239334,568,0.18811881188118812,0.3114754098360656,0.2345679012345679,61,0.4098360655737705
LGBM_T2,3,0.42,LGBM_T2_t0.42,7,0.6512415349887133,0.5987910816082155,0.5390200077700078,0.5987910816082155,0.5445096820176993,0.6704238805583542,0.3701866360143986,21,17,0.5166666666666667,0.7982832618025751,0.627318718381113,233,0.8822115384615384,0.6230899830220713,0.7303482587064677,589,0.21818181818181817,0.375,0.27586206896551724,64,0.328125
LGBM_T2,4,0.42,LGBM_T2_t0.42,9,0.7276119402985075,0.603344119051376,0.6058174832203012,0.603344119051376,0.597538618897312,0.7245968645126823,0.5252913238690925,13,5,0.683698296836983,0.8726708074534162,0.7667121418826739,322,0.8314285714285714,0.6720554272517321,0.7432950191570882,433,0.3023255813953488,0.2653061224489796,0.2826086956521739,49,0.2653061224489796
LGBM_T2,pooled,0.43,LGBM_T2_t0.43,49,0.673398730525101,0.6099041304763845,0.5574918467839262,0.6099041304763845,0.564391419617097,0.6869873753547779,0.4487352068494771,68,45,0.5899379738111648,0.8351219512195122,0.691437802907916,1025,0.8670411985018727,0.6328018223234624,0.7316302343955755,2195,0.21549636803874092,0.3617886178861789,0.2701062215477997,246,0.2764227642276423
LGBM_T2,1,0.43,LGBM_T2_t0.43,12,0.653217011995638,0.6246671258034894,0.5541080315117318,0.6246671258034894,0.5628663921282872,0.6756711755926904,0.47562857023725136,9,13,0.60828025477707,0.7958333333333333,0.6895306859205776,240,0.8503401360544217,0.6198347107438017,0.7170172084130019,605,0.2037037037037037,0.4583333333333333,0.28205128205128205,72,0.125
LGBM_T2,2,0.43,LGBM_T2_t0.43,21,0.6670547147846333,0.5997018461445797,0.5453756601208651,0.5997018461445797,0.5475931398338938,0.6837621859699029,0.3980421570683256,25,10,0.5409836065573771,0.8608695652173913,0.6644295302013423,230,0.9012658227848102,0.6267605633802817,0.7393561786085151,568,0.19387755102040816,0.3114754098360656,0.2389937106918239,61,0.4098360655737705
LGBM_T2,3,0.43,LGBM_T2_t0.43,7,0.6512415349887133,0.5987910816082155,0.5390200077700078,0.5987910816082155,0.5445096820176993,0.6704238805583542,0.3701866360143986,21,17,0.5166666666666667,0.7982832618025751,0.627318718381113,233,0.8822115384615384,0.6230899830220713,0.7303482587064677,589,0.21818181818181817,0.375,0.27586206896551724,64,0.328125
LGBM_T2,4,0.43,LGBM_T2_t0.43,9,0.7276119402985075,0.603344119051376,0.6058174832203012,0.603344119051376,0.597538618897312,0.7245968645126823,0.5252913238690925,13,5,0.683698296836983,0.8726708074534162,0.7667121418826739,322,0.8314285714285714,0.6720554272517321,0.7432950191570882,433,0.3023255813953488,0.2653061224489796,0.2826086956521739,49,0.2653061224489796
LGBM_T2,pooled,0.44,LGBM_T2_t0.44,44,0.6745527986151183,0.6081052651073208,0.5571552148250738,0.6081052651073208,0.5641504447797515,0.6876107295041107,0.4482894793209019,68,44,0.5891259463179629,0.8351219512195122,0.6908797417271993,1025,0.8659217877094972,0.6355353075170843,0.7330530740935365,2195,0.21641791044776118,0.35365853658536583,0.26851851851851855,246,0.2764227642276423
LGBM_T2,1,0.44,LGBM_T2_t0.44,14,0.653217011995638,0.6205884603611876,0.5523462399294522,0.6205884603611876,0.560983335598164,0.6755415168931691,0.4736643857115952,9,13,0.60828025477707,0.7958333333333333,0.6895306859205776,240,0.8487584650112867,0.6214876033057851,0.7175572519083969,605,0.2,0.4444444444444444,0.27586206896551724,72,0.125
LGBM_T2,2,0.44,LGBM_T2_t0.44,18,0.6693830034924331,0.6008755550647673,0.5470909203220338,0.6008755550647673,0.549625079473805,0.685518196039858,0.3978078577594518,25,10,0.5395095367847411,0.8608695652173913,0.6633165829145728,230,0.9017632241813602,0.6302816901408451,0.7419689119170985,568,0.2,0.3114754098360656,0.24358974358974358,61,0.4098360655737705
LGBM_T2,3,0.44,LGBM_T2_t0.44,8,0.6512415349887133,0.5987910816082155,0.5392101605879275,0.5987910816082155,0.5446891774559792,0.6702613337819723,0.3694703441871108,21,17,0.5152354570637119,0.7982832618025751,0.6262626262626263,233,0.8822115384615384,0.6230899830220713,0.7303482587064677,589,0.22018348623853212,0.375,0.2774566473988439,64,0.328125
LGBM_T2,4,0.44,LGBM_T2_t0.44,4,0.7300995024875622,0.5988508667851115,0.6092189282019002,0.5988508667851115,0.5962557014164022,0.7257463605823022,0.5270816597969369,13,4,0.683698296836983,0.8726708074534162,0.7667121418826739,322,0.828169014084507,0.6789838337182448,0.7461928934010152,433,0.3157894736842105,0.24489795918367346,0.27586206896551724,49,0.2653061224489796
LGBM_T2,pooled,0.45,LGBM_T2_t0.45,46,0.6757068667051356,0.607682895963356,0.5574866615707506,0.607682895963356,0.564625644540726,0.6882992358796148,0.44988222749730866,68,42,0.5890034364261169,0.8360975609756097,0.6911290322580645,1025,0.865182436611008,0.6373576309794988,0.7339979013641134,2195,0.2182741116751269,0.34959349593495936,0.26875,246,0.2764227642276423
LGBM_T2,1,0.45,LGBM_T2_t0.45,16,0.6543075245365322,0.6211394245485155,0.5526599836726419,0.6211394245485155,0.5617763160433198,0.676211281259694,0.4735201838424328,9,13,0.6063492063492063,0.7958333333333333,0.6882882882882883,240,0.8490990990990991,0.6231404958677685,0.7187797902764538,605,0.20253164556962025,0.4444444444444444,0.2782608695652174,72,0.125
LGBM_T2,2,0.45,LGBM_T2_t0.45,19,0.6693830034924331,0.6008755550647673,0.5470448945987983,0.6008755550647673,0.5498929004648344,0.6851219128910406,0.4011602076237055,25,9,0.5395095367847411,0.8608695652173913,0.6633165829145728,230,0.8994974874371859,0.6302816901408451,0.7412008281573499,568,0.20212765957446807,0.3114754098360656,0.24516129032258063,61,0.4098360655737705
LGBM_T2,3,0.45,LGBM_T2_t0.45,7,0.654627539503386,0.6004888744774854,0.5415684813349221,0.6004888744774854,0.547580850522027,0.6731270584709703,0.37005048128197404,21,17,0.5152354570637119,0.7982832618025751,0.6262626262626263,233,0.883054892601432,0.6281833616298812,0.7341269841269841,589,0.22641509433962265,0.375,0.2823529411764706,64,0.328125
LGBM_T2,4,0.45,LGBM_T2_t0.45,4,0.7300995024875622,0.5930833423840467,0.6052880905340816,0.5930833423840467,0.5908210160909818,0.7248715316847669,0.5298556864821926,13,3,0.6844660194174758,0.8757763975155279,0.7683923705722071,322,0.8258426966292135,0.6789838337182448,0.7452471482889734,433,0.3055555555555556,0.22448979591836735,0.25882352941176473,49,0.2653061224489796
LGBM_T2,pooled,0.46,LGBM_T2_t0.46,46,0.6771494518176573,0.6086155403695267,0.5586819538440245,0.6086155403695267,0.5659987480049488,0.6893937678483226,0.451332161373177,68,41,0.5888812628689087,0.8370731707317073,0.6913779210314263,1025,0.865515114127082,0.6391799544419134,0.7353249475890985,2195,0.22164948453608246,0.34959349593495936,0.27129337539432175,246,0.2764227642276423
LGBM_T2,1,0.46,LGBM_T2_t0.46,16,0.6543075245365322,0.6211394245485155,0.5526599836726419,0.6211394245485155,0.5617763160433198,0.676211281259694,0.4735201838424328,9,13,0.6063492063492063,0.7958333333333333,0.6882882882882883,240,0.8490990990990991,0.6231404958677685,0.7187797902764538,605,0.20253164556962025,0.4444444444444444,0.2782608695652174,72,0.125
LGBM_T2,2,0.46,LGBM_T2_t0.46,17,0.6717112922002328,0.6020492639849552,0.5486770919717253,0.6020492639849552,0.5518280829596768,0.6870692429693978,0.4016760384545619,25,9,0.5395095367847411,0.8608695652173913,0.6633165829145728,230,0.9,0.6338028169014085,0.743801652892562,568,0.20652173913043478,0.3114754098360656,0.24836601307189543,61,0.4098360655737705
LGBM_T2,3,0.46,LGBM_T2_t0.46,9,0.6580135440180587,0.6030513515548528,0.544685361368329,0.6030513515548528,0.5511023561319502,0.6756147417778001,0.37502939101810484,21,16,0.5151515151515151,0.8025751072961373,0.62751677852349,233,0.8836104513064132,0.631578947368421,0.7366336633663366,589,0.23529411764705882,0.375,0.2891566265060241,64,0.328125
LGBM_T2,4,0.46,LGBM_T2_t0.46,4,0.7300995024875622,0.5930833423840467,0.6052880905340816,0.5930833423840467,0.5908210160909818,0.7248715316847669,0.5298556864821926,13,3,0.6844660194174758,0.8757763975155279,0.7683923705722071,322,0.8258426966292135,0.6789838337182448,0.7452471482889734,433,0.3055555555555556,0.22448979591836735,0.25882352941176473,49,0.2653061224489796
LGBM_T2,pooled,0.47,LGBM_T2_t0.47,55,0.6797461050201962,0.6077493194066338,0.5597058776278617,0.6077493194066338,0.567135651266638,0.6910999476008071,0.4523608727077113,69,38,0.5879534565366188,0.8380487804878048,0.6910699919549477,1025,0.8647490820073439,0.6437357630979499,0.7380517106294071,2195,0.22641509433962265,0.34146341463414637,0.27228525121555913,246,0.2804878048780488
LGBM_T2,1,0.47,LGBM_T2_t0.47,16,0.658669574700109,0.619264615855525,0.5530618212197159,0.619264615855525,0.5630815395625822,0.679652108360497,0.47308039267710267,9,13,0.6063492063492063,0.7958333333333333,0.6882882882882883,240,0.8488888888888889,0.631404958677686,0.7241706161137441,605,0.20394736842105263,0.4305555555555556,0.2767857142857143,72,0.125
LGBM_T2,2,0.47,LGBM_T2_t0.47,21,0.6752037252619325,0.6038098273652368,0.5513111597263268,0.6038098273652368,0.5550879067361555,0.68960043612394,0.4058648300494774,25,8,0.5395095367847411,0.8608695652173913,0.6633165829145728,230,0.8985148514851485,0.6390845070422535,0.7469135802469136,568,0.2159090909090909,0.3114754098360656,0.2550335570469799,61,0.4098360655737705
LGBM_T2,3,0.47,LGBM_T2_t0.47,14,0.6591422121896162,0.5998395643424635,0.5441904315183256,0.5998395643424635,0.5501937635566146,0.6757636612987756,0.37631129836995525,22,14,0.5136612021857924,0.8068669527896996,0.6277128547579299,233,0.8817966903073287,0.633276740237691,0.7371541501976284,589,0.23711340206185566,0.359375,0.2857142857142857,64,0.34375
LGBM_T2,4,0.47,LGBM_T2_t0.47,4,0.7313432835820896,0.5938531653247704,0.6108895535615376,0.5938531653247704,0.5930808742591134,0.7256883245377939,0.5290922886466196,13,3,0.6828087167070218,0.8757763975155279,0.7673469387755102,322,0.8263305322128851,0.6812933025404158,0.7468354430379747,433,0.3235294117647059,0.22448979591836735,0.26506024096385544,49,0.2653061224489796
LGBM_T2,pooled,0.48,LGBM_T2_t0.48,59,0.6811886901327179,0.6062756572896025,0.5597233486656222,0.6062756572896025,0.5670466303678067,0.692030127292549,0.45261662305387784,69,37,0.5878332194121668,0.8390243902439024,0.6913183279742765,1025,0.8641900121802679,0.6464692482915717,0.7396403440187647,2195,0.22714681440443213,0.3333333333333333,0.2701812191103789,246,0.2804878048780488
LGBM_T2,1,0.48,LGBM_T2_t0.48,18,0.6597600872410033,0.615736914600551,0.5516050672182787,0.615736914600551,0.561891851014806,0.6801490642674727,0.4709163176339859,9,13,0.6044303797468354,0.7958333333333333,0.6870503597122302,240,0.847682119205298,0.6347107438016529,0.725897920604915,605,0.20270270270270271,0.4166666666666667,0.2727272727272727,72,0.125
LGBM_T2,2,0.48,LGBM_T2_t0.48,22,0.6763678696158324,0.6003814763133325,0.549692433195167,0.6003814763133325,0.5531868156059,0.6899419248232667,0.4088311172121404,25,7,0.5407608695652174,0.8652173913043478,0.6655518394648829,230,0.896551724137931,0.6408450704225352,0.7474332648870636,568,0.21176470588235294,0.29508196721311475,0.2465753424657534,61,0.4098360655737705
LGBM_T2,3,0.48,LGBM_T2_t0.48,15,0.662528216704289,0.6015373572117335,0.5469903870769476,0.6015373572117335,0.5532462649238827,0.6786368764795203,0.3769468144293203,22,14,0.5136612021857924,0.8068669527896996,0.6277128547579299,233,0.8826291079812206,0.6383701188455009,0.7408866995073892,589,0.24468085106382978,0.359375,0.2911392405063291,64,0.34375
LGBM_T2,4,0.48,LGBM_T2_t0.48,4,0.7313432835820896,0.5938531653247704,0.6108895535615376,0.5938531653247704,0.5930808742591134,0.7256883245377939,0.5290922886466196,13,3,0.6828087167070218,0.8757763975155279,0.7673469387755102,322,0.8263305322128851,0.6812933025404158,0.7468354430379747,433,0.3235294117647059,0.22448979591836735,0.26506024096385544,49,0.2653061224489796
LGBM_T2,pooled,0.49,LGBM_T2_t0.49,61,0.6826312752452395,0.6046286522090734,0.5597773270717957,0.6046286522090734,0.5670374609116839,0.6928226667250293,0.4533058295298892,69,35,0.587431693989071,0.8390243902439024,0.6910405785456006,1025,0.8626739261947973,0.6496583143507972,0.7411642411642412,2195,0.22922636103151864,0.3252032520325203,0.2689075630252101,246,0.2804878048780488
LGBM_T2,1,0.49,LGBM_T2_t0.49,18,0.6608505997818975,0.6162878787878788,0.5520212259851587,0.6162878787878788,0.5628982706166726,0.6806867308264721,0.4745050089023317,9,12,0.6044303797468354,0.7958333333333333,0.6870503597122302,240,0.8461538461538461,0.6363636363636364,0.7264150943396226,605,0.2054794520547945,0.4166666666666667,0.27522935779816515,72,0.125
LGBM_T2,2,0.49,LGBM_T2_t0.49,19,0.681024447031432,0.6027288941537082,0.553952122854562,0.6027288941537082,0.5574387069041934,0.6936528286072638,0.4092137596704698,25,7,0.5392953929539296,0.8652173913043478,0.664440734557596,230,0.8975609756097561,0.647887323943662,0.7525562372188139,568,0.225,0.29508196721311475,0.2553191489361702,61,0.4098360655737705
LGBM_T2,3,0.49,LGBM_T2_t0.49,19,0.6636568848758465,0.5974608857912468,0.5457251380240324,0.5974608857912468,0.5517769892512882,0.6789211780058726,0.3778068203600119,22,13,0.5136612021857924,0.8068669527896996,0.6277128547579299,233,0.8790697674418605,0.6417657045840407,0.7419038272816487,589,0.24444444444444444,0.34375,0.2857142857142857,64,0.34375
LGBM_T2,4,0.49,LGBM_T2_t0.49,5,0.7300995024875622,0.587050444236335,0.6032871220353466,0.587050444236335,0.5857135515548763,0.7238903690053939,0.5258885417501135,13,3,0.6828087167070218,0.8757763975155279,0.7673469387755102,322,0.8240223463687151,0.6812933025404158,0.7458912768647282,433,0.30303030303030304,0.20408163265306123,0.24390243902439024,49,0.2653061224489796
LGBM_T2,pooled,0.5,LGBM_T2_t0.50,67,0.6832083092902481,0.6025260662629405,0.559071834262877,0.6025260662629405,0.5661382629398004,0.6929789870396795,0.4529019968161333,69,34,0.5870307167235495,0.8390243902439024,0.6907630522088354,1025,0.8614457831325302,0.6514806378132119,0.74189364461738,2195,0.2287390029325513,0.3170731707317073,0.2657580919931857,246,0.2804878048780488
LGBM_T2,1,0.5,LGBM_T2_t0.50,19,0.6619411123227917,0.6127601775329047,0.550735249494301,0.6127601775329047,0.5616485804552446,0.6813879451686773,0.47287398729192964,9,12,0.6044303797468354,0.7958333333333333,0.6870503597122302,240,0.8449781659388647,0.6396694214876033,0.7281279397930386,605,0.20279720279720279,0.4027777777777778,0.26976744186046514,72,0.125
LGBM_T2,2,0.5,LGBM_T2_t0.50,22,0.6833527357392316,0.603902603073896,0.5565541080104187,0.603902603073896,0.5597683131223504,0.6954338408947625,0.40903482468013197,25,7,0.5378378378378378,0.8652173913043478,0.6633333333333333,230,0.8980582524271845,0.6514084507042254,0.7551020408163265,568,0.23376623376623376,0.29508196721311475,0.2608695652173913,61,0.4098360655737705
LGBM_T2,3,0.5,LGBM_T2_t0.50,21,0.662528216704289,0.5922525524579134,0.5424325219407188,0.5922525524579134,0.5481597276397251,0.6772761545958094,0.37824234978702254,22,12,0.5136612021857924,0.8068669527896996,0.6277128547579299,233,0.875,0.6417657045840407,0.7404505386875612,589,0.23863636363636365,0.328125,0.27631578947368424,64,0.34375
LGBM_T2,4,0.5,LGBM_T2_t0.50,5,0.7300995024875622,0.587050444236335,0.6032871220353466,0.587050444236335,0.5857135515548763,0.7238903690053939,0.5258885417501135,13,3,0.6828087167070218,0.8757763975155279,0.7673469387755102,322,0.8240223463687151,0.6812933025404158,0.7458912768647282,433,0.30303030303030304,0.20408163265306123,0.24390243902439024,49,0.2653061224489796
LGBM_T2,pooled,0.51,LGBM_T2_t0.51,77,0.684939411425274,0.6022340747325469,0.5600844309449441,0.6022340747325469,0.5670574385127168,0.6941780720697965,0.45343797734958924,70,32,0.5866302864938608,0.8390243902439024,0.6904857486953031,1025,0.8609946075494308,0.6546697038724374,0.7437888198757764,2195,0.2326283987915408,0.3130081300813008,0.2668977469670711,246,0.2845528455284553
LGBM_T2,1,0.51,LGBM_T2_t0.51,27,0.6663031624863686,0.6108853688399143,0.550980606467191,0.6108853688399143,0.5630195191540327,0.6841483432552162,0.4751280816219293,10,10,0.6025236593059937,0.7958333333333333,0.6858168761220825,240,0.843010752688172,0.6479338842975206,0.7327102803738318,605,0.2074074074074074,0.3888888888888889,0.27053140096618356,72,0.1388888888888889
LGBM_T2,2,0.51,LGBM_T2_t0.51,23,0.6845168800931315,0.6044894575339899,0.5576616759489195,0.6044894575339899,0.5608260353033674,0.6964081724307435,0.4093189010531917,25,7,0.5378378378378378,0.8652173913043478,0.6633333333333333,230,0.8983050847457628,0.653169014084507,0.7563710499490316,568,0.23684210526315788,0.29508196721311475,0.26277372262773724,61,0.4098360655737705
LGBM_T2,3,0.51,LGBM_T2_t0.51,22,0.6636568848758465,0.5928184834143367,0.5434430653777971,0.5928184834143367,0.549180508227285,0.6782276429769352,0.3784615168765938,22,12,0.5136612021857924,0.8068669527896996,0.6277128547579299,233,0.8752886836027713,0.6434634974533107,0.7416829745596869,589,0.2413793103448276,0.328125,0.2781456953642384,64,0.34375
LGBM_T2,4,0.51,LGBM_T2_t0.51,5,0.7300995024875622,0.587050444236335,0.6032871220353466,0.587050444236335,0.5857135515548763,0.7238903690053939,0.5258885417501135,13,3,0.6828087167070218,0.8757763975155279,0.7673469387755102,322,0.8240223463687151,0.6812933025404158,0.7458912768647282,433,0.30303030303030304,0.20408163265306123,0.24390243902439024,49,0.2653061224489796
LGBM_T2,pooled,0.52,LGBM_T2_t0.52,85,0.6863819965377957,0.6017902229136186,0.5608343467049258,0.6017902229136186,0.567629260001225,0.6952244048396313,0.4530307551517071,71,31,0.5862304021813224,0.8390243902439024,0.6902086677367576,1025,0.8609785202863962,0.6574031890660592,0.7455437871351072,2195,0.23529411764705882,0.3089430894308943,0.2671353251318102,246,0.2886178861788618
LGBM_T2,1,0.52,LGBM_T2_t0.52,32,0.6706652126499455,0.6130892255892255,0.5534871553933236,0.6130892255892255,0.5665962616469572,0.6873355276630788,0.48007252385216637,10,9,0.6025236593059937,0.7958333333333333,0.6858168761220825,240,0.8425531914893617,0.6545454545454545,0.7367441860465116,605,0.2153846153846154,0.3888888888888889,0.27722772277227725,72,0.1388888888888889
LGBM_T2,2,0.52,LGBM_T2_t0.52,23,0.6845168800931315,0.6044894575339899,0.5576616759489195,0.6044894575339899,0.5608260353033674,0.6964081724307435,0.4093189010531917,25,7,0.5378378378378378,0.8652173913043478,0.6633333333333333,230,0.8983050847457628,0.653169014084507,0.7563710499490316,568,0.23684210526315788,0.29508196721311475,0.26277372262773724,61,0.4098360655737705
LGBM_T2,3,0.52,LGBM_T2_t0.52,23,0.664785553047404,0.5933844143707601,0.5444744285212599,0.5933844143707601,0.5502086185784824,0.6791792920252316,0.3786816269284712,22,12,0.5136612021857924,0.8068669527896996,0.6277128547579299,233,0.8755760368663594,0.6451612903225806,0.7429130009775171,589,0.2441860465116279,0.328125,0.28,64,0.34375
LGBM_T2,4,0.52,LGBM_T2_t0.52,7,0.7300995024875622,0.5810175460886232,0.5986648452513192,0.5810175460886232,0.5795930317669448,0.7231735891250816,0.5179014914553436,14,3,0.6811594202898551,0.8757763975155279,0.7663043478260869,322,0.8245125348189415,0.6836027713625866,0.7474747474747475,433,0.2903225806451613,0.1836734693877551,0.225,49,0.2857142857142857
LGBM_T2,pooled,0.53,LGBM_T2_t0.53,96,0.688401615695326,0.6006202813736565,0.5614361977874928,0.6006202813736565,0.567904152233958,0.6966390448917805,0.4536548815450874,71,30,0.5865122615803815,0.84,0.690734055354994,1025,0.8606168446026097,0.6610478359908883,0.7477454264364854,2195,0.23717948717948717,0.3008130081300813,0.26523297491039427,246,0.2886178861788618
LGBM_T2,1,0.53,LGBM_T2_t0.53,35,0.6717557251908397,0.6103994490358127,0.5524912350059217,0.6103994490358127,0.5655872939040507,0.6878134971731532,0.4832720363559595,10,8,0.6037735849056604,0.8,0.6881720430107527,240,0.8411016949152542,0.656198347107438,0.7372330547818013,605,0.2125984251968504,0.375,0.271356783919598,72,0.1388888888888889
LGBM_T2,2,0.53,LGBM_T2_t0.53,27,0.6868451688009313,0.6007855400399547,0.556943814317915,0.6007855400399547,0.5594544313406189,0.6978983257058871,0.4072199545113372,25,7,0.5378378378378378,0.8652173913043478,0.6633333333333333,230,0.8968824940047961,0.6584507042253521,0.7593908629441625,568,0.2361111111111111,0.2786885245901639,0.2556390977443609,61,0.4098360655737705
LGBM_T2,3,0.53,LGBM_T2_t0.53,25,0.6670428893905191,0.5945162762836067,0.5466026637255393,0.5945162762836067,0.5522874974000834,0.6810832337761149,0.3791247003667969,22,12,0.5136612021857924,0.8068669527896996,0.6277128547579299,233,0.8761467889908257,0.6485568760611206,0.7453658536585366,589,0.25,0.328125,0.28378378378378377,64,0.34375
LGBM_T2,4,0.53,LGBM_T2_t0.53,9,0.7325870646766169,0.5825571919700705,0.6056630041396661,0.5825571919700705,0.5825677671724107,0.7252243312598026,0.5185910509042287,14,3,0.6811594202898551,0.8757763975155279,0.7663043478260869,322,0.8254847645429363,0.6882217090069284,0.7506297229219143,433,0.3103448275862069,0.1836734693877551,0.23076923076923078,49,0.2857142857142857
LGBM_T2,pooled,0.54,LGBM_T2_t0.54,113,0.6907097518753607,0.5985723898241261,0.5620947190278675,0.5985723898241261,0.5678593224464085,0.6979364352203359,0.45554420671159024,71,27,0.5862771739130435,0.8419512195121951,0.6912294753704445,1025,0.859329017068864,0.6651480637813212,0.7498715973292245,2195,0.24067796610169492,0.2886178861788618,0.26247689463955637,246,0.2886178861788618
LGBM_T2,1,0.54,LGBM_T2_t0.54,40,0.6717557251908397,0.6022421181512091,0.5483447348824931,0.6022421181512091,0.560959430058675,0.6870630086608059,0.4785675042326797,10,8,0.6018808777429467,0.8,0.6869409660107334,240,0.8382352941176471,0.6595041322314049,0.7382053654024052,605,0.20491803278688525,0.3472222222222222,0.25773195876288657,72,0.1388888888888889
LGBM_T2,2,0.54,LGBM_T2_t0.54,34,0.6915017462165308,0.5999801732705571,0.5601715922196331,0.5999801732705571,0.5610070564570059,0.7006528359807915,0.4159338986069905,25,5,0.5388739946380697,0.8739130434782608,0.6666666666666666,230,0.8954869358669834,0.6637323943661971,0.7623862487360971,568,0.24615384615384617,0.26229508196721313,0.25396825396825395,61,0.4098360655737705
LGBM_T2,3,0.54,LGBM_T2_t0.54,26,0.6681715575620768,0.59508220724003,0.5477011521094067,0.59508220724003,0.5533386114764435,0.6820356096896759,0.379347676109407,22,12,0.5136612021857924,0.8068669527896996,0.6277128547579299,233,0.8764302059496567,0.6502546689303905,0.746588693957115,589,0.25301204819277107,0.328125,0.2857142857142857,64,0.34375
LGBM_T2,4,0.54,LGBM_T2_t0.54,13,0.736318407960199,0.5848666607922414,0.6219389848454768,0.5848666607922414,0.5879778519938703,0.7280075145844981,0.5236597804241123,14,2,0.6811594202898551,0.8757763975155279,0.7663043478260869,322,0.8246575342465754,0.6951501154734411,0.7543859649122807,433,0.36,0.1836734693877551,0.24324324324324326,49,0.2857142857142857
LGBM_T2,pooled,0.55,LGBM_T2_t0.55,127,0.6924408540103866,0.5986270842207283,0.5642329440715044,0.5986270842207283,0.5692128939621304,0.6988342038538018,0.4579712238576811,71,24,0.5848546315077755,0.8439024390243902,0.6908945686900958,1025,0.8587338804220399,0.6674259681093394,0.7510894642399385,2195,0.2491103202846975,0.2845528455284553,0.2656546489563567,246,0.2886178861788618
LGBM_T2,1,0.55,LGBM_T2_t0.55,44,0.6728462377317339,0.6027930823385369,0.5489384438610548,0.6027930823385369,0.5621129002259848,0.687167048879948,0.48124372440402996,10,7,0.5981308411214953,0.8,0.6844919786096256,240,0.8368200836820083,0.6611570247933884,0.7386888273314867,605,0.211864406779661,0.3472222222222222,0.2631578947368421,72,0.1388888888888889
LGBM_T2,2,0.55,LGBM_T2_t0.55,41,0.6973224679860303,0.6046392873754765,0.5701833408404652,0.6046392873754765,0.5679666190757539,0.7047767193413682,0.42712461129248647,25,3,0.5384615384615384,0.8826086956521739,0.6688632619439868,230,0.8962264150943396,0.6690140845070423,0.7661290322580645,568,0.27586206896551724,0.26229508196721313,0.2689075630252101,61,0.4098360655737705
LGBM_T2,3,0.55,LGBM_T2_t0.55,27,0.6681715575620768,0.59508220724003,0.5482631157689126,0.59508220724003,0.5536421978334981,0.6819018430905008,0.37860459844215466,22,12,0.5122615803814714,0.8068669527896996,0.6266666666666667,233,0.8764302059496567,0.6502546689303905,0.746588693957115,589,0.25609756097560976,0.328125,0.2876712328767123,64,0.34375
LGBM_T2,4,0.55,LGBM_T2_t0.55,15,0.736318407960199,0.5788337626445296,0.6172912635417078,0.5788337626445296,0.5811755233494363,0.7270570757324488,0.5207109545886011,14,2,0.6811594202898551,0.8757763975155279,0.7663043478260869,322,0.8228882833787466,0.6974595842956121,0.755,433,0.34782608695652173,0.16326530612244897,0.2222222222222222,49,0.2857142857142857
LGBM_T2,pooled,0.56,LGBM_T2_t0.56,142,0.6959030582804385,0.6004494076831429,0.5687794281429532,0.6004494076831429,0.5728633688880221,0.7014863371413208,0.46060678231652286,71,22,0.5844594594594594,0.8439024390243902,0.6906187624750499,1025,0.8587209302325581,0.6728929384965832,0.7545338441890166,2195,0.2631578947368421,0.2845528455284553,0.2734375,246,0.2886178861788618
LGBM_T2,1,0.56,LGBM_T2_t0.56,54,0.6815703380588877,0.6072007958371595,0.5551790380897901,0.6072007958371595,0.5694348487942794,0.6936463219328978,0.4876337282871276,10,6,0.5962732919254659,0.8,0.6832740213523132,240,0.837782340862423,0.6743801652892562,0.7472527472527473,605,0.23148148148148148,0.3472222222222222,0.2777777777777778,72,0.1388888888888889
LGBM_T2,2,0.56,LGBM_T2_t0.56,44,0.7008149010477299,0.6063998507557582,0.5754420442945033,0.6063998507557582,0.5715248590468867,0.707730510259965,0.42813941638472464,25,3,0.5384615384615384,0.8826086956521739,0.6688632619439868,230,0.8969555035128806,0.6742957746478874,0.7698492462311558,568,0.2909090909090909,0.26229508196721313,0.27586206896551724,61,0.4098360655737705
LGBM_T2,3,0.56,LGBM_T2_t0.56,28,0.6681715575620768,0.59508220724003,0.5486500211283409,0.59508220724003,0.5540611907613218,0.6815618794860957,0.38197237496494496,22,11,0.5122615803814714,0.8068669527896996,0.6266666666666667,233,0.8744292237442922,0.6502546689303905,0.7458617332035054,589,0.25925925925925924,0.328125,0.2896551724137931,64,0.34375
LGBM_T2,4,0.56,LGBM_T2_t0.56,16,0.7375621890547264,0.5796035855852533,0.6227217830478701,0.5796035855852533,0.582736922539416,0.728084911072637,0.5210719509839097,14,2,0.6811594202898551,0.8757763975155279,0.7663043478260869,322,0.8233695652173914,0.6997690531177829,0.7565543071161048,433,0.36363636363636365,0.16326530612244897,0.22535211267605634,49,0.2857142857142857
LGBM_T2,pooled,0.57,LGBM_T2_t0.57,154,0.6973456433929602,0.5989757455661117,0.5697624826804678,0.5989757455661117,0.5728447887316787,0.7021760558067932,0.4627296293658578,71,19,0.5843454790823212,0.8448780487804878,0.6908655763861189,1025,0.8572254335260115,0.675626423690205,0.7556687898089172,2195,0.2677165354330709,0.2764227642276423,0.272,246,0.2886178861788618
LGBM_T2,1,0.57,LGBM_T2_t0.57,56,0.6837513631406761,0.6083027242118151,0.5568560521000668,0.6083027242118151,0.5712386197885276,0.695402372954185,0.4885413297601996,10,6,0.5962732919254659,0.8,0.6832740213523132,240,0.8384458077709611,0.6776859504132231,0.7495429616087751,605,0.2358490566037736,0.3472222222222222,0.2808988764044944,72,0.1388888888888889
LGBM_T2,2,0.57,LGBM_T2_t0.57,47,0.7043073341094296,0.6081604141360398,0.5812760882528324,0.6081604141360398,0.5751987322801094,0.7106957346091975,0.4291685508129681,25,3,0.5384615384615384,0.8826086956521739,0.6688632619439868,230,0.8976744186046511,0.6795774647887324,0.7735470941883767,568,0.3076923076923077,0.26229508196721313,0.2831858407079646,61,0.4098360655737705
LGBM_T2,3,0.57,LGBM_T2_t0.57,34,0.6693002257336343,0.5918704200276408,0.5492133563869576,0.5918704200276408,0.5535282057889654,0.6811177417805013,0.39094397599227493,22,8,0.5121951219512195,0.8111587982832618,0.627906976744186,233,0.8687782805429864,0.6519524617996605,0.7449078564500485,589,0.26666666666666666,0.3125,0.28776978417266186,64,0.34375
LGBM_T2,4,0.57,LGBM_T2_t0.57,17,0.736318407960199,0.5728008644968179,0.6118769883351007,0.5728008644968179,0.5739717734648885,0.7260317800027295,0.5177253913982365,14,2,0.6811594202898551,0.8757763975155279,0.7663043478260869,322,0.8211382113821138,0.6997690531177829,0.7556109725685786,433,0.3333333333333333,0.14285714285714285,0.2,49,0.2857142857142857
LGBM_T2,pooled,0.58,LGBM_T2_t0.58,163,0.6987882285054818,0.5973287404855825,0.5701824984179807,0.5973287404855825,0.5724011364282503,0.7031106017213833,0.46190692573638725,71,19,0.5843454790823212,0.8448780487804878,0.6908655763861189,1025,0.8568142610695803,0.6788154897494305,0.7574987290289782,2195,0.2693877551020408,0.2682926829268293,0.26883910386965376,246,0.2886178861788618
LGBM_T2,1,0.58,LGBM_T2_t0.58,58,0.6837513631406761,0.6042240587695134,0.554703244156888,0.6042240587695134,0.5686670980265286,0.6950622996302277,0.4864175191964182,10,6,0.5962732919254659,0.8,0.6832740213523132,240,0.8370672097759674,0.6793388429752066,0.75,605,0.23076923076923078,0.3333333333333333,0.2727272727272727,72,0.1388888888888889
LGBM_T2,2,0.58,LGBM_T2_t0.58,49,0.7043073341094296,0.6032827877218168,0.5780982905982907,0.6032827877218168,0.5710445107380857,0.7100780404349284,0.42646907766338227,25,3,0.5384615384615384,0.8826086956521739,0.6688632619439868,230,0.8958333333333334,0.6813380281690141,0.774,568,0.3,0.2459016393442623,0.2702702702702703,61,0.4098360655737705
LGBM_T2,3,0.58,LGBM_T2_t0.58,39,0.6749435665914221,0.5947000748097574,0.5560518308922303,0.5947000748097574,0.5591265634653347,0.6859202438057207,0.3922189919315323,22,8,0.5121951219512195,0.8111587982832618,0.627906976744186,233,0.8702460850111857,0.6604414261460102,0.750965250965251,589,0.2857142857142857,0.3125,0.29850746268656714,64,0.34375
LGBM_T2,4,0.58,LGBM_T2_t0.58,17,0.736318407960199,0.5728008644968179,0.6118769883351007,0.5728008644968179,0.5739717734648885,0.7260317800027295,0.5177253913982365,14,2,0.6811594202898551,0.8757763975155279,0.7663043478260869,322,0.8211382113821138,0.6997690531177829,0.7556109725685786,433,0.3333333333333333,0.14285714285714285,0.2,49,0.2857142857142857
LGBM_T2,pooled,0.59,LGBM_T2_t0.59,170,0.6996537795729948,0.5955513577914823,0.56989792669179,0.5955513577914823,0.5714086680812448,0.7035096993104428,0.4622507965661127,71,18,0.5846257585974376,0.8458536585365853,0.6913875598086124,1025,0.856160458452722,0.6806378132118451,0.7583756345177665,2195,0.2689075630252101,0.2601626016260163,0.2644628099173554,246,0.2886178861788618
LGBM_T2,1,0.59,LGBM_T2_t0.59,62,0.6859323882224646,0.6012473217018671,0.5542123094297007,0.6012473217018671,0.5678143848482341,0.6964466511210945,0.4851809399050271,10,6,0.5962732919254659,0.8,0.6832740213523132,240,0.8363636363636363,0.684297520661157,0.7527272727272727,605,0.23,0.3194444444444444,0.26744186046511625,72,0.1388888888888889
LGBM_T2,2,0.59,LGBM_T2_t0.59,50,0.7054714784633295,0.6047320630841356,0.5805461073318217,0.6047320630841356,0.5725933014354067,0.7108387298015384,0.4324986153967877,25,2,0.5396825396825397,0.8869565217391304,0.6710526315789473,230,0.8958333333333334,0.6813380281690141,0.774,568,0.30612244897959184,0.2459016393442623,0.2727272727272727,61,0.4098360655737705
LGBM_T2,3,0.59,LGBM_T2_t0.59,40,0.6760722347629797,0.5952660057661806,0.5575286362335673,0.5952660057661806,0.5602761922635299,0.6868830825808371,0.39247740128408004,22,8,0.5121951219512195,0.8111587982832618,0.627906976744186,233,0.8705357142857143,0.6621392190152802,0.7521697203471552,589,0.2898550724637681,0.3125,0.3007518796992481,64,0.34375
LGBM_T2,4,0.59,LGBM_T2_t0.59,18,0.7350746268656716,0.5659981434083825,0.6000261130695913,0.5659981434083825,0.5649624596170159,0.723935129027557,0.5143579204621196,14,2,0.6811594202898551,0.8757763975155279,0.7663043478260869,322,0.8189189189189189,0.6997690531177829,0.7546699875466999,433,0.3,0.12244897959183673,0.17391304347826086,49,0.2857142857142857
LGBM_T2,pooled,0.6,LGBM_T2_t0.60,181,0.7019619157530295,0.5955630868381576,0.5727250339959176,0.5955630868381576,0.5728364776840039,0.7052346326985035,0.4621357049116376,71,18,0.5842318059299192,0.8458536585365853,0.6911119968114787,1025,0.8564102564102564,0.6847380410022779,0.7610126582278481,2195,0.2775330396475771,0.25609756097560976,0.266384778012685,246,0.2886178861788618
LGBM_T2,1,0.6,LGBM_T2_t0.60,68,0.6913849509269356,0.6040021426385063,0.5590360318819577,0.6040021426385063,0.5725132884075624,0.7006115383317648,0.48689457678062165,10,6,0.5944272445820433,0.8,0.6820603907637656,240,0.838,0.6925619834710743,0.7583710407239819,605,0.24468085106382978,0.3194444444444444,0.27710843373493976,72,0.1388888888888889
LGBM_T2,2,0.6,LGBM_T2_t0.60,52,0.7077997671711292,0.6059057720043234,0.5850482799693507,0.6059057720043234,0.5750925050483827,0.71281548986662,0.4332128959428897,25,2,0.5396825396825397,0.8869565217391304,0.6710526315789473,230,0.8963133640552995,0.6848591549295775,0.7764471057884231,568,0.3191489361702128,0.2459016393442623,0.2777777777777778,61,0.4098360655737705
LGBM_T2,3,0.6,LGBM_T2_t0.60,43,0.6772009029345373,0.5911895343456939,0.5564178369056417,0.5911895343456939,0.5580202742993441,0.687387587476831,0.3900149778993588,22,8,0.5121951219512195,0.8111587982832618,0.627906976744186,233,0.8691796008869179,0.66553480475382,0.7538461538461538,589,0.2878787878787879,0.296875,0.2923076923076923,64,0.34375
LGBM_T2,4,0.6,LGBM_T2_t0.60,18,0.7350746268656716,0.5659981434083825,0.6000261130695913,0.5659981434083825,0.5649624596170159,0.723935129027557,0.5143579204621196,14,2,0.6811594202898551,0.8757763975155279,0.7663043478260869,322,0.8189189189189189,0.6997690531177829,0.7546699875466999,433,0.3,0.12244897959183673,0.17391304347826086,49,0.2857142857142857
