dataset,event_id,year,fold
OOF,2014-0001-TON,2014,1
OOF,2014-0002-BRA,2014,1
OOF,2014-0004-AUS,2014,1
OOF,2014-0005-NGA,2014,1
OOF,2014-0006-CHN,2014,1
OOF,2014-0008-ESP,2014,1
OOF,2014-0008-FRA,2014,1
OOF,2014-0009-USA,2014,1
OOF,2014-0010-AUS,2014,1
OOF,2014-0013-DZA,2014,1
OOF,2014-0014-CHN,2014,1
OOF,2014-0015-IND,2014,1
OOF,2014-0016-REU,2014,1
OOF,2014-0017-PAK,2014,1
OOF,2014-0018-IDN,2014,1
OOF,2014-0020-PHL,2014,1
OOF,2014-0021-ARG,2014,1
OOF,2014-0024-IND,2014,1
OOF,2014-0026-ITA,2014,1
OOF,2014-0027-FRA,2014,1
OOF,2014-0028-COD,2014,1
OOF,2014-0029-BLR,2014,1
OOF,2014-0030-POL,2014,1
OOF,2014-0030-ROU,2014,1
OOF,2014-0031-CAN,2014,1
OOF,2014-0032-COD,2014,1
OOF,2014-0033-IND,2014,1
OOF,2014-0034-IDN,2014,1
OOF,2014-0035-BOL,2014,1
OOF,2014-0036-COL,2014,1
OOF,2014-0037-TUR,2014,1
OOF,2014-0039-GBR,2014,1
OOF,2014-0041-BGD,2014,1
OOF,2014-0042-TZA,2014,1
OOF,2014-0043-UKR,2014,1
OOF,2014-0044-IDN,2014,1
OOF,2014-0045-ITA,2014,1
OOF,2014-0046-SVN,2014,1
OOF,2014-0047-IND,2014,1
OOF,2014-0048-USA,2014,1
OOF,2014-0052-USA,2014,1
OOF,2014-0053-USA,2014,1
OOF,2014-0054-IRN,2014,1
OOF,2014-0055-PHL,2014,1
OOF,2014-0056-IDN,2014,1
OOF,2014-0057-IDN,2014,1
OOF,2014-0059-ARG,2014,1
OOF,2014-0060-SAU,2014,1
OOF,2014-0061-JPN,2014,1
OOF,2014-0063-BDI,2014,1
OOF,2014-0064-IDN,2014,1
OOF,2014-0065-TLS,2014,1
OOF,2014-0066-ZWE,2014,1
OOF,2014-0067-GBR,2014,1
OOF,2014-0067-IRL,2014,1
OOF,2014-0067-PRT,2014,1
OOF,2014-0068-JPN,2014,1
OOF,2014-0069-RUS,2014,1
OOF,2014-0070-NPL,2014,1
OOF,2014-0072-USA,2014,1
OOF,2014-0073-DZA,2014,1
OOF,2014-0074-QAT,2014,1
OOF,2014-0075-THA,2014,1
OOF,2014-0076-TUN,2014,1
OOF,2014-0077-KOR,2014,1
OOF,2014-0078-TGO,2014,1
OOF,2014-0079-THA,2014,1
OOF,2014-0081-IDN,2014,1
OOF,2014-0084-AFG,2014,1
OOF,2014-0085-CHN,2014,1
OOF,2014-0087-YEM,2014,1
OOF,2014-0088-MYS,2014,1
OOF,2014-0089-THA,2014,1
OOF,2014-0090-GIN,2014,1
OOF,2014-0090-LBR,2014,1
OOF,2014-0090-MLI,2014,1
OOF,2014-0090-NGA,2014,1
OOF,2014-0090-SLE,2014,1
OOF,2014-0091-SLB,2014,1
OOF,2014-0092-MDG,2014,1
OOF,2014-0093-UGA,2014,1
OOF,2014-0094-CHL,2014,1
OOF,2014-0095-USA,2014,1
OOF,2014-0096-VUT,2014,1
OOF,2014-0098-THA,2014,1
OOF,2014-0099-ZAF,2014,1
OOF,2014-0100-USA,2014,1
OOF,2014-0104-COD,2014,1
OOF,2014-0106-IND,2014,1
OOF,2014-0107-CHN,2014,1
OOF,2014-0110-CHN,2014,1
OOF,2014-0111-NIC,2014,1
OOF,2014-0112-PER,2014,1
OOF,2014-0113-EGY,2014,1
OOF,2014-0114-EGY,2014,1
OOF,2014-0115-NGA,2014,1
OOF,2014-0116-RUS,2014,1
OOF,2014-0118-CHL,2014,1
OOF,2014-0119-TZA,2014,1
OOF,2014-0121-KOR,2014,1
OOF,2014-0122-TJK,2014,1
OOF,2014-0123-KAZ,2014,1
OOF,2014-0124-NPL,2014,1
OOF,2014-0125-PAK,2014,1
OOF,2014-0126-USA,2014,1
OOF,2014-0132-CHN,2014,1
OOF,2014-0133-CHN,2014,1
OOF,2014-0134-AFG,2014,1
OOF,2014-0135-BGD,2014,1
OOF,2014-0136-COD,2014,1
OOF,2014-0143-COL,2014,1
OOF,2014-0144-NGA,2014,1
OOF,2014-0145-NGA,2014,1
OOF,2014-0146-TUR,2014,1
OOF,2014-0147-PAK,2014,1
OOF,2014-0148-UGA,2014,1
OOF,2014-0149-THA,2014,1
OOF,2014-0150-ARE,2014,1
OOF,2014-0151-GRC,2014,1
OOF,2014-0152-GRC,2014,1
OOF,2014-0153-HTI,2014,1
OOF,2014-0154-BGD,2014,1
OOF,2014-0155-IND,2014,1
OOF,2014-0156-HKG,2014,1
OOF,2014-0158-SLE,2014,1
OOF,2014-0159-THA,2014,1
OOF,2014-0160-LBY,2014,1
OOF,2014-0161-LBY,2014,1
OOF,2014-0162-TUR,2014,1
OOF,2014-0163-TGO,2014,1
OOF,2014-0164-BIH,2014,1
OOF,2014-0164-HRV,2014,1
OOF,2014-0164-SRB,2014,1
OOF,2014-0165-USA,2014,1
OOF,2014-0167-USA,2014,1
OOF,2014-0168-RUS,2014,1
OOF,2014-0169-YEM,2014,1
OOF,2014-0170-RUS,2014,1
OOF,2014-0171-IRN,2014,1
OOF,2014-0174-GRC,2014,1
OOF,2014-0178-CHN,2014,1
OOF,2014-0179-CHN,2014,1
OOF,2014-0180-CHN,2014,1
OOF,2014-0181-LKA,2014,1
OOF,2014-0182-IND,2014,1
OOF,2014-0183-GTM,2014,1
OOF,2014-0184-IND,2014,1
OOF,2014-0185-AFG,2014,1
OOF,2014-0186-IDN,2014,1
OOF,2014-0187-PER,2014,1
OOF,2014-0188-BRA,2014,1
OOF,2014-0189-BRA,2014,1
OOF,2014-0190-COL,2014,1
OOF,2014-0191-SSD,2014,1
OOF,2014-0193-RUS,2014,1
OOF,2014-0194-PER,2014,1
OOF,2014-0195-IND,2014,1
OOF,2014-0198-IND,2014,1
OOF,2014-0199-KOR,2014,1
OOF,2014-0201-IND,2014,1
OOF,2014-0202-POL,2014,1
OOF,2014-0203-VNM,2014,1
OOF,2014-0206-IND,2014,1
OOF,2014-0207-IND,2014,1
OOF,2014-0208-RUS,2014,1
OOF,2014-0209-DEU,2014,1
OOF,2014-0210-BGR,2014,1
OOF,2014-0211-NGA,2014,1
OOF,2014-0212-CHN,2014,1
OOF,2014-0214-CHN,2014,1
OOF,2014-0215-CHN,2014,1
OOF,2014-0217-CHN,2014,1
OOF,2014-0218-IND,2014,1
OOF,2014-0219-RUS,2014,1
OOF,2014-0220-GIN,2014,1
OOF,2014-0221-LBY,2014,1
OOF,2014-0222-HTI,2014,1
OOF,2014-0223-COD,2014,1
OOF,2014-0224-MYS,2014,1
OOF,2014-0225-MYS,2014,1
OOF,2014-0226-EGY,2014,1
OOF,2014-0227-CHN,2014,1
OOF,2014-0227-PHL,2014,1
OOF,2014-0227-VNM,2014,1
OOF,2014-0228-CHN,2014,1
OOF,2014-0229-DEU,2014,1
OOF,2014-0230-ITA,2014,1
OOF,2014-0232-PAK,2014,1
OOF,2014-0233-SDN,2014,1
OOF,2014-0234-GTM,2014,1
OOF,2014-0234-MEX,2014,1
OOF,2014-0235-SSD,2014,1
OOF,2014-0236-JPN,2014,1
OOF,2014-0237-CIV,2014,1
OOF,2014-0238-MAR,2014,1
OOF,2014-0239-MYS,2014,1
OOF,2014-0240-CHN,2014,1
OOF,2014-0240-PHL,2014,1
OOF,2014-0244-BGD,2014,1
OOF,2014-0245-BRA,2014,1
OOF,2014-0246-NPL,2014,1
OOF,2014-0252-ITA,2014,1
OOF,2014-0254-MLI,2014,1
OOF,2014-0255-MYS,2014,1
OOF,2014-0256-EGY,2014,1
OOF,2014-0257-TWN,2014,1
OOF,2014-0259-IND,2014,1
OOF,2014-0260-KHM,2014,1
OOF,2014-0264-SDN,2014,1
OOF,2014-0266-CHN,2014,1
OOF,2014-0267-CHN,2014,1
OOF,2014-0268-IND,2014,1
OOF,2014-0268-NPL,2014,1
OOF,2014-0269-CHN,2014,1
OOF,2014-0270-IND,2014,1
OOF,2014-0271-JPN,2014,1
OOF,2014-0272-NPL,2014,1
OOF,2014-0273-COD,2014,1
OOF,2014-0274-NGA,2014,1
OOF,2014-0275-LBY,2014,1
OOF,2014-0278-PAN,2014,1
OOF,2014-0279-EGY,2014,1
OOF,2014-0280-BGR,2014,1
OOF,2014-0280-ROU,2014,1
OOF,2014-0281-CHN,2014,1
OOF,2014-0282-GHA,2014,1
OOF,2014-0283-TGO,2014,1
OOF,2014-0284-CAF,2014,1
OOF,2014-0285-IND,2014,1
OOF,2014-0286-EGY,2014,1
OOF,2014-0289-NER,2014,1
OOF,2014-0290-BGD,2014,1
OOF,2014-0291-ARG,2014,1
OOF,2014-0292-CHN,2014,1
OOF,2014-0293-PER,2014,1
OOF,2014-0294-CHN,2014,1
OOF,2014-0296-NPL,2014,1
OOF,2014-0297-PAK,2014,1
OOF,2014-0298-DZA,2014,1
OOF,2014-0299-IDN,2014,1
OOF,2014-0300-IDN,2014,1
OOF,2014-0301-TWN,2014,1
OOF,2014-0302-TUR,2014,1
OOF,2014-0303-LBY,2014,1
OOF,2014-0304-GIN,2014,1
OOF,2014-0305-BGD,2014,1
OOF,2014-0306-BIH,2014,1
OOF,2014-0306-SRB,2014,1
OOF,2014-0307-PER,2014,1
OOF,2014-0308-CHN,2014,1
OOF,2014-0309-IRN,2014,1
OOF,2014-0310-USA,2014,1
OOF,2014-0311-ZAF,2014,1
OOF,2014-0313-IND,2014,1
OOF,2014-0314-KOR,2014,1
OOF,2014-0316-JPN,2014,1
OOF,2014-0317-USA,2014,1
OOF,2014-0318-USA,2014,1
OOF,2014-0321-CHN,2014,1
OOF,2014-0322-PAK,2014,1
OOF,2014-0323-CHN,2014,1
OOF,2014-0324-KOR,2014,1
OOF,2014-0325-MEX,2014,1
OOF,2014-0327-GNB,2014,1
OOF,2014-0328-BRA,2014,1
OOF,2014-0329-SRB,2014,1
OOF,2014-0330-PHL,2014,1
OOF,2014-0333-MEX,2014,1
OOF,2014-0334-PER,2014,1
OOF,2014-0335-SSD,2014,1
OOF,2014-0336-JPN,2014,1
OOF,2014-0337-CHN,2014,1
OOF,2014-0338-IND,2014,1
OOF,2014-0339-DZA,2014,1
OOF,2014-0340-TUR,2014,1
OOF,2014-0341-COL,2014,1
OOF,2014-0342-ZAF,2014,1
OOF,2014-0343-IND,2014,1
OOF,2014-0343-PAK,2014,1
OOF,2014-0344-CHN,2014,1
OOF,2014-0345-THA,2014,1
OOF,2014-0353-HTI,2014,1
OOF,2014-0354-PAK,2014,1
OOF,2014-0355-CAF,2014,1
OOF,2014-0356-PER,2014,1
OOF,2014-0357-IND,2014,1
OOF,2014-0358-PHL,2014,1
OOF,2014-0359-SVN,2014,1
OOF,2014-0360-NGA,2014,1
OOF,2014-0361-IDN,2014,1
OOF,2014-0362-PAK,2014,1
OOF,2014-0363-BRA,2014,1
OOF,2014-0364-BGR,2014,1
OOF,2014-0366-LBY,2014,1
OOF,2014-0367-CAF,2014,1
OOF,2014-0368-BGR,2014,1
OOF,2014-0369-CAF,2014,1
OOF,2014-0370-SDN,2014,1
OOF,2014-0371-CMR,2014,1
OOF,2014-0372-LBY,2014,1
OOF,2014-0373-IND,2014,1
OOF,2014-0374-IDN,2014,1
OOF,2014-0376-IDN,2014,1
OOF,2014-0378-COL,2014,1
OOF,2014-0379-ITA,2014,1
OOF,2014-0380-GRC,2014,1
OOF,2014-0381-DEU,2014,1
OOF,2014-0385-MEX,2014,1
OOF,2014-0386-MEX,2014,1
OOF,2014-0388-FRA,2014,1
OOF,2014-0389-CHN,2014,1
OOF,2014-0390-CHN,2014,1
OOF,2014-0390-PHL,2014,1
OOF,2014-0390-VNM,2014,1
OOF,2014-0391-IND,2014,1
OOF,2014-0392-IND,2014,1
OOF,2014-0394-AGO,2014,1
OOF,2014-0395-GIN,2014,1
OOF,2014-0396-JPN,2014,1
OOF,2014-0397-JPN,2014,1
OOF,2014-0398-EGY,2014,1
OOF,2014-0399-HTI,2014,1
OOF,2014-0401-CMR,2014,1
OOF,2014-0402-LKA,2014,1
OOF,2014-0404-BGR,2014,1
OOF,2014-0406-CHN,2014,1
OOF,2014-0408-IND,2014,1
OOF,2014-0409-IND,2014,1
OOF,2014-0414-PHL,2014,1
OOF,2014-0415-KOR,2014,1
OOF,2014-0416-NPL,2014,1
OOF,2014-0417-MEX,2014,1
OOF,2014-0418-ZMB,2014,1
OOF,2014-0422-SLV,2014,1
OOF,2014-0425-MOZ,2014,1
OOF,2014-0427-BRA,2014,1
OOF,2014-0430-COL,2014,1
OOF,2014-0432-COD,2014,1
OOF,2014-0433-TUR,2014,1
OOF,2014-0434-LKA,2014,1
OOF,2014-0435-COL,2014,1
OOF,2014-0436-HND,2014,1
OOF,2014-0437-TUR,2014,1
OOF,2014-0439-NGA,2014,1
OOF,2014-0440-EGY,2014,1
OOF,2014-0442-ARG,2014,1
OOF,2014-0444-USA,2014,1
OOF,2014-0447-GTM,2014,1
OOF,2014-0447-HND,2014,1
OOF,2014-0448-ITA,2014,1
OOF,2014-0449-CHN,2014,1
OOF,2014-0450-ECU,2014,1
OOF,2014-0451-ESP,2014,1
OOF,2014-0452-ECU,2014,1
OOF,2014-0453-DOM,2014,1
OOF,2014-0453-HTI,2014,1
OOF,2014-0453-PRI,2014,1
OOF,2014-0455-CIV,2014,1
OOF,2014-0457-PAK,2014,1
OOF,2014-0458-CHE,2014,1
OOF,2014-0458-ITA,2014,1
OOF,2014-0459-USA,2014,1
OOF,2014-0460-ZWE,2014,1
OOF,2014-0461-NER,2014,1
OOF,2014-0462-FRA,2014,1
OOF,2014-0463-MAR,2014,1
OOF,2014-0464-CHN,2014,1
OOF,2014-0466-NPL,2014,1
OOF,2014-0467-NPL,2014,1
OOF,2014-0473-IDN,2014,1
OOF,2014-0474-PHL,2014,1
OOF,2014-0476-EGY,2014,1
OOF,2014-0477-CHN,2014,1
OOF,2014-0479-PHL,2014,1
OOF,2014-0480-YEM,2014,1
OOF,2014-0481-NIC,2014,1
OOF,2014-0482-USA,2014,1
OOF,2014-0483-IDN,2014,1
OOF,2014-0484-EGY,2014,1
OOF,2014-0485-COD,2014,1
OOF,2014-0486-ECU,2014,1
OOF,2014-0487-JPN,2014,1
OOF,2014-0488-FRA,2014,1
OOF,2014-0489-RUS,2014,1
OOF,2014-0490-MAR,2014,1
OOF,2014-0492-COL,2014,1
OOF,2014-0493-THA,2014,1
OOF,2014-0494-MYS,2014,1
OOF,2014-0495-LKA,2014,1
OOF,2014-0497-PHL,2014,1
OOF,2014-0498-COD,2014,1
OOF,2014-0499-COD,2014,1
OOF,2014-0500-IDN,2014,1
OOF,2014-0501-PAK,2014,1
OOF,2014-0502-ITA,2014,1
OOF,2014-0503-ECU,2014,1
OOF,2014-0505-COL,2014,1
OOF,2014-0514-ZWE,2014,1
OOF,2014-0515-NER,2014,1
OOF,2014-0518-MOZ,2014,1
OOF,2014-0518-SWZ,2014,1
OOF,2014-0519-JPN,2014,1
OOF,2014-0520-IND,2014,1
OOF,2014-0522-THA,2014,1
OOF,2014-0523-IND,2014,1
OOF,2014-0526-COD,2014,1
OOF,2014-0527-COD,2014,1
OOF,2014-0529-BOL,2015,1
OOF,2014-0529-PER,2014,1
OOF,2014-0530-MOZ,2014,1
OOF,2014-0530-MWI,2015,1
OOF,2014-0531-IND,2014,1
OOF,2014-0532-BOL,2014,1
OOF,2014-0534-PER,2014,1
OOF,2014-0535-LKA,2014,1
OOF,2014-0536-CIV,2014,1
OOF,2014-0538-IND,2014,1
OOF,2014-0540-USA,2014,1
OOF,2014-0544-CHN,2014,1
OOF,2014-0546-PAK,2014,1
OOF,2014-0547-PER,2014,1
OOF,2014-0548-LKA,2014,1
OOF,2014-0549-CHN,2014,1
OOF,2014-0550-CHN,2014,1
OOF,2014-0551-IND,2014,1
OOF,2014-0552-CHN,2014,1
OOF,2014-0555-CHN,2014,1
OOF,2014-0556-USA,2014,1
OOF,2014-0559-LBY,2014,1
OOF,2014-0560-SDN,2014,1
OOF,2014-0561-ITA,2014,1
OOF,2014-0562-LBY,2014,1
OOF,2014-0563-GRC,2014,1
OOF,2014-0564-CHN,2014,1
OOF,2014-0566-KOR,2014,1
OOF,2014-0567-PHL,2014,1
OOF,2014-0569-PAK,2014,1
OOF,2014-0570-CHN,2014,1
OOF,2014-0571-PHL,2014,1
OOF,2014-0572-CHN,2014,1
OOF,2014-0573-NER,2014,1
OOF,2014-0576-IDN,2014,1
OOF,2014-0578-JPN,2014,1
OOF,2014-0580-COD,2014,1
OOF,2014-0582-KEN,2014,1
OOF,2015-0001-CPV,2015,1
OOF,2015-0002-LBN,2015,1
OOF,2015-0002-PSE,2015,1
OOF,2015-0002-SYR,2015,1
OOF,2015-0003-PAK,2015,1
OOF,2015-0004-PER,2015,1
OOF,2015-0005-MOZ,2015,1
OOF,2015-0008-UKR,2015,1
OOF,2015-0011-MOZ,2015,1
OOF,2015-0011-MWI,2015,1
OOF,2015-0012-CAF,2015,1
OOF,2015-0013-CHN,2015,1
OOF,2015-0014-SYR,2015,1
OOF,2015-0015-ZWE,2015,1
OOF,2015-0016-MDG,2015,1
OOF,2015-0017-PHL,2015,1
OOF,2015-0018-MEX,2015,1
OOF,2015-0019-ESP,2015,1
OOF,2015-0020-PER,2015,1
OOF,2015-0021-MYS,2015,1
OOF,2015-0022-YEM,2015,1
OOF,2015-0024-NGA,2015,1
OOF,2015-0025-USA,2015,1
OOF,2015-0026-USA,2015,1
OOF,2015-0030-MWI,2015,1
OOF,2015-0030-ZWE,2015,1
OOF,2015-0036-IDN,2015,1
OOF,2015-0038-BGR,2015,1
OOF,2015-0038-GRC,2015,1
OOF,2015-0038-TUR,2015,1
OOF,2015-0040-TWN,2015,1
OOF,2015-0041-MEX,2015,1
OOF,2015-0042-COD,2015,1
OOF,2015-0044-ARG,2015,1
OOF,2015-0045-HTI,2015,1
OOF,2015-0046-USA,2015,1
OOF,2015-0047-ITA,2015,1
OOF,2015-0048-ARE,2015,1
OOF,2015-0049-MRT,2015,1
OOF,2015-0050-ZAF,2015,1
OOF,2015-0051-BGD,2015,1
OOF,2015-0054-AFG,2015,1
OOF,2015-0057-MDG,2015,1
OOF,2015-0058-AFG,2015,1
OOF,2015-0059-AFG,2015,1
OOF,2015-0060-DOM,2015,1
OOF,2015-0064-ITA,2015,1
OOF,2015-0065-UKR,2015,1
OOF,2015-0066-RUS,2015,1
OOF,2015-0067-CHN,2015,1
OOF,2015-0068-BGD,2015,1
OOF,2015-0069-TZA,2015,1
OOF,2015-0070-ARG,2015,1
OOF,2015-0071-UGA,2015,1
OOF,2015-0072-USA,2015,1
OOF,2015-0073-USA,2015,1
OOF,2015-0074-MDG,2015,1
OOF,2015-0075-AGO,2015,1
OOF,2015-0076-IDN,2015,1
OOF,2015-0077-IDN,2015,1
OOF,2015-0079-AUS,2015,1
OOF,2015-0081-ITA,2015,1
OOF,2015-0082-ARG,2015,1
OOF,2015-0084-TZA,2015,1
OOF,2015-0085-USA,2015,1
OOF,2015-0088-IRN,2015,1
OOF,2015-0089-RUS,2015,1
OOF,2015-0090-AGO,2015,1
OOF,2015-0091-AGO,2015,1
OOF,2015-0092-CHL,2015,1
OOF,2015-0093-VUT,2015,1
OOF,2015-0094-MMR,2015,1
OOF,2015-0095-BRA,2015,1
OOF,2015-0099-IND,2015,1
OOF,2015-0100-URY,2015,1
OOF,2015-0101-GIN,2015,1
OOF,2015-0102-PER,2015,1
OOF,2015-0105-CHN,2015,1
OOF,2015-0105-FSM,2015,1
OOF,2015-0106-CHL,2015,1
OOF,2015-0107-IND,2015,1
OOF,2015-0108-PER,2015,1
OOF,2015-0109-BDI,2015,1
OOF,2015-0110-MMR,2015,1
OOF,2015-0112-IDN,2015,1
OOF,2015-0114-ECU,2015,1
OOF,2015-0115-MEX,2015,1
OOF,2015-0116-HTI,2015,1
OOF,2015-0117-ZMB,2015,1
OOF,2015-0118-BGD,2015,1
OOF,2015-0118-IND,2015,1
OOF,2015-0118-MMR,2015,1
OOF,2015-0119-TJK,2015,1
OOF,2015-0121-MEX,2015,1
OOF,2015-0122-USA,2015,1
OOF,2015-0123-USA,2015,1
OOF,2015-0124-PAK,2015,1
OOF,2015-0126-IND,2015,1
OOF,2015-0127-IRN,2015,1
OOF,2015-0130-SAU,2015,1
OOF,2015-0131-CHN,2015,1
OOF,2015-0136-MAR,2015,1
OOF,2015-0137-RUS,2015,1
OOF,2015-0138-USA,2015,1
OOF,2015-0139-KEN,2015,1
OOF,2015-0140-TZA,2015,1
OOF,2015-0141-MKD,2015,1
OOF,2015-0144-BGD,2015,1
OOF,2015-0144-CHN,2015,1
OOF,2015-0144-IND,2015,1
OOF,2015-0144-NPL,2015,1
OOF,2015-0145-PAK,2015,1
OOF,2015-0146-MLI,2015,1
OOF,2015-0147-LBY,2015,1
OOF,2015-0148-AUS,2015,1
OOF,2015-0149-ZAF,2015,1
OOF,2015-0150-SAU,2015,1
OOF,2015-0151-AFG,2015,1
OOF,2015-0153-RWA,2015,1
OOF,2015-0154-KAZ,2015,1
OOF,2015-0155-USA,2015,1
OOF,2015-0156-BRA,2015,1
OOF,2015-0157-BRA,2015,1
OOF,2015-0158-KEN,2015,1
OOF,2015-0159-KEN,2015,1
OOF,2015-0160-CHN,2015,1
OOF,2015-0162-CHN,2015,1
OOF,2015-0163-CHN,2015,1
OOF,2015-0164-IND,2015,1
OOF,2015-0165-TZA,2015,1
OOF,2015-0167-KAZ,2015,1
OOF,2015-0168-CUB,2015,1
OOF,2015-0169-PAK,2015,1
OOF,2015-0170-PHL,2015,1
OOF,2015-0171-COL,2015,1
OOF,2015-0172-CHN,2015,1
OOF,2015-0173-COL,2015,1
OOF,2015-0174-USA,2015,1
OOF,2015-0175-CHN,2015,1
OOF,2015-0175-IND,2015,1
OOF,2015-0175-NPL,2015,1
OOF,2015-0176-PHL,2015,1
OOF,2015-0177-USA,2015,1
OOF,2015-0178-IND,2015,1
OOF,2015-0180-USA,2015,1
OOF,2015-0181-IDN,2015,1
OOF,2015-0182-ITA,2015,1
OOF,2015-0183-BFA,2015,1
OOF,2015-0184-PRY,2015,1
OOF,2015-0185-CHN,2015,1
OOF,2015-0186-USA,2015,1
OOF,2015-0187-MEX,2015,1
OOF,2015-0188-CHN,2015,1
OOF,2015-0189-IND,2015,1
OOF,2015-0191-EGY,2015,1
OOF,2015-0192-SYR,2015,1
OOF,2015-0193-NGA,2015,1
OOF,2015-0195-RUS,2015,1
OOF,2015-0196-CHN,2015,1
OOF,2015-0197-IRN,2015,1
OOF,2015-0198-SLV,2015,1
OOF,2015-0200-NER,2015,1
OOF,2015-0201-GHA,2015,1
OOF,2015-0203-ROU,2015,1
OOF,2015-0205-TZA,2015,1
OOF,2015-0206-NZL,2015,1
OOF,2015-0207-IND,2015,1
OOF,2015-0208-BRA,2015,1
OOF,2015-0211-USA,2015,1
OOF,2015-0212-USA,2015,1
OOF,2015-0213-BGD,2015,1
OOF,2015-0214-CHN,2015,1
OOF,2015-0215-PAK,2015,1
OOF,2015-0216-MYS,2015,1
OOF,2015-0217-GHA,2015,1
OOF,2015-0219-CHN,2015,1
OOF,2015-0220-CHN,2015,1
OOF,2015-0222-AZE,2015,1
OOF,2015-0223-PER,2015,1
OOF,2015-0225-NGA,2015,1
OOF,2015-0226-IND,2015,1
OOF,2015-0226-NPL,2015,1
OOF,2015-0227-GEO,2015,1
OOF,2015-0228-EGY,2015,1
OOF,2015-0229-EGY,2015,1
OOF,2015-0230-TUN,2015,1
OOF,2015-0231-CIV,2015,1
OOF,2015-0232-PAK,2015,1
OOF,2015-0233-CAF,2015,1
OOF,2015-0234-RUS,2015,1
OOF,2015-0235-RUS,2015,1
OOF,2015-0238-TWN,2015,1
OOF,2015-0240-CHN,2015,1
OOF,2015-0241-RUS,2015,1
OOF,2015-0242-NGA,2015,1
OOF,2015-0243-BGD,2015,1
OOF,2015-0244-JPN,2015,1
OOF,2015-0244-PHL,2015,1
OOF,2015-0247-CHN,2015,1
OOF,2015-0248-CHN,2015,1
OOF,2015-0249-IND,2015,1
OOF,2015-0252-VNM,2015,1
OOF,2015-0253-BGD,2015,1
OOF,2015-0253-IND,2015,1
OOF,2015-0253-MMR,2015,1
OOF,2015-0255-CHN,2015,1
OOF,2015-0258-IRN,2015,1
OOF,2015-0260-EGY,2015,1
OOF,2015-0261-JPN,2015,1
OOF,2015-0263-POL,2015,1
OOF,2015-0264-RUS,2015,1
OOF,2015-0265-RUS,2015,1
OOF,2015-0266-RUS,2015,1
OOF,2015-0267-IDN,2015,1
OOF,2015-0268-IND,2015,1
OOF,2015-0269-PER,2015,1
OOF,2015-0270-PHL,2015,1
OOF,2015-0271-CHN,2015,1
OOF,2015-0272-CHN,2015,1
OOF,2015-0273-TUR,2015,1
OOF,2015-0274-GRC,2015,1
OOF,2015-0276-ITA,2015,1
OOF,2015-0279-PHL,2015,1
OOF,2015-0281-SLB,2015,1
OOF,2015-0283-PHL,2015,1
OOF,2015-0284-PHL,2015,1
OOF,2015-0285-BRA,2015,1
OOF,2015-0287-CMR,2015,1
OOF,2015-0288-PAK,2015,1
OOF,2015-0289-LBY,2015,1
OOF,2015-0291-PAK,2015,1
OOF,2015-0292-VNM,2015,1
OOF,2015-0293-BGD,2015,1
OOF,2015-0295-EGY,2015,1
OOF,2015-0300-LAO,2015,1
OOF,2015-0301-SSD,2015,1
OOF,2015-0302-YEM,2015,1
OOF,2015-0303-CHN,2015,1
OOF,2015-0304-ITA,2015,1
OOF,2015-0305-MEX,2015,1
OOF,2015-0306-NPL,2015,1
OOF,2015-0308-MMR,2015,1
OOF,2015-0309-BGD,2015,1
OOF,2015-0311-COL,2015,1
OOF,2015-0312-USA,2015,1
OOF,2015-0315-PER,2015,1
OOF,2015-0317-IND,2015,1
OOF,2015-0318-MKD,2015,1
OOF,2015-0319-GNB,2015,1
OOF,2015-0320-IND,2015,1
OOF,2015-0321-RUS,2015,1
OOF,2015-0323-PHL,2015,1
OOF,2015-0326-USA,2015,1
OOF,2015-0333-IND,2015,1
OOF,2015-0333-PAK,2015,1
OOF,2015-0334-CHN,2015,1
OOF,2015-0336-COD,2015,1
OOF,2015-0337-MLI,2015,1
OOF,2015-0338-CHL,2015,1
OOF,2015-0339-CHN,2015,1
OOF,2015-0339-TWN,2015,1
OOF,2015-0340-IND,2015,1
OOF,2015-0342-EGY,2015,1
OOF,2015-0345-PRK,2015,1
OOF,2015-0346-BFA,2015,1
OOF,2015-0347-BGD,2015,1
OOF,2015-0348-COL,2015,1
OOF,2015-0349-ARG,2015,1
OOF,2015-0350-CHN,2015,1
OOF,2015-0351-CHN,2015,1
OOF,2015-0352-CAF,2015,1
OOF,2015-0353-GTM,2015,1
OOF,2015-0356-ITA,2015,1
OOF,2015-0357-CHN,2015,1
OOF,2015-0359-PHL,2015,1
OOF,2015-0360-ZAF,2015,1
OOF,2015-0362-IDN,2015,1
OOF,2015-0366-HTI,2015,1
OOF,2015-0367-COD,2015,1
OOF,2015-0368-NER,2015,1
OOF,2015-0369-LBY,2015,1
OOF,2015-0370-HTI,2015,1
OOF,2015-0371-PHL,2015,1
OOF,2015-0374-IND,2015,1
OOF,2015-0375-DMA,2015,1
OOF,2015-0375-HTI,2015,1
OOF,2015-0376-AUT,2015,1
OOF,2015-0377-LBY,2015,1
OOF,2015-0378-ITA,2015,1
OOF,2015-0385-COD,2015,1
OOF,2015-0386-SWZ,2015,1
OOF,2015-0387-ZAF,2015,1
OOF,2015-0388-ZAF,2015,1
OOF,2015-0389-SAU,2015,1
OOF,2015-0392-SDN,2015,1
OOF,2015-0393-SDN,2015,1
OOF,2015-0395-CHN,2015,1
OOF,2015-0397-CHN,2015,1
OOF,2015-0400-USA,2015,1
OOF,2015-0401-USA,2015,1
OOF,2015-0404-ITA,2015,1
OOF,2015-0406-IND,2015,1
OOF,2015-0409-KOR,2015,1
OOF,2015-0410-BEL,2015,1
OOF,2015-0410-FRA,2015,1
OOF,2015-0411-BGD,2015,1
OOF,2015-0414-SAU,2015,1
OOF,2015-0416-CHN,2015,1
OOF,2015-0417-SSD,2015,1
OOF,2015-0418-JPN,2015,1
OOF,2015-0419-IND,2015,1
OOF,2015-0420-GRC,2015,1
OOF,2015-0421-USA,2015,1
OOF,2015-0422-VEN,2015,1
OOF,2015-0423-BRA,2015,1
OOF,2015-0425-IRN,2015,1
OOF,2015-0426-MYS,2015,1
OOF,2015-0427-LBN,2015,1
OOF,2015-0427-SYR,2015,1
OOF,2015-0428-GIN,2015,1
OOF,2015-0429-IDN,2015,1
OOF,2015-0430-CIV,2015,1
OOF,2015-0431-USA,2015,1
OOF,2015-0432-TUR,2015,1
OOF,2015-0434-FRA,2015,1
OOF,2015-0435-CHL,2015,1
OOF,2015-0436-SLE,2015,1
OOF,2015-0437-DZA,2015,1
OOF,2015-0438-IRN,2015,1
OOF,2015-0441-TUR,2015,1
OOF,2015-0442-ZMB,2015,1
OOF,2015-0443-TUR,2015,1
OOF,2015-0444-GTM,2015,1
OOF,2015-0446-GTM,2015,1
OOF,2015-0446-NIC,2015,1
OOF,2015-0446-SLV,2015,1
OOF,2015-0447-ESP,2015,1
OOF,2015-0448-NGA,2015,1
OOF,2015-0449-MMR,2015,1
OOF,2015-0450-IND,2015,1
OOF,2015-0451-FRA,2015,1
OOF,2015-0452-CHN,2015,1
OOF,2015-0453-EGY,2015,1
OOF,2015-0454-PAK,2015,1
OOF,2015-0455-MMR,2015,1
OOF,2015-0456-JPN,2015,1
OOF,2015-0457-CHN,2015,1
OOF,2015-0458-TWN,2015,1
OOF,2015-0459-USA,2015,1
OOF,2015-0460-LAO,2015,1
OOF,2015-0460-VNM,2015,1
OOF,2015-0461-TUR,2015,1
OOF,2015-0462-PHL,2015,1
OOF,2015-0463-FRA,2015,1
OOF,2015-0464-ZAF,2015,1
OOF,2015-0465-ITA,2015,1
OOF,2015-0467-TUR,2015,1
OOF,2015-0468-UKR,2015,1
OOF,2015-0469-IRN,2015,1
OOF,2015-0470-MEX,2015,1
OOF,2015-0473-CPV,2015,1
OOF,2015-0474-GBR,2015,1
OOF,2015-0475-AFG,2015,1
OOF,2015-0476-AFG,2015,1
OOF,2015-0476-PAK,2015,1
OOF,2015-0479-BHS,2015,1
OOF,2015-0480-GIN,2015,1
OOF,2015-0483-GRC,2015,1
OOF,2015-0484-YEM,2015,1
OOF,2015-0485-IRQ,2015,1
OOF,2015-0486-BRA,2015,1
OOF,2015-0487-SSD,2015,1
OOF,2015-0488-USA,2015,1
OOF,2015-0489-BRA,2015,1
OOF,2015-0490-CHN,2015,1
OOF,2015-0490-PHL,2015,1
OOF,2015-0491-CHN,2015,1
OOF,2015-0492-MMR,2015,1
OOF,2015-0493-PAK,2015,1
OOF,2015-0494-YEM,2015,1
OOF,2015-0495-ROU,2015,1
OOF,2015-0496-TUR,2015,1
OOF,2015-0499-IRN,2015,1
OOF,2015-0501-FRA,2015,1
OOF,2015-0504-IND,2015,1
OOF,2015-0505-PAK,2015,1
OOF,2015-0507-SAU,2015,1
OOF,2015-0508-GRC,2015,1
OOF,2015-0510-CHN,2015,1
OOF,2015-0513-RUS,2015,1
OOF,2015-0514-AUS,2015,1
OOF,2015-0515-CHN,2015,1
OOF,2015-0516-MMR,2015,1
OOF,2015-0517-MEX,2015,1
OOF,2015-0518-DZA,2015,1
OOF,2015-0519-ZAF,2015,1
OOF,2015-0520-ZAF,2015,1
OOF,2015-0521-COD,2015,1
OOF,2015-0522-PER,2015,1
OOF,2015-0523-SEN,2015,1
OOF,2015-0524-IDN,2015,1
OOF,2015-0525-GBR,2015,1
OOF,2015-0525-IRL,2015,1
OOF,2015-0526-AZE,2015,1
OOF,2015-0527-IDN,2015,1
OOF,2015-0528-TJK,2015,1
OOF,2015-0530-LKA,2015,1
OOF,2015-0531-USA,2015,1
OOF,2015-0533-CHN,2015,1
OOF,2015-0534-CHN,2015,1
OOF,2015-0535-COD,2015,1
OOF,2015-0536-COD,2015,1
OOF,2015-0537-RUS,2015,1
OOF,2015-0538-IDN,2015,1
OOF,2015-0539-ARG,2015,1
OOF,2015-0540-TZA,2015,1
OOF,2015-0541-TZA,2015,1
OOF,2015-0542-ALB,2015,1
OOF,2015-0543-PHL,2015,1
OOF,2015-0547-LKA,2015,1
OOF,2015-0551-ARG,2015,1
OOF,2015-0551-PRY,2015,1
OOF,2015-0551-URY,2015,1
OOF,2015-0552-THA,2015,1
OOF,2015-0553-MEX,2015,1
OOF,2015-0554-CHN,2015,1
OOF,2015-0555-TUR,2015,1
OOF,2015-0556-SAU,2015,1
OOF,2015-0557-IDN,2015,1
OOF,2015-0558-USA,2015,1
OOF,2015-0559-AFG,2015,1
OOF,2015-0562-ZAF,2015,1
OOF,2015-0563-UGA,2015,1
OOF,2015-0564-KEN,2015,1
OOF,2015-0565-USA,2015,1
OOF,2015-0567-NGA,2015,1
OOF,2015-0568-IND,2015,1
OOF,2015-0571-PAK,2015,1
OOF,2015-0575-JPN,2015,1
OOF,2015-0576-AUS,2015,1
OOF,2015-0577-POL,2015,1
OOF,2015-0578-BDI,2015,1
OOF,2015-0579-AGO,2015,1
OOF,2015-0580-GHA,2015,1
OOF,2015-0580-TGO,2015,1
OOF,2015-0581-AFG,2015,1
OOF,2015-0582-KOR,2015,1
OOF,2015-0583-BGD,2015,1
OOF,2015-0584-SAU,2015,1
OOF,2015-0586-UKR,2015,1
OOF,2015-0590-IND,2015,1
OOF,2015-0591-VNM,2015,1
OOF,2015-0592-CHN,2015,1
OOF,2015-0593-CHN,2015,1
OOF,2015-0594-IND,2015,1
OOF,2015-0595-PAK,2015,1
OOF,2015-0596-IND,2015,1
OOF,2015-0597-IND,2015,1
OOF,2015-0600-IND,2015,1
OOF,2015-0601-BGD,2015,1
OOF,2015-0604-IND,2015,1
OOF,2015-0606-EGY,2015,1
OOF,2015-0610-JPN,2015,1
OOF,2015-0611-JPN,2015,1
OOF,2015-0613-USA,2015,1
OOF,2015-0618-GIN,2015,1
OOF,2015-0620-THA,2015,1
OOF,2015-0620-VNM,2015,1
OOF,2015-0621-COL,2015,1
OOF,2015-0622-EGY,2015,1
OOF,2015-9410-PNG,2015,1
OOF,2015-9411-IDN,2015,1
OOF,2016-0001-POL,2016,2
OOF,2016-0001-UKR,2016,2
OOF,2016-0002-BGD,2016,2
OOF,2016-0002-IND,2016,2
OOF,2016-0003-PAK,2016,2
OOF,2016-0005-EGY,2016,2
OOF,2016-0006-GRC,2016,2
OOF,2016-0007-RUS,2016,2
OOF,2016-0008-GRC,2016,2
OOF,2016-0009-MYS,2016,2
OOF,2016-0010-USA,2016,2
OOF,2016-0014-AUS,2016,2
OOF,2016-0015-MEX,2016,2
OOF,2016-0016-COL,2016,2
OOF,2016-0017-JPN,2016,2
OOF,2016-0019-IDN,2016,2
OOF,2016-0020-PER,2016,2
OOF,2016-0022-USA,2016,2
OOF,2016-0023-CHN,2016,2
OOF,2016-0023-JPN,2016,2
OOF,2016-0023-KOR,2016,2
OOF,2016-0023-THA,2016,2
OOF,2016-0023-TWN,2016,2
OOF,2016-0024-TUR,2016,2
OOF,2016-0025-GRC,2016,2
OOF,2016-0026-NIC,2016,2
OOF,2016-0028-TZA,2016,2
OOF,2016-0032-ECU,2016,2
OOF,2016-0033-BRA,2016,2
OOF,2016-0036-ZAF,2016,2
OOF,2016-0038-CHN,2016,2
OOF,2016-0040-IDN,2016,2
OOF,2016-0041-FJI,2016,2
OOF,2016-0042-GHA,2016,2
OOF,2016-0043-TWN,2016,2
OOF,2016-0044-DEU,2016,2
OOF,2016-0045-DZA,2016,2
OOF,2016-0046-GIN,2016,2
OOF,2016-0047-COL,2016,2
OOF,2016-0048-IND,2016,2
OOF,2016-0049-IND,2016,2
OOF,2016-0051-USA,2016,2
OOF,2016-0053-HTI,2016,2
OOF,2016-0054-PER,2016,2
OOF,2016-0056-AGO,2016,2
OOF,2016-0063-TUR,2016,2
OOF,2016-0064-RUS,2016,2
OOF,2016-0066-NPL,2016,2
OOF,2016-0067-MEX,2016,2
OOF,2016-0068-OMN,2016,2
OOF,2016-0070-ZWE,2016,2
OOF,2016-0071-TUR,2016,2
OOF,2016-0072-NGA,2016,2
OOF,2016-0073-NGA,2016,2
OOF,2016-0075-EGY,2016,2
OOF,2016-0077-BRA,2016,2
OOF,2016-0079-RUS,2016,2
OOF,2016-0080-RUS,2016,2
OOF,2016-0082-ESP,2016,2
OOF,2016-0083-JOR,2016,2
OOF,2016-0084-ECU,2016,2
OOF,2016-0085-USA,2016,2
OOF,2016-0086-USA,2016,2
OOF,2016-0088-AGO,2016,2
OOF,2016-0089-KEN,2016,2
OOF,2016-0092-IDN,2016,2
OOF,2016-0094-IDN,2016,2
OOF,2016-0095-CHN,2016,2
OOF,2016-0097-PER,2016,2
OOF,2016-0098-ZMB,2016,2
OOF,2016-0099-IND,2016,2
OOF,2016-0100-PAK,2016,2
OOF,2016-0101-ETH,2016,2
OOF,2016-0102-IND,2016,2
OOF,2016-0103-CHN,2016,2
OOF,2016-0104-PNG,2016,2
OOF,2016-0105-SAU,2016,2
OOF,2016-0107-JPN,2016,2
OOF,2016-0108-CHN,2016,2
OOF,2016-0109-FRA,2016,2
OOF,2016-0110-DZA,2016,2
OOF,2016-0112-AFG,2016,2
OOF,2016-0112-PAK,2016,2
OOF,2016-0114-SAU,2016,2
OOF,2016-0115-URY,2016,2
OOF,2016-0116-IND,2016,2
OOF,2016-0117-ECU,2016,2
OOF,2016-0118-CHL,2016,2
OOF,2016-0120-OMN,2016,2
OOF,2016-0120-SAU,2016,2
OOF,2016-0120-YEM,2016,2
OOF,2016-0121-JPN,2016,2
OOF,2016-0123-USA,2016,2
OOF,2016-0124-USA,2016,2
OOF,2016-0125-USA,2016,2
OOF,2016-0126-HTI,2016,2
OOF,2016-0129-MWI,2016,2
OOF,2016-0129-SOM,2016,2
OOF,2016-0131-AGO,2016,2
OOF,2016-0133-IND,2016,2
OOF,2016-0135-AFG,2016,2
OOF,2016-0137-CHN,2016,2
OOF,2016-0138-MMR,2016,2
OOF,2016-0139-IND,2016,2
OOF,2016-0141-FJI,2016,2
OOF,2016-0142-BDI,2016,2
OOF,2016-0143-BDI,2016,2
OOF,2016-0144-MEX,2016,2
OOF,2016-0145-LBY,2016,2
OOF,2016-0146-MMR,2016,2
OOF,2016-0147-BFA,2016,2
OOF,2016-0148-UGA,2016,2
OOF,2016-0149-RWA,2016,2
OOF,2016-0150-USA,2016,2
OOF,2016-0151-ECU,2016,2
OOF,2016-0153-LKA,2016,2
OOF,2016-0154-BGD,2016,2
OOF,2016-0155-IND,2016,2
OOF,2016-0156-IDN,2016,2
OOF,2016-0157-RUS,2016,2
OOF,2016-0158-IND,2016,2
OOF,2016-0159-IND,2016,2
OOF,2016-0160-MMR,2016,2
OOF,2016-0161-KEN,2016,2
OOF,2016-0162-CHN,2016,2
OOF,2016-0163-AFG,2016,2
OOF,2016-0164-RWA,2016,2
OOF,2016-0165-HTI,2016,2
OOF,2016-0166-NOR,2016,2
OOF,2016-0167-PAK,2016,2
OOF,2016-0168-LBY,2016,2
OOF,2016-0169-LBY,2016,2
OOF,2016-0170-USA,2016,2
OOF,2016-0171-BFA,2016,2
OOF,2016-0173-IND,2016,2
OOF,2016-0174-IND,2016,2
OOF,2016-0175-BGD,2016,2
OOF,2016-0176-COD,2016,2
OOF,2016-0177-IND,2016,2
OOF,2016-0179-BEL,2016,2
OOF,2016-0179-DEU,2016,2
OOF,2016-0179-FRA,2016,2
OOF,2016-0179-POL,2016,2
OOF,2016-0179-ROU,2016,2
OOF,2016-0180-UKR,2016,2
OOF,2016-0181-USA,2016,2
OOF,2016-0182-QAT,2016,2
OOF,2016-0183-USA,2016,2
OOF,2016-0184-HTI,2016,2
OOF,2016-0185-HTI,2016,2
OOF,2016-0186-ETH,2016,2
OOF,2016-0187-IND,2016,2
OOF,2016-0187-NPL,2016,2
OOF,2016-0189-MMR,2016,2
OOF,2016-0191-AFG,2016,2
OOF,2016-0191-TJK,2016,2
OOF,2016-0194-CHN,2016,2
OOF,2016-0195-IND,2016,2
OOF,2016-0196-YEM,2016,2
OOF,2016-0198-CHN,2016,2
OOF,2016-0199-DZA,2016,2
OOF,2016-0200-TUR,2016,2
OOF,2016-0201-AUS,2016,2
OOF,2016-0202-GRC,2016,2
OOF,2016-0203-USA,2016,2
OOF,2016-0204-COL,2016,2
OOF,2016-0207-CHN,2016,2
OOF,2016-0208-IDN,2016,2
OOF,2016-0209-CHN,2016,2
OOF,2016-0211-BEL,2016,2
OOF,2016-0212-GHA,2016,2
OOF,2016-0214-BRA,2016,2
OOF,2016-0216-IDN,2016,2
OOF,2016-0217-RUS,2016,2
OOF,2016-0219-NER,2016,2
OOF,2016-0221-JPN,2016,2
OOF,2016-0224-MMR,2016,2
OOF,2016-0225-THA,2016,2
OOF,2016-0229-PAK,2016,2
OOF,2016-0230-CHN,2016,2
OOF,2016-0232-MMR,2016,2
OOF,2016-0233-CHN,2016,2
OOF,2016-0234-IND,2016,2
OOF,2016-0235-CHN,2016,2
OOF,2016-0236-CHN,2016,2
OOF,2016-0237-IND,2016,2
OOF,2016-0238-CHN,2016,2
OOF,2016-0239-IND,2016,2
OOF,2016-0240-PAK,2016,2
OOF,2016-0241-CHN,2016,2
OOF,2016-0244-TZA,2016,2
OOF,2016-0247-AGO,2016,2
OOF,2016-0248-MOZ,2016,2
OOF,2016-0250-CHN,2016,2
OOF,2016-0252-UGA,2016,2
OOF,2016-0253-RUS,2016,2
OOF,2016-0254-MDG,2016,2
OOF,2016-0255-CHN,2016,2
OOF,2016-0256-CHN,2016,2
OOF,2016-0256-PHL,2016,2
OOF,2016-0256-TWN,2016,2
OOF,2016-0257-CHN,2016,2
OOF,2016-0258-ITA,2016,2
OOF,2016-0261-TWN,2016,2
OOF,2016-0262-IND,2016,2
OOF,2016-0263-IRN,2016,2
OOF,2016-0264-USA,2016,2
OOF,2016-0265-MYS,2016,2
OOF,2016-0266-MDG,2016,2
OOF,2016-0267-IND,2016,2
OOF,2016-0267-NPL,2016,2
OOF,2016-0268-VNM,2016,2
OOF,2016-0269-NER,2016,2
OOF,2016-0270-PAK,2016,2
OOF,2016-0271-IND,2016,2
OOF,2016-0272-MLI,2016,2
OOF,2016-0274-SDN,2016,2
OOF,2016-0275-NPL,2016,2
OOF,2016-0276-IND,2016,2
OOF,2016-0277-USA,2016,2
OOF,2016-0278-IND,2016,2
OOF,2016-0279-FRA,2016,2
OOF,2016-0281-GAB,2016,2
OOF,2016-0282-MKD,2016,2
OOF,2016-0284-HND,2016,2
OOF,2016-0284-MEX,2016,2
OOF,2016-0285-PRT,2016,2
OOF,2016-0286-IRQ,2016,2
OOF,2016-0287-BFA,2016,2
OOF,2016-0288-BGD,2016,2
OOF,2016-0289-SSD,2016,2
OOF,2016-0290-CHN,2016,2
OOF,2016-0292-USA,2016,2
OOF,2016-0293-BGD,2016,2
OOF,2016-0294-SDN,2016,2
OOF,2016-0296-NPL,2016,2
OOF,2016-0298-PER,2016,2
OOF,2016-0299-EGY,2016,2
OOF,2016-0300-CAF,2016,2
OOF,2016-0304-IND,2016,2
OOF,2016-0305-ZAF,2016,2
OOF,2016-0309-AFG,2016,2
OOF,2016-0313-ITA,2016,2
OOF,2016-0314-RUS,2016,2
OOF,2016-0315-NPL,2016,2
OOF,2016-0316-LAO,2016,2
OOF,2016-0317-EGY,2016,2
OOF,2016-0318-GTM,2016,2
OOF,2016-0319-MEX,2016,2
OOF,2016-0320-ETH,2016,2
OOF,2016-0321-PRK,2016,2
OOF,2016-0322-USA,2016,2
OOF,2016-0323-AFG,2016,2
OOF,2016-0324-JPN,2016,2
OOF,2016-0325-MEX,2016,2
OOF,2016-0328-BGD,2016,2
OOF,2016-0329-TZA,2016,2
OOF,2016-0329-UGA,2016,2
OOF,2016-0330-THA,2016,2
OOF,2016-0331-USA,2016,2
OOF,2016-0332-MEX,2016,2
OOF,2016-0333-MEX,2016,2
OOF,2016-0334-GRC,2016,2
OOF,2016-0336-NGA,2016,2
OOF,2016-0337-NGA,2016,2
OOF,2016-0343-PAK,2016,2
OOF,2016-0344-SDN,2016,2
OOF,2016-0345-IDN,2016,2
OOF,2016-0346-BGD,2016,2
OOF,2016-0347-EGY,2016,2
OOF,2016-0349-PAK,2016,2
OOF,2016-0350-CHN,2016,2
OOF,2016-0350-TWN,2016,2
OOF,2016-0351-CHN,2016,2
OOF,2016-0352-CIV,2016,2
OOF,2016-0353-USA,2016,2
OOF,2016-0354-VEN,2016,2
OOF,2016-0355-DOM,2016,2
OOF,2016-0355-HTI,2016,2
OOF,2016-0355-USA,2016,2
OOF,2016-0355-VCT,2016,2
OOF,2016-0356-HND,2016,2
OOF,2016-0357-ITA,2016,2
OOF,2016-0359-EGY,2016,2
OOF,2016-0360-THA,2016,2
OOF,2016-0361-KOR,2016,2
OOF,2016-0362-VNM,2016,2
OOF,2016-0364-PHL,2016,2
OOF,2016-0368-LBY,2016,2
OOF,2016-0369-MMR,2016,2
OOF,2016-0371-VNM,2016,2
OOF,2016-0373-CHN,2016,2
OOF,2016-0375-PAK,2016,2
OOF,2016-0376-CHN,2016,2
OOF,2016-0377-PHL,2016,2
OOF,2016-0378-THA,2016,2
OOF,2016-0379-VNM,2016,2
OOF,2016-0382-JPN,2016,2
OOF,2016-0383-MMR,2016,2
OOF,2016-0387-PAK,2016,2
OOF,2016-0389-CHN,2016,2
OOF,2016-0390-JPN,2016,2
OOF,2016-0391-IND,2016,2
OOF,2016-0392-SLB,2016,2
OOF,2016-0393-CMR,2016,2
OOF,2016-0395-NZL,2016,2
OOF,2016-0396-CHN,2016,2
OOF,2016-0397-LBY,2016,2
OOF,2016-0398-IND,2016,2
OOF,2016-0399-IND,2016,2
OOF,2016-0400-VNM,2016,2
OOF,2016-0401-MMR,2016,2
OOF,2016-0402-PAK,2016,2
OOF,2016-0403-IND,2016,2
OOF,2016-0406-RUS,2016,2
OOF,2016-0408-USA,2016,2
OOF,2016-0409-CHN,2016,2
OOF,2016-0410-LBY,2016,2
OOF,2016-0411-IDN,2016,2
OOF,2016-0412-CHN,2016,2
OOF,2016-0413-PAK,2016,2
OOF,2016-0414-VNM,2016,2
OOF,2016-0415-IDN,2016,2
OOF,2016-0416-PAK,2016,2
OOF,2016-0417-LBY,2016,2
OOF,2016-0418-HTI,2016,2
OOF,2016-0420-ALB,2016,2
OOF,2016-0421-IRN,2016,2
OOF,2016-0422-IND,2016,2
OOF,2016-0423-DOM,2016,2
OOF,2016-0424-MEX,2016,2
OOF,2016-0425-IDN,2016,2
OOF,2016-0426-ROU,2016,2
OOF,2016-0427-UKR,2016,2
OOF,2016-0428-AUS,2016,2
OOF,2016-0430-LBY,2016,2
OOF,2016-0431-MOZ,2016,2
OOF,2016-0433-CRI,2016,2
OOF,2016-0433-PAN,2016,2
OOF,2016-0434-IND,2016,2
OOF,2016-0436-CHN,2016,2
OOF,2016-0438-THA,2016,2
OOF,2016-0439-COD,2016,2
OOF,2016-0440-YEM,2016,2
OOF,2016-0441-CHN,2016,2
OOF,2016-0444-MMR,2016,2
OOF,2016-0445-PHL,2016,2
OOF,2016-0446-SRB,2016,2
OOF,2016-0447-NER,2016,2
OOF,2016-0448-BEN,2016,2
OOF,2016-0449-SEN,2016,2
OOF,2016-0450-IRN,2016,2
OOF,2016-0453-ITA,2016,2
OOF,2016-0455-COL,2016,2
OOF,2016-0460-BDI,2016,2
OOF,2016-0462-TUR,2016,2
OOF,2016-0463-USA,2016,2
OOF,2016-0464-PER,2016,2
OOF,2016-0465-CHN,2016,2
OOF,2016-0466-USA,2016,2
OOF,2016-0467-RUS,2016,2
OOF,2016-0469-PAK,2016,2
OOF,2016-0470-CHN,2016,2
OOF,2016-0471-CHN,2016,2
OOF,2016-0472-THA,2016,2
OOF,2016-0473-YEM,2016,2
OOF,2016-0475-IDN,2016,2
OOF,2016-0477-USA,2016,2
OOF,2016-0478-ZAF,2016,2
OOF,2016-0479-IDN,2016,2
OOF,2016-0480-CHN,2016,2
OOF,2016-0481-SAU,2016,2
OOF,2016-0484-KEN,2016,2
OOF,2016-0485-IND,2016,2
OOF,2016-0496-ESP,2016,2
OOF,2016-0497-VNM,2016,2
OOF,2016-0498-COD,2016,2
OOF,2016-0499-IDN,2016,2
OOF,2016-0500-PER,2016,2
OOF,2016-0501-MEX,2016,2
OOF,2016-0502-NGA,2016,2
OOF,2016-0503-PHL,2016,2
OOF,2016-0504-RUS,2016,2
OOF,2016-0505-UGA,2016,2
OOF,2016-0506-PAK,2016,2
OOF,2016-0507-COD,2016,2
OOF,2016-0514-VNM,2016,2
OOF,2016-0517-VNM,2016,2
OOF,2016-0518-BRA,2016,2
OOF,2016-0518-PER,2016,2
OOF,2016-0521-USA,2016,2
OOF,2016-0522-BOL,2016,2
OOF,2016-0522-COL,2016,2
OOF,2016-0523-ZWE,2016,2
OOF,2016-0525-IDN,2016,2
OOF,2016-0529-MOZ,2016,2
OOF,2016-0531-PRK,2016,2
OOF,2016-0532-MEX,2016,2
OOF,2016-0533-COL,2016,2
OOF,2016-0536-CHN,2016,2
OOF,2016-0537-PHL,2016,2
OOF,2016-0538-JPN,2016,2
OOF,2016-0544-IRN,2016,2
OOF,2016-0546-MOZ,2016,2
OOF,2016-0547-NGA,2016,2
OOF,2016-0548-SOM,2016,2
OOF,2016-0550-USA,2016,2
OOF,2016-0552-USA,2016,2
OOF,2016-0553-PAK,2016,2
OOF,2016-0554-IND,2016,2
OOF,2016-0554-PAK,2016,2
OOF,2016-0555-PER,2016,2
OOF,2016-0556-PAK,2016,2
OOF,2016-0557-NGA,2016,2
OOF,2016-0563-PHL,2016,2
OOF,2016-0564-TUR,2016,2
OOF,2016-0565-SOM,2016,2
OOF,2016-0566-TUR,2016,2
OOF,2016-0567-LBY,2016,2
OOF,2016-0568-LBY,2016,2
OOF,2016-0569-THA,2016,2
OOF,2016-0570-CHN,2016,2
OOF,2016-0571-IND,2016,2
OOF,2016-0572-ETH,2016,2
OOF,2016-0573-VNM,2016,2
OOF,2016-0574-KEN,2016,2
OOF,2016-0575-SSD,2016,2
OOF,2016-0576-NGA,2016,2
OOF,2016-0578-BEN,2016,2
OOF,2017-0001-IDN,2017,2
OOF,2017-0002-CHL,2017,2
OOF,2017-0005-KEN,2017,2
OOF,2017-0006-THA,2017,2
OOF,2017-0008-MAR,2017,2
OOF,2017-0010-ALB,2017,2
OOF,2017-0010-BLR,2017,2
OOF,2017-0010-MKD,2017,2
OOF,2017-0010-SRB,2017,2
OOF,2017-0010-UKR,2017,2
OOF,2017-0011-KGZ,2017,2
OOF,2017-0012-IND,2017,2
OOF,2017-0013-ECU,2017,2
OOF,2017-0015-ITA,2017,2
OOF,2017-0016-IRN,2017,2
OOF,2017-0017-IND,2017,2
OOF,2017-0018-LBY,2017,2
OOF,2017-0019-MYS,2017,2
OOF,2017-0022-USA,2017,2
OOF,2017-0023-IND,2017,2
OOF,2017-0024-ITA,2017,2
OOF,2017-0025-PAK,2017,2
OOF,2017-0026-AFG,2017,2
OOF,2017-0027-AFG,2017,2
OOF,2017-0028-PHL,2017,2
OOF,2017-0029-CHN,2017,2
OOF,2017-0034-TJK,2017,2
OOF,2017-0035-MDG,2017,2
OOF,2017-0036-PER,2017,2
OOF,2017-0037-SEN,2017,2
OOF,2017-0038-AFG,2017,2
OOF,2017-0039-USA,2017,2
OOF,2017-0044-CHN,2017,2
OOF,2017-0045-PAK,2017,2
OOF,2017-0046-IND,2017,2
OOF,2017-0050-PHL,2017,2
OOF,2017-0051-MOZ,2017,2
OOF,2017-0052-PER,2017,2
OOF,2017-0055-CHL,2017,2
OOF,2017-0056-ARG,2017,2
OOF,2017-0059-IDN,2017,2
OOF,2017-0060-LKA,2017,2
OOF,2017-0062-USA,2017,2
OOF,2017-0063-ARG,2017,2
OOF,2017-0066-MOZ,2017,2
OOF,2017-0067-TWN,2017,2
OOF,2017-0068-IDN,2017,2
OOF,2017-0070-USA,2017,2
OOF,2017-0071-AFG,2017,2
OOF,2017-0075-MDG,2017,2
OOF,2017-0076-CHN,2017,2
OOF,2017-0077-HTI,2017,2
OOF,2017-0078-GTM,2017,2
OOF,2017-0080-BDI,2017,2
OOF,2017-0081-NPL,2017,2
OOF,2017-0082-SEN,2017,2
OOF,2017-0083-GHA,2017,2
OOF,2017-0084-PER,2017,2
OOF,2017-0085-PAN,2017,2
OOF,2017-0086-FRA,2017,2
OOF,2017-0088-MMR,2017,2
OOF,2017-0089-YEM,2017,2
OOF,2017-0090-COL,2017,2
OOF,2017-0091-ZWE,2017,2
OOF,2017-0092-SEN,2017,2
OOF,2017-0093-SOM,2017,2
OOF,2017-0096-IRN,2017,2
OOF,2017-0097-TUR,2017,2
OOF,2017-0098-PHL,2017,2
OOF,2017-0099-LKA,2017,2
OOF,2017-0100-MEX,2017,2
OOF,2017-0101-IND,2017,2
OOF,2017-0102-IDN,2017,2
OOF,2017-0103-MMR,2017,2
OOF,2017-0105-AUS,2017,2
OOF,2017-0108-USA,2017,2
OOF,2017-0109-AGO,2017,2
OOF,2017-0110-CHN,2017,2
OOF,2017-0111-IDN,2017,2
OOF,2017-0114-TUR,2017,2
OOF,2017-0115-SEN,2017,2
OOF,2017-0116-KEN,2017,2
OOF,2017-0117-GRC,2017,2
OOF,2017-0118-NER,2017,2
OOF,2017-0119-COL,2017,2
OOF,2017-0120-ZAF,2017,2
OOF,2017-0121-IND,2017,2
OOF,2017-0124-CHN,2017,2
OOF,2017-0125-IND,2017,2
OOF,2017-0126-CAN,2017,2
OOF,2017-0127-MEX,2017,2
OOF,2017-0128-CHN,2017,2
OOF,2017-0129-IRN,2017,2
OOF,2017-0136-USA,2017,2
OOF,2017-0139-BGD,2017,2
OOF,2017-0142-PHL,2017,2
OOF,2017-0144-IND,2017,2
OOF,2017-0145-PAK,2017,2
OOF,2017-0146-KGZ,2017,2
OOF,2017-0147-IDN,2017,2
OOF,2017-0149-COL,2017,2
OOF,2017-0150-LBY,2017,2
OOF,2017-0151-RUS,2017,2
OOF,2017-0152-BGD,2017,2
OOF,2017-0153-LKA,2017,2
OOF,2017-0154-AFG,2017,2
OOF,2017-0157-IND,2017,2
OOF,2017-0158-MAR,2017,2
OOF,2017-0159-IND,2017,2
OOF,2017-0160-IND,2017,2
OOF,2017-0161-ZWE,2017,2
OOF,2017-0162-MMR,2017,2
OOF,2017-0165-BGR,2017,2
OOF,2017-0167-RUS,2017,2
OOF,2017-0168-MEX,2017,2
OOF,2017-0169-CHN,2017,2
OOF,2017-0169-TWN,2017,2
OOF,2017-0173-GBR,2017,2
OOF,2017-0174-BGD,2017,2
OOF,2017-0175-BRA,2017,2
OOF,2017-0176-PRT,2017,2
OOF,2017-0177-IDN,2017,2
OOF,2017-0178-ZAF,2017,2
OOF,2017-0180-IND,2017,2
OOF,2017-0181-PAK,2017,2
OOF,2017-0182-GRC,2017,2
OOF,2017-0184-CIV,2017,2
OOF,2017-0185-CHL,2017,2
OOF,2017-0186-NER,2017,2
OOF,2017-0187-CHN,2017,2
OOF,2017-0190-GTM,2017,2
OOF,2017-0191-KEN,2017,2
OOF,2017-0192-LBY,2017,2
OOF,2017-0194-BRA,2017,2
OOF,2017-0196-GTM,2017,2
OOF,2017-0196-HND,2017,2
OOF,2017-0199-PAK,2017,2
OOF,2017-0200-COL,2017,2
OOF,2017-0201-CHN,2017,2
OOF,2017-0202-BRA,2017,2
OOF,2017-0204-IRN,2017,2
OOF,2017-0205-KEN,2017,2
OOF,2017-0205-TZA,2017,2
OOF,2017-0206-IDN,2017,2
OOF,2017-0209-HTI,2017,2
OOF,2017-0210-MEX,2017,2
OOF,2017-0211-LBY,2017,2
OOF,2017-0212-TUR,2017,2
OOF,2017-0214-CHN,2017,2
OOF,2017-0215-COL,2017,2
OOF,2017-0217-ZAF,2017,2
OOF,2017-0218-CHL,2017,2
OOF,2017-0221-ARG,2017,2
OOF,2017-0223-COL,2017,2
OOF,2017-0226-PHL,2017,2
OOF,2017-0227-HND,2017,2
OOF,2017-0229-PAK,2017,2
OOF,2017-0234-USA,2017,2
OOF,2017-0239-LBY,2017,2
OOF,2017-0240-RUS,2017,2
OOF,2017-0241-DEU,2017,2
OOF,2017-0243-PAK,2017,2
OOF,2017-0245-CHN,2017,2
OOF,2017-0246-JPN,2017,2
OOF,2017-0247-PHL,2017,2
OOF,2017-0248-GHA,2017,2
OOF,2017-0249-CAF,2017,2
OOF,2017-0250-BGD,2017,2
OOF,2017-0254-CHN,2017,2
OOF,2017-0256-NPL,2017,2
OOF,2017-0257-IND,2017,2
OOF,2017-0259-VNM,2017,2
OOF,2017-0261-CHN,2017,2
OOF,2017-0264-CHN,2017,2
OOF,2017-0265-IND,2017,2
OOF,2017-0266-IND,2017,2
OOF,2017-0270-VNM,2017,2
OOF,2017-0272-NGA,2017,2
OOF,2017-0274-IND,2017,2
OOF,2017-0275-IND,2017,2
OOF,2017-0277-IDN,2017,2
OOF,2017-0278-IDN,2017,2
OOF,2017-0280-GRC,2017,2
OOF,2017-0281-VNM,2017,2
OOF,2017-0282-USA,2017,2
OOF,2017-0284-CHN,2017,2
OOF,2017-0286-CHN,2017,2
OOF,2017-0287-CHN,2017,2
OOF,2017-0288-AFG,2017,2
OOF,2017-0289-IND,2017,2
OOF,2017-0294-IND,2017,2
OOF,2017-0295-IND,2017,2
OOF,2017-0296-ECU,2017,2
OOF,2017-0300-CMR,2017,2
OOF,2017-0301-COD,2017,2
OOF,2017-0305-NER,2017,2
OOF,2017-0307-LKA,2017,2
OOF,2017-0308-SAU,2017,2
OOF,2017-0309-USA,2017,2
OOF,2017-0310-DEU,2017,2
OOF,2017-0311-MMR,2017,2
OOF,2017-0316-THA,2017,2
OOF,2017-0317-MDG,2017,2
OOF,2017-0318-NGA,2017,2
OOF,2017-0320-FRA,2017,2
OOF,2017-0321-NPL,2017,2
OOF,2017-0326-TWN,2017,2
OOF,2017-0327-JPN,2017,2
OOF,2017-0328-AUT,2017,2
OOF,2017-0328-ITA,2017,2
OOF,2017-0331-CHN,2017,2
OOF,2017-0332-CHN,2017,2
OOF,2017-0333-EGY,2017,2
OOF,2017-0335-CHN,2017,2
OOF,2017-0337-VNM,2017,2
OOF,2017-0340-COD,2017,2
OOF,2017-0341-POL,2017,2
OOF,2017-0342-BGD,2017,2
OOF,2017-0342-IND,2017,2
OOF,2017-0342-NPL,2017,2
OOF,2017-0343-SLE,2017,2
OOF,2017-0345-IND,2017,2
OOF,2017-0348-CAF,2017,2
OOF,2017-0349-ITA,2017,2
OOF,2017-0350-CHE,2017,2
OOF,2017-0351-RUS,2017,2
OOF,2017-0352-CHN,2017,2
OOF,2017-0352-MAC,2017,2
OOF,2017-0352-VNM,2017,2
OOF,2017-0354-BRA,2017,2
OOF,2017-0355-IRQ,2017,2
OOF,2017-0356-SGP,2017,2
OOF,2017-0358-NGA,2017,2
OOF,2017-0359-IND,2017,2
OOF,2017-0360-AUT,2017,2
OOF,2017-0360-DEU,2017,2
OOF,2017-0361-CMR,2017,2
OOF,2017-0362-USA,2017,2
OOF,2017-0363-CHN,2017,2
OOF,2017-0364-IND,2017,2
OOF,2017-0365-YEM,2017,2
OOF,2017-0366-EGY,2017,2
OOF,2017-0367-CMR,2017,2
OOF,2017-0368-BFA,2017,2
OOF,2017-0369-IND,2017,2
OOF,2017-0370-NER,2017,2
OOF,2017-0372-CHN,2017,2
OOF,2017-0376-MEX,2017,2
OOF,2017-0377-IRN,2017,2
OOF,2017-0379-SDN,2017,2
OOF,2017-0380-MRT,2017,2
OOF,2017-0381-AIA,2017,2
OOF,2017-0381-ATG,2017,2
OOF,2017-0381-BLM,2017,2
OOF,2017-0381-BRB,2017,2
OOF,2017-0381-CUB,2017,2
OOF,2017-0381-HTI,2017,2
OOF,2017-0381-MAF,2017,2
OOF,2017-0381-PRI,2017,2
OOF,2017-0381-SXM,2017,2
OOF,2017-0381-USA,2017,2
OOF,2017-0381-VGB,2017,2
OOF,2017-0381-VIR,2017,2
OOF,2017-0382-MEX,2017,2
OOF,2017-0383-DMA,2017,2
OOF,2017-0383-DOM,2017,2
OOF,2017-0383-GLP,2017,2
OOF,2017-0383-HTI,2017,2
OOF,2017-0383-PRI,2017,2
OOF,2017-0383-USA,2017,2
OOF,2017-0383-VIR,2017,2
OOF,2017-0385-PAK,2017,2
OOF,2017-0386-UGA,2017,2
OOF,2017-0387-MEX,2017,2
OOF,2017-0388-LBY,2017,2
OOF,2017-0389-DZA,2017,2
OOF,2017-0390-TUR,2017,2
OOF,2017-0391-COD,2017,2
OOF,2017-0392-MEX,2017,2
OOF,2017-0395-UGA,2017,2
OOF,2017-0396-BGD,2017,2
OOF,2017-0397-IND,2017,2
OOF,2017-0398-CHN,2017,2
OOF,2017-0399-COD,2017,2
OOF,2017-0400-NGA,2017,2
OOF,2017-0401-NGA,2017,2
OOF,2017-0403-MYS,2017,2
OOF,2017-0404-IND,2017,2
OOF,2017-0406-PHL,2017,2
OOF,2017-0406-VNM,2017,2
OOF,2017-0407-ROU,2017,2
OOF,2017-0408-ITA,2017,2
OOF,2017-0409-RUS,2017,2
OOF,2017-0410-CRI,2017,2
OOF,2017-0410-GTM,2017,2
OOF,2017-0410-HND,2017,2
OOF,2017-0410-NIC,2017,2
OOF,2017-0410-PAN,2017,2
OOF,2017-0410-SLV,2017,2
OOF,2017-0411-MDG,2017,2
OOF,2017-0412-BGD,2017,2
OOF,2017-0414-JPN,2017,2
OOF,2017-0415-RWA,2017,2
OOF,2017-0417-ESP,2017,2
OOF,2017-0417-PRT,2017,2
OOF,2017-0419-NPL,2017,2
OOF,2017-0420-NER,2017,2
OOF,2017-0421-TCD,2017,2
OOF,2017-0422-PHL,2017,2
OOF,2017-0422-VNM,2017,2
OOF,2017-0423-ITA,2017,2
OOF,2017-0425-IND,2017,2
OOF,2017-0426-MWI,2017,2
OOF,2017-0427-PRK,2017,2
OOF,2017-0428-VNM,2017,2
OOF,2017-0429-IDN,2017,2
OOF,2017-0430-BGR,2017,2
OOF,2017-0432-JPN,2017,2
OOF,2017-0432-PHL,2017,2
OOF,2017-0433-MYS,2017,2
OOF,2017-0434-USA,2017,2
OOF,2017-0435-TUN,2017,2
OOF,2017-0437-HTI,2017,2
OOF,2017-0438-BGD,2017,2
OOF,2017-0439-SAU,2017,2
OOF,2017-0440-TZA,2017,2
OOF,2017-0441-COD,2017,2
OOF,2017-0442-CHN,2017,2
OOF,2017-0444-GRC,2017,2
OOF,2017-0445-COD,2017,2
OOF,2017-0446-IRN,2017,2
OOF,2017-0446-IRQ,2017,2
OOF,2017-0449-HND,2017,2
OOF,2017-0449-NIC,2017,2
OOF,2017-0452-HTI,2017,2
OOF,2017-0453-RUS,2017,2
OOF,2017-0454-TZA,2017,2
OOF,2017-0455-COL,2017,2
OOF,2017-0456-MAR,2017,2
OOF,2017-0457-CHN,2017,2
OOF,2017-0458-COD,2017,2
OOF,2017-0459-IND,2017,2
OOF,2017-0460-IND,2017,2
OOF,2017-0461-SEN,2017,2
OOF,2017-0462-ZAF,2017,2
OOF,2017-0463-CHN,2017,2
OOF,2017-0465-THA,2017,2
OOF,2017-0466-MNG,2017,2
OOF,2017-0468-JPN,2017,2
OOF,2017-0472-IRN,2017,2
OOF,2017-0476-CHN,2017,2
OOF,2017-0477-MYS,2017,2
OOF,2017-0478-COL,2017,2
OOF,2017-0480-BFA,2017,2
OOF,2017-0483-IND,2017,2
OOF,2017-0485-CHN,2017,2
OOF,2017-0485-HKG,2017,2
OOF,2017-0488-ARG,2017,2
OOF,2017-0489-COL,2017,2
OOF,2017-0491-SAU,2017,2
OOF,2017-0492-VNM,2017,2
OOF,2017-0493-LKA,2017,2
OOF,2017-0494-IDN,2017,2
OOF,2017-0495-IND,2017,2
OOF,2017-0498-MEX,2017,2
OOF,2017-0500-LBY,2017,2
OOF,2017-0501-GEO,2017,2
OOF,2017-0504-ALB,2017,2
OOF,2017-0505-ZWE,2017,2
OOF,2017-0506-TUR,2017,2
OOF,2017-0507-KOR,2017,2
OOF,2017-0508-IND,2017,2
OOF,2017-0508-LKA,2017,2
OOF,2017-0509-CHN,2017,2
OOF,2017-0510-PAK,2017,2
OOF,2017-0511-USA,2017,2
OOF,2017-0515-IDN,2017,2
OOF,2017-0516-MYS,2017,2
OOF,2017-0516-THA,2017,2
OOF,2017-0517-IND,2017,2
OOF,2017-0518-MEX,2017,2
OOF,2017-0520-KOR,2017,2
OOF,2017-0521-IRN,2017,2
OOF,2017-0522-PHL,2017,2
OOF,2017-0523-MEX,2017,2
OOF,2017-0524-PHL,2017,2
OOF,2017-0525-PHL,2017,2
OOF,2017-0527-BGD,2017,2
OOF,2017-0529-CHL,2017,2
OOF,2017-0530-IDN,2017,2
OOF,2017-0531-COD,2017,2
OOF,2017-0532-CRI,2017,2
OOF,2017-0533-KEN,2017,2
OOF,2017-0534-USA,2017,2
OOF,2017-0535-IND,2017,2
OOF,2017-0536-PHL,2017,2
OOF,2017-0537-PHL,2017,2
OOF,2017-0538-TZA,2017,2
OOF,2017-0539-EGY,2017,2
OOF,2017-0540-EGY,2017,2
OOF,2017-0541-IND,2017,2
OOF,2017-0542-USA,2017,2
OOF,2017-0543-COD,2017,2
OOF,2017-0544-ITA,2017,2
OOF,2017-0547-ZAF,2017,2
OOF,2017-0548-OMN,2017,2
OOF,2017-0549-MWI,2017,2
OOF,2017-0551-BRA,2017,2
OOF,2017-0553-MOZ,2017,2
OOF,2017-0555-YEM,2017,2
OOF,2017-0556-BGD,2017,2
OOF,2017-0557-KEN,2017,2
OOF,2017-0558-ZMB,2017,2
OOF,2017-0560-CIV,2017,2
OOF,2017-0563-USA,2017,2
OOF,2017-0564-USA,2017,2
OOF,2017-0565-DEU,2017,2
OOF,2017-0568-CHN,2017,2
OOF,2017-0569-IND,2017,2
OOF,2017-0570-IND,2017,2
OOF,2017-0572-USA,2017,2
OOF,2017-0573-SDN,2017,2
OOF,2017-0574-BRA,2017,2
OOF,2017-0575-BRA,2017,2
OOF,2017-0576-IDN,2017,2
OOF,2017-0578-CHN,2017,2
OOF,2017-0579-ITA,2017,2
OOF,2017-0581-GMB,2017,2
OOF,2017-0582-AGO,2017,2
OOF,2017-0583-SEN,2017,2
OOF,2018-0001-PER,2018,3
OOF,2018-0002-ESP,2018,3
OOF,2018-0002-FRA,2018,3
OOF,2018-0002-IRL,2018,3
OOF,2018-0003-ZAF,2018,3
OOF,2018-0004-PHL,2018,3
OOF,2018-0005-COD,2018,3
OOF,2018-0006-GNB,2018,3
OOF,2018-0007-LBY,2018,3
OOF,2018-0008-MDG,2018,3
OOF,2018-0009-BRA,2018,3
OOF,2018-0010-USA,2018,3
OOF,2018-0011-PER,2018,3
OOF,2018-0012-CHN,2018,3
OOF,2018-0013-COL,2018,3
OOF,2018-0015-KAZ,2018,3
OOF,2018-0018-BGD,2018,3
OOF,2018-0019-COL,2018,3
OOF,2018-0020-CUW,2018,3
OOF,2018-0021-LBY,2018,3
OOF,2018-0023-IND,2018,3
OOF,2018-0024-TUR,2018,3
OOF,2018-0025-BEL,2018,3
OOF,2018-0025-DEU,2018,3
OOF,2018-0025-NLD,2018,3
OOF,2018-0026-KOR,2018,3
OOF,2018-0027-DZA,2018,3
OOF,2018-0028-RUS,2018,3
OOF,2018-0031-IDN,2018,3
OOF,2018-0032-PRT,2018,3
OOF,2018-0033-IRN,2018,3
OOF,2018-0035-MEX,2018,3
OOF,2018-0036-IND,2018,3
OOF,2018-0039-MOZ,2018,3
OOF,2018-0040-BRA,2018,3
OOF,2018-0041-LBY,2018,3
OOF,2018-0043-NGA,2018,3
OOF,2018-0045-USA,2018,3
OOF,2018-0046-USA,2018,3
OOF,2018-0047-LBN,2018,3
OOF,2018-0048-MOZ,2018,3
OOF,2018-0049-IND,2018,3
OOF,2018-0049-NPL,2018,3
OOF,2018-0050-CHN,2018,3
OOF,2018-0051-PHL,2018,3
OOF,2018-0053-CHN,2018,3
OOF,2018-0054-PER,2018,3
OOF,2018-0055-PNG,2018,3
OOF,2018-0056-IDN,2018,3
OOF,2018-0057-RUS,2018,3
OOF,2018-0058-HKG,2018,3
OOF,2018-0059-TWN,2018,3
OOF,2018-0060-LBY,2018,3
OOF,2018-0061-CZE,2018,3
OOF,2018-0061-EST,2018,3
OOF,2018-0061-FRA,2018,3
OOF,2018-0061-ITA,2018,3
OOF,2018-0061-LTU,2018,3
OOF,2018-0061-POL,2018,3
OOF,2018-0061-ROU,2018,3
OOF,2018-0062-BOL,2018,3
OOF,2018-0064-MWI,2018,3
OOF,2018-0068-MYS,2018,3
OOF,2018-0069-KIR,2018,3
OOF,2018-0070-JPN,2018,3
OOF,2018-0071-EGY,2018,3
OOF,2018-0072-COD,2018,3
OOF,2018-0076-UGA,2018,3
OOF,2018-0077-NGA,2018,3
OOF,2018-0078-IND,2018,3
OOF,2018-0079-AZE,2018,3
OOF,2018-0080-LBY,2018,3
OOF,2018-0081-GNB,2018,3
OOF,2018-0083-NPL,2018,3
OOF,2018-0084-IRN,2018,3
OOF,2018-0086-MDG,2018,3
OOF,2018-0088-GRC,2018,3
OOF,2018-0089-PHL,2018,3
OOF,2018-0091-MOZ,2018,3
OOF,2018-0092-RUS,2018,3
OOF,2018-0093-TZA,2018,3
OOF,2018-0094-ECU,2018,3
OOF,2018-0095-VNM,2018,3
OOF,2018-0096-THA,2018,3
OOF,2018-0098-TUR,2018,3
OOF,2018-0099-THA,2018,3
OOF,2018-0100-PAK,2018,3
OOF,2018-0101-FJI,2018,3
OOF,2018-0102-KWT,2018,3
OOF,2018-0104-AGO,2018,3
OOF,2018-0104-RWA,2018,3
OOF,2018-0105-TZA,2018,3
OOF,2018-0106-DZA,2018,3
OOF,2018-0107-KEN,2018,3
OOF,2018-0108-IND,2018,3
OOF,2018-0109-IND,2018,3
OOF,2018-0110-CAN,2018,3
OOF,2018-0111-USA,2018,3
OOF,2018-0112-BRA,2018,3
OOF,2018-0113-RUS,2018,3
OOF,2018-0116-KEN,2018,3
OOF,2018-0118-CHN,2018,3
OOF,2018-0119-IND,2018,3
OOF,2018-0121-IDN,2018,3
OOF,2018-0125-TZA,2018,3
OOF,2018-0126-CHN,2018,3
OOF,2018-0127-PRK,2018,3
OOF,2018-0128-ISR,2018,3
OOF,2018-0129-USA,2018,3
OOF,2018-0131-COL,2018,3
OOF,2018-0132-KEN,2018,3
OOF,2018-0133-SOM,2018,3
OOF,2018-0135-RWA,2018,3
OOF,2018-0137-IND,2018,3
OOF,2018-0138-IND,2018,3
OOF,2018-0140-BGD,2018,3
OOF,2018-0141-IDN,2018,3
OOF,2018-0142-IND,2018,3
OOF,2018-0143-PAK,2018,3
OOF,2018-0144-CUB,2018,3
OOF,2018-0145-DJI,2018,3
OOF,2018-0145-SOM,2018,3
OOF,2018-0148-KEN,2018,3
OOF,2018-0149-IND,2018,3
OOF,2018-0150-IND,2018,3
OOF,2018-0151-PAK,2018,3
OOF,2018-0152-PAK,2018,3
OOF,2018-0154-MMR,2018,3
OOF,2018-0155-BRA,2018,3
OOF,2018-0156-AFG,2018,3
OOF,2018-0157-GTM,2018,3
OOF,2018-0158-BGD,2018,3
OOF,2018-0159-CHN,2018,3
OOF,2018-0161-ARG,2018,3
OOF,2018-0162-DZA,2018,3
OOF,2018-0164-MWI,2018,3
OOF,2018-0168-GTM,2018,3
OOF,2018-0169-TUN,2018,3
OOF,2018-0170-CUB,2018,3
OOF,2018-0170-USA,2018,3
OOF,2018-0171-CHN,2018,3
OOF,2018-0172-KEN,2018,3
OOF,2018-0173-YEM,2018,3
OOF,2018-0174-RUS,2018,3
OOF,2018-0175-TZA,2018,3
OOF,2018-0176-LBY,2018,3
OOF,2018-0177-OMN,2018,3
OOF,2018-0177-YEM,2018,3
OOF,2018-0178-COD,2018,3
OOF,2018-0179-UGA,2018,3
OOF,2018-0180-ETH,2018,3
OOF,2018-0182-VEN,2018,3
OOF,2018-0183-JPN,2018,3
OOF,2018-0184-IDN,2018,3
OOF,2018-0185-CIV,2018,3
OOF,2018-0186-ZMB,2018,3
OOF,2018-0187-KEN,2018,3
OOF,2018-0188-LBY,2018,3
OOF,2018-0189-AFG,2018,3
OOF,2018-0190-JPN,2018,3
OOF,2018-0191-GNB,2018,3
OOF,2018-0192-IRN,2018,3
OOF,2018-0193-NGA,2018,3
OOF,2018-0195-CAN,2018,3
OOF,2018-0198-CHN,2018,3
OOF,2018-0199-IND,2018,3
OOF,2018-0201-CHN,2018,3
OOF,2018-0201-VNM,2018,3
OOF,2018-0202-IND,2018,3
OOF,2018-0203-BGD,2018,3
OOF,2018-0203-MMR,2018,3
OOF,2018-0204-VNM,2018,3
OOF,2018-0205-IND,2018,3
OOF,2018-0206-USA,2018,3
OOF,2018-0207-TJK,2018,3
OOF,2018-0208-RWA,2018,3
OOF,2018-0209-IND,2018,3
OOF,2018-0210-CHN,2018,3
OOF,2018-0211-CHN,2018,3
OOF,2018-0212-AFG,2018,3
OOF,2018-0212-PAK,2018,3
OOF,2018-0213-IND,2018,3
OOF,2018-0214-IND,2018,3
OOF,2018-0216-IND,2018,3
OOF,2018-0219-NPL,2018,3
OOF,2018-0222-LAO,2018,3
OOF,2018-0223-GRC,2018,3
OOF,2018-0226-JPN,2018,3
OOF,2018-0227-PHL,2018,3
OOF,2018-0227-VNM,2018,3
OOF,2018-0228-MEX,2018,3
OOF,2018-0229-USA,2018,3
OOF,2018-0230-UKR,2018,3
OOF,2018-0231-COD,2018,3
OOF,2018-0232-NER,2018,3
OOF,2018-0233-IND,2018,3
OOF,2018-0235-ESP,2018,3
OOF,2018-0235-GBR,2018,3
OOF,2018-0235-NLD,2018,3
OOF,2018-0236-CYP,2018,3
OOF,2018-0237-COG,2018,3
OOF,2018-0238-NGA,2018,3
OOF,2018-0240-MMR,2018,3
OOF,2018-0241-CHN,2018,3
OOF,2018-0250-CHN,2018,3
OOF,2018-0252-CHN,2018,3
OOF,2018-0253-COD,2018,3
OOF,2018-0254-IDN,2018,3
OOF,2018-0255-MMR,2018,3
OOF,2018-0257-IDN,2018,3
OOF,2018-0258-USA,2018,3
OOF,2018-0260-ITA,2018,3
OOF,2018-0261-CHE,2018,3
OOF,2018-0262-PAK,2018,3
OOF,2018-0263-RUS,2018,3
OOF,2018-0264-NGA,2018,3
OOF,2018-0266-TGO,2018,3
OOF,2018-0267-IND,2018,3
OOF,2018-0272-TUR,2018,3
OOF,2018-0273-THA,2018,3
OOF,2018-0274-MEX,2018,3
OOF,2018-0275-IDN,2018,3
OOF,2018-0276-LBY,2018,3
OOF,2018-0278-LKA,2018,3
OOF,2018-0282-CHN,2018,3
OOF,2018-0286-IND,2018,3
OOF,2018-0287-CHN,2018,3
OOF,2018-0292-SDN,2018,3
OOF,2018-0293-ECU,2018,3
OOF,2018-0294-PER,2018,3
OOF,2018-0295-IND,2018,3
OOF,2018-0296-ITA,2018,3
OOF,2018-0297-ECU,2018,3
OOF,2018-0298-NER,2018,3
OOF,2018-0300-SDN,2018,3
OOF,2018-0302-IDN,2018,3
OOF,2018-0304-PAK,2018,3
OOF,2018-0305-CHN,2018,3
OOF,2018-0305-VNM,2018,3
OOF,2018-0307-COD,2018,3
OOF,2018-0308-ITA,2018,3
OOF,2018-0309-PRK,2018,3
OOF,2018-0310-IRN,2018,3
OOF,2018-0311-BGR,2018,3
OOF,2018-0312-CHN,2018,3
OOF,2018-0313-TWN,2018,3
OOF,2018-0314-MMR,2018,3
OOF,2018-0316-PNG,2018,3
OOF,2018-0317-PNG,2018,3
OOF,2018-0325-AFG,2018,3
OOF,2018-0326-JPN,2018,3
OOF,2018-0327-AGO,2018,3
OOF,2018-0328-ETH,2018,3
OOF,2018-0329-PRK,2018,3
OOF,2018-0330-JPN,2018,3
OOF,2018-0331-USA,2018,3
OOF,2018-0332-SSD,2018,3
OOF,2018-0333-IDN,2018,3
OOF,2018-0334-TZA,2018,3
OOF,2018-0335-AFG,2018,3
OOF,2018-0336-NGA,2018,3
OOF,2018-0337-MLI,2018,3
OOF,2018-0338-IND,2018,3
OOF,2018-0340-IRN,2018,3
OOF,2018-0341-PHL,2018,3
OOF,2018-0342-USA,2018,3
OOF,2018-0343-IDN,2018,3
OOF,2018-0345-IND,2018,3
OOF,2018-0347-CHN,2018,3
OOF,2018-0347-PHL,2018,3
OOF,2018-0348-CHN,2018,3
OOF,2018-0350-AFG,2018,3
OOF,2018-0352-IDN,2018,3
OOF,2018-0353-JPN,2018,3
OOF,2018-0355-SLE,2018,3
OOF,2018-0356-MAR,2018,3
OOF,2018-0357-TZA,2018,3
OOF,2018-0358-COD,2018,3
OOF,2018-0359-USA,2018,3
OOF,2018-0360-HTI,2018,3
OOF,2018-0361-ESP,2018,3
OOF,2018-0362-KEN,2018,3
OOF,2018-0363-COD,2018,3
OOF,2018-0364-TUN,2018,3
OOF,2018-0365-NGA,2018,3
OOF,2018-0367-MEX,2018,3
OOF,2018-0368-GHA,2018,3
OOF,2018-0369-CHN,2018,3
OOF,2018-0369-VNM,2018,3
OOF,2018-0370-IND,2018,3
OOF,2018-0372-IND,2018,3
OOF,2018-0373-USA,2018,3
OOF,2018-0374-CRI,2018,3
OOF,2018-0374-HND,2018,3
OOF,2018-0374-NIC,2018,3
OOF,2018-0374-SLV,2018,3
OOF,2018-0375-FRA,2018,3
OOF,2018-0376-PRT,2018,3
OOF,2018-0377-TUR,2018,3
OOF,2018-0378-GBR,2018,3
OOF,2018-0379-AFG,2018,3
OOF,2018-0380-COD,2018,3
OOF,2018-0381-MLI,2018,3
OOF,2018-0383-IRN,2018,3
OOF,2018-0384-LKA,2018,3
OOF,2018-0385-IND,2018,3
OOF,2018-0386-VEN,2018,3
OOF,2018-0387-SDN,2018,3
OOF,2018-0389-TWN,2018,3
OOF,2018-0391-IND,2018,3
OOF,2018-0392-ZAF,2018,3
OOF,2018-0393-COD,2018,3
OOF,2018-0394-YEM,2018,3
OOF,2018-0396-COL,2018,3
OOF,2018-0397-ITA,2018,3
OOF,2018-0398-AFG,2018,3
OOF,2018-0399-MNP,2018,3
OOF,2018-0399-PHL,2018,3
OOF,2018-0400-CHN,2018,3
OOF,2018-0401-IDN,2018,3
OOF,2018-0402-ETH,2018,3
OOF,2018-0403-JOR,2018,3
OOF,2018-0405-NGA,2018,3
OOF,2018-0406-MEX,2018,3
OOF,2018-0407-RUS,2018,3
OOF,2018-0408-CHN,2018,3
OOF,2018-0409-USA,2018,3
OOF,2018-0410-ZWE,2018,3
OOF,2018-0411-MRT,2018,3
OOF,2018-0412-UGA,2018,3
OOF,2018-0413-TUR,2018,3
OOF,2018-0414-JOR,2018,3
OOF,2018-0414-KWT,2018,3
OOF,2018-0415-BRA,2018,3
OOF,2018-0416-COD,2018,3
OOF,2018-0417-ZWE,2018,3
OOF,2018-0419-USA,2018,3
OOF,2018-0421-MEX,2018,3
OOF,2018-0423-UGA,2018,3
OOF,2018-0424-JPN,2018,3
OOF,2018-0425-IDN,2018,3
OOF,2018-0427-IRQ,2018,3
OOF,2018-0428-UGA,2018,3
OOF,2018-0429-IND,2018,3
OOF,2018-0431-IND,2018,3
OOF,2018-0432-CHN,2018,3
OOF,2018-0434-ZWE,2018,3
OOF,2018-0435-CMR,2018,3
OOF,2018-0436-AGO,2018,3
OOF,2018-0437-CAF,2018,3
OOF,2018-0438-TCD,2018,3
OOF,2018-0444-BOL,2018,3
OOF,2018-0445-IND,2018,3
OOF,2018-0446-GIN,2018,3
OOF,2018-0448-VNM,2018,3
OOF,2018-0450-UGA,2018,3
OOF,2018-0451-IND,2018,3
OOF,2018-0452-IND,2018,3
OOF,2018-0453-RUS,2018,3
OOF,2018-0454-IDN,2018,3
OOF,2018-0455-PHL,2018,3
OOF,2018-0457-USA,2018,3
OOF,2018-0458-IDN,2018,3
OOF,2018-0460-IRN,2018,3
OOF,2018-0462-COD,2018,3
OOF,2018-0463-NPL,2018,3
OOF,2018-0465-CZE,2018,3
OOF,2018-0467-LKA,2018,3
OOF,2018-0468-USA,2018,3
OOF,2018-0471-IDN,2018,3
OOF,2018-0472-IDN,2018,3
OOF,2018-0473-IND,2018,3
OOF,2018-0477-RWA,2018,3
OOF,2018-0478-BOL,2018,3
OOF,2018-0483-IDN,2018,3
OOF,2018-0484-VNM,2018,3
OOF,2018-0486-PHL,2018,3
OOF,2018-0488-ZWE,2018,3
OOF,2018-0489-PHL,2018,3
OOF,2018-0490-HUN,2018,3
OOF,2019-0001-AUT,2019,3
OOF,2019-0001-CHE,2019,3
OOF,2019-0001-DEU,2019,3
OOF,2019-0002-IRN,2019,3
OOF,2019-0003-CHN,2019,3
OOF,2019-0004-ECU,2019,3
OOF,2019-0005-LBN,2019,3
OOF,2019-0007-USA,2019,3
OOF,2019-0008-ARG,2019,3
OOF,2019-0008-BRA,2019,3
OOF,2019-0009-THA,2019,3
OOF,2019-0011-CHN,2019,3
OOF,2019-0012-IND,2019,3
OOF,2019-0013-IDN,2019,3
OOF,2019-0014-RUS,2019,3
OOF,2019-0016-GHA,2019,3
OOF,2019-0017-PAK,2019,3
OOF,2019-0018-RWA,2019,3
OOF,2019-0019-MEX,2019,3
OOF,2019-0020-MDG,2019,3
OOF,2019-0022-IDN,2019,3
OOF,2019-0023-CHL,2019,3
OOF,2019-0024-LBY,2019,3
OOF,2019-0025-CUB,2019,3
OOF,2019-0026-BRA,2019,3
OOF,2019-0027-PER,2019,3
OOF,2019-0028-AUS,2019,3
OOF,2019-0031-COL,2019,3
OOF,2019-0032-DJI,2019,3
OOF,2019-0033-SAU,2019,3
OOF,2019-0041-BHS,2019,3
OOF,2019-0042-DJI,2019,3
OOF,2019-0043-SYR,2019,3
OOF,2019-0044-DZA,2019,3
OOF,2019-0045-USA,2019,3
OOF,2019-0046-USA,2019,3
OOF,2019-0048-MOZ,2019,3
OOF,2019-0048-ZMB,2019,3
OOF,2019-0049-BDI,2019,3
OOF,2019-0050-AFG,2019,3
OOF,2019-0051-BRA,2019,3
OOF,2019-0053-TUR,2019,3
OOF,2019-0054-GIN,2019,3
OOF,2019-0059-CHN,2019,3
OOF,2019-0060-IND,2019,3
OOF,2019-0061-ZAF,2019,3
OOF,2019-0062-COG,2019,3
OOF,2019-0063-BGD,2019,3
OOF,2019-0064-BGD,2019,3
OOF,2019-0065-ZWE,2019,3
OOF,2019-0066-NER,2019,3
OOF,2019-0067-ZMB,2019,3
OOF,2019-0068-IND,2019,3
OOF,2019-0069-MKD,2019,3
OOF,2019-0070-AGO,2019,3
OOF,2019-0072-PER,2019,3
OOF,2019-0073-BOL,2019,3
OOF,2019-0078-ECU,2019,3
OOF,2019-0080-PHL,2019,3
OOF,2019-0081-USA,2019,3
OOF,2019-0082-AFG,2019,3
OOF,2019-0082-IRN,2019,3
OOF,2019-0082-PAK,2019,3
OOF,2019-0083-IDN,2019,3
OOF,2019-0086-USA,2019,3
OOF,2019-0087-EGY,2019,3
OOF,2019-0089-USA,2019,3
OOF,2019-0090-USA,2019,3
OOF,2019-0091-CHL,2019,3
OOF,2019-0092-BOL,2019,3
OOF,2019-0093-PER,2019,3
OOF,2019-0094-ZWE,2019,3
OOF,2019-0096-CHN,2019,3
OOF,2019-0098-PNG,2019,3
OOF,2019-0099-MOZ,2019,3
OOF,2019-0100-BRA,2019,3
OOF,2019-0101-MWI,2019,3
OOF,2019-0102-ETH,2019,3
OOF,2019-0103-MEX,2019,3
OOF,2019-0104-COL,2019,3
OOF,2019-0106-ZAF,2019,3
OOF,2019-0107-IDN,2019,3
OOF,2019-0109-IDN,2019,3
OOF,2019-0110-MDG,2019,3
OOF,2019-0110-MOZ,2019,3
OOF,2019-0110-ZWE,2019,3
OOF,2019-0111-IDN,2019,3
OOF,2019-0112-COD,2019,3
OOF,2019-0113-NGA,2019,3
OOF,2019-0115-NGA,2019,3
OOF,2019-0116-USA,2019,3
OOF,2019-0117-IDN,2019,3
OOF,2019-0118-GHA,2019,3
OOF,2019-0119-CHN,2019,3
OOF,2019-0120-IRQ,2019,3
OOF,2019-0121-COL,2019,3
OOF,2019-0122-YEM,2019,3
OOF,2019-0123-AGO,2019,3
OOF,2019-0125-AFG,2019,3
OOF,2019-0125-IRN,2019,3
OOF,2019-0126-CHN,2019,3
OOF,2019-0127-BGD,2019,3
OOF,2019-0128-GTM,2019,3
OOF,2019-0129-KAZ,2019,3
OOF,2019-0130-COD,2019,3
OOF,2019-0134-CHN,2019,3
OOF,2019-0135-NPL,2019,3
OOF,2019-0136-PER,2019,3
OOF,2019-0137-SYR,2019,3
OOF,2019-0138-HTI,2019,3
OOF,2019-0141-IRQ,2019,3
OOF,2019-0143-AFG,2019,3
OOF,2019-0144-BGD,2019,3
OOF,2019-0146-BRA,2019,3
OOF,2019-0147-MLI,2019,3
OOF,2019-0148-NGA,2019,3
OOF,2019-0149-KOR,2019,3
OOF,2019-0150-PRY,2019,3
OOF,2019-0153-PRT,2019,3
OOF,2019-0155-IND,2019,3
OOF,2019-0155-PAK,2019,3
OOF,2019-0156-CHN,2019,3
OOF,2019-0157-BRA,2019,3
OOF,2019-0158-PNG,2019,3
OOF,2019-0159-COL,2019,3
OOF,2019-0160-USA,2019,3
OOF,2019-0161-CHN,2019,3
OOF,2019-0162-PHL,2019,3
OOF,2019-0163-NER,2019,3
OOF,2019-0164-BGD,2019,3
OOF,2019-0164-IND,2019,3
OOF,2019-0165-COM,2019,3
OOF,2019-0165-MOZ,2019,3
OOF,2019-0166-RUS,2019,3
OOF,2019-0167-IDN,2019,3
OOF,2019-0168-IDN,2019,3
OOF,2019-0169-COD,2019,3
OOF,2019-0170-COD,2019,3
OOF,2019-0171-CAN,2019,3
OOF,2019-0172-MAR,2019,3
OOF,2019-0173-UKR,2019,3
OOF,2019-0174-VEN,2019,3
OOF,2019-0175-COL,2019,3
OOF,2019-0176-ZAF,2019,3
OOF,2019-0177-MMR,2019,3
OOF,2019-0178-NGA,2019,3
OOF,2019-0179-UGA,2019,3
OOF,2019-0182-ZAF,2019,3
OOF,2019-0184-USA,2019,3
OOF,2019-0185-ARG,2019,3
OOF,2019-0187-MWI,2019,3
OOF,2019-0188-SSD,2019,3
OOF,2019-0189-SSD,2019,3
OOF,2019-0190-MEX,2019,3
OOF,2019-0192-KEN,2019,3
OOF,2019-0193-TZA,2019,3
OOF,2019-0194-BIH,2019,3
OOF,2019-0194-HRV,2019,3
OOF,2019-0197-PRY,2019,3
OOF,2019-0200-MLI,2019,3
OOF,2019-0201-PAK,2019,3
OOF,2019-0203-TZA,2019,3
OOF,2019-0204-CHN,2019,3
OOF,2019-0207-UGA,2019,3
OOF,2019-0209-CHN,2019,3
OOF,2019-0210-IDN,2019,3
OOF,2019-0211-COG,2019,3
OOF,2019-0212-COG,2019,3
OOF,2019-0213-YEM,2019,3
OOF,2019-0215-HTI,2019,3
OOF,2019-0216-AFG,2019,3
OOF,2019-0216-TJK,2019,3
OOF,2019-0217-IND,2019,3
OOF,2019-0218-IND,2019,3
OOF,2019-0219-MNG,2019,3
OOF,2019-0221-LKA,2019,3
OOF,2019-0222-ROU,2019,3
OOF,2019-0223-IND,2019,3
OOF,2019-0224-LBY,2019,3
OOF,2019-0225-MEX,2019,3
OOF,2019-0227-UGA,2019,3
OOF,2019-0228-GHA,2019,3
OOF,2019-0233-SLV,2019,3
OOF,2019-0234-BRA,2019,3
OOF,2019-0235-EGY,2019,3
OOF,2019-0236-HUN,2019,3
OOF,2019-0237-IDN,2019,3
OOF,2019-0238-LBY,2019,3
OOF,2019-0239-CHE,2019,3
OOF,2019-0239-FRA,2019,3
OOF,2019-0240-MEX,2019,3
OOF,2019-0241-MLI,2019,3
OOF,2019-0243-PER,2019,3
OOF,2019-0244-COD,2019,3
OOF,2019-0245-PRY,2019,3
OOF,2019-0247-CHN,2019,3
OOF,2019-0248-IND,2019,3
OOF,2019-0250-USA,2019,3
OOF,2019-0252-OMN,2019,3
OOF,2019-0252-SAU,2019,3
OOF,2019-0252-YEM,2019,3
OOF,2019-0254-UGA,2019,3
OOF,2019-0255-AFG,2019,3
OOF,2019-0257-PHL,2019,3
OOF,2019-0258-IDN,2019,3
OOF,2019-0259-CHN,2019,3
OOF,2019-0260-SEN,2019,3
OOF,2019-0261-VEN,2019,3
OOF,2019-0262-VEN,2019,3
OOF,2019-0265-VNM,2019,3
OOF,2019-0274-TUR,2019,3
OOF,2019-0276-KHM,2019,3
OOF,2019-0277-BGD,2019,3
OOF,2019-0278-USA,2019,3
OOF,2019-0279-IDN,2019,3
OOF,2019-0281-IDN,2019,3
OOF,2019-0282-NGA,2019,3
OOF,2019-0283-ECU,2019,3
OOF,2019-0285-SSD,2019,3
OOF,2019-0288-IND,2019,3
OOF,2019-0289-JPN,2019,3
OOF,2019-0291-CHN,2019,3
OOF,2019-0294-RUS,2019,3
OOF,2019-0296-BEL,2019,3
OOF,2019-0296-DEU,2019,3
OOF,2019-0296-ESP,2019,3
OOF,2019-0296-FRA,2019,3
OOF,2019-0296-GBR,2019,3
OOF,2019-0296-ITA,2019,3
OOF,2019-0297-MEX,2019,3
OOF,2019-0299-IRN,2019,3
OOF,2019-0304-BGD,2019,3
OOF,2019-0307-USA,2019,3
OOF,2019-0309-BRA,2019,3
OOF,2019-0311-IND,2019,3
OOF,2019-0315-GRC,2019,3
OOF,2019-0320-NER,2019,3
OOF,2019-0321-IND,2019,3
OOF,2019-0324-RUS,2019,3
OOF,2019-0325-PAK,2019,3
OOF,2019-0326-NGA,2019,3
OOF,2019-0327-IND,2019,3
OOF,2019-0328-TUN,2019,3
OOF,2019-0329-HND,2019,3
OOF,2019-0330-PAK,2019,3
OOF,2019-0331-IND,2019,3
OOF,2019-0332-NPL,2019,3
OOF,2019-0333-CHN,2019,3
OOF,2019-0334-IDN,2019,3
OOF,2019-0335-USA,2019,3
OOF,2019-0337-BGD,2019,3
OOF,2019-0338-HND,2019,3
OOF,2019-0338-NIC,2019,3
OOF,2019-0338-SLV,2019,3
OOF,2019-0339-RUS,2019,3
OOF,2019-0340-NGA,2019,3
OOF,2019-0341-USA,2019,3
OOF,2019-0342-COD,2019,3
OOF,2019-0343-COD,2019,3
OOF,2019-0344-IND,2019,3
OOF,2019-0345-IND,2019,3
OOF,2019-0346-PAK,2019,3
OOF,2019-0349-PHL,2019,3
OOF,2019-0351-CHN,2019,3
OOF,2019-0352-ETH,2019,3
OOF,2019-0353-TUR,2019,3
OOF,2019-0354-IRN,2019,3
OOF,2019-0355-PHL,2019,3
OOF,2019-0357-TUR,2019,3
OOF,2019-0360-GTM,2019,3
OOF,2019-0362-PHL,2019,3
OOF,2019-0366-AUT,2019,3
OOF,2019-0366-BEL,2019,3
OOF,2019-0366-FRA,2019,3
OOF,2019-0366-NLD,2019,3
OOF,2019-0367-CHN,2019,3
OOF,2019-0368-BRA,2019,3
OOF,2019-0369-MMR,2019,3
OOF,2019-0370-MAR,2019,3
OOF,2019-0371-LBY,2019,3
OOF,2019-0372-PAK,2019,3
OOF,2019-0373-PAK,2019,3
OOF,2019-0374-PER,2019,3
OOF,2019-0375-NOR,2019,3
OOF,2019-0376-EGY,2019,3
OOF,2019-0377-IDN,2019,3
OOF,2019-0379-SYR,2019,3
OOF,2019-0380-VNM,2019,3
OOF,2019-0381-CHN,2019,3
OOF,2019-0382-SLE,2019,3
OOF,2019-0383-IND,2019,3
OOF,2019-0385-MMR,2019,3
OOF,2019-0386-PAK,2019,3
OOF,2019-0387-CHN,2019,3
OOF,2019-0387-TWN,2019,3
OOF,2019-0392-SDN,2019,3
OOF,2019-0393-VNM,2019,3
OOF,2019-0395-GTM,2019,3
OOF,2019-0396-POL,2019,3
OOF,2019-0396-SVK,2019,3
OOF,2019-0397-NGA,2019,3
OOF,2019-0398-IDN,2019,3
OOF,2019-0399-NGA,2019,3
OOF,2019-0400-CHN,2019,3
OOF,2019-0401-TZA,2019,3
OOF,2019-0402-UGA,2019,3
OOF,2019-0404-COD,2019,3
OOF,2019-0406-COD,2019,3
OOF,2019-0407-COD,2019,3
OOF,2019-0408-BOL,2019,3
OOF,2019-0409-JPN,2019,3
OOF,2019-0412-BHS,2019,3
OOF,2019-0412-USA,2019,3
OOF,2019-0413-ESP,2019,3
OOF,2019-0415-NER,2019,3
OOF,2019-0415-NGA,2019,3
OOF,2019-0417-USA,2019,3
OOF,2019-0418-MEX,2019,3
OOF,2019-0419-KHM,2019,3
OOF,2019-0419-LAO,2019,3
OOF,2019-0419-THA,2019,3
OOF,2019-0419-VNM,2019,3
OOF,2019-0424-KOR,2019,3
OOF,2019-0424-PRK,2019,3
OOF,2019-0426-MAR,2019,3
OOF,2019-0427-MAR,2019,3
OOF,2019-0430-UGA,2019,3
OOF,2019-0433-MRT,2019,3
OOF,2019-0434-PHL,2019,3
OOF,2019-0435-NGA,2019,3
OOF,2019-0437-LBR,2019,3
OOF,2019-0438-IND,2019,3
OOF,2019-0439-COD,2019,3
OOF,2019-0440-BRA,2019,3
OOF,2019-0441-CMR,2019,3
OOF,2019-0442-LBY,2019,3
OOF,2019-0443-KOR,2019,3
OOF,2019-0445-HTI,2019,3
OOF,2019-0446-MLI,2019,3
OOF,2019-0447-USA,2019,3
OOF,2019-0448-IND,2019,3
OOF,2019-0450-MEX,2019,3
OOF,2019-0451-IDN,2019,3
OOF,2019-0452-LKA,2019,3
OOF,2019-0453-TCD,2019,3
OOF,2019-0454-NGA,2019,3
OOF,2019-0455-COL,2019,3
OOF,2019-0456-DOM,2019,3
OOF,2019-0457-CHN,2019,3
OOF,2019-0458-CHN,2019,3
OOF,2019-0459-MAR,2019,3
OOF,2019-0460-PAK,2019,3
OOF,2019-0461-YEM,2019,3
OOF,2019-0462-TUR,2019,3
OOF,2019-0463-JPN,2019,3
OOF,2019-0464-PAK,2019,3
OOF,2019-0467-JPN,2019,3
OOF,2019-0470-PAK,2019,3
OOF,2019-0471-PAK,2019,3
OOF,2019-0472-CHN,2019,3
OOF,2019-0472-KOR,2019,3
OOF,2019-0479-TUR,2019,3
OOF,2019-0482-VNM,2019,3
OOF,2019-0484-USA,2019,3
OOF,2019-0485-ITA,2019,3
OOF,2019-0487-RUS,2019,3
OOF,2019-0488-GHA,2019,3
OOF,2019-0489-PHL,2019,3
OOF,2019-0490-GTM,2019,3
OOF,2019-0492-JPN,2019,3
OOF,2019-0494-ETH,2019,3
OOF,2019-0495-IRN,2019,3
OOF,2019-0496-TZA,2019,3
OOF,2019-0497-ESP,2019,3
OOF,2019-0498-COD,2019,3
OOF,2019-0499-IND,2019,3
OOF,2019-0499-LKA,2019,3
OOF,2019-0500-KEN,2019,3
OOF,2019-0500-SOM,2019,3
OOF,2019-0505-FRA,2019,3
OOF,2019-0506-SAU,2019,3
OOF,2019-0507-BRA,2019,3
OOF,2019-0508-COD,2019,3
OOF,2019-0509-MAR,2019,3
OOF,2019-0511-ROU,2019,3
OOF,2019-0512-ITA,2019,3
OOF,2019-0513-USA,2019,3
OOF,2019-0514-CIV,2019,3
OOF,2019-0515-TZA,2019,3
OOF,2019-0516-JPN,2019,3
OOF,2019-0518-SAU,2019,3
OOF,2019-0519-MEX,2019,3
OOF,2019-0520-CHN,2019,3
OOF,2019-0521-JPN,2019,3
OOF,2019-0522-PHL,2019,3
OOF,2019-0525-SDN,2019,3
OOF,2019-0526-SEN,2019,3
OOF,2019-0527-CMR,2019,3
OOF,2019-0529-PHL,2019,3
OOF,2019-0531-WSM,2019,3
OOF,2019-0532-CAN,2019,3
OOF,2019-0533-ESP,2019,3
OOF,2019-0533-FRA,2019,3
OOF,2019-0534-VNM,2019,3
OOF,2019-0535-NPL,2019,3
OOF,2019-0536-PHL,2019,3
OOF,2019-0537-COD,2019,3
OOF,2019-0539-PAK,2019,3
OOF,2019-0540-UGA,2019,3
OOF,2019-0542-BRA,2019,3
OOF,2019-0543-ITA,2019,3
OOF,2019-0545-AUS,2019,3
OOF,2019-0548-ZAF,2019,3
OOF,2019-0549-PHL,2019,3
OOF,2019-0549-VNM,2019,3
OOF,2019-0550-BGD,2019,3
OOF,2019-0550-IND,2019,3
OOF,2019-0553-IRN,2019,3
OOF,2019-0557-KEN,2019,3
OOF,2019-0558-FRA,2019,3
OOF,2019-0558-ITA,2019,3
OOF,2019-0560-COD,2019,3
OOF,2019-0561-COD,2019,3
OOF,2019-0562-TZA,2019,3
OOF,2019-0563-MAR,2019,3
OOF,2019-0564-CHN,2019,3
OOF,2019-0565-KOR,2019,3
OOF,2019-0566-IRN,2019,3
OOF,2019-0567-SVK,2019,3
OOF,2019-0568-GBR,2019,3
OOF,2019-0569-BGD,2019,3
OOF,2019-0571-GIN,2019,3
OOF,2019-0572-ALB,2019,3
OOF,2019-0573-PHL,2019,3
OOF,2019-0574-IND,2019,3
OOF,2019-0576-FRA,2019,3
OOF,2019-0577-LKA,2019,3
OOF,2019-0578-MYS,2019,3
OOF,2019-0579-DJI,2019,3
OOF,2019-0583-CHL,2019,3
OOF,2019-0584-MRT,2019,3
OOF,2019-0585-BDI,2019,3
OOF,2019-0586-UKR,2019,3
OOF,2019-0587-TUN,2019,3
OOF,2019-0588-MAR,2019,3
OOF,2019-0589-SDN,2019,3
OOF,2019-0590-RUS,2019,3
OOF,2019-0592-MLI,2019,3
OOF,2019-0593-USA,2019,3
OOF,2019-0595-COL,2019,3
OOF,2019-0596-MEX,2019,3
OOF,2019-0598-NZL,2019,3
OOF,2019-0599-UGA,2019,3
OOF,2019-0600-SOM,2019,3
OOF,2019-0601-MDG,2019,3
OOF,2019-0602-CHL,2019,3
OOF,2019-0603-IND,2019,3
OOF,2019-0604-SVK,2019,3
OOF,2019-0607-ZAF,2019,3
OOF,2019-0609-VEN,2019,3
OOF,2019-0611-CHN,2019,3
OOF,2019-0613-AFG,2019,3
OOF,2019-0614-COD,2019,3
OOF,2019-0615-COD,2019,3
OOF,2019-0617-NGA,2019,3
OOF,2019-0618-PAK,2019,3
OOF,2019-0619-PHL,2019,3
OOF,2019-0620-IDN,2019,3
OOF,2019-0621-FRA,2019,3
OOF,2019-0622-BGD,2019,3
OOF,2019-0623-COD,2019,3
OOF,2019-0623-UGA,2019,3
OOF,2019-0624-USA,2019,3
OOF,2019-0625-UGA,2019,3
OOF,2019-0626-ESP,2019,3
OOF,2019-0626-PRT,2019,3
OOF,2019-0627-GTM,2019,3
OOF,2019-0628-MEX,2019,3
OOF,2019-0629-LKA,2019,3
OOF,2019-0632-IDN,2019,3
OOF,2019-0633-MOZ,2019,3
OOF,2019-0634-PHL,2019,3
OOF,2019-0637-EGY,2019,3
OOF,2019-0638-COD,2019,3
OOF,2019-0639-KAZ,2019,3
OOF,2019-0641-IDN,2019,3
OOF,2019-0642-FJI,2019,3
OOF,2019-0643-RWA,2019,3
OOF,2019-0644-YEM,2019,3
OOF,2019-0645-BDI,2019,3
OOF,2019-0650-BEL,2019,3
OOF,2019-0650-GBR,2019,3
OOF,2019-0653-COL,2019,3
OOF,2019-0654-RWA,2019,3
OOF,2019-0655-BGD,2019,3
OOF,2019-0656-LKA,2019,3
OOF,2019-0657-IDN,2019,3
OOF,2019-0658-ETH,2019,3
OOF,2019-0659-PAK,2019,3
OOF,2019-0660-CAF,2019,3
OOF,2019-0663-BEN,2019,3
OOF,2019-0665-GMB,2019,3
OOF,2019-0666-AGO,2019,3
OOF,2019-0667-SDN,2019,3
OOF,2019-9023-PAK,2019,3
OOF,2019-9666-ARG,2019,3
OOF,2020-0001-ISR,2020,4
OOF,2020-0002-PER,2020,4
OOF,2020-0003-SDN,2020,4
OOF,2020-0005-TUR,2020,4
OOF,2020-0007-PRI,2020,4
OOF,2020-0008-PHL,2020,4
OOF,2020-0009-AFG,2020,4
OOF,2020-0010-PAK,2020,4
OOF,2020-0011-USA,2020,4
OOF,2020-0012-TUR,2020,4
OOF,2020-0013-GRC,2020,4
OOF,2020-0015-FJI,2020,4
OOF,2020-0016-MDG,2020,4
OOF,2020-0017-IRN,2020,4
OOF,2020-0018-IDN,2020,4
OOF,2020-0020-ESP,2020,4
OOF,2020-0022-BRA,2020,4
OOF,2020-0024-IDN,2020,4
OOF,2020-0025-COD,2020,4
OOF,2020-0026-RUS,2020,4
OOF,2020-0027-ETH,2020,4
OOF,2020-0028-DZA,2020,4
OOF,2020-0029-GHA,2020,4
OOF,2020-0033-IDN,2020,4
OOF,2020-0034-TUR,2020,4
OOF,2020-0035-PER,2020,4
OOF,2020-0036-IDN,2020,4
OOF,2020-0037-TZA,2020,4
OOF,2020-0038-IND,2020,4
OOF,2020-0039-NGA,2020,4
OOF,2020-0040-TZA,2020,4
OOF,2020-0041-RWA,2020,4
OOF,2020-0042-KEN,2020,4
OOF,2020-0044-TUR,2020,4
OOF,2020-0045-PSE,2020,4
OOF,2020-0046-MWI,2020,4
OOF,2020-0047-PNG,2020,4
OOF,2020-0048-TUR,2020,4
OOF,2020-0050-ZAF,2020,4
OOF,2020-0051-CHE,2020,4
OOF,2020-0051-CZE,2020,4
OOF,2020-0051-DEU,2020,4
OOF,2020-0051-GBR,2020,4
OOF,2020-0051-ITA,2020,4
OOF,2020-0051-POL,2020,4
OOF,2020-0051-SVN,2020,4
OOF,2020-0051-SWE,2020,4
OOF,2020-0053-AUS,2020,4
OOF,2020-0054-BGD,2020,4
OOF,2020-0055-BDI,2020,4
OOF,2020-0056-BRA,2020,4
OOF,2020-0057-IND,2020,4
OOF,2020-0058-BOL,2020,4
OOF,2020-0059-IDN,2020,4
OOF,2020-0062-MOZ,2020,4
OOF,2020-0063-AFG,2020,4
OOF,2020-0064-GBR,2020,4
OOF,2020-0065-SLV,2020,4
OOF,2020-0066-COD,2020,4
OOF,2020-0067-HTI,2020,4
OOF,2020-0068-IDN,2020,4
OOF,2020-0070-PER,2020,4
OOF,2020-0071-COL,2020,4
OOF,2020-0073-TUR,2020,4
OOF,2020-0074-MAR,2020,4
OOF,2020-0075-HND,2020,4
OOF,2020-0077-BRA,2020,4
OOF,2020-0078-ZAF,2020,4
OOF,2020-0079-BRA,2020,4
OOF,2020-0080-PRY,2020,4
OOF,2020-0081-PAK,2020,4
OOF,2020-0082-USA,2020,4
OOF,2020-0083-BRA,2020,4
OOF,2020-0084-JPN,2020,4
OOF,2020-0086-IDN,2020,4
OOF,2020-0088-VNM,2020,4
OOF,2020-0091-BOL,2020,4
OOF,2020-0092-ARG,2020,4
OOF,2020-0094-PER,2020,4
OOF,2020-0095-PAK,2020,4
OOF,2020-0096-GHA,2020,4
OOF,2020-0097-SYR,2020,4
OOF,2020-0098-RWA,2020,4
OOF,2020-0100-CHN,2020,4
OOF,2020-0101-NGA,2020,4
OOF,2020-0102-EGY,2020,4
OOF,2020-0103-MDG,2020,4
OOF,2020-0104-AGO,2020,4
OOF,2020-0106-HRV,2020,4
OOF,2020-0108-YEM,2020,4
OOF,2020-0109-BDI,2020,4
OOF,2020-0111-PNG,2020,4
OOF,2020-0116-IRQ,2020,4
OOF,2020-0118-IRN,2020,4
OOF,2020-0119-CHN,2020,4
OOF,2020-0120-CHN,2020,4
OOF,2020-0121-IDN,2020,4
OOF,2020-0124-AFG,2020,4
OOF,2020-0125-COG,2020,4
OOF,2020-0131-TLS,2020,4
OOF,2020-0132-FJI,2020,4
OOF,2020-0132-SLB,2020,4
OOF,2020-0132-VUT,2020,4
OOF,2020-0133-PAK,2020,4
OOF,2020-0134-IDN,2020,4
OOF,2020-0137-COL,2020,4
OOF,2020-0142-AFG,2020,4
OOF,2020-0142-IRN,2020,4
OOF,2020-0146-PNG,2020,4
OOF,2020-0148-USA,2020,4
OOF,2020-0149-COD,2020,4
OOF,2020-0150-DJI,2020,4
OOF,2020-0151-IDN,2020,4
OOF,2020-0153-AFG,2020,4
OOF,2020-0156-RWA,2020,4
OOF,2020-0157-UZB,2020,4
OOF,2020-0159-ETH,2020,4
OOF,2020-0159-SOM,2020,4
OOF,2020-0164-KEN,2020,4
OOF,2020-0164-UGA,2020,4
OOF,2020-0165-VNM,2020,4
OOF,2020-0166-TZA,2020,4
OOF,2020-0167-USA,2020,4
OOF,2020-0168-YEM,2020,4
OOF,2020-0170-IND,2020,4
OOF,2020-0171-RWA,2020,4
OOF,2020-0173-AGO,2020,4
OOF,2020-0175-COD,2020,4
OOF,2020-0176-NGA,2020,4
OOF,2020-0178-LBR,2020,4
OOF,2020-0179-KOR,2020,4
OOF,2020-0181-COD,2020,4
OOF,2020-0182-UGA,2020,4
OOF,2020-0183-GTM,2020,4
OOF,2020-0185-IDN,2020,4
OOF,2020-0188-RWA,2020,4
OOF,2020-0189-IND,2020,4
OOF,2020-0191-CAN,2020,4
OOF,2020-0198-IND,2020,4
OOF,2020-0199-THA,2020,4
OOF,2020-0203-PHL,2020,4
OOF,2020-0206-IND,2020,4
OOF,2020-0211-BGD,2020,4
OOF,2020-0211-IND,2020,4
OOF,2020-0211-LKA,2020,4
OOF,2020-0212-USA,2020,4
OOF,2020-0213-UGA,2020,4
OOF,2020-0216-YEM,2020,4
OOF,2020-0217-IND,2020,4
OOF,2020-0218-GTM,2020,4
OOF,2020-0218-HND,2020,4
OOF,2020-0218-SLV,2020,4
OOF,2020-0219-USA,2020,4
OOF,2020-0220-IND,2020,4
OOF,2020-0221-OMN,2020,4
OOF,2020-0222-ETH,2020,4
OOF,2020-0228-GHA,2020,4
OOF,2020-0232-CZE,2020,4
OOF,2020-0233-COD,2020,4
OOF,2020-0234-MOZ,2020,4
OOF,2020-0238-USA,2020,4
OOF,2020-0240-ETH,2020,4
OOF,2020-0241-CHN,2020,4
OOF,2020-0244-CHN,2020,4
OOF,2020-0245-IDN,2020,4
OOF,2020-0249-PAK,2020,4
OOF,2020-0250-IDN,2020,4
OOF,2020-0251-TUR,2020,4
OOF,2020-0253-TUR,2020,4
OOF,2020-0255-CHN,2020,4
OOF,2020-0256-TUN,2020,4
OOF,2020-0257-NGA,2020,4
OOF,2020-0259-CIV,2020,4
OOF,2020-0260-CHN,2020,4
OOF,2020-0269-MMR,2020,4
OOF,2020-0270-BRA,2020,4
OOF,2020-0276-CHN,2020,4
OOF,2020-0281-MEX,2020,4
OOF,2020-0282-CHN,2020,4
OOF,2020-0283-UKR,2020,4
OOF,2020-0284-MNG,2020,4
OOF,2020-0286-ROU,2020,4
OOF,2020-0287-TUR,2020,4
OOF,2020-0290-PAK,2020,4
OOF,2020-0291-BGD,2020,4
OOF,2020-0292-PHL,2020,4
OOF,2020-0296-JPN,2020,4
OOF,2020-0297-NPL,2020,4
OOF,2020-0304-IND,2020,4
OOF,2020-0305-SDN,2020,4
OOF,2020-0307-THA,2020,4
OOF,2020-0307-VNM,2020,4
OOF,2020-0308-KOR,2020,4
OOF,2020-0308-TWN,2020,4
OOF,2020-0311-AFG,2020,4
OOF,2020-0312-DOM,2020,4
OOF,2020-0312-PRI,2020,4
OOF,2020-0312-USA,2020,4
OOF,2020-0313-LBN,2020,4
OOF,2020-0316-MEX,2020,4
OOF,2020-0317-COL,2020,4
OOF,2020-0318-UKR,2020,4
OOF,2020-0320-SOM,2020,4
OOF,2020-0321-NGA,2020,4
OOF,2020-0322-CHN,2020,4
OOF,2020-0323-BGD,2020,4
OOF,2020-0324-MNG,2020,4
OOF,2020-0325-IDN,2020,4
OOF,2020-0327-KOR,2020,4
OOF,2020-0328-VNM,2020,4
OOF,2020-0330-PAN,2020,4
OOF,2020-0331-GRC,2020,4
OOF,2020-0332-IND,2020,4
OOF,2020-0333-KOR,2020,4
OOF,2020-0334-CZE,2020,4
OOF,2020-0335-IND,2020,4
OOF,2020-0336-NER,2020,4
OOF,2020-0337-MRT,2020,4
OOF,2020-0338-MAR,2020,4
OOF,2020-0341-NGA,2020,4
OOF,2020-0342-MLI,2020,4
OOF,2020-0343-VNM,2020,4
OOF,2020-0344-COL,2020,4
OOF,2020-0345-TUR,2020,4
OOF,2020-0346-COL,2020,4
OOF,2020-0349-UKR,2020,4
OOF,2020-0353-MEX,2020,4
OOF,2020-0357-PAK,2020,4
OOF,2020-0363-PRK,2020,4
OOF,2020-0365-ITA,2020,4
OOF,2020-0369-SAU,2020,4
OOF,2020-0370-PHL,2020,4
OOF,2020-0376-DOM,2020,4
OOF,2020-0376-HTI,2020,4
OOF,2020-0376-USA,2020,4
OOF,2020-0377-AFG,2020,4
OOF,2020-0382-TCD,2020,4
OOF,2020-0384-THA,2020,4
OOF,2020-0385-UGA,2020,4
OOF,2020-0387-NER,2020,4
OOF,2020-0388-UGA,2020,4
OOF,2020-0391-NGA,2020,4
OOF,2020-0393-GEO,2020,4
OOF,2020-0394-PER,2020,4
OOF,2020-0395-LBY,2020,4
OOF,2020-0397-SEN,2020,4
OOF,2020-0399-BFA,2020,4
OOF,2020-0399-GHA,2020,4
OOF,2020-0400-JPN,2020,4
OOF,2020-0400-KOR,2020,4
OOF,2020-0403-KOR,2020,4
OOF,2020-0406-ITA,2020,4
OOF,2020-0411-KHM,2020,4
OOF,2020-0411-LAO,2020,4
OOF,2020-0411-THA,2020,4
OOF,2020-0411-VNM,2020,4
OOF,2020-0412-USA,2020,4
OOF,2020-0416-MEX,2020,4
OOF,2020-0418-FRA,2020,4
OOF,2020-0418-ITA,2020,4
OOF,2020-0419-COD,2020,4
OOF,2020-0421-BEN,2020,4
OOF,2020-0425-CHN,2020,4
OOF,2020-0425-VNM,2020,4
OOF,2020-0426-TGO,2020,4
OOF,2020-0427-BOL,2020,4
OOF,2020-0429-IDN,2020,4
OOF,2020-0430-CHN,2020,4
OOF,2020-0431-UKR,2020,4
OOF,2020-0432-LBY,2020,4
OOF,2020-0433-MYT,2020,4
OOF,2020-0434-NGA,2020,4
OOF,2020-0435-IND,2020,4
OOF,2020-0436-MRT,2020,4
OOF,2020-0437-GRC,2020,4
OOF,2020-0438-USA,2020,4
OOF,2020-0439-COD,2020,4
OOF,2020-0440-TUN,2020,4
OOF,2020-0441-USA,2020,4
OOF,2020-0443-PAK,2020,4
OOF,2020-0444-BGD,2020,4
OOF,2020-0446-IND,2020,4
OOF,2020-0447-SYR,2020,4
OOF,2020-0448-COD,2020,4
OOF,2020-0449-THA,2020,4
OOF,2020-0450-TUN,2020,4
OOF,2020-0451-TUR,2020,4
OOF,2020-0452-PHL,2020,4
OOF,2020-0454-SVK,2020,4
OOF,2020-0455-NGA,2020,4
OOF,2020-0457-PAK,2020,4
OOF,2020-0458-TZA,2020,4
OOF,2020-0459-FRA,2020,4
OOF,2020-0461-LKA,2020,4
OOF,2020-0462-THA,2020,4
OOF,2020-0462-VNM,2020,4
OOF,2020-0463-PHL,2020,4
OOF,2020-0464-SLV,2020,4
OOF,2020-0466-GRC,2020,4
OOF,2020-0466-TUR,2020,4
OOF,2020-0467-MRT,2020,4
OOF,2020-0468-SEN,2020,4
OOF,2020-0469-SEN,2020,4
OOF,2020-0470-PHL,2020,4
OOF,2020-0470-VNM,2020,4
OOF,2020-0472-LBY,2020,4
OOF,2020-0473-GHA,2020,4
OOF,2020-0474-GTM,2020,4
OOF,2020-0474-HND,2020,4
OOF,2020-0474-MEX,2020,4
OOF,2020-0474-NIC,2020,4
OOF,2020-0474-PAN,2020,4
OOF,2020-0474-USA,2020,4
OOF,2020-0478-VCT,2020,4
OOF,2020-0482-LCA,2020,4
OOF,2020-0483-USA,2020,4
OOF,2020-0484-MOZ,2020,4
OOF,2020-0486-IDN,2020,4
OOF,2020-0487-SOM,2020,4
OOF,2020-0488-COL,2020,4
OOF,2020-0489-ZAF,2020,4
OOF,2020-0495-COL,2020,4
OOF,2020-0495-GTM,2020,4
OOF,2020-0495-HND,2020,4
OOF,2020-0495-NIC,2020,4
OOF,2020-0495-PAN,2020,4
OOF,2020-0495-SLV,2020,4
OOF,2020-0496-CHN,2020,4
OOF,2020-0497-COD,2020,4
OOF,2020-0498-VEN,2020,4
OOF,2020-0501-PHL,2020,4
OOF,2020-0502-LBY,2020,4
OOF,2020-0506-MEX,2020,4
OOF,2020-0510-NIC,2020,4
OOF,2020-0511-BRA,2020,4
OOF,2020-0513-ROU,2020,4
OOF,2020-0514-NGA,2020,4
OOF,2020-0515-LBY,2020,4
OOF,2020-0516-PAK,2020,4
OOF,2020-0521-ITA,2020,4
OOF,2020-0522-UGA,2020,4
OOF,2020-0524-IND,2020,4
OOF,2020-0525-IND,2020,4
OOF,2020-0527-TJK,2020,4
OOF,2020-0528-NGA,2020,4
OOF,2020-0529-THA,2020,4
OOF,2020-0530-BEL,2020,4
OOF,2020-0530-FRA,2020,4
OOF,2020-0530-GBR,2020,4
OOF,2020-0530-NLD,2020,4
OOF,2020-0531-COD,2020,4
OOF,2020-0532-IDN,2020,4
OOF,2020-0533-ITA,2020,4
OOF,2020-0534-CHN,2020,4
OOF,2020-0535-IRN,2020,4
OOF,2020-0537-BRA,2020,4
OOF,2020-0538-USA,2020,4
OOF,2020-0542-VNM,2020,4
OOF,2020-0544-IDN,2020,4
OOF,2020-0548-LKA,2020,4
OOF,2020-0549-VEN,2020,4
OOF,2020-0553-RUS,2020,4
OOF,2020-0554-FJI,2020,4
OOF,2020-0555-JPN,2020,4
OOF,2020-0558-PHL,2020,4
OOF,2020-0558-VNM,2020,4
OOF,2020-0560-BRA,2020,4
OOF,2020-0561-THA,2020,4
OOF,2020-0566-TUR,2020,4
OOF,2020-0568-PHL,2020,4
OOF,2020-0569-NOR,2020,4
OOF,2020-0570-DZA,2020,4
OOF,2020-0571-PNG,2020,4
OOF,2020-0572-HRV,2020,4
OOF,2020-0573-RUS,2020,4
OOF,2020-0574-IRN,2020,4
OOF,2020-0576-CMR,2020,4
OOF,2020-0577-UGA,2020,4
OOF,2020-0578-TUN,2020,4
OOF,2020-0580-USA,2020,4
OOF,2020-0581-CHN,2020,4
OOF,2020-0583-USA,2020,4
OOF,2020-0596-YEM,2020,4
OOF,2020-0597-TUR,2020,4
OOF,2020-0604-ZMB,2020,4
OOF,2020-0606-CPV,2020,4
OOF,2020-0607-SDN,2020,4
OOF,2020-0608-IRN,2020,4
OOF,2020-9585-USA,2020,4
OOF,2021-0001-BOL,2021,4
OOF,2021-0003-IDN,2021,4
OOF,2021-0005-IDN,2021,4
OOF,2021-0006-PHL,2021,4
OOF,2021-0008-MYS,2021,4
OOF,2021-0010-TZA,2021,4
OOF,2021-0011-USA,2021,4
OOF,2021-0016-ESP,2021,4
OOF,2021-0017-TWN,2021,4
OOF,2021-0018-JPN,2021,4
OOF,2021-0021-THA,2021,4
OOF,2021-0022-PHL,2021,4
OOF,2021-0023-IDN,2021,4
OOF,2021-0027-BOL,2021,4
OOF,2021-0028-MYS,2021,4
OOF,2021-0029-IND,2021,4
OOF,2021-0030-ECU,2021,4
OOF,2021-0031-COG,2021,4
OOF,2021-0032-IDN,2021,4
OOF,2021-0033-IND,2021,4
OOF,2021-0034-IND,2021,4
OOF,2021-0035-BOL,2021,4
OOF,2021-0036-MDG,2021,4
OOF,2021-0036-MOZ,2021,4
OOF,2021-0036-ZAF,2021,4
OOF,2021-0036-ZWE,2021,4
OOF,2021-0037-USA,2021,4
OOF,2021-0039-SYR,2021,4
OOF,2021-0040-BRA,2021,4
OOF,2021-0043-USA,2021,4
OOF,2021-0050-COL,2021,4
OOF,2021-0051-CUB,2021,4
OOF,2021-0052-CMR,2021,4
OOF,2021-0054-BRA,2021,4
OOF,2021-0055-UKR,2021,4
OOF,2021-0056-LBY,2021,4
OOF,2021-0059-USA,2021,4
OOF,2021-0060-UGA,2021,4
OOF,2021-0062-IDN,2021,4
OOF,2021-0067-PRY,2021,4
OOF,2021-0070-FJI,2021,4
OOF,2021-0071-MAR,2021,4
OOF,2021-0072-IND,2021,4
OOF,2021-0075-ZAF,2021,4
OOF,2021-0077-CHE,2021,4
OOF,2021-0079-PHL,2021,4
OOF,2021-0086-IDN,2021,4
OOF,2021-0087-BRA,2021,4
OOF,2021-0088-IDN,2021,4
OOF,2021-0090-MDG,2021,4
OOF,2021-0091-PHL,2021,4
OOF,2021-0092-ECU,2021,4
OOF,2021-0094-PER,2021,4
OOF,2021-0095-IRN,2021,4
OOF,2021-0096-USA,2021,4
OOF,2021-0098-PER,2021,4
OOF,2021-0101-PER,2021,4
OOF,2021-0104-IDN,2021,4
OOF,2021-0105-JPN,2021,4
OOF,2021-0108-PHL,2021,4
OOF,2021-0109-BOL,2021,4
OOF,2021-0110-ITA,2021,4
OOF,2021-0111-EGY,2021,4
OOF,2021-0112-COD,2021,4
OOF,2021-0113-IND,2021,4
OOF,2021-0114-ITA,2021,4
OOF,2021-0115-IND,2021,4
OOF,2021-0117-USA,2021,4
OOF,2021-0120-BFA,2021,4
OOF,2021-0122-MEX,2021,4
OOF,2021-0127-EGY,2021,4
OOF,2021-0128-YEM,2021,4
OOF,2021-0129-ARG,2021,4
OOF,2021-0130-IDN,2021,4
OOF,2021-0131-TUN,2021,4
OOF,2021-0132-DZA,2021,4
OOF,2021-0133-GNQ,2021,4
OOF,2021-0135-TUR,2021,4
OOF,2021-0136-SSD,2021,4
OOF,2021-0137-USA,2021,4
OOF,2021-0138-BOL,2021,4
OOF,2021-0144-AFG,2021,4
OOF,2021-0150-USA,2021,4
OOF,2021-0158-MNG,2021,4
OOF,2021-0164-AGO,2021,4
OOF,2021-0169-AUS,2021,4
OOF,2021-0170-PER,2021,4
OOF,2021-0171-THA,2021,4
OOF,2021-0172-COD,2021,4
OOF,2021-0173-AUS,2021,4
OOF,2021-0173-IDN,2021,4
OOF,2021-0173-TLS,2021,4
OOF,2021-0174-BGD,2021,4
OOF,2021-0175-CHN,2021,4
OOF,2021-0176-TWN,2021,4
OOF,2021-0177-TZA,2021,4
OOF,2021-0178-USA,2021,4
OOF,2021-0179-BGD,2021,4
OOF,2021-0182-COL,2021,4
OOF,2021-0184-HTI,2021,4
OOF,2021-0193-USA,2021,4
OOF,2021-0196-DJI,2021,4
OOF,2021-0197-CHN,2021,4
OOF,2021-0199-USA,2021,4
OOF,2021-0200-IDN,2021,4
OOF,2021-0201-CHN,2021,4
OOF,2021-0202-BRA,2021,4
OOF,2021-0205-PAK,2021,4
OOF,2021-0208-EGY,2021,4
OOF,2021-0211-USA,2021,4
OOF,2021-0217-VNM,2021,4
OOF,2021-0221-NGA,2021,4
OOF,2021-0222-COL,2021,4
OOF,2021-0223-EGY,2021,4
OOF,2021-0224-TUN,2021,4
OOF,2021-0225-IND,2021,4
OOF,2021-0227-KEN,2021,4
OOF,2021-0234-IND,2021,4
OOF,2021-0236-PHL,2021,4
OOF,2021-0237-KHM,2021,4
OOF,2021-0238-AGO,2021,4
OOF,2021-0239-SOM,2021,4
OOF,2021-0240-UGA,2021,4
OOF,2021-0243-GIN,2021,4
OOF,2021-0245-MEX,2021,4
OOF,2021-0246-BGD,2021,4
OOF,2021-0247-IND,2021,4
OOF,2021-0248-CHN,2021,4
OOF,2021-0252-IND,2021,4
OOF,2021-0253-LKA,2021,4
OOF,2021-0255-CHN,2021,4
OOF,2021-0259-IRN,2021,4
OOF,2021-0263-AFG,2021,4
OOF,2021-0266-USA,2021,4
OOF,2021-0267-IDN,2021,4
OOF,2021-0270-YEM,2021,4
OOF,2021-0271-TUN,2021,4
OOF,2021-0272-TJK,2021,4
OOF,2021-0273-USA,2021,4
OOF,2021-0278-SVK,2021,4
OOF,2021-0284-COD,2021,4
OOF,2021-0286-UGA,2021,4
OOF,2021-0289-COD,2021,4
OOF,2021-0290-ITA,2021,4
OOF,2021-0291-GNB,2021,4
OOF,2021-0292-CHN,2021,4
OOF,2021-0293-CHN,2021,4
OOF,2021-0294-RUS,2021,4
OOF,2021-0295-BGD,2021,4
OOF,2021-0295-IND,2021,4
OOF,2021-0296-NGA,2021,4
OOF,2021-0297-USA,2021,4
OOF,2021-0305-USA,2021,4
OOF,2021-0306-PER,2021,4
OOF,2021-0307-CHN,2021,4
OOF,2021-0308-BTN,2021,4
OOF,2021-0308-NPL,2021,4
OOF,2021-0309-ZMB,2021,4
OOF,2021-0310-PAK,2021,4
OOF,2021-0311-MMR,2021,4
OOF,2021-0312-PAK,2021,4
OOF,2021-0313-IND,2021,4
OOF,2021-0315-COD,2021,4
OOF,2021-0316-IND,2021,4
OOF,2021-0317-NZL,2021,4
OOF,2021-0318-FRA,2021,4
OOF,2021-0320-UKR,2021,4
OOF,2021-0325-MEX,2021,4
OOF,2021-0327-VNM,2021,4
OOF,2021-0332-BRA,2021,4
OOF,2021-0334-AUS,2021,4
OOF,2021-0339-PHL,2021,4
OOF,2021-0340-COL,2021,4
OOF,2021-0342-PAK,2021,4
OOF,2021-0343-ETH,2021,4
OOF,2021-0348-GHA,2021,4
OOF,2021-0349-ROU,2021,4
OOF,2021-0351-CZE,2021,4
OOF,2021-0356-CAN,2021,4
OOF,2021-0358-USA,2021,4
OOF,2021-0359-MEX,2021,4
OOF,2021-0364-CHN,2021,4
OOF,2021-0367-CAN,2021,4
OOF,2021-0369-CAN,2021,4
OOF,2021-0370-CYP,2021,4
OOF,2021-0371-PHL,2021,4
OOF,2021-0372-JPN,2021,4
OOF,2021-0373-DOM,2021,4
OOF,2021-0373-LCA,2021,4
OOF,2021-0373-USA,2021,4
OOF,2021-0374-TUN,2021,4
OOF,2021-0381-NPL,2021,4
OOF,2021-0382-TCD,2021,4
OOF,2021-0383-THA,2021,4
OOF,2021-0390-USA,2021,4
OOF,2021-0395-BGD,2021,4
OOF,2021-0397-RUS,2021,4
OOF,2021-0401-TUR,2021,4
OOF,2021-0402-DZA,2021,4
OOF,2021-0403-TJK,2021,4
OOF,2021-0406-CHN,2021,4
OOF,2021-0407-BOL,2021,4
OOF,2021-0408-IRQ,2021,4
OOF,2021-0411-AUT,2021,4
OOF,2021-0411-BEL,2021,4
OOF,2021-0411-DEU,2021,4
OOF,2021-0411-ITA,2021,4
OOF,2021-0412-PAK,2021,4
OOF,2021-0413-KGZ,2021,4
OOF,2021-0413-UZB,2021,4
OOF,2021-0416-GMB,2021,4
OOF,2021-0417-IDN,2021,4
OOF,2021-0418-CIV,2021,4
OOF,2021-0419-IND,2021,4
OOF,2021-0420-LBR,2021,4
OOF,2021-0421-KEN,2021,4
OOF,2021-0422-PAK,2021,4
OOF,2021-0423-OMN,2021,4
OOF,2021-0428-CHN,2021,4
OOF,2021-0429-PAK,2021,4
OOF,2021-0430-IRN,2021,4
OOF,2021-0431-MLI,2021,4
OOF,2021-0432-TJK,2021,4
OOF,2021-0433-USA,2021,4
OOF,2021-0435-IND,2021,4
OOF,2021-0437-HRV,2021,4
OOF,2021-0438-CHN,2021,4
OOF,2021-0439-GRC,2021,4
OOF,2021-0442-USA,2021,4
OOF,2021-0445-PAN,2021,4
OOF,2021-0446-CRI,2021,4
OOF,2021-0448-LBY,2021,4
OOF,2021-0449-YEM,2021,4
OOF,2021-0452-IND,2021,4
OOF,2021-0453-AFG,2021,4
OOF,2021-0454-TUR,2021,4
OOF,2021-0455-BGD,2021,4
OOF,2021-0456-PAK,2021,4
OOF,2021-0458-IND,2021,4
OOF,2021-0459-GRC,2021,4
OOF,2021-0461-NER,2021,4
OOF,2021-0466-COD,2021,4
OOF,2021-0467-COD,2021,4
OOF,2021-0473-SDN,2021,4
OOF,2021-0476-CMR,2021,4
OOF,2021-0477-CMR,2021,4
OOF,2021-0478-USA,2021,4
OOF,2021-0480-DZA,2021,4
OOF,2021-0481-SSD,2021,4
OOF,2021-0487-USA,2021,4
OOF,2021-0488-USA,2021,4
OOF,2021-0494-TUR,2021,4
OOF,2021-0498-CHN,2021,4
OOF,2021-0500-IND,2021,4
OOF,2021-0501-TUR,2021,4
OOF,2021-0506-MKD,2021,4
OOF,2021-0507-CHN,2021,4
OOF,2021-0508-JPN,2021,4
OOF,2021-0511-HTI,2021,4
OOF,2021-0514-NGA,2021,4
OOF,2021-0515-LBN,2021,4
OOF,2021-0517-BGD,2021,4
OOF,2021-0518-GIN,2021,4
OOF,2021-0524-MYS,2021,4
OOF,2021-0527-MRT,2021,4
OOF,2021-0528-MEX,2021,4
OOF,2021-0530-IDN,2021,4
OOF,2021-0532-USA,2021,4
OOF,2021-0533-USA,2021,4
OOF,2021-0536-NGA,2021,4
OOF,2021-0538-VEN,2021,4
OOF,2021-0542-RUS,2021,4
OOF,2021-0545-LBY,2021,4
OOF,2021-0551-USA,2021,4
OOF,2021-0552-MEX,2021,4
OOF,2021-0553-PER,2021,4
OOF,2021-0554-PER,2021,4
OOF,2021-0555-BGD,2021,4
OOF,2021-0561-ESP,2021,4
OOF,2021-0562-USA,2021,4
OOF,2021-0566-USA,2021,4
OOF,2021-0579-IRN,2021,4
OOF,2021-0580-COD,2021,4
OOF,2021-0581-EGY,2021,4
OOF,2021-0585-IND,2021,4
OOF,2021-0587-CHN,2021,4
OOF,2021-0588-GTM,2021,4
OOF,2021-0589-NGA,2021,4
OOF,2021-0590-SLV,2021,4
OOF,2021-0591-MYS,2021,4
OOF,2021-0595-PHL,2021,4
OOF,2021-0595-VNM,2021,4
OOF,2021-0596-PAK,2021,4
OOF,2021-0599-COD,2021,4
OOF,2021-0600-MEX,2021,4
OOF,2021-0602-MEX,2021,4
OOF,2021-0605-NPL,2021,4
OOF,2021-0607-MEX,2021,4
OOF,2021-0610-GHA,2021,4
OOF,2021-0612-THA,2021,4
OOF,2021-0613-SPI,2021,4
OOF,2021-0616-GIN,2021,4
OOF,2021-0617-NER,2021,4
OOF,2021-0618-MKD,2021,4
OOF,2021-0619-IND,2021,4
OOF,2021-0620-BOL,2021,4
OOF,2021-0621-IDN,2021,4
OOF,2021-0622-CHN,2021,4
OOF,2021-0623-DZA,2021,4
OOF,2021-0627-GRC,2021,4
OOF,2021-0630-IND,2021,4
OOF,2021-0632-VNM,2021,4
OOF,2021-0637-UGA,2021,4
OOF,2021-0638-COL,2021,4
OOF,2021-0645-IND,2021,4
OOF,2021-0645-IRN,2021,4
OOF,2021-0645-OMN,2021,4
OOF,2021-0647-MEX,2021,4
OOF,2021-0654-PAK,2021,4
OOF,2021-0655-CHN,2021,4
OOF,2021-0663-LBY,2021,4
OOF,2021-0664-HKG,2021,4
OOF,2021-0664-PHL,2021,4
OOF,2021-0665-RUS,2021,4
OOF,2021-0666-COD,2021,4
OOF,2021-0669-CHN,2021,4
OOF,2021-0670-HKG,2021,4
OOF,2021-0670-PHL,2021,4
OOF,2021-0673-TWN,2021,4
OOF,2021-0676-TUN,2021,4
OOF,2021-0677-IND,2021,4
OOF,2021-0678-ESP,2021,4
OOF,2021-0681-IND,2021,4
OOF,2021-0681-NPL,2021,4
OOF,2021-0684-EGY,2021,4
OOF,2021-0685-COD,2021,4
OOF,2021-0687-DEU,2021,4
OOF,2021-0687-GBR,2021,4
OOF,2021-0687-POL,2021,4
OOF,2021-0688-RUS,2021,4
OOF,2021-0693-COL,2021,4
OOF,2021-0698-VNM,2021,4
OOF,2021-0700-DZA,2021,4
OOF,2021-0700-TUN,2021,4
OOF,2021-0701-BEN,2021,4
OOF,2021-0703-NGA,2021,4
OOF,2021-0705-IRQ,2021,4
OOF,2021-0711-COL,2021,4
OOF,2021-0712-PER,2021,4
OOF,2021-0713-PAK,2021,4
OOF,2021-0714-LKA,2021,4
OOF,2021-0719-IDN,2021,4
OOF,2021-0720-IDN,2021,4
OOF,2021-0722-IND,2021,4
OOF,2021-0722-LKA,2021,4
OOF,2021-0726-IND,2021,4
OOF,2021-0727-SLE,2021,4
OOF,2021-0728-MEX,2021,4
OOF,2021-0729-USA,2021,4
OOF,2021-0730-NER,2021,4
OOF,2021-0731-NER,2021,4
OOF,2021-0732-CHN,2021,4
OOF,2021-0733-USA,2021,4
OOF,2021-0737-EGY,2021,4
OOF,2021-0738-IRN,2021,4
OOF,2021-0741-CAN,2021,4
OOF,2021-0741-USA,2021,4
OOF,2021-0742-COD,2021,4
OOF,2021-0747-BOL,2021,4
OOF,2021-0748-IND,2021,4
OOF,2021-0753-BGR,2021,4
OOF,2021-0754-AZE,2021,4
OOF,2021-0755-PER,2021,4
OOF,2021-0756-FRA,2021,4
OOF,2021-0759-MEX,2021,4
OOF,2021-0760-RUS,2021,4
OOF,2021-0761-FRA,2021,4
OOF,2021-0763-VNM,2021,4
OOF,2021-0766-ESP,2021,4
OOF,2021-0776-IDN,2021,4
OOF,2021-0777-IND,2021,4
OOF,2021-0780-NGA,2021,4
OOF,2021-0781-KEN,2021,4
OOF,2021-0782-CMR,2021,4
OOF,2021-0783-BDI,2021,4
OOF,2021-0788-IDN,2021,4
OOF,2021-0790-BRA,2021,4
OOF,2021-0797-USA,2021,4
OOF,2021-0799-MEX,2021,4
OOF,2021-0800-HTI,2021,4
OOF,2021-0807-AUS,2021,4
OOF,2021-0808-MYS,2021,4
OOF,2021-0809-MWI,2021,4
OOF,2021-0810-COG,2021,4
OOF,2021-0811-ZAF,2021,4
OOF,2021-0813-PHL,2021,4
OOF,2021-0813-VNM,2021,4
OOF,2021-0815-USA,2021,4
OOF,2021-0818-IRQ,2021,4
OOF,2021-0819-JPN,2021,4
OOF,2021-0820-PAK,2021,4
OOF,2021-0821-MYS,2021,4
OOF,2021-0822-MDG,2021,4
OOF,2021-0832-USA,2021,4
OOF,2021-0834-BOL,2021,4
OOF,2021-0835-IDN,2021,4
OOF,2021-0838-BGD,2021,4
OOF,2021-0839-GRC,2021,4
OOF,2021-0841-IRN,2021,4
OOF,2021-0842-LBY,2021,4
OOF,2021-0845-STP,2021,4
OOF,2021-0846-PAK,2021,4
OOF,2021-0848-SDN,2021,4
OOF,2021-0849-IRQ,2021,4
OOF,2021-0850-ISR,2021,4
Test,2022-0001-CHN,2022,0
Test,2022-0002-IRN,2022,0
Test,2022-0003-IND,2022,0
Test,2022-0005-TZA,2022,0
Test,2022-0007-USA,2022,0
Test,2022-0009-ZAF,2022,0
Test,2022-0011-IDN,2022,0
Test,2022-0013-FJI,2022,0
Test,2022-0014-PAK,2022,0
Test,2022-0017-ZAF,2022,0
Test,2022-0018-TZA,2022,0
Test,2022-0019-EGY,2022,0
Test,2022-0020-BRA,2022,0
Test,2022-0021-EGY,2022,0
Test,2022-0024-USA,2022,0
Test,2022-0025-CHN,2022,0
Test,2022-0026-PER,2022,0
Test,2022-0026-TON,2022,0
Test,2022-0027-AFG,2022,0
Test,2022-0028-MAR,2022,0
Test,2022-0030-PHL,2022,0
Test,2022-0032-MDG,2022,0
Test,2022-0034-SYR,2022,0
Test,2022-0035-ZAF,2022,0
Test,2022-0043-ZMB,2022,0
Test,2022-0046-AUS,2022,0
Test,2022-0049-CMR,2022,0
Test,2022-0050-GHA,2022,0
Test,2022-0052-MDG,2022,0
Test,2022-0052-MOZ,2022,0
Test,2022-0052-MWI,2022,0
Test,2022-0053-UGA,2022,0
Test,2022-0055-RWA,2022,0
Test,2022-0057-HTI,2022,0
Test,2022-0058-PER,2022,0
Test,2022-0059-USA,2022,0
Test,2022-0060-AFG,2022,0
Test,2022-0061-MDG,2022,0
Test,2022-0061-MUS,2022,0
Test,2022-0062-IDN,2022,0
Test,2022-0063-ARG,2022,0
Test,2022-0064-BOL,2022,0
Test,2022-0065-BRA,2022,0
Test,2022-0066-COD,2022,0
Test,2022-0068-ECU,2022,0
Test,2022-0069-HTI,2022,0
Test,2022-0071-MEX,2022,0
Test,2022-0072-SPI,2022,0
Test,2022-0073-COL,2022,0
Test,2022-0077-ZAF,2022,0
Test,2022-0080-USA,2022,0
Test,2022-0081-CZE,2022,0
Test,2022-0081-DEU,2022,0
Test,2022-0081-DNK,2022,0
Test,2022-0081-GBR,2022,0
Test,2022-0081-POL,2022,0
Test,2022-0087-IDN,2022,0
Test,2022-0089-BRA,2022,0
Test,2022-0092-GTM,2022,0
Test,2022-0093-CAN,2022,0
Test,2022-0094-IND,2022,0
Test,2022-0096-PSE,2022,0
Test,2022-0097-DEU,2022,0
Test,2022-0097-GBR,2022,0
Test,2022-0097-POL,2022,0
Test,2022-0099-MDG,2022,0
Test,2022-0099-MOZ,2022,0
Test,2022-0101-MDG,2022,0
Test,2022-0102-BOL,2022,0
Test,2022-0103-AUS,2022,0
Test,2022-0108-ZAF,2022,0
Test,2022-0109-COL,2022,0
Test,2022-0111-GRC,2022,0
Test,2022-0112-BEL,2022,0
Test,2022-0112-DEU,2022,0
Test,2022-0112-GBR,2022,0
Test,2022-0112-IRL,2022,0
Test,2022-0112-NLD,2022,0
Test,2022-0112-POL,2022,0
Test,2022-0113-BFA,2022,0
Test,2022-0115-IDN,2022,0
Test,2022-0116-VNM,2022,0
Test,2022-0117-COM,2022,0
Test,2022-0118-MYS,2022,0
Test,2022-0119-MYS,2022,0
Test,2022-0119-THA,2022,0
Test,2022-0120-IDN,2022,0
Test,2022-0121-COL,2022,0
Test,2022-0126-USA,2022,0
Test,2022-0127-GIN,2022,0
Test,2022-0130-HTI,2022,0
Test,2022-0136-IDN,2022,0
Test,2022-0137-MDG,2022,0
Test,2022-0137-MOZ,2022,0
Test,2022-0137-MWI,2022,0
Test,2022-0149-BRA,2022,0
Test,2022-0153-JPN,2022,0
Test,2022-0157-USA,2022,0
Test,2022-0158-CHN,2022,0
Test,2022-0160-TZA,2022,0
Test,2022-0161-IDN,2022,0
Test,2022-0162-BGD,2022,0
Test,2022-0163-PER,2022,0
Test,2022-0164-COD,2022,0
Test,2022-0165-MMR,2022,0
Test,2022-0166-SYR,2022,0
Test,2022-0177-ECU,2022,0
Test,2022-0178-ECU,2022,0
Test,2022-0183-AUS,2022,0
Test,2022-0185-USA,2022,0
Test,2022-0190-BRA,2022,0
Test,2022-0192-COL,2022,0
Test,2022-0193-USA,2022,0
Test,2022-0194-TUN,2022,0
Test,2022-0195-PHL,2022,0
Test,2022-0200-COL,2022,0
Test,2022-0201-TLS,2022,0
Test,2022-0204-PHL,2022,0
Test,2022-0205-ZAF,2022,0
Test,2022-0206-TUN,2022,0
Test,2022-0208-EGY,2022,0
Test,2022-0210-NGA,2022,0
Test,2022-0212-USA,2022,0
Test,2022-0215-USA,2022,0
Test,2022-0216-ZWE,2022,0
Test,2022-0217-IRQ,2022,0
Test,2022-0218-LBY,2022,0
Test,2022-0219-IND,2022,0
Test,2022-0224-POL,2022,0
Test,2022-0229-COL,2022,0
Test,2022-0230-UZB,2022,0
Test,2022-0231-BIH,2022,0
Test,2022-0232-COD,2022,0
Test,2022-0232-RWA,2022,0
Test,2022-0233-COL,2022,0
Test,2022-0234-RUS,2022,0
Test,2022-0235-POL,2022,0
Test,2022-0236-TUN,2022,0
Test,2022-0237-NGA,2022,0
Test,2022-0238-JPN,2022,0
Test,2022-0239-MDG,2022,0
Test,2022-0242-IND,2022,0
Test,2022-0248-IND,2022,0
Test,2022-0250-VEN,2022,0
Test,2022-0255-COD,2022,0
Test,2022-0257-NGA,2022,0
Test,2022-0258-TZA,2022,0
Test,2022-0259-IRQ,2022,0
Test,2022-0261-USA,2022,0
Test,2022-0262-ECU,2022,0
Test,2022-0263-COD,2022,0
Test,2022-0264-AFG,2022,0
Test,2022-0265-BRA,2022,0
Test,2022-0269-CHN,2022,0
Test,2022-0270-UKR,2022,0
Test,2022-0271-THA,2022,0
Test,2022-0273-CUB,2022,0
Test,2022-0274-GHA,2022,0
Test,2022-0275-RUS,2022,0
Test,2022-0282-LBR,2022,0
Test,2022-0283-CMR,2022,0
Test,2022-0284-USA,2022,0
Test,2022-0288-PRI,2022,0
Test,2022-0291-IND,2022,0
Test,2022-0292-VNM,2022,0
Test,2022-0293-IND,2022,0
Test,2022-0309-IRN,2022,0
Test,2022-0310-SEN,2022,0
Test,2022-0311-MMR,2022,0
Test,2022-0314-PHL,2022,0
Test,2022-0316-CHN,2022,0
Test,2022-0317-GTM,2022,0
Test,2022-0318-BRA,2022,0
Test,2022-0319-TZA,2022,0
Test,2022-0320-VNM,2022,0
Test,2022-0323-PAK,2022,0
Test,2022-0325-CAN,2022,0
Test,2022-0325-USA,2022,0
Test,2022-0329-NGA,2022,0
Test,2022-0330-NPL,2022,0
Test,2022-0331-IDN,2022,0
Test,2022-0333-MEX,2022,0
Test,2022-0334-CHN,2022,0
Test,2022-0336-LKA,2022,0
Test,2022-0338-CMR,2022,0
Test,2022-0340-BGD,2022,0
Test,2022-0342-AFG,2022,0
Test,2022-0342-PAK,2022,0
Test,2022-0343-RUS,2022,0
Test,2022-0347-CIV,2022,0
Test,2022-0353-NPL,2022,0
Test,2022-0358-TUR,2022,0
Test,2022-0366-CUB,2022,0
Test,2022-0367-CUB,2022,0
Test,2022-0372-BGD,2022,0
Test,2022-0373-FRA,2022,0
Test,2022-0381-USA,2022,0
Test,2022-0382-LBY,2022,0
Test,2022-0383-JOR,2022,0
Test,2022-0384-SEN,2022,0
Test,2022-0385-TGO,2022,0
Test,2022-0388-COL,2022,0
Test,2022-0389-COL,2022,0
Test,2022-0391-IND,2022,0
Test,2022-0392-PAK,2022,0
Test,2022-0393-IRN,2022,0
Test,2022-0395-IND,2022,0
Test,2022-0396-AUS,2022,0
Test,2022-0397-CHN,2022,0
Test,2022-0400-NIC,2022,0
Test,2022-0400-SLV,2022,0
Test,2022-0401-ITA,2022,0
Test,2022-0402-IRN,2022,0
Test,2022-0405-PAK,2022,0
Test,2022-0406-ECU,2022,0
Test,2022-0408-MYS,2022,0
Test,2022-0409-BRA,2022,0
Test,2022-0417-PRT,2022,0
Test,2022-0418-IDN,2022,0
Test,2022-0423-JPN,2022,0
Test,2022-0423-KOR,2022,0
Test,2022-0428-CHN,2022,0
Test,2022-0432-EGY,2022,0
Test,2022-0434-MEX,2022,0
Test,2022-0435-PAK,2022,0
Test,2022-0437-NGA,2022,0
Test,2022-0442-AFG,2022,0
Test,2022-0445-SDN,2022,0
Test,2022-0446-NER,2022,0
Test,2022-0448-PHL,2022,0
Test,2022-0449-CAF,2022,0
Test,2022-0453-AFG,2022,0
Test,2022-0456-YEM,2022,0
Test,2022-0460-KEN,2022,0
Test,2022-0461-NGA,2022,0
Test,2022-0462-BHS,2022,0
Test,2022-0463-CHN,2022,0
Test,2022-0464-NGA,2022,0
Test,2022-0465-ALB,2022,0
Test,2022-0465-AUT,2022,0
Test,2022-0465-BEL,2022,0
Test,2022-0465-BGR,2022,0
Test,2022-0465-CHE,2022,0
Test,2022-0465-CYP,2022,0
Test,2022-0465-CZE,2022,0
Test,2022-0465-DEU,2022,0
Test,2022-0465-DNK,2022,0
Test,2022-0465-ESP,2022,0
Test,2022-0465-EST,2022,0
Test,2022-0465-FIN,2022,0
Test,2022-0465-FRA,2022,0
Test,2022-0465-GBR,2022,0
Test,2022-0465-GRC,2022,0
Test,2022-0465-HRV,2022,0
Test,2022-0465-HUN,2022,0
Test,2022-0465-IRL,2022,0
Test,2022-0465-ITA,2022,0
Test,2022-0465-LTU,2022,0
Test,2022-0465-LUX,2022,0
Test,2022-0465-LVA,2022,0
Test,2022-0465-MLT,2022,0
Test,2022-0465-MNE,2022,0
Test,2022-0465-NLD,2022,0
Test,2022-0465-NOR,2022,0
Test,2022-0465-POL,2022,0
Test,2022-0465-PRT,2022,0
Test,2022-0465-ROU,2022,0
Test,2022-0465-SRB,2022,0
Test,2022-0465-SVK,2022,0
Test,2022-0465-SVN,2022,0
Test,2022-0465-SWE,2022,0
Test,2022-0473-RUS,2022,0
Test,2022-0474-THA,2022,0
Test,2022-0476-IRN,2022,0
Test,2022-0480-USA,2022,0
Test,2022-0481-UGA,2022,0
Test,2022-0483-CIV,2022,0
Test,2022-0485-PER,2022,0
Test,2022-0486-USA,2022,0
Test,2022-0488-NPL,2022,0
Test,2022-0490-LKA,2022,0
Test,2022-0492-GMB,2022,0
Test,2022-0493-NPL,2022,0
Test,2022-0496-JPN,2022,0
Test,2022-0500-KOR,2022,0
Test,2022-0501-YEM,2022,0
Test,2022-0505-CUB,2022,0
Test,2022-0507-BIH,2022,0
Test,2022-0508-THA,2022,0
Test,2022-0509-TCD,2022,0
Test,2022-0510-MEX,2022,0
Test,2022-0514-AFG,2022,0
Test,2022-0515-LAO,2022,0
Test,2022-0515-VNM,2022,0
Test,2022-0520-DZA,2022,0
Test,2022-0523-AFG,2022,0
Test,2022-0525-AUT,2022,0
Test,2022-0525-FRA,2022,0
Test,2022-0525-ITA,2022,0
Test,2022-0530-CHN,2022,0
Test,2022-0533-CMR,2022,0
Test,2022-0534-EGY,2022,0
Test,2022-0535-PAK,2022,0
Test,2022-0536-VEN,2022,0
Test,2022-0537-ARM,2022,0
Test,2022-0539-IND,2022,0
Test,2022-0540-TUR,2022,0
Test,2022-0541-TUR,2022,0
Test,2022-0543-RUS,2022,0
Test,2022-0546-MRT,2022,0
Test,2022-0553-MWI,2022,0
Test,2022-0560-SLE,2022,0
Test,2022-0563-IDN,2022,0
Test,2022-0564-LBY,2022,0
Test,2022-0565-IRN,2022,0
Test,2022-0567-CHN,2022,0
Test,2022-0569-ZWE,2022,0
Test,2022-0572-MEX,2022,0
Test,2022-0577-KOR,2022,0
Test,2022-0579-MEX,2022,0
Test,2022-0581-VNM,2022,0
Test,2022-0582-UGA,2022,0
Test,2022-0586-TUN,2022,0
Test,2022-0587-BRA,2022,0
Test,2022-0590-NPL,2022,0
Test,2022-0592-PNG,2022,0
Test,2022-0594-LBN,2022,0
Test,2022-0594-SYR,2022,0
Test,2022-0599-TUN,2022,0
Test,2022-0600-NGA,2022,0
Test,2022-0602-IRQ,2022,0
Test,2022-0603-CAN,2022,0
Test,2022-0603-DOM,2022,0
Test,2022-0603-GLP,2022,0
Test,2022-0603-PRI,2022,0
Test,2022-0604-JPN,2022,0
Test,2022-0609-ITA,2022,0
Test,2022-0611-TWN,2022,0
Test,2022-0613-KHM,2022,0
Test,2022-0613-PHL,2022,0
Test,2022-0613-THA,2022,0
Test,2022-0613-VNM,2022,0
Test,2022-0614-CUB,2022,0
Test,2022-0614-USA,2022,0
Test,2022-0615-VEN,2022,0
Test,2022-0617-VNM,2022,0
Test,2022-0619-IDN,2022,0
Test,2022-0621-IND,2022,0
Test,2022-0622-MEX,2022,0
Test,2022-0623-MEX,2022,0
Test,2022-0625-KHM,2022,0
Test,2022-0626-SYR,2022,0
Test,2022-0627-JPN,2022,0
Test,2022-0628-IND,2022,0
Test,2022-0629-GTM,2022,0
Test,2022-0630-GRC,2022,0
Test,2022-0631-BGD,2022,0
Test,2022-0632-CHN,2022,0
Test,2022-0633-COG,2022,0
Test,2022-0635-THA,2022,0
Test,2022-0641-NGA,2022,0
Test,2022-0642-IDN,2022,0
Test,2022-0643-HTI,2022,0
Test,2022-0647-GTM,2022,0
Test,2022-0647-HND,2022,0
Test,2022-0647-NIC,2022,0
Test,2022-0647-SLV,2022,0
Test,2022-0648-VEN,2022,0
Test,2022-0652-UGA,2022,0
Test,2022-0654-MLI,2022,0
Test,2022-0655-HND,2022,0
Test,2022-0666-KHM,2022,0
Test,2022-0667-VNM,2022,0
Test,2022-0669-ETH,2022,0
Test,2022-0670-KHM,2022,0
Test,2022-0671-TUR,2022,0
Test,2022-0672-COL,2022,0
Test,2022-0674-NGA,2022,0
Test,2022-0675-MEX,2022,0
Test,2022-0676-VNM,2022,0
Test,2022-0677-LKA,2022,0
Test,2022-0679-AUS,2022,0
Test,2022-0682-VEN,2022,0
Test,2022-0683-RUS,2022,0
Test,2022-0685-PHL,2022,0
Test,2022-0694-IDN,2022,0
Test,2022-0695-BGD,2022,0
Test,2022-0696-BEN,2022,0
Test,2022-0698-MEX,2022,0
Test,2022-0699-COL,2022,0
Test,2022-0700-IDN,2022,0
Test,2022-0701-UGA,2022,0
Test,2022-0702-NGA,2022,0
Test,2022-0707-PHL,2022,0
Test,2022-0709-IND,2022,0
Test,2022-0710-KOR,2022,0
Test,2022-0711-COD,2022,0
Test,2022-0712-VEN,2022,0
Test,2022-0721-VEN,2022,0
Test,2022-0725-TZA,2022,0
Test,2022-0726-GIN,2022,0
Test,2022-0731-NPL,2022,0
Test,2022-0733-MDV,2022,0
Test,2022-0734-USA,2022,0
Test,2022-0735-USA,2022,0
Test,2022-0736-IDN,2022,0
Test,2022-0739-DZA,2022,0
Test,2022-0740-EGY,2022,0
Test,2022-0743-COL,2022,0
Test,2022-0746-COD,2022,0
Test,2022-0751-PSE,2022,0
Test,2022-0752-PAK,2022,0
Test,2022-0753-IRQ,2022,0
Test,2022-0755-IDN,2022,0
Test,2022-0761-EGY,2022,0
Test,2022-0762-CHN,2022,0
Test,2022-0765-TUR,2022,0
Test,2022-0770-COD,2022,0
Test,2022-0770-RWA,2022,0
Test,2022-0774-CMR,2022,0
Test,2022-0775-ITA,2022,0
Test,2022-0776-CHN,2022,0
Test,2022-0777-MAR,2022,0
Test,2022-0779-NGA,2022,0
Test,2022-0780-NGA,2022,0
Test,2022-0782-IDN,2022,0
Test,2022-0783-BRA,2022,0
Test,2022-0785-LKA,2022,0
Test,2022-0788-ZAF,2022,0
Test,2022-0789-COL,2022,0
Test,2022-0793-BRA,2022,0
Test,2022-0795-VNM,2022,0
Test,2022-0797-UKR,2022,0
Test,2022-0798-LKA,2022,0
Test,2022-0801-CMR,2022,0
Test,2022-0803-IDN,2022,0
Test,2022-0804-FRA,2022,0
Test,2022-0805-COD,2022,0
Test,2022-0806-AFG,2022,0
Test,2022-0807-THA,2022,0
Test,2022-0808-USA,2022,0
Test,2022-0809-MYS,2022,0
Test,2022-0810-MYS,2022,0
Test,2022-0810-THA,2022,0
Test,2022-0811-USA,2022,0
Test,2022-0815-BRA,2022,0
Test,2022-0818-CAN,2022,0
Test,2022-0818-USA,2022,0
Test,2022-0819-JPN,2022,0
Test,2022-0823-CHL,2022,0
Test,2022-0825-BIH,2022,0
Test,2022-0828-CHL,2022,0
Test,2022-0829-IND,2022,0
Test,2022-0830-COD,2022,0
Test,2022-0831-RUS,2022,0
Test,2022-0832-PHL,2022,0
Test,2022-0833-ZAF,2022,0
Test,2022-0835-KHM,2022,0
Test,2022-0836-COD,2022,0
Test,2022-0837-BOL,2022,0
Test,2022-0838-MEX,2022,0
Test,2022-0839-MAR,2022,0
Test,2022-0843-MWI,2022,0
Test,2022-0847-IDN,2022,0
Test,2022-0857-UGA,2022,0
Test,2022-0858-KEN,2022,0
Test,2022-0861-MOZ,2022,0
Test,2022-0863-USA,2022,0
Test,2022-0964-TZA,2022,0
Test,2022-9209-USA,2022,0
Test,2022-9436-UGA,2022,0
Test,2023-0002-PHL,2023,0
Test,2023-0003-NGA,2023,0
Test,2023-0006-IDN,2023,0
Test,2023-0011-ARM,2023,0
Test,2023-0013-UKR,2023,0
Test,2023-0014-SEN,2023,0
Test,2023-0015-CHN,2023,0
Test,2023-0016-KEN,2023,0
Test,2023-0017-UGA,2023,0
Test,2023-0018-UGA,2023,0
Test,2023-0019-AFG,2023,0
Test,2023-0020-MDG,2023,0
Test,2023-0021-CHN,2023,0
Test,2023-0022-SRB,2023,0
Test,2023-0028-BRA,2023,0
Test,2023-0032-USA,2023,0
Test,2023-0034-SYR,2023,0
Test,2023-0035-THA,2023,0
Test,2023-0037-DZA,2023,0
Test,2023-0039-NPL,2023,0
Test,2023-0043-MOZ,2023,0
Test,2023-0046-NZL,2023,0
Test,2023-0047-IRN,2023,0
Test,2023-0050-CHL,2023,0
Test,2023-0052-CAN,2023,0
Test,2023-0052-USA,2023,0
Test,2023-0054-SYR,2023,0
Test,2023-0054-TUR,2023,0
Test,2023-0055-BOL,2023,0
Test,2023-0057-PAK,2023,0
Test,2023-0058-BEN,2023,0
Test,2023-0059-CUB,2023,0
Test,2023-0060-PER,2023,0
Test,2023-0061-PAK,2023,0
Test,2023-0062-TCD,2023,0
Test,2023-0063-JPN,2023,0
Test,2023-0064-IND,2023,0
Test,2023-0065-CHN,2023,0
Test,2023-0066-PER,2023,0
Test,2023-0068-ZMB,2023,0
Test,2023-0073-IDN,2023,0
Test,2023-0074-BFA,2023,0
Test,2023-0075-AUT,2023,0
Test,2023-0075-CHE,2023,0
Test,2023-0075-ITA,2023,0
Test,2023-0078-MOZ,2023,0
Test,2023-0079-NZL,2023,0
Test,2023-0080-ZAF,2023,0
Test,2023-0081-ZAF,2023,0
Test,2023-0084-PAN,2023,0
Test,2023-0087-GNQ,2023,0
Test,2023-0091-TUR,2023,0
Test,2023-0092-BRA,2023,0
Test,2023-0094-PHL,2023,0
Test,2023-0095-MDG,2023,0
Test,2023-0095-MOZ,2023,0
Test,2023-0095-MUS,2023,0
Test,2023-0095-MWI,2023,0
Test,2023-0095-ZWE,2023,0
Test,2023-0097-CHN,2023,0
Test,2023-0102-PHL,2023,0
Test,2023-0105-ITA,2023,0
Test,2023-0106-DZA,2023,0
Test,2023-0107-TUR,2023,0
Test,2023-0112-NGA,2023,0
Test,2023-0113-GRC,2023,0
Test,2023-0120-MYS,2023,0
Test,2023-0122-USA,2023,0
Test,2023-0123-IDN,2023,0
Test,2023-0126-ECU,2023,0
Test,2023-0127-IDN,2023,0
Test,2023-0131-PER,2023,0
Test,2023-0133-IDN,2023,0
Test,2023-0135-USA,2023,0
Test,2023-0137-PER,2023,0
Test,2023-0140-SSD,2023,0
Test,2023-0141-TUR,2023,0
Test,2023-0145-COL,2023,0
Test,2023-0146-IRN,2023,0
Test,2023-0147-ITA,2023,0
Test,2023-0148-MDG,2023,0
Test,2023-0149-GAB,2023,0
Test,2023-0150-TUN,2023,0
Test,2023-0152-BGD,2023,0
Test,2023-0154-BGD,2023,0
Test,2023-0155-ECU,2023,0
Test,2023-0155-PER,2023,0
Test,2023-0156-AFG,2023,0
Test,2023-0156-PAK,2023,0
Test,2023-0157-BRA,2023,0
Test,2023-0159-PAK,2023,0
Test,2023-0161-IND,2023,0
Test,2023-0166-NGA,2023,0
Test,2023-0172-SOM,2023,0
Test,2023-0173-PAK,2023,0
Test,2023-0175-BOL,2023,0
Test,2023-0176-USA,2023,0
Test,2023-0177-ECU,2023,0
Test,2023-0180-ZAF,2023,0
Test,2023-0182-MEX,2023,0
Test,2023-0184-SAU,2023,0
Test,2023-0185-TUN,2023,0
Test,2023-0186-NGA,2023,0
Test,2023-0187-ETH,2023,0
Test,2023-0187-KEN,2023,0
Test,2023-0188-PHL,2023,0
Test,2023-0189-PNG,2023,0
Test,2023-0190-PAK,2023,0
Test,2023-0192-USA,2023,0
Test,2023-0193-COD,2023,0
Test,2023-0195-IND,2023,0
Test,2023-0196-MAR,2023,0
Test,2023-0200-COL,2023,0
Test,2023-0201-SOM,2023,0
Test,2023-0203-BRA,2023,0
Test,2023-0204-BRA,2023,0
Test,2023-0206-USA,2023,0
Test,2023-0208-PAK,2023,0
Test,2023-0215-KOR,2023,0
Test,2023-0217-TUN,2023,0
Test,2023-0218-MAR,2023,0
Test,2023-0219-ITA,2023,0
Test,2023-0221-PER,2023,0
Test,2023-0222-BDI,2023,0
Test,2023-0226-TZA,2023,0
Test,2023-0227-IDN,2023,0
Test,2023-0229-IRN,2023,0
Test,2023-0229-IRQ,2023,0
Test,2023-0230-CHN,2023,0
Test,2023-0234-IND,2023,0
Test,2023-0235-ARE,2023,0
Test,2023-0238-PER,2023,0
Test,2023-0239-USA,2023,0
Test,2023-0247-AGO,2023,0
Test,2023-0248-MMR,2023,0
Test,2023-0251-YEM,2023,0
Test,2023-0252-TUR,2023,0
Test,2023-0254-BGD,2023,0
Test,2023-0262-UGA,2023,0
Test,2023-0266-PAK,2023,0
Test,2023-0267-RWA,2023,0
Test,2023-0270-ITA,2023,0
Test,2023-0272-CAN,2023,0
Test,2023-0274-CHN,2023,0
Test,2023-0275-EGY,2023,0
Test,2023-0279-JPN,2023,0
Test,2023-0280-CAN,2023,0
Test,2023-0281-COD,2023,0
Test,2023-0282-PER,2023,0
Test,2023-0283-IND,2023,0
Test,2023-0288-USA,2023,0
Test,2023-0289-RUS,2023,0
Test,2023-0290-SLE,2023,0
Test,2023-0291-AFG,2023,0
Test,2023-0293-ITA,2023,0
Test,2023-0294-BGD,2023,0
Test,2023-0294-MMR,2023,0
Test,2023-0295-SOM,2023,0
Test,2023-0297-MNG,2023,0
Test,2023-0300-GUM,2023,0
Test,2023-0300-JPN,2023,0
Test,2023-0300-PHL,2023,0
Test,2023-0300-TWN,2023,0
Test,2023-0303-AUS,2023,0
Test,2023-0305-CMR,2023,0
Test,2023-0306-PAK,2023,0
Test,2023-0309-AUS,2023,0
Test,2023-0310-SLV,2023,0
Test,2023-0311-MWI,2023,0
Test,2023-0312-CMR,2023,0
Test,2023-0313-NGA,2023,0
Test,2023-0314-ZMB,2023,0
Test,2023-0315-MEX,2023,0
Test,2023-0324-USA,2023,0
Test,2023-0325-BRA,2023,0
Test,2023-0326-NPL,2023,0
Test,2023-0328-IND,2023,0
Test,2023-0328-PAK,2023,0
Test,2023-0331-IND,2023,0
Test,2023-0331-PAK,2023,0
Test,2023-0332-USA,2023,0
Test,2023-0334-KAZ,2023,0
Test,2023-0337-CUB,2023,0
Test,2023-0339-HTI,2023,0
Test,2023-0341-CHN,2023,0
Test,2023-0352-ZAF,2023,0
Test,2023-0354-PAK,2023,0
Test,2023-0357-CHN,2023,0
Test,2023-0359-IND,2023,0
Test,2023-0362-CHL,2023,0
Test,2023-0364-USA,2023,0
Test,2023-0365-GTM,2023,0
Test,2023-0368-GHA,2023,0
Test,2023-0370-USA,2023,0
Test,2023-0378-IDN,2023,0
Test,2023-0384-YEM,2023,0
Test,2023-0385-PER,2023,0
Test,2023-0389-DOM,2023,0
Test,2023-0391-VEN,2023,0
Test,2023-0396-IND,2023,0
Test,2023-0397-KEN,2023,0
Test,2023-0400-ITA,2023,0
Test,2023-0401-CHN,2023,0
Test,2023-0402-CAN,2023,0
Test,2023-0403-GRC,2023,0
Test,2023-0404-NGA,2023,0
Test,2023-0405-MLI,2023,0
Test,2023-0406-IND,2023,0
Test,2023-0413-JPN,2023,0
Test,2023-0417-CHN,2023,0
Test,2023-0426-USA,2023,0
Test,2023-0428-IND,2023,0
Test,2023-0428-PAK,2023,0
Test,2023-0429-MEX,2023,0
Test,2023-0430-ZAF,2023,0
Test,2023-0434-BRA,2023,0
Test,2023-0437-IDN,2023,0
Test,2023-0438-ALB,2023,0
Test,2023-0438-AUT,2023,0
Test,2023-0438-BEL,2023,0
Test,2023-0438-BGR,2023,0
Test,2023-0438-CHE,2023,0
Test,2023-0438-CYP,2023,0
Test,2023-0438-CZE,2023,0
Test,2023-0438-DEU,2023,0
Test,2023-0438-DNK,2023,0
Test,2023-0438-ESP,2023,0
Test,2023-0438-EST,2023,0
Test,2023-0438-FIN,2023,0
Test,2023-0438-FRA,2023,0
Test,2023-0438-GBR,2023,0
Test,2023-0438-GRC,2023,0
Test,2023-0438-HRV,2023,0
Test,2023-0438-HUN,2023,0
Test,2023-0438-IRL,2023,0
Test,2023-0438-ITA,2023,0
Test,2023-0438-LIE,2023,0
Test,2023-0438-LTU,2023,0
Test,2023-0438-LUX,2023,0
Test,2023-0438-LVA,2023,0
Test,2023-0438-MLT,2023,0
Test,2023-0438-MNE,2023,0
Test,2023-0438-NLD,2023,0
Test,2023-0438-NOR,2023,0
Test,2023-0438-POL,2023,0
Test,2023-0438-PRT,2023,0
Test,2023-0438-ROU,2023,0
Test,2023-0438-SRB,2023,0
Test,2023-0438-SVK,2023,0
Test,2023-0438-SVN,2023,0
Test,2023-0438-SWE,2023,0
Test,2023-0440-KOR,2023,0
Test,2023-0444-GRC,2023,0
Test,2023-0450-PHL,2023,0
Test,2023-0450-VNM,2023,0
Test,2023-0451-COL,2023,0
Test,2023-0454-DZA,2023,0
Test,2023-0457-NER,2023,0
Test,2023-0459-IND,2023,0
Test,2023-0460-BIH,2023,0
Test,2023-0460-HRV,2023,0
Test,2023-0460-SVN,2023,0
Test,2023-0462-AFG,2023,0
Test,2023-0462-PAK,2023,0
Test,2023-0464-CHN,2023,0
Test,2023-0464-PHL,2023,0
Test,2023-0464-TWN,2023,0
Test,2023-0465-CAN,2023,0
Test,2023-0466-CHE,2023,0
Test,2023-0466-DEU,2023,0
Test,2023-0466-ITA,2023,0
Test,2023-0466-ROU,2023,0
Test,2023-0466-SRB,2023,0
Test,2023-0467-CMR,2023,0
Test,2023-0468-DZA,2023,0
Test,2023-0469-IDN,2023,0
Test,2023-0470-SEN,2023,0
Test,2023-0471-MAR,2023,0
Test,2023-0472-RWA,2023,0
Test,2023-0473-BGD,2023,0
Test,2023-0477-CMR,2023,0
Test,2023-0478-SEN,2023,0
Test,2023-0484-PHL,2023,0
Test,2023-0485-BRA,2023,0
Test,2023-0486-IND,2023,0
Test,2023-0487-RUS,2023,0
Test,2023-0488-VNM,2023,0
Test,2023-0489-ZAF,2023,0
Test,2023-0490-JPN,2023,0
Test,2023-0490-KOR,2023,0
Test,2023-0490-RUS,2023,0
Test,2023-0493-UGA,2023,0
Test,2023-0494-IND,2023,0
Test,2023-0495-LAO,2023,0
Test,2023-0497-SVN,2023,0
Test,2023-0503-CHN,2023,0
Test,2023-0510-MNG,2023,0
Test,2023-0512-BGD,2023,0
Test,2023-0516-CHN,2023,0
Test,2023-0517-MMR,2023,0
Test,2023-0518-VNM,2023,0
Test,2023-0521-GEO,2023,0
Test,2023-0524-USA,2023,0
Test,2023-0528-CHN,2023,0
Test,2023-0530-MMR,2023,0
Test,2023-0534-USA,2023,0
Test,2023-0535-GRC,2023,0
Test,2023-0539-CHL,2023,0
Test,2023-0542-PAK,2023,0
Test,2023-0547-IND,2023,0
Test,2023-0548-IND,2023,0
Test,2023-0551-CHN,2023,0
Test,2023-0559-DOM,2023,0
Test,2023-0562-IRN,2023,0
Test,2023-0563-MDG,2023,0
Test,2023-0564-COG,2023,0
Test,2023-0565-USA,2023,0
Test,2023-0568-CHN,2023,0
Test,2023-0568-PHL,2023,0
Test,2023-0570-TJK,2023,0
Test,2023-0571-PAK,2023,0
Test,2023-0578-GIN,2023,0
Test,2023-0579-MRT,2023,0
Test,2023-0580-DZA,2023,0
Test,2023-0581-ESP,2023,0
Test,2023-0582-BGR,2023,0
Test,2023-0582-GRC,2023,0
Test,2023-0582-TUR,2023,0
Test,2023-0583-IRQ,2023,0
Test,2023-0584-ZAF,2023,0
Test,2023-0585-PHL,2023,0
Test,2023-0588-IND,2023,0
Test,2023-0589-MEX,2023,0
Test,2023-0590-TUN,2023,0
Test,2023-0591-CHN,2023,0
Test,2023-0592-DOM,2023,0
Test,2023-0593-PER,2023,0
Test,2023-0594-PAK,2023,0
Test,2023-0595-MYS,2023,0
Test,2023-0596-MMR,2023,0
Test,2023-0597-RUS,2023,0
Test,2023-0598-FRA,2023,0
Test,2023-0599-TUN,2023,0
Test,2023-0600-MAR,2023,0
Test,2023-0603-BRA,2023,0
Test,2023-0606-IND,2023,0
Test,2023-0609-JPN,2023,0
Test,2023-0610-LBY,2023,0
Test,2023-0611-NGA,2023,0
Test,2023-0612-NGA,2023,0
Test,2023-0614-CHN,2023,0
Test,2023-0619-ZAF,2023,0
Test,2023-0620-UZB,2023,0
Test,2023-0622-IND,2023,0
Test,2023-0623-TWN,2023,0
Test,2023-0625-ITA,2023,0
Test,2023-0626-NGA,2023,0
Test,2023-0628-NGA,2023,0
Test,2023-0630-MEX,2023,0
Test,2023-0631-MEX,2023,0
Test,2023-0633-MMR,2023,0
Test,2023-0634-CMR,2023,0
Test,2023-0635-VNM,2023,0
Test,2023-0636-AFG,2023,0
Test,2023-0638-ESP,2023,0
Test,2023-0640-BRA,2023,0
Test,2023-0641-ZAF,2023,0
Test,2023-0642-PER,2023,0
Test,2023-0644-BEN,2023,0
Test,2023-0645-CHN,2023,0
Test,2023-0647-MEX,2023,0
Test,2023-0649-IRQ,2023,0
Test,2023-0652-VNM,2023,0
Test,2023-0653-NPL,2023,0
Test,2023-0656-USA,2023,0
Test,2023-0659-IRN,2023,0
Test,2023-0660-AFG,2023,0
Test,2023-0671-COD,2023,0
Test,2023-0675-MEX,2023,0
Test,2023-0683-SOM,2023,0
Test,2023-0685-YEM,2023,0
Test,2023-0686-BGD,2023,0
Test,2023-0691-NGA,2023,0
Test,2023-0703-HND,2023,0
Test,2023-0703-SLV,2023,0
Test,2023-0719-ZWE,2023,0
Test,2023-0721-KEN,2023,0
Test,2023-0722-NPL,2023,0
Test,2023-0724-BEL,2023,0
Test,2023-0724-DEU,2023,0
Test,2023-0724-ESP,2023,0
Test,2023-0724-FRA,2023,0
Test,2023-0724-ITA,2023,0
Test,2023-0724-NLD,2023,0
Test,2023-0728-ETH,2023,0
Test,2023-0730-CHL,2023,0
Test,2023-0731-IRN,2023,0
Test,2023-0732-HND,2023,0
Test,2023-0733-LKA,2023,0
Test,2023-0741-SOM,2023,0
Test,2023-0746-MNG,2023,0
Test,2023-0747-BRA,2023,0
Test,2023-0753-PRY,2023,0
Test,2023-0754-VNM,2023,0
Test,2023-0756-CHN,2023,0
Test,2023-0757-YEM,2023,0
Test,2023-0758-IND,2023,0
Test,2023-0760-BOL,2023,0
Test,2023-0761-BGR,2023,0
Test,2023-0761-TUR,2023,0
Test,2023-0762-PHL,2023,0
Test,2023-0763-DOM,2023,0
Test,2023-0763-HTI,2023,0
Test,2023-0764-GTM,2023,0
Test,2023-0769-COD,2023,0
Test,2023-0772-COG,2023,0
Test,2023-0773-PER,2023,0
Test,2023-0774-MEX,2023,0
Test,2023-0775-SUR,2023,0
Test,2023-0777-BRA,2023,0
Test,2023-0781-ZMB,2023,0
Test,2023-0783-BOL,2023,0
Test,2023-0784-LKA,2023,0
Test,2023-0785-USA,2023,0
Test,2023-0791-PHL,2023,0
Test,2023-0792-IND,2023,0
Test,2023-0793-VEN,2023,0
Test,2023-0794-PHL,2023,0
Test,2023-0795-HND,2023,0
Test,2023-0797-TZA,2023,0
Test,2023-0799-THA,2023,0
Test,2023-0802-PHL,2023,0
Test,2023-0804-BGR,2023,0
Test,2023-0804-DEU,2023,0
Test,2023-0804-MDA,2023,0
Test,2023-0804-RUS,2023,0
Test,2023-0804-TUR,2023,0
Test,2023-0804-UKR,2023,0
Test,2023-0805-PAK,2023,0
Test,2023-0806-ZAF,2023,0
Test,2023-0807-TZA,2023,0
Test,2023-0809-BDI,2023,0
Test,2023-0812-IND,2023,0
Test,2023-0820-IDN,2023,0
Test,2023-0826-USA,2023,0
Test,2023-0827-COD,2023,0
Test,2023-0831-ARG,2023,0
Test,2023-0831-URY,2023,0
Test,2023-0837-GIN,2023,0
Test,2023-0838-CHN,2023,0
Test,2023-0840-LBY,2023,0
Test,2023-0842-PHL,2023,0
Test,2023-0843-USA,2023,0
Test,2023-0844-AGO,2023,0
Test,2023-0846-IND,2023,0
Test,2023-0847-ZAF,2023,0
Test,2023-0848-CHN,2023,0
Test,2023-0852-NIC,2023,0
Test,2023-0853-IDN,2023,0
Test,2023-0854-MYS,2023,0
Test,2023-0854-THA,2023,0
Test,2023-0855-ZAF,2023,0
Test,2023-0856-AUS,2023,0
Test,2023-0857-COD,2023,0
Test,2023-0858-COD,2023,0
Test,2023-0859-LBR,2023,0
Test,2023-0866-FRA,2023,0
Test,2023-0867-ZMB,2023,0
Test,2023-0868-COG,2023,0
Test,2023-0875-LSO,2023,0
Test,2023-0876-SOM,2023,0
Test,2023-0878-CPV,2023,0
Test,2023-0879-MYS,2023,0
Test,2023-0881-BFA,2023,0
Test,2023-0882-MLI,2023,0
Test,2023-9706-BOL,2023,0
Test,2023-9868-USA,2023,0
