event_id,year,true_label,model_id,fold,predicted_label,probability_Low,probability_Moderate,probability_Severe
2014-0562-LBY,2014,Moderate,RF_T2,1,Moderate,0.04661645557785665,0.48348403836232906,0.469899506059814
2015-0600-IND,2015,Moderate,RF_T2,1,Moderate,0.2894642078428269,0.5315195420837616,0.17901625007341174
2015-0427-SYR,2015,Low,RF_T2,1,Low,0.6533193238719103,0.19974338756721627,0.14693728856087301
2015-0387-ZAF,2015,Moderate,RF_T2,1,Moderate,0.0,0.9941742104122303,0.00582578958776961
2015-0620-VNM,2015,Moderate,RF_T2,1,Low,0.48414538829459963,0.37131371729807994,0.14454089440732112
2015-0618-GIN,2015,Moderate,RF_T2,1,Moderate,0.08994809239419896,0.6219731720217164,0.2880787355840843
2015-0611-JPN,2015,Low,RF_T2,1,Severe,0.16754556618967748,0.242302555743924,0.5901518780663986
2015-0606-EGY,2015,Moderate,RF_T2,1,Low,0.6164299122879161,0.2370074684241374,0.14656261928794628
2015-0601-BGD,2015,Low,RF_T2,1,Moderate,0.3180511266399436,0.48222840274857476,0.19972047061148193
2015-0582-KOR,2015,Low,RF_T2,1,Moderate,0.17982185874211418,0.6012885804140206,0.21888956084386513
2015-0507-SAU,2015,Moderate,RF_T2,1,Low,0.6396775985988364,0.2674954663015635,0.09282693509959943
2015-0580-TGO,2015,Moderate,RF_T2,1,Low,0.3567439781158707,0.30916162342206577,0.334094398462063
2015-0568-IND,2015,Moderate,RF_T2,1,Moderate,0.0564521537816166,0.6322022668921461,0.3113455793262368
2015-0567-NGA,2015,Severe,RF_T2,1,Severe,0.05781973031793639,0.4510537751826379,0.4911264944994255
2015-0557-IDN,2015,Moderate,RF_T2,1,Moderate,0.05644870696515719,0.6028377801714688,0.3407135128633741
2015-0554-CHN,2015,Moderate,RF_T2,1,Moderate,0.04213313086022166,0.6760793745003219,0.28178749463945724
2015-0547-LKA,2015,Low,RF_T2,1,Low,0.527467696915946,0.3322598549702995,0.1402724481137549
2015-0539-ARG,2015,Moderate,RF_T2,1,Moderate,0.0031526367137970574,0.9956767780971818,0.0011705851890212327
2015-0536-COD,2015,Moderate,RF_T2,1,Low,0.49485142553577804,0.28190202590740676,0.22324654855681536
2015-0501-FRA,2015,Moderate,RF_T2,1,Moderate,0.32413896442307877,0.48386998625055244,0.19199104932636804
2015-0378-ITA,2015,Moderate,RF_T2,1,Moderate,0.0580594108055489,0.6114295121166362,0.330511077077814
2015-0535-COD,2015,Moderate,RF_T2,1,Low,0.48995475829527774,0.28076364067279713,0.2292816010319252
2015-0518-DZA,2015,Moderate,RF_T2,1,Moderate,0.13914342820028008,0.580404294731205,0.28045227706851433
2015-0517-MEX,2015,Moderate,RF_T2,1,Moderate,0.0020565394289041345,0.9979434605710957,0.0
2015-0514-AUS,2015,Low,RF_T2,1,Low,0.8399283159321635,0.11110551012868741,0.04896617393914959
2015-0508-GRC,2015,Moderate,RF_T2,1,Moderate,0.05663319063372445,0.68289894197386,0.2604678673924152
2015-0494-YEM,2015,Moderate,RF_T2,1,Low,0.5233297007890096,0.22124004930419744,0.25543024990679314
2015-0490-PHL,2015,Low,RF_T2,1,Low,0.5998268890806611,0.23195576621971883,0.16821734469961983
2015-0488-USA,2015,Low,RF_T2,1,Low,0.790366001927082,0.18246711522504547,0.027166882847872716
2015-0487-SSD,2015,Moderate,RF_T2,1,Moderate,0.08336977272627853,0.5913253718441274,0.325304855429594
2015-0486-BRA,2015,Moderate,RF_T2,1,Moderate,0.14766763287345214,0.565979601680757,0.28635276544579086
2015-0484-YEM,2015,Low,RF_T2,1,Low,0.524579510935259,0.22116503717629055,0.2542554518884506
2015-0479-BHS,2015,Moderate,RF_T2,1,Low,0.8977392046910962,0.08359256237509359,0.0186682329338103
2015-0476-PAK,2015,Severe,RF_T2,1,Severe,0.13450716980489238,0.1665914604473726,0.698901369747735
2015-0476-AFG,2015,Severe,RF_T2,1,Severe,0.17791291009458335,0.2464536508654427,0.5756334390399744
2015-0474-GBR,2015,Moderate,RF_T2,1,Moderate,0.11587611959904573,0.7044110712754811,0.1797128091254731
2015-0473-CPV,2015,Low,RF_T2,1,Low,0.744885515037188,0.14842707825734433,0.106687406705468
2015-0469-IRN,2015,Moderate,RF_T2,1,Moderate,0.0,0.9986114626205541,0.001388537379445912
2015-0467-TUR,2015,Moderate,RF_T2,1,Moderate,0.05517203819006063,0.6926900288017341,0.2521379330082055
2015-0462-PHL,2015,Moderate,RF_T2,1,Severe,0.33189895695314314,0.21488408763842062,0.4532169554084355
2015-0459-USA,2015,Moderate,RF_T2,1,Low,0.7892623012307268,0.17750991794193505,0.03322778082733804
2015-0458-TWN,2015,Low,RF_T2,1,Low,0.594369966732484,0.19330588326704945,0.21232415000046587
2015-0457-CHN,2015,Moderate,RF_T2,1,Low,0.3919237724990183,0.3219905895266186,0.2860856379743632
2015-0453-EGY,2015,Moderate,RF_T2,1,Moderate,0.05477432855391818,0.6241940582333552,0.3210316132127265
2015-0452-CHN,2015,Moderate,RF_T2,1,Moderate,0.04792316877876085,0.6946097180368644,0.2574671131843748
2015-0451-FRA,2015,Moderate,RF_T2,1,Low,0.8270319826040289,0.11575605554311409,0.0572119618528572
2015-0450-IND,2015,Moderate,RF_T2,1,Moderate,0.17458500632688212,0.5136004952110026,0.3118144984621159
2015-0441-TUR,2015,Moderate,RF_T2,1,Moderate,0.056072718382653014,0.6955954314880229,0.24833185012932407
2015-0431-USA,2015,Moderate,RF_T2,1,Low,0.8314195978425767,0.11930901946518738,0.04927138269223601
2015-0427-LBN,2015,Low,RF_T2,1,Low,0.8223870174822366,0.13886744978236804,0.03874553273539534
2015-0423-BRA,2015,Moderate,RF_T2,1,Moderate,0.0,1.0,0.0
2015-0422-VEN,2015,Moderate,RF_T2,1,Moderate,0.15951854883480676,0.5819165465118181,0.25856490465337506
2015-0420-GRC,2015,Moderate,RF_T2,1,Moderate,0.058839347281343116,0.6795363746414348,0.26162427807722166
2015-0418-JPN,2015,Moderate,RF_T2,1,Low,0.7727783557866942,0.15823611069088858,0.06898553352241801
2015-0414-SAU,2015,Severe,RF_T2,1,Moderate,0.1593488031912947,0.595300118568415,0.24535107824029057
2015-0333-PAK,2015,Moderate,RF_T2,1,Severe,0.05755059830434411,0.2811497791673048,0.6612996225283508
2015-0411-BGD,2015,Low,RF_T2,1,Severe,0.07488377725721426,0.4155005652293282,0.5096156575134577
2015-0406-IND,2015,Moderate,RF_T2,1,Severe,0.11941842455353861,0.41109852180304013,0.4694830536434219
2015-0404-ITA,2015,Moderate,RF_T2,1,Moderate,0.05814398729202364,0.6224206975108015,0.31943531519717444
2015-0397-CHN,2015,Moderate,RF_T2,1,Low,0.39038523699400235,0.3220674687835803,0.28754729422241754
2015-0388-ZAF,2015,Moderate,RF_T2,1,Moderate,0.0,0.9941742104122303,0.00582578958776961
2015-0375-DMA,2015,Moderate,RF_T2,1,Low,0.8682113016306539,0.09960540349513564,0.03218329487421073
2015-0368-NER,2015,Moderate,RF_T2,1,Low,0.602376290507701,0.22996403736237767,0.16765967212992208
2015-0357-CHN,2015,Severe,RF_T2,1,Moderate,0.048010602990733925,0.7025461731639808,0.24944322384528525
2015-0311-COL,2015,Moderate,RF_T2,1,Moderate,0.07188885317828332,0.6633321500681176,0.2647789967535992
2015-0349-ARG,2015,Low,RF_T2,1,Low,0.7007140375556606,0.14301211786704984,0.1562738445772893
2015-0348-COL,2015,Moderate,RF_T2,1,Moderate,0.0,1.0,0.0
2015-0345-PRK,2015,Moderate,RF_T2,1,Low,0.3761057096002085,0.2880070667308881,0.33588722366890367
2015-0340-IND,2015,Moderate,RF_T2,1,Moderate,0.07283400147816704,0.48666208339515127,0.4405039151266817
2015-0339-CHN,2015,Moderate,RF_T2,1,Low,0.4082088101730325,0.24874924601338694,0.3430419438135807
2015-0337-MLI,2015,Low,RF_T2,1,Low,0.6220686498911427,0.21646969918654474,0.161461650922313
2015-0333-IND,2015,Moderate,RF_T2,1,Severe,0.10663411941257404,0.3656457413010355,0.5277201392863906
2015-0321-RUS,2015,Moderate,RF_T2,1,Moderate,0.0,1.0,0.0
2015-0320-IND,2015,Moderate,RF_T2,1,Moderate,0.0964161927453259,0.5744517946755722,0.32913201257910163
2015-0317-IND,2015,Severe,RF_T2,1,Severe,0.025527034692602788,0.12454087867183421,0.8499320866355623
2015-0315-PER,2015,Moderate,RF_T2,1,Low,0.4767666390712534,0.1932037255866953,0.33002963534205126
2015-0309-BGD,2015,Moderate,RF_T2,1,Severe,0.1879026740472285,0.2997819084393347,0.512315417513437
2015-0302-YEM,2015,Low,RF_T2,1,Severe,0.254907197835898,0.28025287738047877,0.46483992478362274
2015-0301-SSD,2015,Moderate,RF_T2,1,Severe,0.252993670785543,0.19167755979580892,0.5553287694186487
2015-0288-PAK,2015,Moderate,RF_T2,1,Severe,0.07636510744055125,0.30257449466424197,0.6210603978952068
2015-0271-CHN,2015,Low,RF_T2,1,Low,0.5288262530108466,0.21280980254812235,0.25836394444103056
2015-0264-RUS,2015,Moderate,RF_T2,1,Moderate,0.0,1.0,0.0
2015-0260-EGY,2015,Moderate,RF_T2,1,Moderate,0.05609003849746895,0.5972009790445505,0.34670898245797993
2015-0255-CHN,2015,Moderate,RF_T2,1,Moderate,0.31049118864011527,0.3567260337900663,0.3327827775698186
2015-0253-MMR,2015,Low,RF_T2,1,Low,0.5213927871841094,0.21550853987501936,0.26309867294087097
2015-0249-IND,2015,Moderate,RF_T2,1,Severe,0.15611749309906583,0.32555765205375253,0.5183248548471815
2015-0244-PHL,2015,Low,RF_T2,1,Low,0.6467682644055218,0.2191659310227131,0.1340658045717651
2015-0244-JPN,2015,Low,RF_T2,1,Low,0.5506359163514251,0.20489157831488528,0.2444725053336896
2015-0238-TWN,2015,Low,RF_T2,1,Moderate,0.13329647307331632,0.5216219851019566,0.34508154182472683
2015-0235-RUS,2015,Low,RF_T2,1,Low,0.6867923599107222,0.16243014161420805,0.15077749847506933
2015-0232-PAK,2015,Severe,RF_T2,1,Severe,0.13629830676667737,0.2585682963692313,0.6051333968640911
2015-0226-NPL,2015,Moderate,RF_T2,1,Moderate,0.10076149766186698,0.5118545602666984,0.38738394207143456
2015-0225-NGA,2015,Moderate,RF_T2,1,Severe,0.2601883925149363,0.22499625007652255,0.5148153574085411
2015-0222-AZE,2015,Moderate,RF_T2,1,Moderate,0.15156323243666472,0.6083501413133166,0.240086626250019
2015-0220-CHN,2015,Moderate,RF_T2,1,Low,0.3769260681474296,0.3350923199397342,0.287981611912836
2015-0183-BFA,2015,Moderate,RF_T2,1,Moderate,0.08892200603156687,0.602671972330829,0.30840602163760383
2015-0170-PHL,2015,Moderate,RF_T2,1,Moderate,0.17942663848618443,0.556768267659979,0.2638050938538368
2015-0219-CHN,2015,Moderate,RF_T2,1,Low,0.3769260681474296,0.3350923199397342,0.287981611912836
2015-0203-ROU,2015,Low,RF_T2,1,Low,0.5684893862807366,0.16398639071114568,0.2675242230081181
2015-0189-IND,2015,Severe,RF_T2,1,Severe,0.0770990496974657,0.17412583628415834,0.7487751140183759
2015-0186-USA,2015,Moderate,RF_T2,1,Low,0.8305044540231751,0.11730594511868428,0.05218960085814074
2015-0164-IND,2015,Severe,RF_T2,1,Moderate,0.32110958719904403,0.4409784078037915,0.23791200499716464
2015-0163-CHN,2015,Low,RF_T2,1,Low,0.5676003066547858,0.3004872775984292,0.13191241574678453
2015-0154-KAZ,2015,Low,RF_T2,1,Low,0.8775015139045406,0.09542666359347798,0.027071822501981566
2015-0148-AUS,2015,Low,RF_T2,1,Low,0.850004095229045,0.10155561626691981,0.04844028850403523
2015-0141-MKD,2015,Moderate,RF_T2,1,Moderate,0.2273853651240112,0.5330718489098235,0.2395427859661652
2015-0139-KEN,2015,Low,RF_T2,1,Moderate,0.0947116207934855,0.4688196421819457,0.4364687370245685
2015-0136-MAR,2015,Moderate,RF_T2,1,Moderate,0.0,1.0,0.0
2015-0127-IRN,2015,Low,RF_T2,1,Low,0.42101226823043586,0.39356692253325704,0.18542080923630724
2015-0121-MEX,2015,Moderate,RF_T2,1,Low,0.697624096654299,0.18162218196165658,0.12075372138404444
2015-0114-ECU,2015,Moderate,RF_T2,1,Low,0.7306311513102065,0.17666347004520355,0.09270537864458936
2015-0110-MMR,2015,Moderate,RF_T2,1,Moderate,0.11746386578402364,0.5136319694481145,0.3689041647678616
2015-0108-PER,2015,Moderate,RF_T2,1,Moderate,0.0,1.0,0.0
2015-0106-CHL,2015,Severe,RF_T2,1,Low,0.6479218817957278,0.14691975772483473,0.2051583604794377
2015-0100-URY,2015,Moderate,RF_T2,1,Moderate,0.05726630857175663,0.7306270402917672,0.2121066511364766
2015-0095-BRA,2015,Moderate,RF_T2,1,Moderate,0.0,1.0,0.0
2015-0093-VUT,2015,Moderate,RF_T2,1,Low,0.5295461701478351,0.21482173439664018,0.25563209545552446
2015-0091-AGO,2015,Moderate,RF_T2,1,Low,0.5599096721002532,0.2181935941505561,0.2218967337491907
2015-0082-ARG,2015,Moderate,RF_T2,1,Moderate,0.08331291046061018,0.6919299096176925,0.22475717992169747
2015-0074-MDG,2015,Low,RF_T2,1,Low,0.5604659417787609,0.21056404996637715,0.2289700082548619
2015-0069-TZA,2015,Moderate,RF_T2,1,Low,0.5616317451270707,0.27935051119797843,0.1590177436749507
2015-0068-BGD,2015,Moderate,RF_T2,1,Severe,0.0348217397304229,0.4014137862193461,0.5637644740502312
2015-0065-UKR,2015,Moderate,RF_T2,1,Moderate,0.14017125322644997,0.6197813901402642,0.24004735663328608
2015-0057-MDG,2015,Moderate,RF_T2,1,Low,0.5983132687451744,0.2029813403061703,0.19870539094865497
2015-0054-AFG,2015,Severe,RF_T2,1,Moderate,0.07394230695096918,0.4728204249728267,0.4532372680762045
2015-0048-ARE,2015,Moderate,RF_T2,1,Moderate,0.17880306492109813,0.6076810033187238,0.2135159317601785
2015-0047-ITA,2015,Severe,RF_T2,1,Moderate,0.06005466759268429,0.6202763825745826,0.3196689498327326
2015-0041-MEX,2015,Moderate,RF_T2,1,Moderate,0.2069310400766173,0.5229992092904292,0.27006975063295335
2015-0038-TUR,2015,Low,RF_T2,1,Low,0.6814471624007777,0.21120310177632726,0.10734973582289432
2015-0008-UKR,2015,Moderate,RF_T2,1,Moderate,0.0,1.0,0.0
2015-0038-GRC,2015,Low,RF_T2,1,Low,0.8447706096235456,0.1186355187215092,0.03659387165494552
2015-0038-BGR,2015,Low,RF_T2,1,Low,0.8781309874451192,0.09646380214424223,0.025405210410638635
2015-0030-MWI,2015,Low,RF_T2,1,Low,0.5758050904873971,0.24535029449823473,0.17884461501436782
2015-0026-USA,2015,Low,RF_T2,1,Low,0.6777758541317741,0.2529079228535326,0.0693162230146933
2015-0024-NGA,2015,Moderate,RF_T2,1,Moderate,0.0,0.9996782265978651,0.00032177340213495107
2015-0022-YEM,2015,Moderate,RF_T2,1,Moderate,0.05728403937401138,0.6478399169497253,0.29487604367626324
2015-0015-ZWE,2015,Moderate,RF_T2,1,Moderate,0.053195960473618936,0.946804039526381,0.0
2015-0014-SYR,2015,Moderate,RF_T2,1,Moderate,0.0532666226869202,0.6363468555051414,0.31038652180793813
2015-0005-MOZ,2015,Moderate,RF_T2,1,Moderate,0.0992023586719508,0.5308930550794614,0.36990458624858774
2015-0004-PER,2015,Moderate,RF_T2,1,Moderate,0.0,1.0,0.0
2015-0002-LBN,2015,Low,RF_T2,1,Low,0.8223823524100936,0.12564726442712912,0.05197038316277705
2014-0572-CHN,2014,Moderate,RF_T2,1,Moderate,0.048613183904147955,0.6422257015062918,0.30916111458956014
2014-0567-PHL,2014,Low,RF_T2,1,Moderate,0.18275305658172222,0.5434575438293979,0.2737893995888797
2014-0564-CHN,2014,Moderate,RF_T2,1,Moderate,0.05400305968762209,0.7449846523662809,0.20101228794609685
2014-0559-LBY,2014,Severe,RF_T2,1,Moderate,0.04595512868064421,0.4836300726929438,0.4704147986264118
2014-0556-USA,2014,Low,RF_T2,1,Moderate,0.2033884484893835,0.6250864543016912,0.17152509720892542
2014-0547-PER,2014,Severe,RF_T2,1,Low,0.5432949522015462,0.1878844447712644,0.26882060302718896
2014-0540-USA,2014,Low,RF_T2,1,Low,0.7991233638824342,0.16477708739228847,0.036099548725277354
2014-0532-BOL,2014,Moderate,RF_T2,1,Severe,0.35880121801910764,0.23068625481624144,0.4105125271646507
2014-0530-MWI,2015,Moderate,RF_T2,1,Severe,0.3785103603678703,0.20930231837645513,0.41218732125567425
2014-0530-MOZ,2014,Moderate,RF_T2,1,Severe,0.2988989005557772,0.2784463128127449,0.4226547866314783
2014-0529-BOL,2015,Moderate,RF_T2,1,Low,0.6207454150013794,0.22512890204589264,0.1541256829527282
2014-0522-THA,2014,Moderate,RF_T2,1,Low,0.6507075437934978,0.22933707832528732,0.11995537788121442
2014-0500-IDN,2014,Severe,RF_T2,1,Moderate,0.07881878578332974,0.6999865521159228,0.2211946621007473
2014-0499-COD,2014,Moderate,RF_T2,1,Severe,0.05743883268726808,0.41794388386812514,0.5246172834446071
2014-0497-PHL,2014,Moderate,RF_T2,1,Severe,0.3056678999861122,0.20704636096389786,0.4872857390499895
2014-0494-MYS,2014,Moderate,RF_T2,1,Low,0.7825518246439682,0.14904106261131736,0.0684071127447146
2014-0484-EGY,2014,Moderate,RF_T2,1,Moderate,0.05192337065458406,0.6239137981074883,0.3241628312379275
2014-0477-CHN,2014,Moderate,RF_T2,1,Moderate,0.046828821092529005,0.6927006677145429,0.26047051119292824
2014-0476-EGY,2014,Moderate,RF_T2,1,Moderate,0.12369932519257368,0.5992279031866695,0.27707277162075694
2014-0474-PHL,2014,Moderate,RF_T2,1,Low,0.5823943404348197,0.23320915677085338,0.18439650279432643
2014-0463-MAR,2014,Moderate,RF_T2,1,Low,0.5509598339356369,0.2457489910070766,0.20329117505728664
2014-0462-FRA,2014,Low,RF_T2,1,Low,0.846221575667985,0.1109433171086222,0.04283510722339303
2014-0458-CHE,2014,Low,RF_T2,1,Low,0.9171656335638455,0.06895370727521032,0.013880659160944091
2014-0457-PAK,2014,Moderate,RF_T2,1,Moderate,0.0,1.0,0.0
2014-0360-NGA,2014,Severe,RF_T2,1,Moderate,0.0439017940281367,0.5941799664620967,0.3619182395097665
2014-0453-HTI,2014,Moderate,RF_T2,1,Low,0.5032396498553505,0.2527256148888238,0.24403473525582556
2014-0453-DOM,2014,Low,RF_T2,1,Low,0.7189269808390419,0.15918321462809323,0.12188980453286478
2014-0447-GTM,2014,Low,RF_T2,1,Low,0.5630796955142358,0.23650799356981594,0.2004123109159481
2014-0355-CAF,2014,Moderate,RF_T2,1,Moderate,0.0,0.9605116042116776,0.03948839578832234
2014-0430-COL,2014,Moderate,RF_T2,1,Low,0.6222918690757215,0.21854053206431723,0.15916759885996082
2014-0427-BRA,2014,Moderate,RF_T2,1,Moderate,0.0,1.0,0.0
2014-0408-IND,2014,Moderate,RF_T2,1,Severe,0.10689616726120943,0.37976201241859614,0.5133418203201946
2014-0398-EGY,2014,Moderate,RF_T2,1,Moderate,0.0,1.0,0.0
2014-0397-JPN,2014,Low,RF_T2,1,Low,0.7356870067600699,0.1901009317315366,0.0742120615083935
2014-0273-COD,2014,Moderate,RF_T2,1,Severe,0.03271197836544234,0.4053474218198786,0.5619405998146793
2014-0391-IND,2014,Moderate,RF_T2,1,Severe,0.08202558047391384,0.28937476233755105,0.628599657188535
2014-0390-PHL,2014,Low,RF_T2,1,Low,0.5004778550996738,0.25612876639066834,0.24339337850965764
2014-0389-CHN,2014,Moderate,RF_T2,1,Severe,0.26600684035452415,0.36189574592402934,0.3720974137214469
2014-0379-ITA,2014,Moderate,RF_T2,1,Moderate,0.059268949593556504,0.6080824863549666,0.3326485640514763
2014-0378-COL,2014,Moderate,RF_T2,1,Low,0.6734753441522897,0.19608614546664876,0.13043851038106116
2014-0370-SDN,2014,Moderate,RF_T2,1,Severe,0.04485710237628419,0.4726723732487571,0.48247052437495863
2014-0369-CAF,2014,Moderate,RF_T2,1,Moderate,0.0,0.95928201014795,0.040717989852049975
2014-0364-BGR,2014,Moderate,RF_T2,1,Moderate,0.15058366511665475,0.6051525389117403,0.2442637959716054
2014-0363-BRA,2014,Low,RF_T2,1,Moderate,0.13618927258455243,0.5688842846800511,0.29492644273539614
2014-0343-IND,2014,Severe,RF_T2,1,Severe,0.1003278583956704,0.38267616801891413,0.5169959735854156
2014-0333-MEX,2014,Low,RF_T2,1,Low,0.6038453716350858,0.2072702732443917,0.1888843551205222
2014-0325-MEX,2014,Low,RF_T2,1,Low,0.5648454656472581,0.19072457182297634,0.24442996252976543
2014-0324-KOR,2014,Moderate,RF_T2,1,Low,0.7877589789911148,0.15520931409508104,0.057031706913804124
2014-0318-USA,2014,Low,RF_T2,1,Low,0.7828131013729752,0.12347838618946536,0.09370851243755979
2014-0317-USA,2014,Low,RF_T2,1,Low,0.8469501070990584,0.11654921374920882,0.036500679151732614
2014-0316-JPN,2014,Moderate,RF_T2,1,Low,0.7536318573036244,0.16956565754685055,0.07680248514952503
2014-0309-IRN,2014,Moderate,RF_T2,1,Moderate,0.05328330556253411,0.6598036316119968,0.28691306282546936
2014-0307-PER,2014,Moderate,RF_T2,1,Moderate,0.0,0.998276988206834,0.0017230117931660114
2014-0304-GIN,2014,Moderate,RF_T2,1,Moderate,0.0983340137488041,0.5642037109444197,0.3374622753067756
2014-0302-TUR,2014,Moderate,RF_T2,1,Moderate,0.02230350599492787,0.9776964940050723,0.0
2014-0300-IDN,2014,Moderate,RF_T2,1,Moderate,0.05992261880821054,0.6089948393084448,0.33108254188334474
2014-0285-IND,2014,Moderate,RF_T2,1,Moderate,0.0724644226922921,0.46881268082412225,0.4587228964835857
2014-0279-EGY,2014,Moderate,RF_T2,1,Moderate,0.0,1.0,0.0
2014-0267-CHN,2014,Moderate,RF_T2,1,Severe,0.2567830482031738,0.36696765826257177,0.37624929353425496
2014-0266-CHN,2014,Moderate,RF_T2,1,Severe,0.2567830482031738,0.36696765826257177,0.37624929353425496
2014-0260-KHM,2014,Moderate,RF_T2,1,Low,0.4480866850536694,0.191219852910009,0.360693462036322
2014-0255-MYS,2014,Moderate,RF_T2,1,Moderate,0.05888323690081264,0.6674287195655562,0.2736880435336309
2014-0246-NPL,2014,Moderate,RF_T2,1,Severe,0.08631918835109602,0.2773836418245609,0.6362971698243427
2014-0234-MEX,2014,Low,RF_T2,1,Low,0.6465442116507558,0.13771933195804104,0.2157364563912035
2014-0233-SDN,2014,Moderate,RF_T2,1,Moderate,0.0,1.0,0.0
2014-0229-DEU,2014,Moderate,RF_T2,1,Moderate,0.0,1.0,0.0
2014-0218-IND,2014,Moderate,RF_T2,1,Severe,0.16029127645211955,0.32269313911874653,0.5170155844291338
2014-0212-CHN,2014,Moderate,RF_T2,1,Severe,0.255667399816054,0.37116479579148715,0.37316780439245945
2014-0211-NGA,2014,Moderate,RF_T2,1,Low,0.3749405347312177,0.28914014375749947,0.3359193215112833
2014-0209-DEU,2014,Low,RF_T2,1,Low,0.8909709165368697,0.08881731395912154,0.020211769504008947
2014-0206-IND,2014,Moderate,RF_T2,1,Moderate,0.07731283907444574,0.6606267093018674,0.26206045162368674
2014-0199-KOR,2014,Moderate,RF_T2,1,Moderate,0.18379848657135012,0.6048013083073663,0.211400205121283
2014-0189-BRA,2014,Moderate,RF_T2,1,Moderate,0.0,0.9971890623309532,0.0028109376690467177
2014-0168-RUS,2014,Moderate,RF_T2,1,Moderate,0.06596198643057472,0.7264209143777621,0.20761709919166335
2014-0164-BIH,2014,Moderate,RF_T2,1,Low,0.8379926567641249,0.11890442601132818,0.043102917224547094
2014-0162-TUR,2014,Severe,RF_T2,1,Moderate,0.12637426122822285,0.6471825280258171,0.22644321074596052
2014-0159-THA,2014,Low,RF_T2,1,Low,0.5980094773221136,0.19560402808855537,0.20638649458933117
2014-0150-ARE,2014,Moderate,RF_T2,1,Moderate,0.021924046110989585,0.9780759538890105,0.0
2014-0149-THA,2014,Moderate,RF_T2,1,Moderate,0.0006933740458015267,0.9993066259541985,0.0
2014-0144-NGA,2014,Moderate,RF_T2,1,Moderate,0.0,0.9996782265978651,0.00032177340213495107
2014-0132-CHN,2014,Low,RF_T2,1,Low,0.543478410566001,0.3160037719934326,0.14051781744056635
2014-0123-KAZ,2014,Low,RF_T2,1,Low,0.6112696226454649,0.19797094692065503,0.19075943043388072
2014-0122-TJK,2014,Moderate,RF_T2,1,Low,0.6595623766007573,0.18653527160725167,0.1539023517919908
2014-0119-TZA,2014,Moderate,RF_T2,1,Low,0.5020615530905655,0.28281787343651693,0.21512057347291755
2014-0107-CHN,2014,Low,RF_T2,1,Low,0.5608733494193249,0.31016003584434076,0.1289666147363341
2014-0095-USA,2014,Moderate,RF_T2,1,Moderate,0.21130203290724392,0.6184969796719751,0.17020098742078102
2014-0091-SLB,2014,Moderate,RF_T2,1,Low,0.6967676094213707,0.16489878330973434,0.13833360726889488
2014-0090-NGA,2014,Low,RF_T2,1,Severe,0.21962642548344483,0.24007055732295618,0.5403030171935983
2014-0090-LBR,2014,Severe,RF_T2,1,Severe,0.33250739367573345,0.28008024171988827,0.3874123646043781
2014-0087-YEM,2014,Moderate,RF_T2,1,Moderate,0.05076564097280677,0.6556831933863284,0.2935511656408644
2014-0078-TGO,2014,Moderate,RF_T2,1,Moderate,0.0,1.0,0.0
2014-0067-GBR,2014,Low,RF_T2,1,Low,0.885178126022273,0.08293533735058334,0.03188653662714386
2014-0066-ZWE,2014,Low,RF_T2,1,Low,0.5684536085877261,0.21225269457407325,0.21929369683820094
2014-0064-IDN,2014,Low,RF_T2,1,Moderate,0.23520794491962524,0.5268751026507541,0.23791695242962066
2014-0059-ARG,2014,Moderate,RF_T2,1,Moderate,0.0036839653581789106,0.9963160346418211,0.0
2014-0057-IDN,2014,Moderate,RF_T2,1,Low,0.6021870017130073,0.2711526337323503,0.1266603645546413
2014-0039-GBR,2014,Low,RF_T2,1,Low,0.8913384117007079,0.0806464353719176,0.028015152927374984
2014-0030-POL,2014,Moderate,RF_T2,1,Severe,0.372527635111056,0.2530003216376324,0.37447204325131156
2014-0020-PHL,2014,Moderate,RF_T2,1,Low,0.6873579976543447,0.20860707450135596,0.10403492784429968
2014-0018-IDN,2014,Moderate,RF_T2,1,Low,0.6021870017130073,0.2711526337323503,0.1266603645546413
2014-0415-KOR,2014,Moderate,RF_T2,1,Moderate,0.19822345285364903,0.6217904027768649,0.17998614436948604
2014-0563-GRC,2014,Moderate,RF_T2,1,Moderate,0.05518720495511585,0.6918076272419341,0.25300516780294946
2014-0566-KOR,2014,Moderate,RF_T2,1,Moderate,0.19715367512577225,0.6153713958573459,0.18747492901688184
2015-0233-CAF,2015,Moderate,RF_T2,1,Moderate,0.0,0.9659425395470589,0.034057460452941196
2014-0005-NGA,2014,Moderate,RF_T2,1,Moderate,0.00073419176699919,0.9989440348308659,0.00032177340213495107
2014-0006-CHN,2014,Moderate,RF_T2,1,Moderate,0.054261474513255796,0.7249593727069964,0.220779152779748
2014-0008-FRA,2014,Low,RF_T2,1,Low,0.8631650250986981,0.1058636211122658,0.030971353789036527
2014-0017-PAK,2014,Moderate,RF_T2,1,Moderate,0.0,1.0,0.0
2014-0021-ARG,2014,Moderate,RF_T2,1,Moderate,0.2278299788461066,0.5474994292064267,0.2246705919474664
2014-0024-IND,2014,Moderate,RF_T2,1,Moderate,0.08251183907464785,0.46339769034450956,0.4540904705808425
2014-0306-SRB,2014,Low,RF_T2,1,Low,0.881757454032116,0.09344100946547661,0.0248015365024078
2014-0026-ITA,2014,Low,RF_T2,1,Low,0.8194906957592377,0.11851381827724347,0.061995485963518754
2014-0028-COD,2014,Moderate,RF_T2,1,Moderate,0.07770044414488024,0.48589845723368125,0.43640109862143894
2014-0029-BLR,2014,Low,RF_T2,1,Low,0.43774496671696217,0.218368488442083,0.34388654484095493
2014-0031-CAN,2014,Moderate,RF_T2,1,Moderate,0.2104944906551913,0.593127043004895,0.19637846633991402
2014-0033-IND,2014,Moderate,RF_T2,1,Moderate,0.053596257969982186,0.5710849541756359,0.37531878785438133
2014-0037-TUR,2014,Moderate,RF_T2,1,Moderate,0.04322784931663035,0.9567721506833697,0.0
2014-0041-BGD,2014,Moderate,RF_T2,1,Severe,0.029191670684720637,0.37104121012788877,0.599767119187391
2014-0053-USA,2014,Moderate,RF_T2,1,Low,0.7247074191781019,0.23361371968935407,0.041678861132543835
2014-0327-GNB,2014,Moderate,RF_T2,1,Moderate,0.0,1.0,0.0
2015-0241-RUS,2015,Moderate,RF_T2,1,Moderate,0.13401975634021193,0.6418622469419616,0.2241179967178265
2014-0067-IRL,2014,Low,RF_T2,1,Low,0.9258832357403486,0.06282896134149799,0.011287802918153744
2014-0068-JPN,2014,Moderate,RF_T2,1,Low,0.6929630862680255,0.20298953202574666,0.10404738170622782
2014-0070-NPL,2014,Moderate,RF_T2,1,Moderate,0.04867294416985677,0.554155909280414,0.39717114654972924
2014-0073-DZA,2014,Moderate,RF_T2,1,Moderate,0.05118317044190875,0.6406971152518963,0.30811971430619456
2014-0074-QAT,2014,Moderate,RF_T2,1,Moderate,0.1896829209200395,0.612607907435844,0.19770917164411703
2014-0077-KOR,2014,Moderate,RF_T2,1,Low,0.7758938719432444,0.14126842666354178,0.08283770139321366
2014-0089-THA,2014,Moderate,RF_T2,1,Severe,0.4108963665411444,0.1624898782891565,0.42661375516969946
2014-0090-GIN,2014,Severe,RF_T2,1,Severe,0.2691738863557824,0.2918765409112195,0.4389495727329979
2014-0334-PER,2014,Low,RF_T2,1,Low,0.698813704500864,0.17320250836417148,0.12798378713496456
2014-0094-CHL,2014,Low,RF_T2,1,Low,0.580706440997492,0.1306327983215589,0.28866076068094926
2014-0096-VUT,2014,Moderate,RF_T2,1,Low,0.6880072704798561,0.16445361581598306,0.1475391137041605
2014-0111-NIC,2014,Low,RF_T2,1,Low,0.6038045420022038,0.16056664416677902,0.23562881383101714
2014-0115-NGA,2014,Moderate,RF_T2,1,Severe,0.04945299747994384,0.4730423599452567,0.47750464257479935
2014-0124-NPL,2014,Moderate,RF_T2,1,Moderate,0.10496763107475134,0.47031687450821175,0.42471549441703704
2014-0125-PAK,2014,Moderate,RF_T2,1,Moderate,0.0,1.0,0.0
2014-0126-USA,2014,Moderate,RF_T2,1,Low,0.8249385503739964,0.14381118194357914,0.03125026768242456
2014-0136-COD,2014,Moderate,RF_T2,1,Severe,0.06865906111517618,0.4591439501526692,0.47219698873215493
2014-0145-NGA,2014,Moderate,RF_T2,1,Moderate,0.0,0.9996782265978651,0.00032177340213495107
2014-0147-PAK,2014,Moderate,RF_T2,1,Moderate,0.0,1.0,0.0
2014-0153-HTI,2014,Moderate,RF_T2,1,Moderate,0.0,1.0,0.0
2014-0154-BGD,2014,Moderate,RF_T2,1,Severe,0.025412773301956564,0.35015228076107907,0.6244349459369646
2014-0164-HRV,2014,Low,RF_T2,1,Low,0.8886301655325819,0.08827937469779146,0.02309045976962668
2014-0164-SRB,2014,Moderate,RF_T2,1,Low,0.8824403621960164,0.09433262492496876,0.02322701287901501
2014-0178-CHN,2014,Moderate,RF_T2,1,Moderate,0.10199643959084759,0.6384141233888394,0.2595894370203132
2014-0338-IND,2014,Moderate,RF_T2,1,Moderate,0.0916445989301177,0.5633433465762059,0.34501205449367617
2014-0182-IND,2014,Moderate,RF_T2,1,Moderate,0.29239612413996896,0.5325509437129002,0.17505293214713102
2014-0198-IND,2014,Moderate,RF_T2,1,Moderate,0.10429321773948647,0.5588947772633859,0.33681200499712743
2014-0202-POL,2014,Moderate,RF_T2,1,Moderate,0.07523548433025092,0.6929858387403375,0.23177867692941154
2014-0208-RUS,2014,Moderate,RF_T2,1,Moderate,0.06753727327896826,0.7236363539239317,0.2088263727971002
2014-0210-BGR,2014,Moderate,RF_T2,1,Low,0.8831672548647924,0.09262677915699483,0.024205965978212677
2014-0217-CHN,2014,Moderate,RF_T2,1,Moderate,0.33390869419729335,0.3462593713917246,0.31983193441098234
2014-0219-RUS,2014,Moderate,RF_T2,1,Moderate,0.2098190237733929,0.545394763064638,0.24478621316196944
2014-0221-LBY,2014,Moderate,RF_T2,1,Moderate,0.04389490187585384,0.48309759940351216,0.473007498720634
2014-0222-HTI,2014,Moderate,RF_T2,1,Moderate,0.0,1.0,0.0
2014-0226-EGY,2014,Moderate,RF_T2,1,Moderate,0.0,1.0,0.0
2014-0227-PHL,2014,Severe,RF_T2,1,Low,0.5302419402801374,0.24770249642740305,0.2220555632924593
2014-0230-ITA,2014,Moderate,RF_T2,1,Moderate,0.059268949593556504,0.6080824863549666,0.3326485640514763
2014-0354-PAK,2014,Moderate,RF_T2,1,Moderate,0.05967468756256395,0.6528493296607777,0.28747598277665803
2014-0234-GTM,2014,Low,RF_T2,1,Low,0.5000960348210699,0.17468889733296197,0.32521506784596876
2014-0240-PHL,2014,Low,RF_T2,1,Low,0.6497835300313171,0.21483659168211966,0.1353798782865633
2014-0245-BRA,2014,Moderate,RF_T2,1,Low,0.646809022348086,0.19589336461942586,0.15729761303248815
2014-0256-EGY,2014,Moderate,RF_T2,1,Moderate,0.13410426026676908,0.5955177510642639,0.2703779886689668
2014-0257-TWN,2014,Moderate,RF_T2,1,Moderate,0.06298681844048966,0.6042920505665988,0.3327211309929114
2014-0259-IND,2014,Moderate,RF_T2,1,Moderate,0.09565967100511832,0.5707951235323198,0.3335452054625613
2014-0268-NPL,2014,Low,RF_T2,1,Severe,0.0679996604282026,0.2838909655492644,0.6481093740225329
2014-0358-PHL,2014,Moderate,RF_T2,1,Moderate,0.07082384825956076,0.5699505748480892,0.3592255768923501
2014-0272-NPL,2014,Severe,RF_T2,1,Severe,0.08058225848110973,0.29797838975744034,0.6214393517614492
2014-0274-NGA,2014,Moderate,RF_T2,1,Severe,0.037270360951449304,0.44585738224016236,0.5168722568083881
2014-0280-BGR,2014,Low,RF_T2,1,Low,0.8823859604747969,0.09336637677555518,0.024247662749647823
2014-0281-CHN,2014,Severe,RF_T2,1,Low,0.5659074252715831,0.2176940523574013,0.21639852237101526
2014-0289-NER,2014,Moderate,RF_T2,1,Low,0.5549296388547833,0.21782698937781594,0.22724337176740153
2014-0292-CHN,2014,Moderate,RF_T2,1,Low,0.565163565513198,0.30508388858579577,0.1297525459010061
2014-0297-PAK,2014,Moderate,RF_T2,1,Severe,0.07003176841493372,0.45660983325138604,0.4733583983336804
2014-0467-NPL,2014,Moderate,RF_T2,1,Moderate,0.0,1.0,0.0
2014-0359-SVN,2014,Low,RF_T2,1,Low,0.9144036729119309,0.07294741114877047,0.01264891593929863
2014-0372-LBY,2014,Moderate,RF_T2,1,Moderate,0.045037854980060486,0.5146586127171958,0.44030353230274355
2014-0381-DEU,2014,Low,RF_T2,1,Low,0.8900111757631839,0.08946087877022536,0.02052794546659074
2014-0396-JPN,2014,Low,RF_T2,1,Low,0.45049547806715645,0.19433304447352667,0.3551714774593169
2014-0399-HTI,2014,Moderate,RF_T2,1,Moderate,0.0,1.0,0.0
2014-0401-CMR,2014,Moderate,RF_T2,1,Severe,0.35604178624555843,0.22514308108745776,0.41881513266698356
2014-0404-BGR,2014,Low,RF_T2,1,Low,0.8909768160715987,0.08880443459427685,0.02021874933412424
2014-0432-COD,2014,Severe,RF_T2,1,Low,0.4801147744686601,0.27100202937352413,0.24888319615781573
2014-0433-TUR,2014,Moderate,RF_T2,1,Moderate,0.12839810967480322,0.6311781660644211,0.24042372426077646
2014-0439-NGA,2014,Severe,RF_T2,1,Severe,0.2557020377160542,0.2511411666683713,0.4931567956155744
2014-0440-EGY,2014,Moderate,RF_T2,1,Moderate,0.0,1.0,0.0
2014-0442-ARG,2014,Low,RF_T2,1,Low,0.8291788274776968,0.12586128264960633,0.04495988987269716
2014-0447-HND,2014,Low,RF_T2,1,Low,0.566602392871167,0.22816250773264146,0.20523509939619117
2014-0450-ECU,2014,Moderate,RF_T2,1,Moderate,0.0009739811778733551,0.9990260188221266,0.0
2014-0451-ESP,2014,Moderate,RF_T2,1,Moderate,0.0009739811778733551,0.9940986249631183,0.004927393859008361
2014-0453-PRI,2014,Low,RF_T2,1,Low,0.6967082356092565,0.1623337470425359,0.14095801734820787
2014-0459-USA,2014,Moderate,RF_T2,1,Low,0.6922439882218128,0.2827028030014601,0.025053208776727173
2014-0479-PHL,2014,Moderate,RF_T2,1,Severe,0.3056678999861122,0.20704636096389786,0.4872857390499895
2014-0482-USA,2014,Low,RF_T2,1,Low,0.576066192075168,0.26431572064572134,0.15961808727911042
2014-0485-COD,2014,Severe,RF_T2,1,Severe,0.02833652909654432,0.39636742041324347,0.5752960504902124
2014-0487-JPN,2014,Moderate,RF_T2,1,Low,0.671744458805862,0.227722470466894,0.10053307072724389
2014-0488-FRA,2014,Low,RF_T2,1,Low,0.8589190986273767,0.11353525654530128,0.027545644827321965
2014-0490-MAR,2014,Moderate,RF_T2,1,Low,0.5404837492308822,0.259666185622238,0.19985006514687953
2014-0492-COL,2014,Moderate,RF_T2,1,Moderate,0.06656991750750145,0.7022354581024023,0.2311946243900963
2014-0493-THA,2014,Low,RF_T2,1,Low,0.6208664874846261,0.24719469375709707,0.13193881875827618
2014-0501-PAK,2014,Moderate,RF_T2,1,Moderate,0.1471620300157125,0.5004878531687829,0.3523501168155048
2014-0502-ITA,2014,Moderate,RF_T2,1,Moderate,0.05481158355973243,0.6183699431133491,0.32681847332691816
2014-0503-ECU,2014,Moderate,RF_T2,1,Moderate,0.0009739811778733551,0.9990260188221266,0.0
2014-0514-ZWE,2014,Moderate,RF_T2,1,Low,0.4920835864737854,0.22509876625380376,0.2828176472724114
2014-0519-JPN,2014,Moderate,RF_T2,1,Low,0.6670443781192189,0.23163076427130141,0.10132485760947954
2014-0536-CIV,2014,Moderate,RF_T2,1,Low,0.7367259782546141,0.15885600070248035,0.10441802104290576
2014-0548-LKA,2014,Severe,RF_T2,1,Moderate,0.1608484447015379,0.5827767004227026,0.2563748548757595
2014-0561-ITA,2014,Moderate,RF_T2,1,Moderate,0.05920637201927281,0.6095223383417727,0.33127128963895386
2015-0002-PSE,2015,Low,RF_T2,1,Low,0.8031858475528467,0.1376745899864295,0.05913956246072292
2015-0011-MOZ,2015,Severe,RF_T2,1,Low,0.5883422270279753,0.24085371977390588,0.17080405319811895
2015-0011-MWI,2015,Severe,RF_T2,1,Low,0.4438661302121398,0.30959745628119706,0.24653641350666308
2015-0012-CAF,2015,Severe,RF_T2,1,Moderate,0.058847965761585616,0.5584089415506316,0.38274309268778217
2015-0019-ESP,2015,Moderate,RF_T2,1,Moderate,0.07995252213239959,0.7154228888224563,0.20462458904514416
2015-0021-MYS,2015,Low,RF_T2,1,Low,0.7921172303389135,0.14775912012719308,0.06012364953389335
2015-0252-VNM,2015,Low,RF_T2,1,Low,0.5079358070345957,0.3536524468601507,0.13841174610525406
2015-0030-ZWE,2015,Moderate,RF_T2,1,Low,0.5757638722476898,0.24611528330397697,0.17812084444833315
2015-0045-HTI,2015,Moderate,RF_T2,1,Moderate,0.10084470239976696,0.4701695172302113,0.42898578037002166
2015-0046-USA,2015,Moderate,RF_T2,1,Low,0.7638350606783011,0.20437786811870548,0.03178707120299355
2015-0051-BGD,2015,Moderate,RF_T2,1,Severe,0.0343180245694471,0.3976887039519174,0.5679932714786359
2015-0059-AFG,2015,Low,RF_T2,1,Moderate,0.07394230695096918,0.4728204249728267,0.4532372680762045
2015-0067-CHN,2015,Moderate,RF_T2,1,Moderate,0.050682788781077515,0.7360648177214136,0.21325239349750894
2015-0077-IDN,2015,Low,RF_T2,1,Low,0.5967917698611178,0.2752310480303648,0.12797718210851658
2015-0137-RUS,2015,Moderate,RF_T2,1,Low,0.7068869916766236,0.1439406322766681,0.14917237604670797
2015-0444-GTM,2015,Severe,RF_T2,1,Moderate,0.13275218573443526,0.5708809487514506,0.29636686551411373
2015-0081-ITA,2015,Low,RF_T2,1,Low,0.7758628093865857,0.14018567286931952,0.08395151774409486
2015-0090-AGO,2015,Low,RF_T2,1,Severe,0.3751370137527947,0.240232931081692,0.3846300551655133
2015-0105-CHN,2015,Low,RF_T2,1,Low,0.6087453667498808,0.26353217819860264,0.1277224550515165
2015-0109-BDI,2015,Moderate,RF_T2,1,Moderate,0.11036995246539702,0.5531635977116608,0.3364664498229418
2015-0116-HTI,2015,Low,RF_T2,1,Low,0.5307053835607759,0.25408115724237035,0.2152134591968537
2015-0117-ZMB,2015,Moderate,RF_T2,1,Moderate,0.0,1.0,0.0
2015-0122-USA,2015,Moderate,RF_T2,1,Low,0.7650454285954971,0.2034707417686288,0.03148382963587439
2015-0123-USA,2015,Low,RF_T2,1,Low,0.7166327685577797,0.19967374547057032,0.08369348597164979
2015-0131-CHN,2015,Moderate,RF_T2,1,Low,0.5787058100555856,0.29996757034415117,0.12132661960026263
2015-0229-EGY,2015,Moderate,RF_T2,1,Moderate,0.0,1.0,0.0
2015-0138-USA,2015,Low,RF_T2,1,Low,0.7545936069387351,0.15862359899675427,0.08678279406451034
2015-0145-PAK,2015,Moderate,RF_T2,1,Moderate,0.18491595687136322,0.5803493761348926,0.23473466699374415
2015-0146-MLI,2015,Moderate,RF_T2,1,Moderate,0.0549229317269155,0.5836652512958989,0.36141181697718516
2015-0525-IRL,2015,Low,RF_T2,1,Low,0.9189530168068497,0.06596273167636031,0.01508425151679015
2015-0151-AFG,2015,Moderate,RF_T2,1,Moderate,0.07354123975922736,0.5001588103859635,0.4262999498548096
2015-0153-RWA,2015,Low,RF_T2,1,Low,0.7191757206285934,0.18026583028125928,0.10055844909014734
2015-0160-CHN,2015,Low,RF_T2,1,Low,0.5879987961143304,0.27077923100778506,0.14122197287788404
2015-0165-TZA,2015,Moderate,RF_T2,1,Moderate,0.07899328219603305,0.48775714174984275,0.43324957605412406
2015-0168-CUB,2015,Low,RF_T2,1,Low,0.8663260872106329,0.10235808732061889,0.031315825468748615
2015-0173-COL,2015,Moderate,RF_T2,1,Moderate,0.14368346397945775,0.6037464531160495,0.2525700829044927
2015-0178-IND,2015,Moderate,RF_T2,1,Moderate,0.0007861713967723985,0.9992138286032276,0.0
2015-0231-CIV,2015,Moderate,RF_T2,1,Low,0.7367504155858129,0.16001811993180226,0.10323146448238493
2015-0370-HTI,2015,Moderate,RF_T2,1,Moderate,0.0,1.0,0.0
2015-0181-IDN,2015,Moderate,RF_T2,1,Moderate,0.13126606651364284,0.626387185528906,0.24234674795745173
2015-0191-EGY,2015,Moderate,RF_T2,1,Moderate,0.0,1.0,0.0
2015-0195-RUS,2015,Moderate,RF_T2,1,Moderate,0.05564577194814377,0.6398924598876996,0.3044617681641566
2015-0196-CHN,2015,Severe,RF_T2,1,Moderate,0.034620658463159,0.6734120620633864,0.29196727947345463
2015-0197-IRN,2015,Moderate,RF_T2,1,Moderate,0.0,0.9986114626205541,0.001388537379445912
2015-0434-FRA,2015,Low,RF_T2,1,Low,0.834818744593939,0.11881796627424804,0.04636328913181306
2015-0198-SLV,2015,Moderate,RF_T2,1,Low,0.6523934962798233,0.1950059900499666,0.15260051367020994
2015-0206-NZL,2015,Low,RF_T2,1,Low,0.875097797012344,0.07574592033995088,0.04915628264770576
2015-0215-PAK,2015,Moderate,RF_T2,1,Severe,0.05899072989879583,0.34108321377232537,0.5999260563288783
2015-0526-AZE,2015,Moderate,RF_T2,1,Moderate,0.14213656146748918,0.6027646874511199,0.25509875108139163
2015-0263-POL,2015,Low,RF_T2,1,Low,0.8618806913257456,0.0976851598042228,0.04043414887003193
2015-0266-RUS,2015,Moderate,RF_T2,1,Moderate,0.0,1.0,0.0
2015-0279-PHL,2015,Low,RF_T2,1,Low,0.571607182125037,0.2545802210964701,0.17381259677849192
2015-0283-PHL,2015,Moderate,RF_T2,1,Low,0.571607182125037,0.2545802210964701,0.17381259677849192
2015-0289-LBY,2015,Moderate,RF_T2,1,Moderate,0.04548964094098823,0.48945586298758953,0.46505449607142196
2015-0303-CHN,2015,Moderate,RF_T2,1,Low,0.385038874746416,0.3280505949798014,0.2869105302737827
2015-0304-ITA,2015,Moderate,RF_T2,1,Moderate,0.17188035413141609,0.5958964207081889,0.23222322516039498
2015-0371-PHL,2015,Moderate,RF_T2,1,Severe,0.2853044757821389,0.19809646931731453,0.516599054900546
2015-0306-NPL,2015,Moderate,RF_T2,1,Moderate,0.09918843774830749,0.5173606825715676,0.3834508796801248
2015-0319-GNB,2015,Moderate,RF_T2,1,Moderate,0.13520894040586165,0.613027694590499,0.25176336500364005
2015-0334-CHN,2015,Low,RF_T2,1,Low,0.5929610449421566,0.2863260257520021,0.12071292930584103
2015-0338-CHL,2015,Low,RF_T2,1,Low,0.8685029664050664,0.10243002379959987,0.029067009795333252
2015-0350-CHN,2015,Moderate,RF_T2,1,Moderate,0.04943088434877159,0.6677988240950383,0.28277029155619027
2015-0352-CAF,2015,Low,RF_T2,1,Low,0.6303363751389379,0.22477160184793643,0.14489202301312534
2015-0359-PHL,2015,Low,RF_T2,1,Low,0.571607182125037,0.2545802210964701,0.17381259677849192
2015-0362-IDN,2015,Moderate,RF_T2,1,Moderate,0.08439971951574629,0.6700100814578419,0.24559019902641194
2015-0366-HTI,2015,Severe,RF_T2,1,Low,0.3606952929043612,0.28991146869003515,0.3493932384056034
2015-0375-HTI,2015,Low,RF_T2,1,Low,0.5242884061882386,0.22993473168734077,0.24577686212442057
2015-0377-LBY,2015,Severe,RF_T2,1,Moderate,0.046071742608574946,0.49478672744596003,0.4591415299454647
2015-0525-GBR,2015,Low,RF_T2,1,Low,0.8751919392001384,0.0822788580417872,0.04252920275807448
2015-0385-COD,2015,Low,RF_T2,1,Low,0.5286945705451082,0.2590225535917283,0.2122828758631642
2015-0393-SDN,2015,Moderate,RF_T2,1,Severe,0.2872074935212724,0.33903353365921424,0.37375897281951376
2015-0400-USA,2015,Low,RF_T2,1,Low,0.7386015942029486,0.21748050042224326,0.04391790537480774
2015-0401-USA,2015,Low,RF_T2,1,Low,0.8477065661662031,0.11990017132726341,0.032393262506533786
2015-0426-MYS,2015,Moderate,RF_T2,1,Moderate,0.06011651203765657,0.6809003382062077,0.25898314975613596
2015-0428-GIN,2015,Low,RF_T2,1,Moderate,0.10396714431181038,0.5834826066021529,0.31255024908603646
2015-0430-CIV,2015,Moderate,RF_T2,1,Moderate,0.0,1.0,0.0
2015-0446-SLV,2015,Low,RF_T2,1,Low,0.6701361930419795,0.1797640546657432,0.15009975229227776
2015-0447-ESP,2015,Low,RF_T2,1,Low,0.8584720151975394,0.10352711814958651,0.03800086665287414
2015-0448-NGA,2015,Moderate,RF_T2,1,Severe,0.2428651198867811,0.32396484413630444,0.4331700359769141
2015-0449-MMR,2015,Moderate,RF_T2,1,Moderate,0.1207412777119307,0.5606055720627897,0.3186531502252789
2015-0454-PAK,2015,Moderate,RF_T2,1,Moderate,0.07969663810820991,0.48700912926547,0.4332942326263203
2015-0455-MMR,2015,Moderate,RF_T2,1,Moderate,0.1205901552060919,0.5614522506019723,0.31795759419193514
2015-0461-TUR,2015,Moderate,RF_T2,1,Moderate,0.02230350599492787,0.9776964940050723,0.0
2015-0463-FRA,2015,Moderate,RF_T2,1,Moderate,0.0,1.0,0.0
2015-0465-ITA,2015,Low,RF_T2,1,Low,0.8040580079083477,0.12738654207542294,0.06855545001622926
2015-0475-AFG,2015,Moderate,RF_T2,1,Moderate,0.06190105212194915,0.4942849119683557,0.4438140359096957
2015-0480-GIN,2015,Low,RF_T2,1,Low,0.609034997075675,0.21717027348091045,0.17379472944341523
2015-0604-IND,2015,Moderate,RF_T2,1,Moderate,0.17199315813297245,0.5299487443463338,0.2980580975206942
2015-0622-EGY,2015,Moderate,RF_T2,1,Moderate,0.1523059622329329,0.5373563184831803,0.3103377192838869
2015-0513-RUS,2015,Moderate,RF_T2,1,Moderate,0.06968248219506629,0.7711314751596035,0.1591860426453304
2015-0516-MMR,2015,Severe,RF_T2,1,Moderate,0.1182616207450037,0.5487489729668684,0.3329894062881272
2015-0534-CHN,2015,Low,RF_T2,1,Low,0.5608614747107934,0.3173899398180414,0.12174858547116486
2015-0537-RUS,2015,Moderate,RF_T2,1,Moderate,0.11856261465127796,0.6074773752842225,0.27396001006450005
2015-0538-IDN,2015,Moderate,RF_T2,1,Moderate,0.05644870696515719,0.6028377801714688,0.3407135128633741
2015-0551-URY,2015,Low,RF_T2,1,Low,0.889993121225033,0.08805764228929223,0.02194923648567465
2015-0555-TUR,2015,Moderate,RF_T2,1,Moderate,0.05290180196620039,0.68783512862637,0.2592630694074298
2015-0559-AFG,2015,Moderate,RF_T2,1,Moderate,0.0,0.9971682312819626,0.002831768718037233
2015-0563-UGA,2015,Moderate,RF_T2,1,Moderate,0.08224107383738233,0.4916752398498774,0.4260836863127398
2015-0565-USA,2015,Moderate,RF_T2,1,Low,0.8089002518205656,0.1527452528901521,0.03835449528928242
2015-0571-PAK,2015,Low,RF_T2,1,Severe,0.21753030223634168,0.22628003453462534,0.5561896632290334
2015-0578-BDI,2015,Moderate,RF_T2,1,Low,0.5633178131547847,0.2214223183711188,0.2152598684740973
2015-0591-VNM,2015,Moderate,RF_T2,1,Moderate,0.058312998659942335,0.6389290641233811,0.3027579372166763
2015-0592-CHN,2015,Moderate,RF_T2,1,Moderate,0.05126977592431074,0.7311677603925225,0.21756246368316692
2015-0593-CHN,2015,Moderate,RF_T2,1,Moderate,0.04648174315924991,0.7119767967334153,0.24154146010733504
2015-9410-PNG,2015,Moderate,RF_T2,1,Moderate,0.163581712952598,0.46229957981387465,0.3741187072335272
2014-0452-ECU,2014,Moderate,RF_T2,1,Moderate,0.006785676527165263,0.9923341824389713,0.0008801410338632702
2014-0293-PER,2014,Moderate,RF_T2,1,Moderate,0.0,0.9971890623309532,0.0028109376690467177
2014-0121-KOR,2014,Severe,RF_T2,1,Moderate,0.06710855591620406,0.7120922368627214,0.22079920722107368
2014-0185-AFG,2014,Moderate,RF_T2,1,Moderate,0.16036786648295692,0.429144675741626,0.41048745777541723
2014-0299-IDN,2014,Moderate,RF_T2,1,Moderate,0.05992261880821054,0.6089948393084448,0.33108254188334474
2014-0356-PER,2014,Moderate,RF_T2,1,Moderate,0.0,0.998276988206834,0.0017230117931660114
2014-0305-BGD,2014,Severe,RF_T2,1,Severe,0.027052055317626868,0.40552142282907594,0.5674265218532974
2014-0036-COL,2014,Moderate,RF_T2,1,Moderate,0.1492242476170802,0.5786031998020987,0.2721725525808209
2014-0361-IDN,2014,Moderate,RF_T2,1,Moderate,0.05798578643139152,0.6134177407191648,0.32859647284944354
2014-0002-BRA,2014,Moderate,RF_T2,1,Low,0.6485467136824297,0.20396892856472437,0.14748435775284588
2014-0008-ESP,2014,Low,RF_T2,1,Low,0.8631517741832387,0.10772127252052666,0.02912695329623476
2014-0010-AUS,2014,Severe,RF_T2,1,Severe,0.23938707960049266,0.17002922468458415,0.5905836957149228
2014-0013-DZA,2014,Moderate,RF_T2,1,Moderate,0.0,1.0,0.0
2014-0014-CHN,2014,Moderate,RF_T2,1,Moderate,0.05600914454964498,0.7014528746956813,0.24253798075467375
2014-0015-IND,2014,Moderate,RF_T2,1,Moderate,0.0007861713967723985,0.9992138286032276,0.0
2014-0027-FRA,2014,Low,RF_T2,1,Low,0.8600464119173993,0.10637980045963844,0.03357378762296255
2014-0030-ROU,2014,Moderate,RF_T2,1,Low,0.4125649736373232,0.32536252285059947,0.2620725035120774
2014-0034-IDN,2014,Moderate,RF_T2,1,Moderate,0.133624045259417,0.6198409837826504,0.24653497095793328
2014-0042-TZA,2014,Low,RF_T2,1,Low,0.5284471305179013,0.26692257234616884,0.20463029713592976
2014-0043-UKR,2014,Moderate,RF_T2,1,Moderate,0.21180410081026196,0.5466444943021966,0.24155140488754134
2014-0045-ITA,2014,Low,RF_T2,1,Low,0.8315714948626044,0.12205659167292561,0.046371913464469956
2014-0047-IND,2014,Moderate,RF_T2,1,Severe,0.09316457815476395,0.18942662801524046,0.7174087938299957
2014-0056-IDN,2014,Moderate,RF_T2,1,Low,0.480302699318718,0.3085776083520605,0.21111969232922123
2014-0076-TUN,2014,Moderate,RF_T2,1,Moderate,0.04956500672516387,0.6438105740121798,0.3066244192626558
2014-0079-THA,2014,Moderate,RF_T2,1,Moderate,0.0,1.0,0.0
2014-0084-AFG,2014,Moderate,RF_T2,1,Moderate,0.2539397429344812,0.5779945306456297,0.1680657264198894
2014-0085-CHN,2014,Moderate,RF_T2,1,Low,0.5638410323381741,0.30857283009583025,0.12758613756599552
2014-0088-MYS,2014,Severe,RF_T2,1,Moderate,0.05383272101972496,0.7088722155963939,0.23729506338388118
2014-0093-UGA,2014,Severe,RF_T2,1,Moderate,0.054374513415605355,0.5256624707535381,0.4199630158308563
2014-0098-THA,2014,Moderate,RF_T2,1,Moderate,0.0006933740458015267,0.9993066259541985,0.0
2014-0099-ZAF,2014,Moderate,RF_T2,1,Severe,0.2931347403162384,0.26704809975212407,0.43981715993163756
2014-0106-IND,2014,Moderate,RF_T2,1,Moderate,0.3628767090103347,0.43878697707362774,0.19833631391603793
2014-0114-EGY,2014,Moderate,RF_T2,1,Moderate,0.0,1.0,0.0
2014-0116-RUS,2014,Moderate,RF_T2,1,Moderate,0.11593229250482509,0.6183756815727229,0.2656920259224525
2014-0118-CHL,2014,Moderate,RF_T2,1,Low,0.8390848556405959,0.10826781891744643,0.05264732544195748
2014-0134-AFG,2014,Severe,RF_T2,1,Moderate,0.11558148802450155,0.5454294823227858,0.33898902965271244
2014-0146-TUR,2014,Moderate,RF_T2,1,Moderate,0.22226675036883717,0.5555595022172404,0.22217374741392262
2014-0148-UGA,2014,Moderate,RF_T2,1,Moderate,0.054374513415605355,0.5256624707535381,0.4199630158308563
2014-0151-GRC,2014,Moderate,RF_T2,1,Moderate,0.11954214611370259,0.6281862788230979,0.2522715750631994
2014-0152-GRC,2014,Moderate,RF_T2,1,Moderate,0.061331870417192326,0.690755194412674,0.2479129351701331
2014-0158-SLE,2014,Moderate,RF_T2,1,Moderate,0.0,0.998246186772235,0.0017538132277650858
2014-0161-LBY,2014,Moderate,RF_T2,1,Moderate,0.04371387274136506,0.49403968465910814,0.4622464425995268
2014-0163-TGO,2014,Moderate,RF_T2,1,Moderate,0.0,1.0,0.0
2014-0165-USA,2014,Low,RF_T2,1,Low,0.8504980164971025,0.11768734441490952,0.03181463908798832
2014-0169-YEM,2014,Moderate,RF_T2,1,Moderate,0.04936044205988288,0.6504357490850818,0.30020380885503467
2014-0170-RUS,2014,Moderate,RF_T2,1,Moderate,0.0,1.0,0.0
2014-0171-IRN,2014,Moderate,RF_T2,1,Severe,0.28350712104764575,0.25855811677001966,0.45793476218233475
2014-0179-CHN,2014,Moderate,RF_T2,1,Moderate,0.09728765312276423,0.677974042180766,0.22473830469646994
2014-0180-CHN,2014,Moderate,RF_T2,1,Moderate,0.2553574924181065,0.3747590168224033,0.36988349075949073
2014-0186-IDN,2014,Moderate,RF_T2,1,Moderate,0.12368211740453537,0.6241883831912486,0.2521294994042164
2014-0188-BRA,2014,Moderate,RF_T2,1,Low,0.6593635510149085,0.20999982179507473,0.13063662719001704
2014-0193-RUS,2014,Low,RF_T2,1,Low,0.5879682810112417,0.17980272277502307,0.23222899621373538
2014-0194-PER,2014,Moderate,RF_T2,1,Moderate,0.05884430961038424,0.6378386813308391,0.30331700905877684
2014-0203-VNM,2014,Moderate,RF_T2,1,Moderate,0.057980622682497464,0.6616137052787667,0.2804056720387364
2014-0238-MAR,2014,Moderate,RF_T2,1,Moderate,0.12681356329967716,0.6393225182569761,0.2338639184433465
2014-0252-ITA,2014,Low,RF_T2,1,Low,0.8162786120818197,0.11950064183447422,0.0642207460837063
2014-0207-IND,2014,Moderate,RF_T2,1,Moderate,0.09233006113010092,0.5584210283836284,0.3492489104862704
2014-0214-CHN,2014,Moderate,RF_T2,1,Low,0.5473438107831535,0.31783998027413146,0.13481620894271515
2014-0223-COD,2014,Moderate,RF_T2,1,Severe,0.0337944200512625,0.40704544271875887,0.5591601372299788
2014-0224-MYS,2014,Moderate,RF_T2,1,Moderate,0.05931229039619731,0.6669453966372819,0.27374231296652063
2014-0235-SSD,2014,Severe,RF_T2,1,Severe,0.2018104197696502,0.1942963764976973,0.6038932037326523
2014-0237-CIV,2014,Moderate,RF_T2,1,Low,0.7354830900385076,0.15921951357230646,0.105297396389186
2014-0264-SDN,2014,Moderate,RF_T2,1,Low,0.4956060698797262,0.27697806454665536,0.22741586557361837
2014-0270-IND,2014,Severe,RF_T2,1,Moderate,0.08746532038801456,0.5697594034358398,0.3427752761761453
2014-0271-JPN,2014,Moderate,RF_T2,1,Moderate,0.18387237648800586,0.6195202401652395,0.1966073833467547
2014-0280-ROU,2014,Low,RF_T2,1,Low,0.8024557003590843,0.13801094692187463,0.05953335271904095
2014-0290-BGD,2014,Moderate,RF_T2,1,Severe,0.07994251036382974,0.2742724516247214,0.6457850380114485
2014-0306-BIH,2014,Low,RF_T2,1,Low,0.8326723543331143,0.11728515554229922,0.05004249012458698
2014-0310-USA,2014,Low,RF_T2,1,Low,0.7373447303554336,0.21404695161586457,0.04860831802870146
2014-0321-CHN,2014,Moderate,RF_T2,1,Severe,0.19312667006427423,0.2215653610938883,0.5853079688418374
2014-0323-CHN,2014,Moderate,RF_T2,1,Severe,0.26301237111141806,0.3613314679083526,0.37565616098022986
2014-0329-SRB,2014,Low,RF_T2,1,Low,0.8826919209059219,0.09250654259167063,0.0248015365024078
2014-0335-SSD,2014,Moderate,RF_T2,1,Moderate,0.001172884653655067,0.9979874026048036,0.0008397127415414228
2014-0336-JPN,2014,Moderate,RF_T2,1,Moderate,0.2127355723733927,0.595766674808643,0.1914977528179644
2014-0395-GIN,2014,Moderate,RF_T2,1,Moderate,0.051683288960096156,0.611518063399691,0.33679864764021233
2014-0337-CHN,2014,Moderate,RF_T2,1,Moderate,0.05010287618501906,0.6294276818298468,0.32046944198513416
2014-0339-DZA,2014,Moderate,RF_T2,1,Moderate,0.0,1.0,0.0
2014-0341-COL,2014,Moderate,RF_T2,1,Moderate,0.07181531189478703,0.6853650380383399,0.24281965006687325
2014-0344-CHN,2014,Moderate,RF_T2,1,Severe,0.287682316481711,0.3308458120570272,0.3814718714612618
2014-0353-HTI,2014,Moderate,RF_T2,1,Moderate,0.0,1.0,0.0
2014-0368-BGR,2014,Low,RF_T2,1,Low,0.8708191549390281,0.09919110193867908,0.029989743122292977
2014-0385-MEX,2014,Low,RF_T2,1,Low,0.6638466388858989,0.19984460403302023,0.13630875708108106
2014-0392-IND,2014,Moderate,RF_T2,1,Severe,0.11478108934298407,0.3500588047619877,0.5351601058950282
2014-0402-LKA,2014,Low,RF_T2,1,Moderate,0.1656287806770065,0.5799016819396814,0.2544695373833122
2014-0406-CHN,2014,Moderate,RF_T2,1,Severe,0.2567830482031738,0.36696765826257177,0.37624929353425496
2014-0551-IND,2014,Low,RF_T2,1,Moderate,0.3417528383252967,0.48717138058657306,0.17107578108813054
2014-0416-NPL,2014,Moderate,RF_T2,1,Severe,0.12207535248662078,0.32429097696800424,0.5536336705453744
2014-0434-LKA,2014,Moderate,RF_T2,1,Moderate,0.1608484447015379,0.5827767004227026,0.2563748548757595
2014-0435-COL,2014,Moderate,RF_T2,1,Moderate,0.14337573847151364,0.5903053722208197,0.26631888930766684
2014-0436-HND,2014,Moderate,RF_T2,1,Moderate,0.0,1.0,0.0
2014-0444-USA,2014,Low,RF_T2,1,Low,0.7724186024976379,0.19518523035919152,0.032396167143170354
2014-0458-ITA,2014,Low,RF_T2,1,Low,0.8457628372528101,0.11683869851603658,0.03739846423115363
2014-0460-ZWE,2014,Moderate,RF_T2,1,Moderate,0.10203367439932651,0.5584781601442822,0.33948816545639043
2014-0466-NPL,2014,Moderate,RF_T2,1,Moderate,0.0,1.0,0.0
2014-0473-IDN,2014,Low,RF_T2,1,Low,0.5507019281447165,0.2768051098059451,0.17249296204933814
2014-0480-YEM,2014,Moderate,RF_T2,1,Moderate,0.05233793039964275,0.6767008728800283,0.27096119672032876
2014-0486-ECU,2014,Moderate,RF_T2,1,Moderate,0.15278765237395853,0.5785968880949222,0.2686154595311193
2014-0489-RUS,2014,Moderate,RF_T2,1,Moderate,0.05461618540948002,0.6409991844102378,0.3043846301802824
2014-0498-COD,2014,Moderate,RF_T2,1,Severe,0.028223825108891685,0.39761834621151926,0.5741578286795892
2014-0505-COL,2014,Moderate,RF_T2,1,Severe,0.3267639771353625,0.23436521673398836,0.43887080613064905
2014-0518-SWZ,2014,Moderate,RF_T2,1,Low,0.7444793426170722,0.1521121755225019,0.10340848186042634
2015-0351-CHN,2015,Moderate,RF_T2,1,Moderate,0.048010602990733925,0.7025461731639808,0.24944322384528525
2014-0520-IND,2014,Moderate,RF_T2,1,Severe,0.04201247799747746,0.16890123267685822,0.7890862893256645
2014-0527-COD,2014,Moderate,RF_T2,1,Moderate,0.0,0.7768432043433307,0.2231567956566694
2014-0531-IND,2014,Moderate,RF_T2,1,Moderate,0.0007861713967723985,0.9992138286032276,0.0
2014-0552-CHN,2014,Severe,RF_T2,1,Low,0.5411840258887692,0.31378100952959087,0.1450349645816395
2014-0576-IDN,2014,Moderate,RF_T2,1,Moderate,0.12701561565896877,0.6180625413439704,0.2549218429970613
2014-0578-JPN,2014,Moderate,RF_T2,1,Severe,0.08673999698369922,0.16304163079829023,0.7502183722180108
2014-0582-KEN,2014,Moderate,RF_T2,1,Moderate,0.32553005638795224,0.35814580117390943,0.3163241424381389
2015-0356-ITA,2015,Moderate,RF_T2,1,Moderate,0.0580594108055489,0.6123912613031129,0.32954932789133745
2015-0002-SYR,2015,Low,RF_T2,1,Low,0.6461291688868317,0.20831442338732897,0.14555640772583894
2015-0013-CHN,2015,Moderate,RF_T2,1,Moderate,0.040038088162876136,0.7367938223505776,0.22316808948654643
2015-0016-MDG,2015,Moderate,RF_T2,1,Low,0.5536527184335691,0.21199365433516218,0.23435362723126857
2015-0018-MEX,2015,Moderate,RF_T2,1,Moderate,0.0010825582510307795,0.9989174417489691,0.0
2015-0020-PER,2015,Moderate,RF_T2,1,Moderate,0.058540952834722125,0.658053565056021,0.28340548210925687
2015-0040-TWN,2015,Moderate,RF_T2,1,Moderate,0.05533113980859359,0.6008381446301866,0.34383071556121975
2015-0044-ARG,2015,Low,RF_T2,1,Low,0.8317072788047651,0.1295777124687269,0.0387150087265084
2015-0050-ZAF,2015,Moderate,RF_T2,1,Moderate,0.14357503751114045,0.59200063862176,0.26442432386709985
2015-0112-IDN,2015,Moderate,RF_T2,1,Moderate,0.12758041913440746,0.625631570513378,0.24678801035221498
2015-0410-FRA,2015,Severe,RF_T2,1,Severe,0.11788129685456329,0.14671174060721554,0.735406962538221
2015-0416-CHN,2015,Moderate,RF_T2,1,Moderate,0.22184968718671091,0.7781503128132894,0.0
2015-0060-DOM,2015,Low,RF_T2,1,Low,0.723997894634477,0.15874144410757363,0.11726066125794954
2015-0064-ITA,2015,Moderate,RF_T2,1,Moderate,0.061418381858468145,0.6167178451320934,0.32186377300943797
2015-0072-USA,2015,Moderate,RF_T2,1,Low,0.7236036375206518,0.23375377714675669,0.042642585332591305
2015-0075-AGO,2015,Low,RF_T2,1,Low,0.5763282597125926,0.2202087610950888,0.20346297919231818
2015-0076-IDN,2015,Low,RF_T2,1,Low,0.6012601228868537,0.27205591386976696,0.1266839632433784
2015-0208-BRA,2015,Low,RF_T2,1,Low,0.4024133981520388,0.2226993475428496,0.3748872543051119
2015-0079-AUS,2015,Low,RF_T2,1,Low,0.7058578918189489,0.14171293863078036,0.15242916955027042
2015-0084-TZA,2015,Moderate,RF_T2,1,Moderate,0.0,1.0,0.0
2015-0089-RUS,2015,Moderate,RF_T2,1,Moderate,0.13002222404709057,0.6164108096043542,0.2535669663485556
2015-0094-MMR,2015,Moderate,RF_T2,1,Moderate,0.055884075236525166,0.5242677892443832,0.4198481355190914
2015-0118-BGD,2015,Moderate,RF_T2,1,Moderate,0.4087602067888531,0.43818244901103265,0.1530573442001148
2015-0118-MMR,2015,Low,RF_T2,1,Low,0.4934581475956813,0.24605323744355595,0.26048861496076237
2015-0130-SAU,2015,Moderate,RF_T2,1,Low,0.6241022720800845,0.2956868761052607,0.0802108518146538
2015-0147-LBY,2015,Severe,RF_T2,1,Moderate,0.04541127077166512,0.4948187256250665,0.45977000360326825
2015-0149-ZAF,2015,Low,RF_T2,1,Moderate,0.20643990950478622,0.5420799462083029,0.25148014428691123
2015-0150-SAU,2015,Moderate,RF_T2,1,Moderate,0.17113492433106467,0.5978549283352289,0.23101014733370648
2015-0158-KEN,2015,Moderate,RF_T2,1,Low,0.5047729787448617,0.28578802058163777,0.20943900067350033
2015-0167-KAZ,2015,Moderate,RF_T2,1,Moderate,0.0033170033038851824,0.9966829966961148,0.0
2015-0171-COL,2015,Moderate,RF_T2,1,Moderate,0.15593539285533842,0.5945842701697053,0.24948033697495642
2015-0174-USA,2015,Low,RF_T2,1,Moderate,0.2909890600713919,0.5356472674183178,0.17336367251028945
2015-0175-CHN,2015,Low,RF_T2,1,Severe,0.40315536728528634,0.1830299792843424,0.4138146534303713
2015-0175-IND,2015,Moderate,RF_T2,1,Severe,0.18109292620415962,0.23247734343623855,0.5864297303596018
2015-0205-TZA,2015,Moderate,RF_T2,1,Severe,0.2856826812125065,0.2799106397526348,0.43440667903485897
2015-0177-USA,2015,Low,RF_T2,1,Low,0.7568996972379602,0.16657701640299546,0.07652328635904396
2015-0180-USA,2015,Low,RF_T2,1,Low,0.7568996972379602,0.16657701640299546,0.07652328635904396
2015-0184-PRY,2015,Low,RF_T2,1,Low,0.8433128963971646,0.1136193321512855,0.04306777145154973
2015-0287-CMR,2015,Low,RF_T2,1,Low,0.5853210382611049,0.212638091308298,0.20204087043059735
2015-0597-IND,2015,Moderate,RF_T2,1,Moderate,0.07780733466822307,0.49045104996735245,0.4317416153644244
2015-0185-CHN,2015,Moderate,RF_T2,1,Moderate,0.308610369745109,0.36127859441307547,0.3301110358418155
2015-0187-MEX,2015,Moderate,RF_T2,1,Low,0.6410355297324482,0.21230143621475187,0.1466630340527994
2015-0192-SYR,2015,Moderate,RF_T2,1,Moderate,0.11753961538480709,0.5481104056630132,0.3343499789521792
2015-0193-NGA,2015,Moderate,RF_T2,1,Moderate,0.0,0.9996782265978651,0.00032177340213495107
2015-0216-MYS,2015,Moderate,RF_T2,1,Low,0.6459372390490453,0.17043829040231745,0.18362447054863767
2015-0228-EGY,2015,Moderate,RF_T2,1,Moderate,0.0,1.0,0.0
2015-0230-TUN,2015,Moderate,RF_T2,1,Moderate,0.1956813506770983,0.5049189216154385,0.2993997277074628
2015-0234-RUS,2015,Moderate,RF_T2,1,Moderate,0.0,1.0,0.0
2015-0242-NGA,2015,Moderate,RF_T2,1,Severe,0.06068804857469586,0.44040738178071714,0.4989045696445866
2015-0243-BGD,2015,Moderate,RF_T2,1,Severe,0.06578959734454382,0.37473777208169795,0.5594726305737585
2015-0248-CHN,2015,Moderate,RF_T2,1,Moderate,0.31049118864011527,0.3567260337900663,0.3327827775698186
2015-0253-IND,2015,Moderate,RF_T2,1,Severe,0.10878950199285821,0.36125430656491525,0.5299561914422268
2015-0258-IRN,2015,Moderate,RF_T2,1,Severe,0.27893119800902516,0.24883676810276661,0.47223203388820834
2015-0267-IDN,2015,Severe,RF_T2,1,Moderate,0.08065859074692483,0.6692929347644806,0.2500484744885945
2015-0268-IND,2015,Moderate,RF_T2,1,Moderate,0.0007861713967723985,0.9992138286032276,0.0
2015-0269-PER,2015,Moderate,RF_T2,1,Moderate,0.0,1.0,0.0
2015-0270-PHL,2015,Moderate,RF_T2,1,Moderate,0.07085190164814315,0.5475980338786058,0.381550064473251
2015-0274-GRC,2015,Moderate,RF_T2,1,Moderate,0.059201322292745946,0.6638371778718282,0.2769614998354255
2015-0285-BRA,2015,Low,RF_T2,1,Low,0.6782845921993265,0.19946261328465692,0.12225279451601608
2015-0347-BGD,2015,Moderate,RF_T2,1,Severe,0.07140673325107054,0.3565628191961412,0.5720304475527889
2015-0291-PAK,2015,Severe,RF_T2,1,Severe,0.037735508646108334,0.1981746109634008,0.764089880390491
2015-0292-VNM,2015,Moderate,RF_T2,1,Low,0.46151788079288797,0.32018463932823316,0.2182974798788786
2015-0295-EGY,2015,Moderate,RF_T2,1,Moderate,0.11926817082086395,0.6113258841052324,0.2694059450739038
2015-0305-MEX,2015,Moderate,RF_T2,1,Moderate,0.0010825582510307795,0.9989174417489691,0.0
2015-0312-USA,2015,Low,RF_T2,1,Low,0.8479910690848083,0.11851693169222521,0.033491999222966876
2015-0318-MKD,2015,Low,RF_T2,1,Low,0.8796524981342342,0.09419375318923634,0.026153748676529684
2015-0323-PHL,2015,Low,RF_T2,1,Low,0.5315300308937453,0.282021678707992,0.18644829039826238
2015-0342-EGY,2015,Severe,RF_T2,1,Severe,0.28783947331552495,0.3275194819094038,0.38464104477507133
2015-0369-LBY,2015,Moderate,RF_T2,1,Moderate,0.04660995085717867,0.49373316648659105,0.45965688265622995
2015-0389-SAU,2015,Moderate,RF_T2,1,Moderate,0.16318120834680072,0.597966852914527,0.2388519387386723
2015-0392-SDN,2015,Moderate,RF_T2,1,Low,0.49469443326866974,0.28194713285512185,0.22335843387620835
2015-0395-CHN,2015,Moderate,RF_T2,1,Low,0.39038523699400235,0.3220674687835803,0.28754729422241754
2015-0409-KOR,2015,Moderate,RF_T2,1,Low,0.42131167409275505,0.27680748827920554,0.30188083762803947
2015-0410-BEL,2015,Severe,RF_T2,1,Severe,0.2389491503406484,0.13619883044965644,0.624852019209696
2015-0421-USA,2015,Low,RF_T2,1,Low,0.8401643173045307,0.12050112655799647,0.03933455613747308
2015-0425-IRN,2015,Moderate,RF_T2,1,Moderate,0.0,0.9986114626205541,0.001388537379445912
2015-0437-DZA,2015,Moderate,RF_T2,1,Low,0.6490635117723081,0.2178104968465092,0.13312599138118236
2015-0438-IRN,2015,Moderate,RF_T2,1,Low,0.45644824810057394,0.2821999804422007,0.26135177145722593
2015-0443-TUR,2015,Moderate,RF_T2,1,Moderate,0.056072718382653014,0.6955954314880229,0.24833185012932407
2015-0456-JPN,2015,Low,RF_T2,1,Low,0.7788018263694296,0.15060951981591872,0.07058865381465172
2015-0460-LAO,2015,Low,RF_T2,1,Low,0.5497307505241483,0.20262371750742816,0.24764553196842343
2015-0460-VNM,2015,Low,RF_T2,1,Severe,0.22213504035515638,0.23107513433747798,0.5467898253073658
2015-0470-MEX,2015,Moderate,RF_T2,1,Low,0.5014576283988307,0.19581806145871014,0.30272431014245926
2015-0483-GRC,2015,Moderate,RF_T2,1,Moderate,0.056874785002788746,0.6798100486019147,0.2633151663952962
2015-0489-BRA,2015,Low,RF_T2,1,Low,0.6432573603041293,0.21726188562870966,0.13948075406716118
2015-0490-CHN,2015,Moderate,RF_T2,1,Low,0.645155177323503,0.24755431835570388,0.10729050432079278
2015-0491-CHN,2015,Moderate,RF_T2,1,Low,0.5935405077333473,0.2927592354459143,0.11370025682073785
2015-0493-PAK,2015,Moderate,RF_T2,1,Moderate,0.07926100681602585,0.5058867820370195,0.41485221114695464
2015-0499-IRN,2015,Low,RF_T2,1,Low,0.45931266384493274,0.2775887552994369,0.26309858085563076
2015-0613-USA,2015,Low,RF_T2,1,Low,0.8401643173045307,0.12050112655799647,0.03933455613747308
2015-0504-IND,2015,Severe,RF_T2,1,Severe,0.04930951332070679,0.28314941191060783,0.6675410747686856
2015-0505-PAK,2015,Moderate,RF_T2,1,Moderate,0.09306099436794492,0.5111268956208201,0.39581211001123495
2015-0510-CHN,2015,Moderate,RF_T2,1,Moderate,0.048291560538881576,0.6631978933131706,0.2885105461479478
2015-0519-ZAF,2015,Moderate,RF_T2,1,Moderate,0.0009739811778733551,0.994563788247363,0.004462230574763655
2015-0520-ZAF,2015,Low,RF_T2,1,Moderate,0.19431222580454213,0.5669041917165987,0.2387835824788591
2015-0523-SEN,2015,Moderate,RF_T2,1,Moderate,0.0,1.0,0.0
2015-0524-IDN,2015,Moderate,RF_T2,1,Moderate,0.12718908075101665,0.5858172625608749,0.28699365668810917
2015-0530-LKA,2015,Low,RF_T2,1,Low,0.5304323047136633,0.3232781464450049,0.14628954884133188
2015-0531-USA,2015,Moderate,RF_T2,1,Low,0.6906592605522061,0.283101736818879,0.02623900262891491
2015-0533-CHN,2015,Moderate,RF_T2,1,Moderate,0.328323132398317,0.35118525216629687,0.3204916154353863
2015-0540-TZA,2015,Severe,RF_T2,1,Low,0.4226636003539814,0.26804356885540903,0.30929283079060943
2015-0541-TZA,2015,Moderate,RF_T2,1,Low,0.41184350153391375,0.2829234801747177,0.3052330182913686
2015-0551-PRY,2015,Moderate,RF_T2,1,Low,0.5060554668072359,0.24759870675061046,0.24634582644215383
2015-0553-MEX,2015,Moderate,RF_T2,1,Moderate,0.0020565394289041345,0.9979434605710957,0.0
2015-0564-KEN,2015,Severe,RF_T2,1,Severe,0.26026203528790753,0.33688314850813905,0.40285481620395314
2015-0575-JPN,2015,Moderate,RF_T2,1,Severe,0.17106748638496005,0.2434561959761757,0.5854763176388643
2015-0576-AUS,2015,Low,RF_T2,1,Low,0.8371644698370979,0.10435391058162392,0.058481619581278274
2015-0577-POL,2015,Moderate,RF_T2,1,Low,0.4497704988836044,0.22823876986407596,0.32199073125231953
2015-0583-BGD,2015,Low,RF_T2,1,Severe,0.11425471010528278,0.40033107439707927,0.48541421549763814
2015-0584-SAU,2015,Severe,RF_T2,1,Moderate,0.18695306430059724,0.6138221229329868,0.19922481276641613
2015-0590-IND,2015,Low,RF_T2,1,Moderate,0.10391818736097153,0.6011132722339261,0.29496854040510273
2015-0594-IND,2015,Low,RF_T2,1,Moderate,0.10293728158376293,0.566797039082426,0.33026567933381057
2015-0595-PAK,2015,Moderate,RF_T2,1,Moderate,0.09684299616157818,0.4945176757477484,0.40863932809067344
2015-0596-IND,2015,Low,RF_T2,1,Moderate,0.10222302742350689,0.5604936258360439,0.33728334674044896
2015-0620-THA,2015,Low,RF_T2,1,Low,0.5490975898736637,0.2910749022723259,0.15982750785401031
2015-9411-IDN,2015,Moderate,RF_T2,1,Moderate,0.19226544415846403,0.5311085713615202,0.2766259844800161
2015-0552-THA,2015,Moderate,RF_T2,1,Moderate,0.0009739811778733551,0.9990260188221266,0.0
2014-0455-CIV,2014,Moderate,RF_T2,1,Moderate,0.11093800118465819,0.58571762243614,0.3033443763792017
2014-0461-NER,2014,Moderate,RF_T2,1,Moderate,0.1126256885988969,0.5698493455098564,0.317524965891246
2014-0032-COD,2014,Moderate,RF_T2,1,Severe,0.07274318923952985,0.451259319932677,0.4759974908277936
2015-0272-CHN,2015,Moderate,RF_T2,1,Moderate,0.050053337895671936,0.6611144741046954,0.28883218799963273
2014-0016-REU,2014,Low,RF_T2,1,Low,0.7517290393456514,0.14540057420552055,0.10287038644882784
2015-0273-TUR,2015,Moderate,RF_T2,1,Moderate,0.02230350599492787,0.9776964940050723,0.0
2014-0001-TON,2014,Low,RF_T2,1,Low,0.71194709777892,0.18121818164632558,0.10683472057475467
2014-0004-AUS,2014,Low,RF_T2,1,Low,0.8294115093100518,0.10351900586229913,0.06706948482764961
2014-0009-USA,2014,Moderate,RF_T2,1,Low,0.47252540700295986,0.2709358979753542,0.2565386950216863
2015-0276-ITA,2015,Moderate,RF_T2,1,Moderate,0.05819804653260669,0.609810349748241,0.3319916037191516
2014-0035-BOL,2014,Moderate,RF_T2,1,Moderate,0.1613514948856044,0.5859888424635058,0.2526596626508897
2014-0044-IDN,2014,Moderate,RF_T2,1,Moderate,0.23520794491962524,0.5268751026507541,0.23791695242962066
2014-0046-SVN,2014,Low,RF_T2,1,Low,0.8668791994853142,0.09737846704164303,0.03574233347304286
2014-0048-USA,2014,Low,RF_T2,1,Low,0.7649388423357514,0.20423781066130292,0.03082334700294608
2014-0052-USA,2014,Moderate,RF_T2,1,Low,0.7247074191781019,0.23361371968935407,0.041678861132543835
2014-0054-IRN,2014,Low,RF_T2,1,Low,0.6231088746009501,0.22025515371569382,0.1566359716833556
2014-0055-PHL,2014,Low,RF_T2,1,Low,0.6873579976543447,0.20860707450135596,0.10403492784429968
2014-0313-IND,2014,Moderate,RF_T2,1,Severe,0.10689616726120943,0.37976201241859614,0.5133418203201946
2014-0060-SAU,2014,Moderate,RF_T2,1,Moderate,0.16282787853650812,0.5860540523670844,0.25111806909640766
2014-0061-JPN,2014,Moderate,RF_T2,1,Low,0.6929630862680255,0.20298953202574666,0.10404738170622782
2014-0063-BDI,2014,Moderate,RF_T2,1,Low,0.584098807042857,0.19986221492556455,0.21603897803157843
2014-0065-TLS,2014,Low,RF_T2,1,Low,0.4250235700646853,0.2646537630607734,0.310322666874542
2014-0067-PRT,2014,Low,RF_T2,1,Low,0.9071580525953502,0.07806278501555639,0.014779162389093159
2014-0069-RUS,2014,Moderate,RF_T2,1,Moderate,0.007059217328873104,0.992940782671127,0.0
2014-0174-GRC,2014,Low,RF_T2,1,Low,0.7239532497449075,0.1048525530208539,0.17119419723423895
2014-0100-USA,2014,Moderate,RF_T2,1,Low,0.7649388423357514,0.20423781066130292,0.03082334700294608
2014-0104-COD,2014,Moderate,RF_T2,1,Severe,0.06314174105554733,0.45108746587716125,0.4857707930672916
2014-0072-USA,2014,Moderate,RF_T2,1,Low,0.7649388423357514,0.20423781066130292,0.03082334700294608
2014-0075-THA,2014,Moderate,RF_T2,1,Moderate,0.14620567366695753,0.6044366079209816,0.2493577184120611
2014-0081-IDN,2014,Moderate,RF_T2,1,Low,0.5977186486872712,0.27432776789294816,0.12795358341977947
2014-0090-MLI,2014,Low,RF_T2,1,Severe,0.21793462365611113,0.284269225088901,0.49779615125498783
2014-0090-SLE,2014,Severe,RF_T2,1,Severe,0.2781299824514757,0.2764422421705554,0.44542777537796857
2014-0092-MDG,2014,Moderate,RF_T2,1,Low,0.4259046386604528,0.3080444989127105,0.26605086242683684
2014-0110-CHN,2014,Moderate,RF_T2,1,Low,0.56371857858207,0.31183195382266904,0.12444946759526095
2014-0112-PER,2014,Moderate,RF_T2,1,Moderate,0.0,1.0,0.0
2014-0113-EGY,2014,Moderate,RF_T2,1,Moderate,0.0,1.0,0.0
2014-0133-CHN,2014,Low,RF_T2,1,Low,0.5496430546293142,0.3097891118499364,0.1405678335207495
2014-0135-BGD,2014,Moderate,RF_T2,1,Moderate,0.3831022919536058,0.4475291785868273,0.16936852945956746
2014-0143-COL,2014,Moderate,RF_T2,1,Moderate,0.14564231934328284,0.6044867799252208,0.24987090073149615
2014-0155-IND,2014,Moderate,RF_T2,1,Moderate,0.10429321773948647,0.5588947772633859,0.33681200499712743
2014-0156-HKG,2014,Moderate,RF_T2,1,Moderate,0.0718802297352947,0.717099227384648,0.2110205428800568
2014-0160-LBY,2014,Moderate,RF_T2,1,Moderate,0.04371387274136506,0.49403968465910814,0.4622464425995268
2014-0167-USA,2014,Moderate,RF_T2,1,Moderate,0.0025520843202435904,0.9974479156797564,0.0
2014-0380-GRC,2014,Moderate,RF_T2,1,Moderate,0.05976466229776741,0.6817915285553285,0.25844380914690346
2014-0376-IDN,2014,Moderate,RF_T2,1,Moderate,0.056693752233721056,0.6114887860238142,0.33181746174246474
2014-0181-LKA,2014,Moderate,RF_T2,1,Low,0.44477186693059945,0.4025013650327746,0.15272676803662646
2014-0183-GTM,2014,Low,RF_T2,1,Low,0.5721466764602209,0.1974639796199483,0.23038934391983024
2014-0184-IND,2014,Moderate,RF_T2,1,Moderate,0.079105582764697,0.4669895549384443,0.4539048622968587
2014-0187-PER,2014,Moderate,RF_T2,1,Moderate,0.0,0.9971890623309532,0.0028109376690467177
2014-0190-COL,2014,Moderate,RF_T2,1,Moderate,0.0,1.0,0.0
2014-0191-SSD,2014,Moderate,RF_T2,1,Severe,0.20531205048099535,0.19535487194870016,0.5993330775703044
2014-0195-IND,2014,Moderate,RF_T2,1,Moderate,0.08331943627512828,0.5799389383691429,0.33674162535572866
2014-0201-IND,2014,Moderate,RF_T2,1,Moderate,0.08700019787506767,0.5657280785091017,0.34727172361583014
2014-0244-BGD,2014,Low,RF_T2,1,Severe,0.13500531592326662,0.3281152206344085,0.5368794634423247
2014-0254-MLI,2014,Severe,RF_T2,1,Moderate,0.060354346197875816,0.6034144532071528,0.3362312005949711
2014-0215-CHN,2014,Moderate,RF_T2,1,Severe,0.255667399816054,0.37116479579148715,0.37316780439245945
2014-0220-GIN,2014,Moderate,RF_T2,1,Moderate,0.0006210543711783176,0.9993789456288216,0.0
2014-0225-MYS,2014,Moderate,RF_T2,1,Moderate,0.05931229039619731,0.6669453966372819,0.27374231296652063
2014-0227-CHN,2014,Moderate,RF_T2,1,Low,0.48164785661436693,0.23370069746801359,0.2846514459176195
2014-0227-VNM,2014,Moderate,RF_T2,1,Low,0.5020010871281817,0.3634505969099505,0.13454831596186842
2014-0228-CHN,2014,Moderate,RF_T2,1,Moderate,0.22184968718671091,0.7781503128132894,0.0
2014-0232-PAK,2014,Moderate,RF_T2,1,Moderate,0.0,1.0,0.0
2014-0236-JPN,2014,Low,RF_T2,1,Low,0.745324182457645,0.17037912747027636,0.08429669007207899
2014-0239-MYS,2014,Moderate,RF_T2,1,Moderate,0.05928922792787107,0.6668524639798358,0.27385830809229295
2014-0240-CHN,2014,Moderate,RF_T2,1,Low,0.7189924447800201,0.19573187989357288,0.08527567532640704
2014-0268-IND,2014,Moderate,RF_T2,1,Severe,0.1047597029726884,0.36610803959129484,0.529132257436017
2014-0269-CHN,2014,Low,RF_T2,1,Low,0.565140153466555,0.30434221780699383,0.13051762872645103
2014-0275-LBY,2014,Moderate,RF_T2,1,Moderate,0.04661645557785665,0.48348403836232906,0.469899506059814
2014-0278-PAN,2014,Low,RF_T2,1,Low,0.8656549983599414,0.10420494777957655,0.030140053860482182
2014-0282-GHA,2014,Severe,RF_T2,1,Severe,0.33903038634111543,0.22013880477038578,0.44083080888849857
2014-0283-TGO,2014,Moderate,RF_T2,1,Moderate,0.0,1.0,0.0
2014-0284-CAF,2014,Moderate,RF_T2,1,Moderate,0.11796527139235562,0.5760629636120627,0.3059717649955813
2014-0286-EGY,2014,Moderate,RF_T2,1,Moderate,0.0,1.0,0.0
2014-0291-ARG,2014,Moderate,RF_T2,1,Moderate,0.002178655535923702,0.9978213444640762,0.0
2014-0294-CHN,2014,Severe,RF_T2,1,Moderate,0.048010602990733925,0.7025461731639808,0.24944322384528525
2014-0296-NPL,2014,Severe,RF_T2,1,Moderate,0.09864503001329361,0.5297267068370463,0.37162826314966
2014-0298-DZA,2014,Low,RF_T2,1,Low,0.7356574494021182,0.16613099596987638,0.0982115546280053
2014-0301-TWN,2014,Moderate,RF_T2,1,Moderate,0.13566274678662135,0.5332168809606799,0.3311203722526984
2014-0303-LBY,2014,Moderate,RF_T2,1,Moderate,0.044250973073022455,0.4892883173401039,0.46646070958687347
2014-0308-CHN,2014,Moderate,RF_T2,1,Moderate,0.22184968718671091,0.7781503128132894,0.0
2014-0311-ZAF,2014,Low,RF_T2,1,Low,0.7405036184408957,0.16472121603806233,0.0947751655210419
2014-0314-KOR,2014,Moderate,RF_T2,1,Low,0.7987807223494181,0.13249697569444588,0.06872230195613552
2014-0322-PAK,2014,Moderate,RF_T2,1,Severe,0.09548540849121087,0.37536493711482694,0.5291496543939619
2014-0328-BRA,2014,Moderate,RF_T2,1,Moderate,0.06128495530938936,0.6466180778855785,0.2920969668050317
2014-0330-PHL,2014,Moderate,RF_T2,1,Low,0.48498459523946386,0.3267712473283359,0.18824415743220083
2014-0340-TUR,2014,Moderate,RF_T2,1,Moderate,0.1322997980522997,0.631590208362387,0.23610999358531407
2014-0342-ZAF,2014,Moderate,RF_T2,1,Moderate,0.0,0.9909354315783397,0.009064568421660205
2014-0343-PAK,2014,Severe,RF_T2,1,Severe,0.03347233929437774,0.19346590631564908,0.773061754389973
2014-0345-THA,2014,Moderate,RF_T2,1,Low,0.4589313262151608,0.23423642376524828,0.30683225001959125
2014-0357-IND,2014,Moderate,RF_T2,1,Moderate,0.0007861713967723985,0.9992138286032276,0.0
2014-0362-PAK,2014,Moderate,RF_T2,1,Moderate,0.03967974354787685,0.48581012776934385,0.4745101286827796
2014-0366-LBY,2014,Moderate,RF_T2,1,Moderate,0.04571237083539097,0.5035887119083015,0.45069891725630723
2014-0367-CAF,2014,Moderate,RF_T2,1,Moderate,0.06283040543896977,0.5732387368398993,0.3639308577211301
2014-0371-CMR,2014,Moderate,RF_T2,1,Severe,0.33831702948343645,0.22619837503738088,0.4354845954791826
2014-0373-IND,2014,Moderate,RF_T2,1,Severe,0.06908547977234433,0.46096623459488467,0.46994828563277113
2014-0374-IDN,2014,Moderate,RF_T2,1,Moderate,0.12088285180433787,0.6069969067167406,0.27212024147892183
2014-0386-MEX,2014,Low,RF_T2,1,Low,0.6038453716350858,0.2072702732443917,0.1888843551205222
2014-0388-FRA,2014,Low,RF_T2,1,Low,0.8636979620264302,0.10782185485552193,0.028480183118047748
2014-0390-CHN,2014,Low,RF_T2,1,Low,0.6179544500782869,0.2596686494268943,0.12237690049481895
2014-0390-VNM,2014,Moderate,RF_T2,1,Low,0.42536857118221144,0.36348758864170677,0.21114384017608243
2014-0394-AGO,2014,Moderate,RF_T2,1,Moderate,0.0,1.0,0.0
2014-0409-IND,2014,Moderate,RF_T2,1,Severe,0.10689616726120943,0.37976201241859614,0.5133418203201946
2014-0448-ITA,2014,Low,RF_T2,1,Low,0.8207225734999878,0.12193358611964256,0.05734384038036973
2014-0414-PHL,2014,Low,RF_T2,1,Low,0.5542097113916858,0.24582050842171263,0.1999697801866011
2014-0464-CHN,2014,Low,RF_T2,1,Low,0.6896168826405088,0.19894060173357403,0.11144251562591748
2014-0417-MEX,2014,Low,RF_T2,1,Low,0.6783678939421516,0.17869651112395957,0.14293559493388874
2014-0418-ZMB,2014,Moderate,RF_T2,1,Moderate,0.054450655779225185,0.6297033938675001,0.3158459503532741
2014-0422-SLV,2014,Low,RF_T2,1,Low,0.5096394060337253,0.274020330568767,0.2163402633975073
2014-0425-MOZ,2014,Moderate,RF_T2,1,Low,0.5188621143368932,0.23369407643069587,0.24744380923241113
2014-0437-TUR,2014,Moderate,RF_T2,1,Moderate,0.05502455145477725,0.7027960994436789,0.24217934910154412
2014-0449-CHN,2014,Low,RF_T2,1,Low,0.58182241616055,0.22385279008123532,0.19432479375821446
2014-0481-NIC,2014,Moderate,RF_T2,1,Moderate,0.057789524076346174,0.6515192105095178,0.29069126541413576
2014-0483-IDN,2014,Severe,RF_T2,1,Moderate,0.12628424460903617,0.5892700825289796,0.2844456728619849
2014-0495-LKA,2014,Moderate,RF_T2,1,Low,0.5124608253813565,0.3582094447100577,0.12932972990858596
2014-0515-NER,2014,Low,RF_T2,1,Severe,0.18154609195648425,0.3112535984255733,0.5072003096179423
2014-0518-MOZ,2014,Low,RF_T2,1,Low,0.558866127106133,0.23272230047227116,0.20841157242159594
2014-0523-IND,2014,Severe,RF_T2,1,Severe,0.11734527887003143,0.32499261602581087,0.5576621051041579
2014-0526-COD,2014,Moderate,RF_T2,1,Severe,0.2132838299297504,0.26335240460779374,0.5233637654624557
2014-0569-PAK,2014,Moderate,RF_T2,1,Severe,0.07333658551420917,0.44520355187625904,0.4814598626095319
2014-0570-CHN,2014,Moderate,RF_T2,1,Moderate,0.04489794586951222,0.6807521500597935,0.2743499040706944
2014-0529-PER,2014,Moderate,RF_T2,1,Low,0.5963565744062118,0.24155800382325432,0.1620854217705335
2014-0534-PER,2014,Moderate,RF_T2,1,Low,0.6618330900652928,0.21441260395576747,0.12375430597893912
2014-0535-LKA,2014,Moderate,RF_T2,1,Moderate,0.4263783968111856,0.47191975630803396,0.10170184688078092
2014-0538-IND,2014,Moderate,RF_T2,1,Moderate,0.33472222311239913,0.4618052188663062,0.203472558021295
2014-0544-CHN,2014,Low,RF_T2,1,Low,0.7208171913447599,0.18494377332757783,0.09423903532766247
2014-0546-PAK,2014,Severe,RF_T2,1,Severe,0.1428328092610379,0.42398382080532643,0.4331833699336361
2014-0549-CHN,2014,Moderate,RF_T2,1,Moderate,0.2553574924181065,0.3747590168224033,0.36988349075949073
2014-0550-CHN,2014,Moderate,RF_T2,1,Severe,0.255667399816054,0.37116479579148715,0.37316780439245945
2014-0555-CHN,2014,Moderate,RF_T2,1,Low,0.5630642003230402,0.3096059236257079,0.12732987605125196
2014-0560-SDN,2014,Moderate,RF_T2,1,Severe,0.044902087378645116,0.4679639786406677,0.48713393398068705
2014-0571-PHL,2014,Low,RF_T2,1,Low,0.5627657513279594,0.25491297052365264,0.18232127814838728
2014-0573-NER,2014,Severe,RF_T2,1,Severe,0.14943494719670744,0.28131916567378673,0.5692458871295057
2014-0580-COD,2014,Moderate,RF_T2,1,Severe,0.034943616505042185,0.4134163565219361,0.5516400269730218
2015-0088-IRN,2015,Low,RF_T2,1,Low,0.42101226823043586,0.39356692253325704,0.18542080923630724
2015-0001-CPV,2015,Moderate,RF_T2,1,Moderate,0.059777089647047796,0.6226796341189904,0.3175432762339615
2015-0003-PAK,2015,Moderate,RF_T2,1,Moderate,0.0,1.0,0.0
2015-0017-PHL,2015,Low,RF_T2,1,Low,0.6869946551519045,0.209784733106363,0.1032206117417329
2015-0025-USA,2015,Moderate,RF_T2,1,Low,0.7236036375206518,0.23375377714675669,0.042642585332591305
2015-0036-IDN,2015,Low,RF_T2,1,Low,0.5964531034790561,0.25810093649210303,0.14544596002883997
2015-0042-COD,2015,Severe,RF_T2,1,Severe,0.048006458749829665,0.46894851266852494,0.48304502858164555
2015-0049-MRT,2015,Moderate,RF_T2,1,Moderate,0.0,1.0,0.0
2015-0058-AFG,2015,Moderate,RF_T2,1,Moderate,0.07312049105879623,0.4728714789261673,0.4540080300150369
2015-0066-RUS,2015,Moderate,RF_T2,1,Moderate,0.007059217328873104,0.992940782671127,0.0
2015-0070-ARG,2015,Low,RF_T2,1,Low,0.8347568621745546,0.12491786404996075,0.04032527377548494
2015-0071-UGA,2015,Moderate,RF_T2,1,Moderate,0.055905576311818014,0.5269380265248892,0.4171563971632924
2015-0073-USA,2015,Moderate,RF_T2,1,Low,0.7638350606783011,0.20437786811870548,0.03178707120299355
2015-0085-USA,2015,Moderate,RF_T2,1,Moderate,0.1799171285636612,0.6874177284190244,0.1326651430173148
2015-0176-PHL,2015,Low,RF_T2,1,Severe,0.33950974217502616,0.21803017682674009,0.4424600809982328
2015-0182-ITA,2015,Moderate,RF_T2,1,Moderate,0.06125824381856335,0.6176569035954391,0.32108485258599717
2015-0092-CHL,2015,Low,RF_T2,1,Low,0.8575864759058187,0.10339925433149133,0.039014269762689624
2015-0099-IND,2015,Moderate,RF_T2,1,Moderate,0.10479374503371008,0.5582401374310986,0.336966117535191
2015-0101-GIN,2015,Moderate,RF_T2,1,Moderate,0.0,1.0,0.0
2015-0102-PER,2015,Moderate,RF_T2,1,Moderate,0.0,1.0,0.0
2015-0105-FSM,2015,Low,RF_T2,1,Low,0.587476499551564,0.22311260441061204,0.18941089603782335
2015-0107-IND,2015,Moderate,RF_T2,1,Severe,0.11322123033985282,0.38221834898557877,0.5045604206745687
2015-0115-MEX,2015,Moderate,RF_T2,1,Moderate,0.0010825582510307795,0.9989174417489691,0.0
2015-0118-IND,2015,Low,RF_T2,1,Moderate,0.31785259185662823,0.4967106801441363,0.18543672799923566
2015-0119-TJK,2015,Moderate,RF_T2,1,Moderate,0.18806637318967018,0.5309548775094346,0.28097874930089445
2015-0188-CHN,2015,Moderate,RF_T2,1,Moderate,0.05040126969032559,0.7077125413958025,0.24188618891387195
2015-0124-PAK,2015,Moderate,RF_T2,1,Moderate,0.16358075901343277,0.6121850451641833,0.22423419582238394
2015-0126-IND,2015,Moderate,RF_T2,1,Moderate,0.340382670709726,0.4869838657962513,0.172633463494023
2015-0140-TZA,2015,Moderate,RF_T2,1,Moderate,0.0,1.0,0.0
2015-0144-BGD,2015,Low,RF_T2,1,Severe,0.16101694229539448,0.26356903589807773,0.5754140218065282
2015-0144-CHN,2015,Moderate,RF_T2,1,Severe,0.33263743897198006,0.18572031196780006,0.48164224906022035
2015-0144-IND,2015,Moderate,RF_T2,1,Severe,0.10607727489081749,0.1706825831512657,0.7232401419579166
2015-0200-NER,2015,Low,RF_T2,1,Severe,0.1494871001418814,0.26334641343755294,0.5871664864205662
2015-0201-GHA,2015,Severe,RF_T2,1,Moderate,0.23265799579187071,0.4800152611716244,0.2873267430365047
2015-0144-NPL,2015,Severe,RF_T2,1,Severe,0.14983342730096152,0.3207912988325181,0.5293752738665204
2015-0155-USA,2015,Low,RF_T2,1,Low,0.7545936069387351,0.15862359899675427,0.08678279406451034
2015-0156-BRA,2015,Low,RF_T2,1,Low,0.41501317192875337,0.20379693947040572,0.38118988860084113
2015-0157-BRA,2015,Moderate,RF_T2,1,Moderate,0.14905518702590778,0.5675675099951288,0.28337730297896313
2015-0159-KEN,2015,Moderate,RF_T2,1,Low,0.49340856192535626,0.2961358886955465,0.21045554937909705
2015-0162-CHN,2015,Low,RF_T2,1,Low,0.5614356625914727,0.3067019377419255,0.1318623996666014
2015-0169-PAK,2015,Moderate,RF_T2,1,Moderate,0.0,1.0,0.0
2015-0172-CHN,2015,Moderate,RF_T2,1,Moderate,0.22184968718671091,0.7781503128132894,0.0
2015-0175-NPL,2015,Severe,RF_T2,1,Severe,0.23596367770932036,0.328472057330132,0.4355642649605478
2015-0207-IND,2015,Low,RF_T2,1,Moderate,0.1973123684180736,0.49590177714208095,0.30678585443984596
2015-0211-USA,2015,Low,RF_T2,1,Low,0.7961723510101979,0.16541827924926447,0.03840936974053798
2015-0212-USA,2015,Moderate,RF_T2,1,Low,0.6732386001183669,0.14370533921432332,0.18305606066730973
2015-0227-GEO,2015,Moderate,RF_T2,1,Low,0.8203201626236801,0.13579996189418228,0.04387987548213784
2015-0213-BGD,2015,Moderate,RF_T2,1,Moderate,0.31911615206684757,0.48224647643500923,0.19863737149814345
2015-0214-CHN,2015,Low,RF_T2,1,Low,0.5707174772051328,0.3029253055333796,0.12635721726148738
2015-0293-BGD,2015,Moderate,RF_T2,1,Severe,0.11211057336577736,0.29053430462213403,0.5973551220120885
2015-0217-GHA,2015,Moderate,RF_T2,1,Low,0.5157819503994601,0.2539181011987135,0.23029994840182666
2015-0223-PER,2015,Moderate,RF_T2,1,Moderate,0.0,1.0,0.0
2015-0226-IND,2015,Low,RF_T2,1,Moderate,0.08623934314080899,0.5808234772379566,0.33293717962123415
2015-0240-CHN,2015,Moderate,RF_T2,1,Low,0.3817180235223445,0.3315893569144307,0.2866926195632247
2015-0300-LAO,2015,Moderate,RF_T2,1,Moderate,0.05444783856550632,0.6132020130619212,0.3323501483725723
2015-0556-SAU,2015,Moderate,RF_T2,1,Moderate,0.15153478778480942,0.5884336873115025,0.2600315249036885
2015-0247-CHN,2015,Low,RF_T2,1,Moderate,0.31049118864011527,0.3567260337900663,0.3327827775698186
2015-0253-BGD,2015,Moderate,RF_T2,1,Severe,0.1093789989583946,0.2836373396047238,0.6069836614368815
2015-0261-JPN,2015,Low,RF_T2,1,Low,0.7012634823666545,0.1922621358894617,0.10647438174388368
2015-0265-RUS,2015,Moderate,RF_T2,1,Moderate,0.0,1.0,0.0
2015-0281-SLB,2015,Low,RF_T2,1,Low,0.6785841164517703,0.1669046931761086,0.15451119037212097
2015-0284-PHL,2015,Low,RF_T2,1,Low,0.4939636356435625,0.2785450527132703,0.22749131164316702
2015-0367-COD,2015,Moderate,RF_T2,1,Severe,0.03380880993583159,0.41796443957130786,0.5482267504928604
2015-0308-MMR,2015,Severe,RF_T2,1,Low,0.4037286379326715,0.22579833728287282,0.3704730247844562
2015-0326-USA,2015,Low,RF_T2,1,Low,0.8182167100232928,0.15443130117480072,0.027351988801906466
2015-0336-COD,2015,Low,RF_T2,1,Low,0.71093903328947,0.1799930854918225,0.10906788121870764
2015-0339-TWN,2015,Low,RF_T2,1,Low,0.6041534560611563,0.19209674715015493,0.20374979678868788
2015-0346-BFA,2015,Low,RF_T2,1,Low,0.6139687193233043,0.21773757507120137,0.16829370560549475
2015-0353-GTM,2015,Low,RF_T2,1,Low,0.5582510523001643,0.22971652326196562,0.21203242443786993
2015-0360-ZAF,2015,Moderate,RF_T2,1,Moderate,0.0,0.9941742104122303,0.00582578958776961
2015-0374-IND,2015,Low,RF_T2,1,Severe,0.08142749323085316,0.3393476498595841,0.5792248569095629
2015-0376-AUT,2015,Moderate,RF_T2,1,Moderate,0.0017023705217154338,0.9982976294782846,0.0
2015-0386-SWZ,2015,Moderate,RF_T2,1,Moderate,0.0051402057258786,0.9948597942741213,0.0
2015-0417-SSD,2015,Severe,RF_T2,1,Moderate,0.1251156847119562,0.49026963382175587,0.3846146814662877
2015-0419-IND,2015,Severe,RF_T2,1,Moderate,0.08378169069758175,0.5804955975855066,0.3357227117169116
2015-0562-ZAF,2015,Low,RF_T2,1,Moderate,0.1870743950051818,0.5588782614503519,0.25404734354446606
2015-0429-IDN,2015,Moderate,RF_T2,1,Low,0.5683286672432596,0.2419306771893307,0.18974065556740904
2015-0432-TUR,2015,Moderate,RF_T2,1,Moderate,0.056072718382653014,0.6955954314880229,0.24833185012932407
2015-0435-CHL,2015,Moderate,RF_T2,1,Low,0.5330442794277694,0.11811537623303967,0.34884034433919053
2015-0436-SLE,2015,Moderate,RF_T2,1,Low,0.759198205428791,0.15471445932326983,0.08608733524793963
2015-0442-ZMB,2015,Moderate,RF_T2,1,Moderate,0.0,1.0,0.0
2015-0446-GTM,2015,Low,RF_T2,1,Low,0.5516513562760996,0.23962026359678043,0.2087283801271198
2015-0446-NIC,2015,Low,RF_T2,1,Low,0.6851413174194967,0.17416009445250596,0.1406985881279976
2015-0464-ZAF,2015,Moderate,RF_T2,1,Moderate,0.06609027520223436,0.6295355198896426,0.3043742049081226
2015-0468-UKR,2015,Moderate,RF_T2,1,Moderate,0.06305865134868884,0.6728631975797675,0.26407815107154375
2015-0485-IRQ,2015,Moderate,RF_T2,1,Low,0.6772406332966312,0.16950129105000147,0.15325807565336758
2015-0492-MMR,2015,Moderate,RF_T2,1,Low,0.41867677297578487,0.22148993997067595,0.35983328705353956
2015-0495-ROU,2015,Moderate,RF_T2,1,Moderate,0.14700586035386912,0.6073388240270358,0.2456553156190952
2015-0496-TUR,2015,Moderate,RF_T2,1,Moderate,0.05479607967027065,0.6935449373434545,0.2516589829862752
2015-0515-CHN,2015,Moderate,RF_T2,1,Moderate,0.046828821092529005,0.6927006677145429,0.26047051119292824
2015-0521-COD,2015,Moderate,RF_T2,1,Severe,0.030214369188669064,0.41448942808584066,0.5552962027254904
2015-0522-PER,2015,Low,RF_T2,1,Low,0.6820194264375575,0.20242600730674978,0.11555456625569263
2015-0527-IDN,2015,Moderate,RF_T2,1,Moderate,0.0007841293979401396,0.99921587060206,0.0
2015-0528-TJK,2015,Low,RF_T2,1,Low,0.5298239537656939,0.17877707395335182,0.29139897228095485
2015-0542-ALB,2015,Low,RF_T2,1,Low,0.8874488856520375,0.08966079171491799,0.022890322633044535
2015-0543-PHL,2015,Moderate,RF_T2,1,Severe,0.33234973279859736,0.22814142096809487,0.4395088462333071
2015-0551-ARG,2015,Low,RF_T2,1,Low,0.8214500387143243,0.1336745622139425,0.04487539907173344
2015-0558-USA,2015,Moderate,RF_T2,1,Low,0.7101090865331139,0.2226241896626649,0.06726672380422084
2015-0579-AGO,2015,Severe,RF_T2,1,Severe,0.29137579482316295,0.31229312777582774,0.39633107740100926
2015-0580-GHA,2015,Moderate,RF_T2,1,Severe,0.30121162867771845,0.29906898301478974,0.39971938830749154
2015-0581-AFG,2015,Low,RF_T2,1,Moderate,0.1329091535819379,0.6922893203927942,0.17480152602526786
2015-0586-UKR,2015,Low,RF_T2,1,Moderate,0.14982072630107354,0.6021792706640293,0.24800000303489733
2015-0610-JPN,2015,Low,RF_T2,1,Severe,0.17682437717576763,0.23079760716809922,0.5923780156561332
2015-0621-COL,2015,Moderate,RF_T2,1,Low,0.6167254030578251,0.2067520302398763,0.17652256670229788
2017-0534-USA,2017,Moderate,RF_T2,2,Moderate,0.22710544275105043,0.5424368302753414,0.23045772697360856
2017-0456-MAR,2017,Moderate,RF_T2,2,Moderate,0.1323697724630503,0.5535892800401547,0.314040947496795
2017-0582-AGO,2017,Moderate,RF_T2,2,Moderate,0.14291449173287618,0.47298766853158836,0.3840978397355357
2017-0575-BRA,2017,Moderate,RF_T2,2,Moderate,0.06096579884918892,0.6578894049812021,0.2811447961696093
2017-0572-USA,2017,Low,RF_T2,2,Moderate,0.2245755132099541,0.5571157624606203,0.2183087243294258
2017-0537-PHL,2017,Moderate,RF_T2,2,Moderate,0.00289725591497542,0.9970929481462446,9.795938780071321e-06
2017-0454-TZA,2017,Moderate,RF_T2,2,Moderate,0.050836621520241536,0.4808359623527636,0.4683274161269947
2017-0524-PHL,2017,Moderate,RF_T2,2,Low,0.5419179629643965,0.2743680356440364,0.18371400139156666
2017-0523-MEX,2017,Moderate,RF_T2,2,Moderate,0.0009067368294059222,0.9990834672318141,9.795938780071321e-06
2017-0522-PHL,2017,Moderate,RF_T2,2,Moderate,0.06197875686886613,0.6036540539131333,0.33436718921800135
2017-0517-IND,2017,Severe,RF_T2,2,Moderate,0.19976491154149773,0.46139006145366734,0.33884502700483465
2017-0516-THA,2017,Moderate,RF_T2,2,Low,0.7599569848845681,0.18608192862848316,0.05396108648694839
2017-0516-MYS,2017,Low,RF_T2,2,Low,0.8198647571303928,0.14239782260392014,0.03773742026568645
2017-0491-SAU,2017,Low,RF_T2,2,Low,0.49021224475321545,0.2442360242156471,0.26555173103113733
2017-0483-IND,2017,Moderate,RF_T2,2,Moderate,0.1651036153666937,0.4688012937493646,0.3660950908839419
2017-0465-THA,2017,Low,RF_T2,2,Low,0.6346711662528894,0.18450692654090062,0.18082190720621047
2017-0455-COL,2017,Moderate,RF_T2,2,Moderate,1.905718659861074e-05,0.9999711468746214,9.795938780071321e-06
2017-0453-RUS,2017,Moderate,RF_T2,2,Moderate,0.0009067368294059222,0.9990834672318141,9.795938780071321e-06
2017-0452-HTI,2017,Low,RF_T2,2,Low,0.5148960778489877,0.2618564096936992,0.22324751245731334
2017-0446-IRQ,2017,Moderate,RF_T2,2,Low,0.6075717968580693,0.17139193946849654,0.22103626367343512
2017-0437-HTI,2017,Moderate,RF_T2,2,Moderate,0.05198517162116096,0.55295544408978,0.3950593842890593
2017-0444-GRC,2017,Moderate,RF_T2,2,Low,0.8888718812136417,0.09263038715644152,0.018497731629916567
2017-0442-CHN,2017,Moderate,RF_T2,2,Moderate,0.22566989859818523,0.7743301014018144,0.0
2017-0440-TZA,2017,Moderate,RF_T2,2,Moderate,1.905718659861074e-05,0.9999711468746214,9.795938780071321e-06
2017-0432-PHL,2017,Low,RF_T2,2,Severe,0.3275183508465357,0.2973850288939896,0.37509662025947466
2017-0426-MWI,2017,Moderate,RF_T2,2,Moderate,1.905718659861074e-05,0.9999711468746214,9.795938780071321e-06
2017-0421-TCD,2017,Moderate,RF_T2,2,Severe,0.08454341745660342,0.1568808525217247,0.758575730021672
2017-0417-PRT,2017,Moderate,RF_T2,2,Low,0.8372120122026179,0.09699991367464351,0.06578807412273772
2017-0414-JPN,2017,Moderate,RF_T2,2,Moderate,0.06351233306272208,0.7066655537383685,0.22982211319891002
2017-0411-MDG,2017,Severe,RF_T2,2,Severe,0.18303241323052863,0.20008854261105163,0.6168790441584195
2017-0400-NGA,2017,Moderate,RF_T2,2,Severe,0.03578361828759362,0.4073752936921673,0.5568410880202388
2017-0397-IND,2017,Moderate,RF_T2,2,Moderate,0.1479300740866703,0.48098157405559633,0.3710883518577335
2017-0383-VIR,2017,Low,RF_T2,2,Low,0.7848871944028315,0.13220502861449557,0.0829077769826733
2017-0383-PRI,2017,Moderate,RF_T2,2,Low,0.6573986545555865,0.16525258544524143,0.17734875999917185
2017-0383-GLP,2017,Low,RF_T2,2,Low,0.784892647619228,0.13335679376927637,0.08175055861149591
2017-0320-FRA,2017,Low,RF_T2,2,Low,0.8776769924366855,0.09800833446277096,0.024314673100542965
2017-0382-MEX,2017,Moderate,RF_T2,2,Low,0.6341528274173921,0.1768427512264558,0.18900442135615206
2017-0381-VIR,2017,Low,RF_T2,2,Low,0.7842314902562748,0.13403447350810083,0.08173403623562464
2017-0381-ATG,2017,Low,RF_T2,2,Low,0.649210671842573,0.16316847882978625,0.18762084932764003
2017-0317-MDG,2017,Moderate,RF_T2,2,Moderate,1.905718659861074e-05,0.9999711468746214,9.795938780071321e-06
2017-0380-MRT,2017,Moderate,RF_T2,2,Low,0.7195422011532094,0.1843009500090078,0.09615684883778278
2017-0376-MEX,2017,Moderate,RF_T2,2,Low,0.7808997281312351,0.15463910770834108,0.06446116416042375
2017-0368-BFA,2017,Low,RF_T2,2,Low,0.5890082037701763,0.2228914961034435,0.18810030012637985
2017-0367-CMR,2017,Low,RF_T2,2,Low,0.6189558912144034,0.2133839694021243,0.16766013938347146
2017-0365-YEM,2017,Moderate,RF_T2,2,Low,0.6049134413000518,0.22517229318145845,0.16991426551848954
2017-0352-MAC,2017,Moderate,RF_T2,2,Low,0.7393257998193221,0.1615395254233604,0.09913467475731758
2017-0342-NPL,2017,Severe,RF_T2,2,Severe,0.14644676545837318,0.3204237546366491,0.5331294799049773
2017-0342-BGD,2017,Severe,RF_T2,2,Moderate,0.25278142540566423,0.4166429229377379,0.33057565165659764
2017-0340-COD,2017,Severe,RF_T2,2,Severe,0.09620360589959903,0.4371439795865737,0.46665241451382716
2017-0327-JPN,2017,Low,RF_T2,2,Low,0.82206304939605,0.1423727053586806,0.03556424524526938
2017-0311-MMR,2017,Low,RF_T2,2,Low,0.5391402764509434,0.23456155517248717,0.22629816837656927
2017-0310-DEU,2017,Low,RF_T2,2,Low,0.9041342256694043,0.08182749441732304,0.014038279913272292
2017-0287-CHN,2017,Moderate,RF_T2,2,Moderate,0.40483577093510387,0.47950613795218605,0.11565809111270994
2017-0284-CHN,2017,Moderate,RF_T2,2,Low,0.6627722434941219,0.24399585504098326,0.0932319014648941
2017-0278-IDN,2017,Moderate,RF_T2,2,Moderate,1.905718659861074e-05,0.9999711468746214,9.795938780071321e-06
2017-0272-NGA,2017,Moderate,RF_T2,2,Low,0.3903998658521999,0.2761572717516178,0.3334428623961821
2017-0266-IND,2017,Moderate,RF_T2,2,Moderate,0.17094742398034976,0.4747631111876592,0.35428946483199103
2017-0254-CHN,2017,Moderate,RF_T2,2,Moderate,0.4097565992359632,0.4753784221516098,0.11486497861242685
2017-0248-GHA,2017,Moderate,RF_T2,2,Moderate,0.09438356382205794,0.5653920873564999,0.3402243488214423
2017-0191-KEN,2017,Moderate,RF_T2,2,Severe,0.08137734924811946,0.42676374353434804,0.4918589072175321
2017-0227-HND,2017,Low,RF_T2,2,Low,0.6016656908716276,0.20179387267677915,0.19654043645159325
2017-0226-PHL,2017,Moderate,RF_T2,2,Low,0.5758771460536527,0.26962238483612316,0.15450046911022414
2017-0218-CHL,2017,Low,RF_T2,2,Low,0.568908634039097,0.12854223690810684,0.302549129052796
2017-0217-ZAF,2017,Low,RF_T2,2,Low,0.3724871285405808,0.2658624162949444,0.3616504551644753
2017-0199-PAK,2017,Severe,RF_T2,2,Moderate,0.10619229881937765,0.47167839784914556,0.42212930333147697
2017-0196-HND,2017,Low,RF_T2,2,Low,0.615838659122083,0.21192636544478508,0.1722349754331316
2017-0180-IND,2017,Low,RF_T2,2,Moderate,0.21220435994203923,0.47016809700744866,0.3176275430505119
2017-0178-ZAF,2017,Low,RF_T2,2,Low,0.6649886615118333,0.22192611190794218,0.11308522658022427
2017-0175-BRA,2017,Moderate,RF_T2,2,Moderate,1.905718659861074e-05,0.9999711468746214,9.795938780071321e-06
2017-0169-CHN,2017,Low,RF_T2,2,Moderate,0.4045987498218797,0.48482832334916065,0.11057292682895964
2017-0097-TUR,2017,Moderate,RF_T2,2,Moderate,0.04498959623798456,0.6416979294684229,0.3133124742935928
2017-0168-MEX,2017,Low,RF_T2,2,Low,0.7934813618623493,0.1482824596597467,0.05823617847790381
2017-0162-MMR,2017,Severe,RF_T2,2,Moderate,0.05245920300392435,0.49561473625328795,0.45192606074278774
2017-0157-IND,2017,Moderate,RF_T2,2,Moderate,1.905718659861074e-05,0.9999711468746214,9.795938780071321e-06
2017-0154-AFG,2017,Moderate,RF_T2,2,Moderate,1.905718659861074e-05,0.9999711468746214,9.795938780071321e-06
2017-0147-IDN,2017,Moderate,RF_T2,2,Low,0.6388744590316927,0.23602303843576133,0.12510250253254587
2017-0146-KGZ,2017,Moderate,RF_T2,2,Moderate,0.17601621007066748,0.5389597224803636,0.2850240674489693
2017-0145-PAK,2017,Moderate,RF_T2,2,Moderate,0.34499930922120725,0.5298210232480056,0.12517966753078713
2017-0136-USA,2017,Moderate,RF_T2,2,Low,0.7943575073622526,0.16989955013841096,0.03574294249933613
2017-0109-AGO,2017,Moderate,RF_T2,2,Low,0.5634904278652373,0.22981605434434077,0.20669351779042136
2017-0102-IDN,2017,Moderate,RF_T2,2,Moderate,0.14945631804050166,0.555706004622747,0.2948376773367522
2017-0096-IRN,2017,Moderate,RF_T2,2,Low,0.6268938595044592,0.24770760623048288,0.1253985342650577
2017-0091-ZWE,2017,Severe,RF_T2,2,Low,0.5384778482195564,0.2088977559706598,0.2526243958097835
2017-0086-FRA,2017,Low,RF_T2,2,Low,0.8603061471598975,0.10383539849316707,0.03585845434693486
2017-0078-GTM,2017,Moderate,RF_T2,2,Moderate,0.17777656431799238,0.4955187395052348,0.32670469617677306
2017-0075-MDG,2017,Moderate,RF_T2,2,Low,0.3566566641174224,0.3331990920479545,0.310144243834623
2016-0464-PER,2016,Low,RF_T2,2,Low,0.7574919129180948,0.13451556999773456,0.10799251708417007
2017-0063-ARG,2017,Moderate,RF_T2,2,Moderate,0.0015984450063805254,0.9983917590548395,9.795938780071321e-06
2017-0055-CHL,2017,Low,RF_T2,2,Low,0.8739406978800824,0.09548270038758876,0.030576601732328637
2017-0052-PER,2017,Low,RF_T2,2,Low,0.5909926431223904,0.21150731356179933,0.19750004331581014
2017-0039-USA,2017,Low,RF_T2,2,Low,0.5214981865325076,0.4475481607998189,0.030953652667673536
2017-0036-PER,2017,Moderate,RF_T2,2,Low,0.7737048017847946,0.1691924011701166,0.05710279704508863
2017-0034-TJK,2017,Moderate,RF_T2,2,Moderate,0.1750471064227354,0.5286043229735021,0.296348570603763
2017-0027-AFG,2017,Moderate,RF_T2,2,Severe,0.10887829522726085,0.42046447720087754,0.47065722757186174
2017-0026-AFG,2017,Moderate,RF_T2,2,Severe,0.10887829522726085,0.42046447720087754,0.47065722757186174
2017-0025-PAK,2017,Low,RF_T2,2,Moderate,0.10892172310921076,0.4478645198238942,0.44321375706689536
2017-0015-ITA,2017,Moderate,RF_T2,2,Low,0.7535295424471727,0.11858883398477411,0.12788162356805263
2017-0012-IND,2017,Moderate,RF_T2,2,Moderate,0.10268264421155708,0.5418065723003747,0.35551078348806836
2017-0010-BLR,2017,Moderate,RF_T2,2,Low,0.5412839621015183,0.2003106662796779,0.2584053716188038
2017-0005-KEN,2017,Moderate,RF_T2,2,Moderate,0.0,0.9430196657396516,0.0569803342603483
2016-0455-COL,2016,Moderate,RF_T2,2,Moderate,0.06093450432196683,0.6779470364730114,0.26111845920502214
2016-0447-NER,2016,Moderate,RF_T2,2,Severe,0.17120686800456622,0.2387919109879596,0.5900012210074743
2016-0578-BEN,2016,Moderate,RF_T2,2,Moderate,0.12428410619432777,0.44994383557797846,0.4257720582276939
2016-0575-SSD,2016,Moderate,RF_T2,2,Severe,0.16762923766767093,0.1899907253981424,0.6423800369341867
2016-0572-ETH,2016,Moderate,RF_T2,2,Moderate,0.11579227829432592,0.5324294365337845,0.3517782851718898
2016-0565-SOM,2016,Severe,RF_T2,2,Moderate,0.06846231948262754,0.5651652491864391,0.3663724313309335
2016-0556-PAK,2016,Moderate,RF_T2,2,Moderate,0.04697955855917127,0.5027389436144906,0.4502814978263384
2016-0434-IND,2016,Severe,RF_T2,2,Moderate,0.18667752266986912,0.5075229720407469,0.3057995052893847
2016-0320-ETH,2016,Moderate,RF_T2,2,Moderate,0.2222650269902257,0.4586180444047754,0.3191169286049988
2016-0554-PAK,2016,Moderate,RF_T2,2,Severe,0.14689650074689697,0.39101242575266154,0.462091073500441
2016-0553-PAK,2016,Severe,RF_T2,2,Moderate,0.2153049274561338,0.5947215444205881,0.1899735281232779
2016-0531-PRK,2016,Moderate,RF_T2,2,Low,0.38480280379032666,0.3046366347750534,0.3105605614346199
2016-0529-MOZ,2016,Moderate,RF_T2,2,Low,0.49688981239942476,0.25510862060090755,0.248001566999668
2016-0523-ZWE,2016,Moderate,RF_T2,2,Low,0.5925232373056816,0.24711313133797577,0.1603636313563425
2016-0522-BOL,2016,Low,RF_T2,2,Low,0.6405578187620672,0.21620568617722588,0.14323649506070707
2016-0518-BRA,2016,Severe,RF_T2,2,Severe,0.2742407345624628,0.3524463079289163,0.37331295750862103
2016-0501-MEX,2016,Moderate,RF_T2,2,Moderate,0.15059480669626518,0.5597731486836743,0.2896320446200608
2016-0500-PER,2016,Moderate,RF_T2,2,Moderate,1.905718659861074e-05,0.9999711468746214,9.795938780071321e-06
2016-0496-ESP,2016,Low,RF_T2,2,Low,0.8847715536351254,0.09202511057649793,0.023203335788376432
2016-0484-KEN,2016,Moderate,RF_T2,2,Moderate,0.0,0.9992726020320304,0.0007273979679696918
2016-0475-IDN,2016,Severe,RF_T2,2,Low,0.5543342583060034,0.19021096758786865,0.25545477410612816
2016-0433-PAN,2016,Low,RF_T2,2,Low,0.884275214132319,0.0943131313551704,0.0214116545125101
2016-0424-MEX,2016,Low,RF_T2,2,Low,0.5769955709858723,0.2598632066140481,0.16314122240007967
2016-0416-PAK,2016,Moderate,RF_T2,2,Moderate,0.10076465343773458,0.5140307474649423,0.38520459909732335
2016-0415-IDN,2016,Moderate,RF_T2,2,Moderate,0.05358092239010214,0.6251771225169956,0.3212419550929033
2016-0414-VNM,2016,Moderate,RF_T2,2,Moderate,0.1654288776693794,0.5620199257666099,0.272551196564011
2016-0412-CHN,2016,Moderate,RF_T2,2,Moderate,0.04979576932154262,0.5674149221621481,0.38278930851630927
2016-0410-LBY,2016,Moderate,RF_T2,2,Severe,0.026574549980121893,0.458740219136289,0.5146852308835896
2016-0399-IND,2016,Moderate,RF_T2,2,Moderate,0.11229628089157845,0.5100680335288839,0.3776356855795379
2016-0397-LBY,2016,Moderate,RF_T2,2,Severe,0.02635401343384813,0.4599291374210232,0.5137168491451292
2016-0396-CHN,2016,Moderate,RF_T2,2,Moderate,0.05608639802853831,0.6169613877923903,0.3269522141790716
2016-0390-JPN,2016,Low,RF_T2,2,Low,0.799044172845931,0.15644448820532025,0.04451133894874789
2016-0387-PAK,2016,Moderate,RF_T2,2,Severe,0.14689650074689697,0.39101242575266154,0.462091073500441
2016-0379-VNM,2016,Moderate,RF_T2,2,Low,0.5649361611183572,0.33507350448482626,0.09999033439681682
2016-0375-PAK,2016,Moderate,RF_T2,2,Moderate,0.14641737892667928,0.43821774825201726,0.41536487282130297
2016-0368-LBY,2016,Moderate,RF_T2,2,Severe,0.02635401343384813,0.4599291374210232,0.5137168491451292
2016-0364-PHL,2016,Low,RF_T2,2,Severe,0.34840281398818546,0.2968824366403232,0.3547147493714912
2016-0362-VNM,2016,Moderate,RF_T2,2,Low,0.5258758337593704,0.3781172627190185,0.09600690352161119
2016-0359-EGY,2016,Moderate,RF_T2,2,Low,0.6112944191561214,0.26627557491589104,0.12243000592798726
2016-0355-VCT,2016,Low,RF_T2,2,Low,0.8988224835372006,0.08586857434244646,0.015308942120352867
2016-0355-USA,2016,Moderate,RF_T2,2,Low,0.7992840676403226,0.17372914374695558,0.02698678861272196
2016-0321-PRK,2016,Severe,RF_T2,2,Low,0.3753978826893413,0.3211050115707398,0.30349710573991906
2016-0334-GRC,2016,Low,RF_T2,2,Low,0.8754295377380941,0.0962258753918319,0.02834458687007375
2016-0333-MEX,2016,Low,RF_T2,2,Low,0.7591621163724899,0.1570795633397668,0.08375832028774312
2016-0332-MEX,2016,Moderate,RF_T2,2,Low,0.6748884172575846,0.20422756069063586,0.12088402205177919
2016-0329-UGA,2016,Low,RF_T2,2,Low,0.7382241557769034,0.15947720574628546,0.10229863847681124
2016-0329-TZA,2016,Moderate,RF_T2,2,Low,0.732363423105527,0.16201101449180327,0.10562556240266974
2016-0328-BGD,2016,Moderate,RF_T2,2,Moderate,0.17999220605139746,0.42154437427459307,0.3984634196740094
2016-0324-JPN,2016,Moderate,RF_T2,2,Low,0.813217908136506,0.15326226519816444,0.033519826665329315
2016-0314-RUS,2016,Moderate,RF_T2,2,Moderate,0.15064053218209225,0.5844848340781317,0.26487463373977677
2016-0309-AFG,2016,Moderate,RF_T2,2,Moderate,0.18296818639484957,0.4234973971523448,0.39353441645280546
2016-0294-SDN,2016,Moderate,RF_T2,2,Moderate,1.905718659861074e-05,0.9999711468746214,9.795938780071321e-06
2016-0290-CHN,2016,Moderate,RF_T2,2,Moderate,0.04838680502633187,0.5050882228177104,0.44652497215595766
2016-0282-MKD,2016,Moderate,RF_T2,2,Low,0.8907778849731182,0.0891843593256238,0.020037755701257563
2016-0279-FRA,2016,Moderate,RF_T2,2,Moderate,0.18884080167049336,0.5823939628503643,0.2287652354791432
2016-0277-USA,2016,Moderate,RF_T2,2,Moderate,0.1875504960082428,0.6134952164256137,0.19895428756614372
2016-0275-NPL,2016,Moderate,RF_T2,2,Severe,0.16391041122830413,0.33945658910948695,0.4966329996622086
2016-0272-MLI,2016,Moderate,RF_T2,2,Low,0.6376653318626753,0.2016269602424083,0.16070770789491567
2016-0271-IND,2016,Severe,RF_T2,2,Moderate,0.1911497984519118,0.4725505813453425,0.33629962020274556
2016-0264-USA,2016,Low,RF_T2,2,Low,0.827068210928703,0.146890653219298,0.026041135851998857
2016-0256-TWN,2016,Low,RF_T2,2,Low,0.6473144720063743,0.18155641458067048,0.17112911341295503
2016-0253-RUS,2016,Moderate,RF_T2,2,Moderate,0.05748598662751051,0.6955329189533822,0.24698109441910723
2016-0250-CHN,2016,Moderate,RF_T2,2,Moderate,0.05654713787115639,0.5575424714517068,0.385910390677136
2016-0248-MOZ,2016,Moderate,RF_T2,2,Low,0.4183304167721541,0.24838869111513834,0.3332808921127072
2016-0239-IND,2016,Moderate,RF_T2,2,Severe,0.056463181271614586,0.16940805291992736,0.774128765808458
2016-0235-CHN,2016,Moderate,RF_T2,2,Low,0.6668182107495542,0.23741430689709955,0.09576748235334515
2016-0233-CHN,2016,Moderate,RF_T2,2,Moderate,0.3797703756917737,0.5000411937047357,0.12018843060349081
2016-0217-RUS,2016,Moderate,RF_T2,2,Moderate,0.05575285073309918,0.616389905240968,0.32785724402593347
2016-0216-IDN,2016,Moderate,RF_T2,2,Moderate,0.14600165477305135,0.550350704222721,0.30364764100422836
2016-0195-IND,2016,Moderate,RF_T2,2,Moderate,0.1768268797803566,0.4702228036507381,0.3529503165689054
2016-0191-TJK,2016,Low,RF_T2,2,Low,0.6394394760242379,0.2086863766871892,0.151874147288573
2016-0189-MMR,2016,Moderate,RF_T2,2,Low,0.5950405277493203,0.21992296145309995,0.18503651079757918
2016-0180-UKR,2016,Moderate,RF_T2,2,Moderate,0.16378003453709264,0.5646389579403508,0.27158100752255665
2016-0177-IND,2016,Moderate,RF_T2,2,Moderate,0.17949423301990602,0.47722268560782355,0.3432830813722708
2016-0173-IND,2016,Moderate,RF_T2,2,Moderate,1.905718659861074e-05,0.9999711468746214,9.795938780071321e-06
2016-0170-USA,2016,Moderate,RF_T2,2,Low,0.7993953853877568,0.16655323258790464,0.0340513820243383
2016-0165-HTI,2016,Moderate,RF_T2,2,Low,0.5483028699314846,0.26221421534310135,0.18948291472541406
2016-0163-AFG,2016,Moderate,RF_T2,2,Moderate,1.905718659861074e-05,0.9999711468746214,9.795938780071321e-06
2016-0156-IDN,2016,Moderate,RF_T2,2,Moderate,0.14706974413845134,0.5517728730352839,0.30115738282626564
2016-0154-BGD,2016,Moderate,RF_T2,2,Low,0.4959010398893705,0.41088707320768764,0.0932118869029415
2016-0146-MMR,2016,Moderate,RF_T2,2,Moderate,0.05444209580662398,0.507527008482596,0.4380308957107805
2016-0142-BDI,2016,Moderate,RF_T2,2,Moderate,7.165659546230607e-05,0.9961919833609927,0.003736360043545064
2016-0141-FJI,2016,Low,RF_T2,2,Low,0.8311037980935418,0.1151319736471996,0.053764228259258924
2016-0131-AGO,2016,Moderate,RF_T2,2,Low,0.5075471990477756,0.22823202828354447,0.2642207726686796
2016-0120-YEM,2016,Moderate,RF_T2,2,Low,0.6010860548355119,0.22090959523590578,0.17800434992858188
2016-0118-CHL,2016,Moderate,RF_T2,2,Low,0.8776462515153273,0.0954198702575375,0.02693387822713471
2016-0114-SAU,2016,Moderate,RF_T2,2,Moderate,0.13394630614879843,0.49153735097134965,0.3745163428798518
2016-0109-FRA,2016,Moderate,RF_T2,2,Moderate,0.00345576700725284,0.9965344370539672,9.795938780071321e-06
2016-0105-SAU,2016,Moderate,RF_T2,2,Low,0.5823696102009279,0.366027758431805,0.051602631367266824
2016-0103-CHN,2016,Moderate,RF_T2,2,Moderate,0.05511365577282136,0.6541722394577011,0.2907141047694775
2016-0097-PER,2016,Moderate,RF_T2,2,Moderate,1.905718659861074e-05,0.9999711468746214,9.795938780071321e-06
2016-0095-CHN,2016,Low,RF_T2,2,Moderate,0.3232338411177885,0.34932214242972526,0.3274440164524864
2016-0092-IDN,2016,Low,RF_T2,2,Low,0.6622578392562849,0.23334563466561994,0.10439652607809564
2016-0089-KEN,2016,Low,RF_T2,2,Low,0.4906977416294993,0.30231963431985365,0.20698262405064743
2016-0086-USA,2016,Low,RF_T2,2,Low,0.815820064214522,0.15718080320365166,0.026999132581825902
2016-0084-ECU,2016,Moderate,RF_T2,2,Moderate,0.04864353775322193,0.6596279866401225,0.2917284756066558
2016-0077-BRA,2016,Moderate,RF_T2,2,Low,0.6387581641860005,0.2347937663538345,0.12644806946016526
2016-0064-RUS,2016,Moderate,RF_T2,2,Moderate,0.1459916436277967,0.5820163767473702,0.27199197962483374
2016-0051-USA,2016,Moderate,RF_T2,2,Low,0.5486303887805042,0.4289617819715965,0.022407829247899608
2016-0046-GIN,2016,Moderate,RF_T2,2,Moderate,1.905718659861074e-05,0.9999711468746214,9.795938780071321e-06
2016-0043-TWN,2016,Severe,RF_T2,2,Low,0.6233222370062389,0.16494573010150795,0.2117320328922532
2016-0032-ECU,2016,Low,RF_T2,2,Low,0.6072702913329561,0.19125570717277696,0.20147400149426797
2016-0024-TUR,2016,Moderate,RF_T2,2,Moderate,0.05647224756092752,0.6879852614386429,0.25554249100043025
2016-0023-TWN,2016,Moderate,RF_T2,2,Low,0.46630951156493783,0.19714096094554184,0.3365495274895205
2016-0023-CHN,2016,Low,RF_T2,2,Low,0.4120897793906376,0.2400251284791883,0.3478850921301737
2016-0020-PER,2016,Moderate,RF_T2,2,Moderate,0.0007861303573303181,0.9992040737038896,9.795938780071321e-06
2016-0019-IDN,2016,Low,RF_T2,2,Low,0.7414838092496434,0.17060571827629037,0.08791047247406605
2016-0017-JPN,2016,Moderate,RF_T2,2,Moderate,0.005833661976764415,0.9941565420844555,9.795938780071321e-06
2016-0009-MYS,2016,Moderate,RF_T2,2,Moderate,0.058344082137289484,0.6558229954466872,0.285832922416024
2016-0008-GRC,2016,Moderate,RF_T2,2,Moderate,0.060565370332719984,0.6573182433509646,0.28211638631631597
2016-0110-DZA,2016,Moderate,RF_T2,2,Moderate,0.041844618633028234,0.5754034745849824,0.3827519067819894
2016-0204-COL,2016,Moderate,RF_T2,2,Moderate,0.05903448272173759,0.6372979394919639,0.3036675777862987
2016-0208-IDN,2016,Moderate,RF_T2,2,Moderate,0.05851319402785374,0.5971188304206452,0.344367975551502
2017-0560-CIV,2017,Low,RF_T2,2,Severe,0.19228791969299036,0.21986934398848534,0.5878427363185244
2016-0048-IND,2016,Moderate,RF_T2,2,Moderate,0.16149891822199594,0.4858085502730767,0.3526925315049278
2016-0001-POL,2016,Moderate,RF_T2,2,Low,0.3544004118763868,0.33020485825435225,0.3153947298692611
2017-0201-CHN,2017,Moderate,RF_T2,2,Moderate,0.06398856735205166,0.5468417222858256,0.3891697103621223
2016-0001-UKR,2016,Moderate,RF_T2,2,Low,0.39304980136073053,0.29290849817989867,0.3140417004593704
2016-0002-BGD,2016,Low,RF_T2,2,Severe,0.35692439709378193,0.26587870192722324,0.3771969009789943
2016-0003-PAK,2016,Moderate,RF_T2,2,Moderate,1.905718659861074e-05,0.9999711468746214,9.795938780071321e-06
2016-0049-IND,2016,Moderate,RF_T2,2,Moderate,0.17444376720460678,0.4654551473271496,0.3601010854682441
2016-0005-EGY,2016,Moderate,RF_T2,2,Moderate,0.058692356667655335,0.6133091666658033,0.327998476666542
2016-0007-RUS,2016,Moderate,RF_T2,2,Moderate,0.1623102851025788,0.5875630755372481,0.25012663936017376
2016-0022-USA,2016,Moderate,RF_T2,2,Moderate,0.16727064297584368,0.6633169055913538,0.16941245143280254
2016-0325-MEX,2016,Low,RF_T2,2,Low,0.7752154219305084,0.16649336809463372,0.05829120997485776
2016-0033-BRA,2016,Low,RF_T2,2,Low,0.5719816615047071,0.2080802519822414,0.21993808651305094
2016-0040-IDN,2016,Low,RF_T2,2,Low,0.3995950453362759,0.2646820086921763,0.33572294597154784
2016-0053-HTI,2016,Low,RF_T2,2,Low,0.5682400387550007,0.25531100182692595,0.17644895941807306
2016-0073-NGA,2016,Moderate,RF_T2,2,Moderate,0.06083565345519162,0.5094464131921705,0.42971793335263775
2016-0075-EGY,2016,Moderate,RF_T2,2,Moderate,1.905718659861074e-05,0.9974091604477947,0.0025717823656067236
2016-0082-ESP,2016,Moderate,RF_T2,2,Moderate,0.0030165709303086275,0.9968509223770823,0.0001325066926091859
2016-0083-JOR,2016,Moderate,RF_T2,2,Moderate,0.009757378832645106,0.9902328252285748,9.795938780071321e-06
2016-0101-ETH,2016,Moderate,RF_T2,2,Severe,0.31188722391870527,0.27919516690608515,0.4089176091752097
2016-0115-URY,2016,Low,RF_T2,2,Low,0.7082376113045432,0.13716729636526248,0.15459509233019367
2016-0116-IND,2016,Moderate,RF_T2,2,Moderate,1.905718659861074e-05,0.9999711468746214,9.795938780071321e-06
2016-0330-THA,2016,Moderate,RF_T2,2,Moderate,0.05586250582848702,0.6978850042246781,0.24625248994683538
2016-0120-SAU,2016,Low,RF_T2,2,Low,0.5770652283735624,0.36717818199735247,0.05575658962908496
2016-0121-JPN,2016,Moderate,RF_T2,2,Low,0.7606029018032118,0.11171538918297903,0.1276817090138093
2016-0123-USA,2016,Low,RF_T2,2,Low,0.8183183050343318,0.15115275751361107,0.030528937452056912
2016-0129-MWI,2016,Moderate,RF_T2,2,Low,0.6224023694252694,0.20886883358409836,0.1687287969906317
2016-0268-VNM,2016,Low,RF_T2,2,Low,0.5178746231666208,0.36931890255336947,0.11280647428000938
2016-0133-IND,2016,Severe,RF_T2,2,Severe,0.056356087853023436,0.1594760720040261,0.7841678401429496
2016-0139-IND,2016,Moderate,RF_T2,2,Moderate,0.2563365778791778,0.44590055993243183,0.2977628621883905
2016-0144-MEX,2016,Moderate,RF_T2,2,Moderate,0.1436553662964804,0.5687601079437341,0.287584525759786
2016-0149-RWA,2016,Moderate,RF_T2,2,Low,0.6880948464342083,0.1822263316130067,0.12967882195278496
2016-0150-USA,2016,Low,RF_T2,2,Low,0.8055231343153394,0.15722394732947412,0.037252918355185946
2016-0153-LKA,2016,Severe,RF_T2,2,Low,0.666145199743783,0.27245937372718776,0.06139542652902925
2016-0155-IND,2016,Moderate,RF_T2,2,Moderate,1.905718659861074e-05,0.9999711468746214,9.795938780071321e-06
2016-0166-NOR,2016,Moderate,RF_T2,2,Moderate,0.08678744123917616,0.6976978516006332,0.21551470716019105
2016-0175-BGD,2016,Moderate,RF_T2,2,Low,0.4776927401267671,0.3500735823356912,0.1722336775375417
2016-0179-POL,2016,Low,RF_T2,2,Low,0.8523976675255927,0.10366082784121886,0.04394150463318887
2016-0183-USA,2016,Moderate,RF_T2,2,Low,0.800811713798803,0.16814125920807446,0.031047026993122267
2016-0185-HTI,2016,Low,RF_T2,2,Low,0.5620244882901757,0.24830517678178027,0.1896703349280439
2016-0194-CHN,2016,Moderate,RF_T2,2,Moderate,0.3706760230616205,0.5110268833062721,0.11829709363210757
2016-0199-DZA,2016,Moderate,RF_T2,2,Moderate,1.905718659861074e-05,0.9999711468746214,9.795938780071321e-06
2016-0202-GRC,2016,Severe,RF_T2,2,Moderate,0.05497772546847768,0.6565585699121007,0.2884637046194224
2016-0209-CHN,2016,Severe,RF_T2,2,Low,0.6874503464194376,0.20885727559236056,0.10369237798820137
2016-0336-NGA,2016,Moderate,RF_T2,2,Low,0.4445337081627973,0.30763618839000006,0.24783010344720197
2016-0211-BEL,2016,Low,RF_T2,2,Low,0.9176783639328396,0.07132959441663926,0.010992041650520708
2016-0221-JPN,2016,Low,RF_T2,2,Low,0.793887243894028,0.16451098858780874,0.041601767518162996
2016-0224-MMR,2016,Moderate,RF_T2,2,Moderate,0.12304283473492716,0.4837361904940171,0.39322097477105566
2016-0234-IND,2016,Moderate,RF_T2,2,Moderate,0.2874271661063313,0.5530630430975617,0.15950979079610694
2016-0263-IRN,2016,Moderate,RF_T2,2,Moderate,0.001859151175984859,0.9981310528852352,9.795938780071321e-06
2016-0267-NPL,2016,Severe,RF_T2,2,Severe,0.16500089055192524,0.37321424333057795,0.46178486611749636
2016-0270-PAK,2016,Moderate,RF_T2,2,Severe,0.1554972879629577,0.39327547499807036,0.45122723703897133
2016-0313-ITA,2016,Severe,RF_T2,2,Low,0.7807546398982339,0.10364611906276167,0.11559924103900365
2016-0276-IND,2016,Severe,RF_T2,2,Moderate,0.1911497984519118,0.4725505813453425,0.33629962020274556
2016-0285-PRT,2016,Low,RF_T2,2,Low,0.894187194247329,0.08858601559197482,0.017226790160695598
2016-0286-IRQ,2016,Moderate,RF_T2,2,Moderate,0.16364271216806664,0.5413959186978059,0.294961369134128
2016-0300-CAF,2016,Moderate,RF_T2,2,Severe,0.1264034621322295,0.21817494615481742,0.6554215917129536
2016-0304-IND,2016,Moderate,RF_T2,2,Moderate,0.1904716931481431,0.4664369520078504,0.34309135484400644
2016-0305-ZAF,2016,Low,RF_T2,2,Low,0.5981315737040337,0.2389995912963005,0.16286883499966587
2016-0354-VEN,2016,Moderate,RF_T2,2,Moderate,1.905718659861074e-05,0.9999711468746214,9.795938780071321e-06
2016-0347-EGY,2016,Severe,RF_T2,2,Moderate,0.054212776791065655,0.6487713449809697,0.29701587822796544
2016-0350-TWN,2016,Low,RF_T2,2,Low,0.6422999442456623,0.18396254179703087,0.17373751395730663
2016-0352-CIV,2016,Moderate,RF_T2,2,Low,0.7224473001863201,0.17697906441865385,0.10057363539502624
2016-0361-KOR,2016,Low,RF_T2,2,Low,0.7510151844446254,0.19474247063338207,0.054242344921992175
2017-0295-IND,2017,Moderate,RF_T2,2,Moderate,0.15651019561866117,0.5346574134108298,0.30883239097050974
2016-0369-MMR,2016,Low,RF_T2,2,Low,0.4998968272094182,0.2240457569798198,0.2760574158107621
2016-0376-CHN,2016,Moderate,RF_T2,2,Moderate,0.37247606014573886,0.4989865076180496,0.1285374322362114
2016-0377-PHL,2016,Moderate,RF_T2,2,Low,0.666358078702175,0.21262653842925847,0.12101538286856664
2016-0383-MMR,2016,Low,RF_T2,2,Low,0.4136155456896347,0.18891242869165634,0.39747202561870904
2016-0391-IND,2016,Moderate,RF_T2,2,Severe,0.0634384561856094,0.17417294809357253,0.7623885957208185
2016-0392-SLB,2016,Moderate,RF_T2,2,Severe,0.29540894652151467,0.27679391189366287,0.42779714158482274
2016-0393-CMR,2016,Moderate,RF_T2,2,Moderate,0.1311480824308889,0.5189550702140427,0.34989684735506865
2016-0395-NZL,2016,Low,RF_T2,2,Low,0.5672767328910244,0.1029074818536195,0.3298157852553557
2016-0400-VNM,2016,Moderate,RF_T2,2,Moderate,0.35459252305662103,0.37245740940964817,0.2729500675337306
2016-0401-MMR,2016,Moderate,RF_T2,2,Moderate,0.05308087993335743,0.5619267436474712,0.3849923764191715
2016-0402-PAK,2016,Moderate,RF_T2,2,Moderate,1.905718659861074e-05,0.9999711468746214,9.795938780071321e-06
2016-0403-IND,2016,Moderate,RF_T2,2,Moderate,0.20500593162678277,0.4892931939738403,0.30570087439937743
2016-0411-IDN,2016,Moderate,RF_T2,2,Moderate,0.1372656377757937,0.5473864553777442,0.3153479068464627
2016-0413-PAK,2016,Moderate,RF_T2,2,Moderate,0.09421675701538233,0.47908996667430126,0.42669327631031667
2016-0417-LBY,2016,Severe,RF_T2,2,Severe,0.02606318599206287,0.4668477166747426,0.5070890973331948
2016-0418-HTI,2016,Moderate,RF_T2,2,Low,0.4975368320765397,0.26100480325905895,0.24145836466440126
2016-0421-IRN,2016,Moderate,RF_T2,2,Moderate,0.0027468308187921704,0.9972433732424277,9.795938780071321e-06
2016-0438-THA,2016,Moderate,RF_T2,2,Moderate,0.015459760462786912,0.9845304435984331,9.795938780071321e-06
2016-0439-COD,2016,Moderate,RF_T2,2,Severe,0.11680836327256282,0.22428856140321776,0.6589030753242193
2016-0445-PHL,2016,Moderate,RF_T2,2,Low,0.666358078702175,0.21262653842925847,0.12101538286856664
2016-0448-BEN,2016,Moderate,RF_T2,2,Severe,0.37002932250115017,0.15872723726719778,0.47124344023165227
2016-0449-SEN,2016,Low,RF_T2,2,Low,0.5804723267065889,0.21494464276734127,0.20458303052606935
2016-0450-IRN,2016,Moderate,RF_T2,2,Moderate,0.19963338343239273,0.552815502702412,0.24755111386519527
2016-0453-ITA,2016,Low,RF_T2,2,Low,0.8701284453523183,0.1095781367497069,0.020293417897973568
2016-0466-USA,2016,Moderate,RF_T2,2,Moderate,0.22751268309431202,0.5437645179264642,0.22872279897922415
2016-0472-THA,2016,Moderate,RF_T2,2,Low,0.6884133497644679,0.18991821484056856,0.12166843539496329
2016-0478-ZAF,2016,Low,RF_T2,2,Low,0.5823736841940595,0.24593103102804767,0.17169528477789267
2016-0480-CHN,2016,Low,RF_T2,2,Low,0.5431001759924848,0.19946412769334715,0.2574356963141682
2016-0481-SAU,2016,Low,RF_T2,2,Low,0.5817576314491323,0.3549263756345519,0.06331599291631627
2016-0498-COD,2016,Moderate,RF_T2,2,Moderate,0.05025132554951756,0.5349320290321754,0.4148166454183068
2016-0507-COD,2016,Moderate,RF_T2,2,Low,0.42915504015667555,0.26164489612041486,0.3092000637229095
2016-0521-USA,2016,Moderate,RF_T2,2,Low,0.5150906112425229,0.45888292490406685,0.026026463853410262
2016-0525-IDN,2016,Moderate,RF_T2,2,Low,0.6270181259676708,0.24397666847447458,0.12900520555785452
2016-0538-JPN,2016,Low,RF_T2,2,Severe,0.3182361895840545,0.23393554231473998,0.4478282681012056
2016-0546-MOZ,2016,Moderate,RF_T2,2,Low,0.5692096287998718,0.25985383272907203,0.17093653847105622
2016-0552-USA,2016,Low,RF_T2,2,Low,0.7994890121180874,0.1695359251480449,0.030975062733867353
2016-0554-IND,2016,Moderate,RF_T2,2,Moderate,0.1911497984519118,0.4725505813453425,0.33629962020274556
2016-0563-PHL,2016,Low,RF_T2,2,Moderate,0.19568879208497938,0.5199207045750699,0.28439050333995114
2016-0566-TUR,2016,Moderate,RF_T2,2,Moderate,0.05647224756092752,0.6879852614386429,0.25554249100043025
2016-0567-LBY,2016,Moderate,RF_T2,2,Severe,0.025371205679040124,0.4027320224392135,0.571896771881747
2016-0576-NGA,2016,Severe,RF_T2,2,Severe,0.10930182887141073,0.2101282604007147,0.680569910727875
2017-0351-RUS,2017,Moderate,RF_T2,2,Moderate,1.905718659861074e-05,0.9999711468746214,9.795938780071321e-06
2017-0016-IRN,2017,Moderate,RF_T2,2,Moderate,0.17500834754727268,0.5638172771714332,0.2611743752812945
2017-0022-USA,2017,Moderate,RF_T2,2,Low,0.7824713972312481,0.18485470210541036,0.03267390066334131
2017-0024-ITA,2017,Moderate,RF_T2,2,Moderate,0.0015984450063805254,0.9983917590548395,9.795938780071321e-06
2017-0083-GHA,2017,Moderate,RF_T2,2,Low,0.6572822019252085,0.21554943117133726,0.12716836690345443
2017-0038-AFG,2017,Moderate,RF_T2,2,Moderate,0.2794051653489552,0.4893551995482043,0.23123963510284107
2017-0406-PHL,2017,Moderate,RF_T2,2,Low,0.6861037848317629,0.2051888571567168,0.10870735801151965
2017-0045-PAK,2017,Moderate,RF_T2,2,Moderate,0.2390827262841921,0.5108981281378602,0.25001914557794813
2017-0059-IDN,2017,Low,RF_T2,2,Low,0.506237513008821,0.28783139694150944,0.2059310900496696
2017-0070-USA,2017,Low,RF_T2,2,Low,0.7845370866781708,0.16903631059796184,0.04642660272386669
2017-0076-CHN,2017,Moderate,RF_T2,2,Moderate,0.058356525141306494,0.6462289931552334,0.29541448170346024
2017-0081-NPL,2017,Moderate,RF_T2,2,Moderate,1.905718659861074e-05,0.9999711468746214,9.795938780071321e-06
2017-0150-LBY,2017,Moderate,RF_T2,2,Severe,0.026747167515241848,0.39067969627849225,0.5825731362062668
2017-0300-CMR,2017,Moderate,RF_T2,2,Moderate,0.05767525193228623,0.5373084139118791,0.40501633415583543
2017-0084-PER,2017,Severe,RF_T2,2,Low,0.5917505821468887,0.21433624448847605,0.19391317336463507
2017-0085-PAN,2017,Moderate,RF_T2,2,Moderate,0.007112965437733319,0.9927545278696577,0.0001325066926091859
2017-0088-MMR,2017,Moderate,RF_T2,2,Moderate,0.059608109696264934,0.5030263013845163,0.437365588919219
2017-0093-SOM,2017,Severe,RF_T2,2,Severe,0.153595810763268,0.20009296963131232,0.6463112196054195
2017-0103-MMR,2017,Moderate,RF_T2,2,Moderate,0.1593417901538818,0.4620286011254327,0.3786296087206849
2017-0105-AUS,2017,Moderate,RF_T2,2,Low,0.7042837201633404,0.1523048774293634,0.14341140240729505
2017-0108-USA,2017,Moderate,RF_T2,2,Low,0.5543585769838276,0.4162384780518222,0.029402944964350284
2017-0110-CHN,2017,Low,RF_T2,2,Low,0.6731848478254575,0.23077881111236148,0.09603634106217997
2017-0149-COL,2017,Moderate,RF_T2,2,Moderate,0.14504051007565635,0.6022790139980162,0.25268047592632786
2017-0151-RUS,2017,Moderate,RF_T2,2,Low,0.7702210496377482,0.1382635084597721,0.09151544190247961
2017-0159-IND,2017,Moderate,RF_T2,2,Moderate,0.16587064088051923,0.4888392670464441,0.345290092073037
2017-0160-IND,2017,Moderate,RF_T2,2,Moderate,0.17993461366652885,0.4769135211504361,0.3431518651830354
2017-0161-ZWE,2017,Moderate,RF_T2,2,Moderate,0.033436725274859656,0.9665632747251405,0.0
2017-0176-PRT,2017,Moderate,RF_T2,2,Low,0.8916453166815863,0.08932193512081417,0.019032748197598783
2017-0184-CIV,2017,Moderate,RF_T2,2,Low,0.7161312545090539,0.18037020592674505,0.10349853956420141
2017-0186-NER,2017,Moderate,RF_T2,2,Low,0.5967743999389185,0.2285932243020356,0.1746323757590458
2017-0196-GTM,2017,Low,RF_T2,2,Low,0.5834031641649566,0.2351284754841477,0.18146836035089559
2017-0200-COL,2017,Moderate,RF_T2,2,Moderate,0.14353014005654544,0.5695435764226804,0.2869262835207747
2017-0202-BRA,2017,Moderate,RF_T2,2,Low,0.6550874514566443,0.22431662559890694,0.1205959229444486
2017-0211-LBY,2017,Moderate,RF_T2,2,Severe,0.02679228798276005,0.39357665831975436,0.5796310536974864
2017-0212-TUR,2017,Moderate,RF_T2,2,Moderate,0.04744671590495176,0.6310529708501337,0.32150031324491496
2017-0214-CHN,2017,Low,RF_T2,2,Low,0.664191900834069,0.2444296999980321,0.09137839916789817
2017-0223-COL,2017,Low,RF_T2,2,Low,0.6067085414931647,0.17149986387706537,0.22179159462976972
2017-0234-USA,2017,Low,RF_T2,2,Low,0.803792743038732,0.16197725298438947,0.034230003976877824
2017-0243-PAK,2017,Severe,RF_T2,2,Moderate,0.16332189918526077,0.4354693587037055,0.4012087421110332
2017-0308-SAU,2017,Moderate,RF_T2,2,Moderate,0.13191576480417525,0.5503006094852062,0.31778362571061886
2017-0246-JPN,2017,Moderate,RF_T2,2,Low,0.7930241825857314,0.17496128578101933,0.03201453163324853
2017-0250-BGD,2017,Moderate,RF_T2,2,Moderate,0.18565268178341182,0.423398844808345,0.3909484734082433
2017-0261-CHN,2017,Low,RF_T2,2,Moderate,0.40894045708892274,0.4640987346138311,0.12696080829724607
2017-0265-IND,2017,Moderate,RF_T2,2,Moderate,0.27684310499212067,0.5567904511991761,0.16636644380870313
2017-0270-VNM,2017,Moderate,RF_T2,2,Low,0.5682748424610521,0.31249366931029027,0.11923148822865763
2017-0277-IDN,2017,Moderate,RF_T2,2,Moderate,1.905718659861074e-05,0.9999711468746214,9.795938780071321e-06
2017-0280-GRC,2017,Low,RF_T2,2,Low,0.807941776508759,0.09302611293233871,0.09903211055890224
2017-0331-CHN,2017,Moderate,RF_T2,2,Low,0.6020934824492782,0.19384085530218348,0.2040656622485379
2017-0335-CHN,2017,Moderate,RF_T2,2,Moderate,0.2104125283387015,0.7895874716612981,0.0
2017-0342-IND,2017,Severe,RF_T2,2,Moderate,0.19976491154149773,0.46139006145366734,0.33884502700483465
2017-0343-SLE,2017,Severe,RF_T2,2,Moderate,0.12697261039494326,0.4640279362769172,0.40899945332813953
2017-0348-CAF,2017,Moderate,RF_T2,2,Moderate,7.165659546230607e-05,0.9849533855416018,0.014974957862935895
2017-0352-CHN,2017,Low,RF_T2,2,Low,0.6604313514698852,0.24434714341446404,0.09522150511565038
2017-0361-CMR,2017,Moderate,RF_T2,2,Moderate,1.905718659861074e-05,0.9999711468746214,9.795938780071321e-06
2017-0362-USA,2017,Moderate,RF_T2,2,Low,0.7327757360056147,0.17986295413691777,0.08736130985746679
2017-0370-NER,2017,Moderate,RF_T2,2,Low,0.39453409259786465,0.31875408281041684,0.2867118245917185
2017-0379-SDN,2017,Severe,RF_T2,2,Severe,0.13464147308395882,0.2660171823681395,0.599341344547902
2017-0381-AIA,2017,Low,RF_T2,2,Low,0.7778167503424752,0.13377010178387821,0.08841314787364708
2017-0381-CUB,2017,Moderate,RF_T2,2,Low,0.843108350576581,0.11092379511240473,0.04596785431101474
2017-0381-SXM,2017,Low,RF_T2,2,Low,0.7778167503424752,0.13377010178387821,0.08841314787364708
2017-0383-DOM,2017,Low,RF_T2,2,Low,0.8689846635949123,0.0963617102087436,0.03465362619634408
2017-0386-UGA,2017,Moderate,RF_T2,2,Moderate,1.905718659861074e-05,0.9999711468746214,9.795938780071321e-06
2017-0387-MEX,2017,Severe,RF_T2,2,Low,0.7458833372803053,0.13414374334363777,0.11997291937605664
2017-0389-DZA,2017,Moderate,RF_T2,2,Moderate,1.905718659861074e-05,0.9999711468746214,9.795938780071321e-06
2017-0390-TUR,2017,Moderate,RF_T2,2,Moderate,0.05394221094387655,0.718535840434019,0.2275219486221051
2017-0391-COD,2017,Severe,RF_T2,2,Low,0.45792725824216773,0.26897548225539514,0.27309725950243735
2017-0392-MEX,2017,Low,RF_T2,2,Low,0.7749984466076071,0.1579901062040895,0.06701144718830339
2017-0395-UGA,2017,Moderate,RF_T2,2,Low,0.4850971418725936,0.2635170327680681,0.2513858253593383
2017-0399-COD,2017,Moderate,RF_T2,2,Severe,0.036989390616757836,0.42857349435710584,0.5344371150261362
2017-0403-MYS,2017,Moderate,RF_T2,2,Moderate,0.16337727626733412,0.5596352835075716,0.2769874402250947
2017-0404-IND,2017,Moderate,RF_T2,2,Moderate,0.09273795996446997,0.5500053318927063,0.35725670814282406
2017-0410-GTM,2017,Low,RF_T2,2,Low,0.5646752184403036,0.21396084941396892,0.2213639321457277
2017-0410-HND,2017,Low,RF_T2,2,Low,0.6080336833321802,0.19291658448835927,0.1990497321794607
2017-0420-NER,2017,Moderate,RF_T2,2,Moderate,7.165659546230607e-05,0.9862203066100894,0.013708036794448248
2017-0430-BGR,2017,Low,RF_T2,2,Low,0.8798994224818896,0.09262668337385144,0.027473894144258625
2017-0435-TUN,2017,Moderate,RF_T2,2,Moderate,0.04984546834510182,0.5985671590518634,0.3515873726030352
2017-0459-IND,2017,Moderate,RF_T2,2,Moderate,0.09359438683246703,0.5598781978178131,0.34652741534972037
2017-0460-IND,2017,Moderate,RF_T2,2,Moderate,0.16577399136376997,0.48199745137942623,0.35222855725680396
2017-0461-SEN,2017,Moderate,RF_T2,2,Moderate,1.905718659861074e-05,0.9999711468746214,9.795938780071321e-06
2017-0488-ARG,2017,Moderate,RF_T2,2,Moderate,0.06790127209526965,0.6993466553783947,0.23275207252633634
2017-0551-BRA,2017,Severe,RF_T2,2,Severe,0.2663305252395861,0.320877169140519,0.41279230561989516
2017-0553-MOZ,2017,Low,RF_T2,2,Severe,0.18707871970467677,0.24542533369763928,0.5674959465976839
2017-0558-ZMB,2017,Moderate,RF_T2,2,Severe,0.18567261545384928,0.20263890576855287,0.6116884787775984
2017-0492-VNM,2017,Low,RF_T2,2,Low,0.47853763240089753,0.3399702432367771,0.18149212436232479
2017-0494-IDN,2017,Low,RF_T2,2,Low,0.5444139147896538,0.25427950856975257,0.20130657664059323
2017-0495-IND,2017,Moderate,RF_T2,2,Moderate,0.23018120695665337,0.42126537074874737,0.3485534222945994
2017-0500-LBY,2017,Moderate,RF_T2,2,Severe,0.025765933515497202,0.4631395728544382,0.5110944936300649
2017-0505-ZWE,2017,Moderate,RF_T2,2,Moderate,0.009269170645899482,0.9907308293541007,0.0
2017-0506-TUR,2017,Moderate,RF_T2,2,Moderate,0.022005286698456854,0.9754322441244968,0.0025624691770464608
2017-0508-IND,2017,Severe,RF_T2,2,Moderate,0.2490531928726,0.46439793900813087,0.2865488681192692
2017-0510-PAK,2017,Moderate,RF_T2,2,Moderate,0.052429412136826746,0.5255441865144935,0.42202640134868025
2017-0527-BGD,2017,Moderate,RF_T2,2,Moderate,0.17164141432773947,0.425449373573608,0.4029092120986525
2017-0531-COD,2017,Moderate,RF_T2,2,Moderate,0.0,0.7612653109325229,0.2387346890674771
2017-0533-KEN,2017,Moderate,RF_T2,2,Moderate,0.0,0.9992726020320304,0.0007273979679696918
2017-0543-COD,2017,Moderate,RF_T2,2,Severe,0.13253851608937922,0.24268909608509526,0.6247723878255258
2017-0565-DEU,2017,Low,RF_T2,2,Low,0.9107043104070967,0.07609122603235832,0.013204463560544673
2017-0570-IND,2017,Low,RF_T2,2,Low,0.4399210520072956,0.4230964793324637,0.13698246866024058
2017-0579-ITA,2017,Low,RF_T2,2,Moderate,0.1728905664078597,0.5839956468924583,0.24311378669968225
2016-0465-CHN,2016,Moderate,RF_T2,2,Moderate,0.22566989859818523,0.7743301014018144,0.0
2016-0470-CHN,2016,Moderate,RF_T2,2,Moderate,0.050124099051884384,0.5708428952663619,0.37903300568175374
2016-0010-USA,2016,Moderate,RF_T2,2,Low,0.5225671462236495,0.4530827791815331,0.024350074594817285
2016-0014-AUS,2016,Low,RF_T2,2,Low,0.8658645833833715,0.1000826986708077,0.03405271794582007
2016-0025-GRC,2016,Moderate,RF_T2,2,Moderate,0.060565370332719984,0.6573182433509646,0.28211638631631597
2016-0256-CHN,2016,Moderate,RF_T2,2,Low,0.683163909549373,0.2263051807606542,0.09053090968997185
2016-0028-TZA,2016,Low,RF_T2,2,Severe,0.30496136938713114,0.3035057726446725,0.3915328579681966
2016-0036-ZAF,2016,Moderate,RF_T2,2,Severe,0.2703816059813345,0.26440811985214463,0.4652102741665211
2016-0042-GHA,2016,Moderate,RF_T2,2,Moderate,1.905718659861074e-05,0.9999711468746214,9.795938780071321e-06
2016-0070-ZWE,2016,Moderate,RF_T2,2,Moderate,0.04382636912987076,0.9561736308701294,0.0
2016-0071-TUR,2016,Moderate,RF_T2,2,Moderate,0.05423562107703026,0.6818649383713048,0.263899440551666
2016-0079-RUS,2016,Moderate,RF_T2,2,Moderate,0.15787265343210172,0.5907401652154822,0.2513871813524171
2016-0085-USA,2016,Low,RF_T2,2,Low,0.8172122284456272,0.15702594269330958,0.025761828861062718
2016-0094-IDN,2016,Low,RF_T2,2,Low,0.6465552607884644,0.24875435784059302,0.10469038137094326
2016-0100-PAK,2016,Low,RF_T2,2,Severe,0.30042876957400944,0.29708445673769024,0.4024867736883001
2016-0102-IND,2016,Moderate,RF_T2,2,Moderate,0.16257215209583117,0.5372511497728284,0.30017669813134096
2016-0108-CHN,2016,Moderate,RF_T2,2,Moderate,0.05602679823117089,0.6485795473999734,0.29539365436885573
2016-0112-AFG,2016,Moderate,RF_T2,2,Moderate,0.3274149076632339,0.5118894945834652,0.16069559775330103
2016-0117-ECU,2016,Severe,RF_T2,2,Low,0.5383230496263012,0.1471023699547252,0.3145745804189735
2016-0120-OMN,2016,Low,RF_T2,2,Low,0.8355334202110946,0.14140068722417634,0.02306589256472761
2016-0145-LBY,2016,Severe,RF_T2,2,Severe,0.02547959203610784,0.3958325901457114,0.5786878178181812
2016-0148-UGA,2016,Moderate,RF_T2,2,Moderate,0.1257179703003316,0.452411506565665,0.42187052313400314
2016-0158-IND,2016,Moderate,RF_T2,2,Moderate,1.905718659861074e-05,0.9999711468746214,9.795938780071321e-06
2016-0159-IND,2016,Moderate,RF_T2,2,Moderate,1.905718659861074e-05,0.9999711468746214,9.795938780071321e-06
2016-0160-MMR,2016,Moderate,RF_T2,2,Moderate,0.11408250978647913,0.4746889180526591,0.41122857216086156
2016-0164-RWA,2016,Moderate,RF_T2,2,Moderate,0.15385299249049375,0.4636025562444729,0.38254445126503317
2016-0167-PAK,2016,Moderate,RF_T2,2,Moderate,0.10595225823773687,0.48453835010229174,0.40950939165997163
2016-0168-LBY,2016,Moderate,RF_T2,2,Severe,0.025629726771517806,0.396228525075408,0.5781417481530746
2016-0171-BFA,2016,Moderate,RF_T2,2,Moderate,7.165659546230607e-05,0.9782977675089125,0.02163057589562523
2016-0176-COD,2016,Moderate,RF_T2,2,Moderate,0.0,0.7812889382988839,0.21871106170111615
2016-0179-BEL,2016,Low,RF_T2,2,Low,0.9115095695828157,0.07599936321264243,0.012491067204541352
2016-0179-FRA,2016,Low,RF_T2,2,Low,0.8958048793864862,0.08844826663068435,0.01574685398282885
2016-0179-ROU,2016,Low,RF_T2,2,Low,0.8629657101906753,0.10614285106963806,0.030891438739686604
2016-0181-USA,2016,Low,RF_T2,2,Low,0.8208333457016513,0.15521882042755816,0.02394783387079053
2016-0182-QAT,2016,Moderate,RF_T2,2,Moderate,0.1723958113569911,0.5901195991335693,0.23748458950944007
2016-0186-ETH,2016,Severe,RF_T2,2,Low,0.5257501393565861,0.21860936012227075,0.2556405005211428
2016-0191-AFG,2016,Low,RF_T2,2,Moderate,0.29290110794273994,0.5195797429295251,0.1875191491277354
2016-0196-YEM,2016,Moderate,RF_T2,2,Moderate,0.12781563047961808,0.5859595704347667,0.2862247990856157
2016-0201-AUS,2016,Low,RF_T2,2,Low,0.7024699309548382,0.23509128822321154,0.062438780821950424
2016-0212-GHA,2016,Moderate,RF_T2,2,Low,0.5757067385094252,0.20797499551817822,0.2163182659723965
2016-0214-BRA,2016,Moderate,RF_T2,2,Moderate,1.905718659861074e-05,0.9999711468746214,9.795938780071321e-06
2016-0225-THA,2016,Moderate,RF_T2,2,Moderate,0.15896759741557404,0.5706354033416523,0.2703969992427743
2016-0232-MMR,2016,Moderate,RF_T2,2,Severe,0.37377887956173445,0.22580697894810786,0.4004141414901576
2016-0238-CHN,2016,Moderate,RF_T2,2,Moderate,0.3797703756917737,0.5000411937047357,0.12018843060349081
2016-0252-UGA,2016,Moderate,RF_T2,2,Moderate,1.905718659861074e-05,0.9999711468746214,9.795938780071321e-06
2016-0471-CHN,2016,Moderate,RF_T2,2,Moderate,0.050124099051884384,0.5708428952663619,0.37903300568175374
2016-0284-HND,2016,Low,RF_T2,2,Low,0.6373464552014985,0.18253577019666342,0.18011777460183842
2016-0256-PHL,2016,Low,RF_T2,2,Low,0.7167064382318217,0.180085647208116,0.10320791456006226
2016-0261-TWN,2016,Moderate,RF_T2,2,Moderate,0.003597988590505522,0.9963922154707144,9.795938780071321e-06
2016-0262-IND,2016,Moderate,RF_T2,2,Moderate,0.09786870179546124,0.4693332429385346,0.43279805526600446
2016-0265-MYS,2016,Moderate,RF_T2,2,Moderate,0.05548270266155548,0.658851898402884,0.2856653989355615
2016-0267-IND,2016,Moderate,RF_T2,2,Moderate,0.19262554410912522,0.4760445168568065,0.3313299390340682
2016-0274-SDN,2016,Severe,RF_T2,2,Low,0.4509107497555796,0.2837321960792631,0.2653570541651575
2016-0278-IND,2016,Moderate,RF_T2,2,Moderate,0.150532473436876,0.5263858250546332,0.3230817015084915
2016-0281-GAB,2016,Moderate,RF_T2,2,Moderate,1.905718659861074e-05,0.9999711468746214,9.795938780071321e-06
2016-0284-MEX,2016,Moderate,RF_T2,2,Low,0.7786917678867886,0.15592390061991018,0.06538433149330125
2016-0287-BFA,2016,Moderate,RF_T2,2,Low,0.6433219593343371,0.21454642332362509,0.14213161734203775
2016-0289-SSD,2016,Moderate,RF_T2,2,Severe,0.11767476248253037,0.16265176376634807,0.7196734737511212
2016-0292-USA,2016,Moderate,RF_T2,2,Low,0.802820679147555,0.16756028889339694,0.029619031959047734
2016-0293-BGD,2016,Moderate,RF_T2,2,Severe,0.10346409468537762,0.41157309021380684,0.4849628151008157
2016-0296-NPL,2016,Moderate,RF_T2,2,Moderate,1.905718659861074e-05,0.9999711468746214,9.795938780071321e-06
2016-0298-PER,2016,Low,RF_T2,2,Low,0.7945688399241461,0.13214452675532276,0.07328663332053095
2016-0473-YEM,2016,Moderate,RF_T2,2,Moderate,0.05727040611189496,0.6944278666954122,0.24830172719269283
2017-0356-SGP,2017,Moderate,RF_T2,2,Moderate,0.07475899938651717,0.6626971190742144,0.26254388153926894
2016-0316-LAO,2016,Low,RF_T2,2,Low,0.6089813212968255,0.19947562734838375,0.19154305135479063
2016-0322-USA,2016,Low,RF_T2,2,Low,0.8196070165426306,0.15346732854035064,0.026925654917018836
2016-0323-AFG,2016,Moderate,RF_T2,2,Moderate,1.905718659861074e-05,0.9999711468746214,9.795938780071321e-06
2016-0331-USA,2016,Low,RF_T2,2,Low,0.8017728551362275,0.1720219808275621,0.026205164036210173
2016-0343-PAK,2016,Low,RF_T2,2,Moderate,0.10280348198266578,0.50955174745441,0.38764477056292423
2016-0345-IDN,2016,Moderate,RF_T2,2,Low,0.5495273747239399,0.2589450506936581,0.19152757458240197
2016-0350-CHN,2016,Moderate,RF_T2,2,Low,0.733455836807438,0.20602665558321628,0.06051750760934494
2016-0355-HTI,2016,Severe,RF_T2,2,Low,0.5640240743308064,0.21317593957932812,0.22279998608986556
2016-0382-JPN,2016,Low,RF_T2,2,Low,0.8157982243074309,0.1508659046607319,0.033335871031836765
2016-0389-CHN,2016,Moderate,RF_T2,2,Moderate,0.37393358712811436,0.49930869218000773,0.12675772069187782
2016-0406-RUS,2016,Moderate,RF_T2,2,Moderate,0.05309595163041299,0.7361212697753748,0.21078277859421207
2016-0408-USA,2016,Moderate,RF_T2,2,Moderate,0.0013290809788816355,0.9986611230823383,9.795938780071321e-06
2016-0420-ALB,2016,Low,RF_T2,2,Low,0.8790345592898245,0.09795375603974005,0.023011684670434837
2016-0431-MOZ,2016,Moderate,RF_T2,2,Moderate,0.0021249473333531657,0.9978652567278669,9.795938780071321e-06
2016-0433-CRI,2016,Low,RF_T2,2,Low,0.857379965136733,0.10532472776014365,0.037295307103122635
2016-0436-CHN,2016,Moderate,RF_T2,2,Moderate,0.22566989859818523,0.7743301014018144,0.0
2016-0440-YEM,2016,Moderate,RF_T2,2,Severe,0.24398811010661584,0.2644878847170065,0.4915240051763777
2016-0441-CHN,2016,Moderate,RF_T2,2,Moderate,0.05056930764795743,0.6297317944675318,0.3196988978845107
2016-0444-MMR,2016,Moderate,RF_T2,2,Severe,0.2341731294802746,0.25658173678806656,0.5092451337316585
2016-0460-BDI,2016,Low,RF_T2,2,Severe,0.1617334283680812,0.20732181804713762,0.6309447535847819
2016-0463-USA,2016,Moderate,RF_T2,2,Low,0.7636923558047481,0.1983276414369679,0.03798000275828339
2016-0477-USA,2016,Low,RF_T2,2,Low,0.5255851669117593,0.449508591221113,0.024906241867127938
2016-0485-IND,2016,Moderate,RF_T2,2,Moderate,0.21976083911406114,0.4812805051471781,0.29895865573876107
2016-0497-VNM,2016,Moderate,RF_T2,2,Low,0.40759362497833357,0.3423987268773589,0.2500076481443072
2016-0504-RUS,2016,Moderate,RF_T2,2,Moderate,0.05241403661170411,0.7259155288949279,0.22167043449336776
2016-0505-UGA,2016,Moderate,RF_T2,2,Moderate,0.049918626205105406,0.4916000307875071,0.45848134300738774
2017-0029-CHN,2017,Moderate,RF_T2,2,Moderate,0.06382935509760364,0.6417759689172469,0.29439467598514957
2017-0350-CHE,2017,Low,RF_T2,2,Moderate,0.21104243887711954,0.5606925468045442,0.22826501431833662
2016-0514-VNM,2016,Moderate,RF_T2,2,Severe,0.20284088341383433,0.2757522456368784,0.5214068709492872
2016-0522-COL,2016,Low,RF_T2,2,Low,0.7234745318183781,0.21775554264697056,0.05876992553465073
2016-0532-MEX,2016,Low,RF_T2,2,Low,0.7597817330020888,0.16075661523041218,0.07946165176749878
2016-0536-CHN,2016,Low,RF_T2,2,Low,0.7381039268845974,0.17069291263498487,0.09120316048041721
2016-0548-SOM,2016,Severe,RF_T2,2,Severe,0.1549433053606101,0.19955743726365996,0.6454992573757298
2016-0550-USA,2016,Low,RF_T2,2,Low,0.8194101816959704,0.1492533011250022,0.031336517179027225
2016-0555-PER,2016,Moderate,RF_T2,2,Moderate,0.05016095930500016,0.6603989184839212,0.289440122211079
2016-0557-NGA,2016,Severe,RF_T2,2,Severe,0.05501155545776132,0.40822091410736705,0.5367675304348719
2016-0568-LBY,2016,Moderate,RF_T2,2,Severe,0.02505083385233207,0.39625772367171985,0.5786914424759486
2016-0574-KEN,2016,Moderate,RF_T2,2,Moderate,0.13486590448847507,0.49252378715827144,0.37261030835325304
2017-0082-SEN,2017,Moderate,RF_T2,2,Moderate,1.905718659861074e-05,0.9999711468746214,9.795938780071321e-06
2017-0001-IDN,2017,Moderate,RF_T2,2,Moderate,0.06651067514514557,0.601001511655097,0.3324878131997583
2017-0002-CHL,2017,Moderate,RF_T2,2,Low,0.5576829934644957,0.1234034261888729,0.31891358034663136
2017-0098-PHL,2017,Moderate,RF_T2,2,Moderate,1.905718659861074e-05,0.9999711468746214,9.795938780071321e-06
2017-0101-IND,2017,Moderate,RF_T2,2,Moderate,1.905718659861074e-05,0.9999711468746214,9.795938780071321e-06
2017-0352-VNM,2017,Low,RF_T2,2,Low,0.5679187623909747,0.3328594324878743,0.09922180512115095
2017-0239-LBY,2017,Moderate,RF_T2,2,Severe,0.02679228798276005,0.39357665831975436,0.5796310536974864
2017-0006-THA,2017,Moderate,RF_T2,2,Low,0.7322139116307291,0.18913537477550124,0.0786507135937693
2017-0008-MAR,2017,Moderate,RF_T2,2,Moderate,1.905718659861074e-05,0.9999711468746214,9.795938780071321e-06
2017-0010-ALB,2017,Low,RF_T2,2,Low,0.8301738565951847,0.10411401343471342,0.06571212997010109
2017-0010-SRB,2017,Low,RF_T2,2,Low,0.83312971607466,0.10047898152410355,0.06639130240123567
2017-0010-UKR,2017,Moderate,RF_T2,2,Low,0.5095994547258783,0.24727680724385873,0.2431237380302626
2017-0011-KGZ,2017,Moderate,RF_T2,2,Moderate,0.04235523896388648,0.6347175348196997,0.32292722621641395
2017-0013-ECU,2017,Moderate,RF_T2,2,Moderate,1.905718659861074e-05,0.9999711468746214,9.795938780071321e-06
2017-0017-IND,2017,Moderate,RF_T2,2,Moderate,1.905718659861074e-05,0.9999711468746214,9.795938780071321e-06
2017-0019-MYS,2017,Moderate,RF_T2,2,Moderate,0.06033049258082081,0.6509115101246926,0.2887579972944872
2017-0023-IND,2017,Moderate,RF_T2,2,Moderate,0.20875770179609204,0.5042488718916314,0.2869934263122771
2017-0241-DEU,2017,Moderate,RF_T2,2,Moderate,0.0008924322426083558,0.9989750610647825,0.0001325066926091859
2017-0037-SEN,2017,Moderate,RF_T2,2,Moderate,0.0002157310839232673,0.9997744729772967,9.795938780071321e-06
2017-0044-CHN,2017,Moderate,RF_T2,2,Moderate,0.06652664070513425,0.6528826226026127,0.2805907366922529
2017-0046-IND,2017,Moderate,RF_T2,2,Moderate,0.17797229740767137,0.47645146232660435,0.3455762402657244
2017-0051-MOZ,2017,Low,RF_T2,2,Low,0.5865974070868524,0.28594955895590735,0.12745303395724025
2017-0056-ARG,2017,Moderate,RF_T2,2,Moderate,0.0015984450063805254,0.9983917590548395,9.795938780071321e-06
2017-0067-TWN,2017,Moderate,RF_T2,2,Moderate,0.003597988590505522,0.9963922154707144,9.795938780071321e-06
2017-0077-HTI,2017,Moderate,RF_T2,2,Moderate,1.905718659861074e-05,0.9999711468746214,9.795938780071321e-06
2017-0249-CAF,2017,Moderate,RF_T2,2,Moderate,7.165659546230607e-05,0.9839498722870506,0.015978471117487156
2017-0116-KEN,2017,Moderate,RF_T2,2,Moderate,0.0,0.9699263373183099,0.030073662681690178
2017-0118-NER,2017,Moderate,RF_T2,2,Severe,0.1662121191278263,0.19614724329649025,0.6376406375756838
2017-0119-COL,2017,Moderate,RF_T2,2,Moderate,0.15832282775778356,0.5714295591105072,0.27024761313170975
2017-0125-IND,2017,Moderate,RF_T2,2,Moderate,0.16244198538640456,0.5369173715979092,0.30064064301568677
2017-0126-CAN,2017,Low,RF_T2,2,Low,0.8072629600891889,0.0949857021734795,0.09775133773733152
2017-0127-MEX,2017,Moderate,RF_T2,2,Moderate,0.16031805592811724,0.5744712498262897,0.26521069424559346
2017-0129-IRN,2017,Moderate,RF_T2,2,Moderate,0.1472712948896739,0.5610519650810897,0.2916767400292367
2017-0345-IND,2017,Moderate,RF_T2,2,Moderate,0.1511520833463204,0.48180976870145864,0.36703814795222106
2017-0139-BGD,2017,Moderate,RF_T2,2,Low,0.4949902802621971,0.411645012993337,0.09336470674446552
2017-0142-PHL,2017,Moderate,RF_T2,2,Low,0.7194608238314092,0.18621589085505127,0.09432328531353938
2017-0152-BGD,2017,Low,RF_T2,2,Low,0.41619165593108454,0.3379896540713277,0.24581868999758763
2017-0158-MAR,2017,Moderate,RF_T2,2,Moderate,1.905718659861074e-05,0.9999711468746214,9.795938780071321e-06
2017-0174-BGD,2017,Severe,RF_T2,2,Moderate,0.19919655979403636,0.4022672507807599,0.39853618942520397
2017-0185-CHL,2017,Low,RF_T2,2,Low,0.879177248047276,0.0951587305789778,0.025664021373746
2017-0192-LBY,2017,Severe,RF_T2,2,Severe,0.02679228798276005,0.39357665831975436,0.5796310536974864
2017-0204-IRN,2017,Low,RF_T2,2,Low,0.7696273804914943,0.1285513348579638,0.10182128465054169
2017-0318-NGA,2017,Moderate,RF_T2,2,Severe,0.10028402159465498,0.15934361695609,0.7403723614492554
2017-0354-BRA,2017,Moderate,RF_T2,2,Moderate,0.06096579884918892,0.6594077094128012,0.27962649173801
2017-0205-KEN,2017,Moderate,RF_T2,2,Low,0.3712686100357748,0.3115139083942741,0.31721748156995105
2017-0206-IDN,2017,Low,RF_T2,2,Low,0.640847971056369,0.2334678262560204,0.12568420268761035
2017-0209-HTI,2017,Moderate,RF_T2,2,Low,0.5509722550950199,0.25547873338933963,0.19354901151564044
2017-0215-COL,2017,Moderate,RF_T2,2,Low,0.7425876056382306,0.1981695098479833,0.059242884513785656
2017-0229-PAK,2017,Moderate,RF_T2,2,Moderate,0.10550162662563745,0.48334251306756404,0.41115586030679874
2017-0256-NPL,2017,Moderate,RF_T2,2,Moderate,0.11233816548095278,0.4556511138808579,0.4320107206381892
2017-0264-CHN,2017,Moderate,RF_T2,2,Moderate,0.40483577093510387,0.47950613795218605,0.11565809111270994
2017-0281-VNM,2017,Low,RF_T2,2,Low,0.5258221318017252,0.3627979947757988,0.11137987342247573
2017-0282-USA,2017,Moderate,RF_T2,2,Low,0.7690230664495675,0.18115612671602274,0.04982080683440954
2017-0286-CHN,2017,Moderate,RF_T2,2,Low,0.6627722434941219,0.24399585504098326,0.0932319014648941
2017-0296-ECU,2017,Moderate,RF_T2,2,Moderate,1.905718659861074e-05,0.9999711468746214,9.795938780071321e-06
2017-0305-NER,2017,Moderate,RF_T2,2,Severe,0.16845295101711316,0.22458507557710114,0.6069619734057864
2017-0307-LKA,2017,Severe,RF_T2,2,Severe,0.28676354928868686,0.2458828637922582,0.46735358691905504
2017-0321-NPL,2017,Moderate,RF_T2,2,Severe,0.17461255438302212,0.3477860246190832,0.47760142099789427
2017-0326-TWN,2017,Low,RF_T2,2,Low,0.5923590796614561,0.19831513072536414,0.20932578961317957
2017-0337-VNM,2017,Moderate,RF_T2,2,Low,0.5537565593579167,0.3181459114622307,0.12809752917985276
2017-0341-POL,2017,Low,RF_T2,2,Low,0.8860817343835371,0.08758677426744572,0.026331491349016543
2017-0360-DEU,2017,Low,RF_T2,2,Low,0.9094218385719791,0.07600679609946433,0.014571365328556145
2017-0363-CHN,2017,Moderate,RF_T2,2,Moderate,0.05502401111697446,0.5479820730267021,0.39699391585632293
2017-0364-IND,2017,Moderate,RF_T2,2,Moderate,0.20105434488476387,0.46815704003065606,0.33078861508457985
2017-0381-BLM,2017,Low,RF_T2,2,Low,0.7778167503424752,0.13377010178387821,0.08841314787364708
2017-0381-BRB,2017,Low,RF_T2,2,Low,0.8983387639695999,0.08689326648900854,0.01476796954139121
2017-0381-HTI,2017,Low,RF_T2,2,Low,0.5607338283976957,0.21333001438672963,0.22593615721557472
2017-0381-PRI,2017,Low,RF_T2,2,Low,0.7324317799887496,0.1536944597588683,0.11387376025238238
2017-0381-VGB,2017,Low,RF_T2,2,Low,0.7778167503424752,0.13377010178387821,0.08841314787364708
2017-0383-DMA,2017,Moderate,RF_T2,2,Low,0.7550469050611821,0.16356955903980155,0.08138353589901556
2017-0383-HTI,2017,Low,RF_T2,2,Low,0.5574464744533003,0.21362812027432634,0.22892540527237354
2017-0385-PAK,2017,Moderate,RF_T2,2,Severe,0.12642438568196265,0.22007263393804258,0.6535029803799947
2017-0396-BGD,2017,Moderate,RF_T2,2,Severe,0.1045279658977369,0.4319342273295731,0.4635378067726901
2017-0398-CHN,2017,Moderate,RF_T2,2,Low,0.4107089442240481,0.36830818707570223,0.22098286870024994
2017-0401-NGA,2017,Moderate,RF_T2,2,Severe,0.03777622033550033,0.4000323777405154,0.5621914019239839
2017-0406-VNM,2017,Moderate,RF_T2,2,Low,0.3800708106618892,0.3684358432275363,0.25149334611057467
2017-0408-ITA,2017,Low,RF_T2,2,Low,0.8758993326338526,0.10145028551446206,0.022650381851684585
2017-0410-PAN,2017,Low,RF_T2,2,Low,0.8889506714706056,0.08980169702540171,0.02124763150399212
2017-0410-SLV,2017,Moderate,RF_T2,2,Low,0.6365770669192128,0.1821494554862267,0.1812734775945614
2017-0422-VNM,2017,Severe,RF_T2,2,Low,0.4605359915955661,0.3812220218012835,0.15824198660315028
2017-0425-IND,2017,Moderate,RF_T2,2,Moderate,0.15665611185537953,0.48521009356447126,0.35813379458014916
2017-0432-JPN,2017,Low,RF_T2,2,Low,0.7274708120471187,0.1650308026332295,0.10749838531965075
2017-0434-USA,2017,Moderate,RF_T2,2,Low,0.8247508611681829,0.14448001420166914,0.030769124630147922
2017-0439-SAU,2017,Moderate,RF_T2,2,Moderate,0.1323338514068244,0.49528325512558136,0.3723828934675944
2017-0446-IRN,2017,Severe,RF_T2,2,Low,0.4786730838172811,0.18205954436740387,0.3392673718153151
2017-0458-COD,2017,Moderate,RF_T2,2,Severe,0.0776794194557074,0.4272564490969724,0.49506413144732003
2017-0462-ZAF,2017,Moderate,RF_T2,2,Low,0.6420892008798522,0.23969353700657614,0.11821726211357157
2017-0468-JPN,2017,Low,RF_T2,2,Low,0.8023147288172852,0.15535064857152475,0.04233462261118957
2017-0472-IRN,2017,Moderate,RF_T2,2,Low,0.691164521243932,0.20970665977515318,0.09912881898091472
2017-0476-CHN,2017,Moderate,RF_T2,2,Moderate,0.40175979278192697,0.4775470652019861,0.12069314201608666
2017-0489-COL,2017,Moderate,RF_T2,2,Moderate,0.057291762770257985,0.7073177407956203,0.23539049643412263
2017-0493-LKA,2017,Low,RF_T2,2,Low,0.7490544516159933,0.1976275692819652,0.05331797910204136
2017-0504-ALB,2017,Low,RF_T2,2,Low,0.8750207524403353,0.09920388104064008,0.025775366519023752
2017-0507-KOR,2017,Moderate,RF_T2,2,Moderate,0.06967183333838019,0.6660125587413236,0.2643156079202966
2017-0508-LKA,2017,Moderate,RF_T2,2,Low,0.7566281940371021,0.19739768737835564,0.04597411858454232
2017-0509-CHN,2017,Moderate,RF_T2,2,Moderate,0.06507442249688025,0.6037471802622619,0.33117839724085774
2017-0520-KOR,2017,Moderate,RF_T2,2,Moderate,0.18422121028508096,0.5713772077318074,0.24440158198311182
2017-0525-PHL,2017,Moderate,RF_T2,2,Low,0.6274718607035785,0.2562933698461362,0.11623476945028509
2017-0535-IND,2017,Moderate,RF_T2,2,Moderate,0.2062956135415571,0.483811054532336,0.30989333192610735
2017-0538-TZA,2017,Moderate,RF_T2,2,Severe,0.04277138562214312,0.4587583152368906,0.49847029914096624
2017-0541-IND,2017,Moderate,RF_T2,2,Moderate,0.007528914458164008,0.992461289603056,9.795938780071321e-06
2017-0542-USA,2017,Moderate,RF_T2,2,Low,0.5163319936523022,0.45764154249428746,0.026026463853410262
2017-0547-ZAF,2017,Low,RF_T2,2,Low,0.6436411260025771,0.21398530457582235,0.1423735694216007
2017-0548-OMN,2017,Low,RF_T2,2,Low,0.8024115564459744,0.14047544296515893,0.05711300058886558
2017-0549-MWI,2017,Low,RF_T2,2,Severe,0.20142724159938488,0.20911911102714584,0.5894536473734693
2017-0557-KEN,2017,Moderate,RF_T2,2,Severe,0.17090387049956066,0.29325734861376546,0.5358387808866736
2017-0563-USA,2017,Low,RF_T2,2,Low,0.8225442458364636,0.15027851754477153,0.02717723661876457
2017-0569-IND,2017,Moderate,RF_T2,2,Moderate,0.3985090776522353,0.46687550121954685,0.13461542112821784
2017-0578-CHN,2017,Moderate,RF_T2,2,Moderate,0.12741965075925363,0.5712644854068439,0.30131586383390196
2017-0369-IND,2017,Moderate,RF_T2,2,Moderate,0.15179157159518533,0.5282036404127968,0.32000478799201837
2017-0412-BGD,2017,Moderate,RF_T2,2,Severe,0.10238368226576058,0.44065915039416065,0.4569571673400789
2016-0126-HTI,2016,Low,RF_T2,2,Low,0.5708770527821939,0.24655450594123457,0.1825684412765714
2016-0056-AGO,2016,Moderate,RF_T2,2,Low,0.5888121643879791,0.22812892005093113,0.18305891556108905
2016-0063-TUR,2016,Moderate,RF_T2,2,Moderate,0.054276075231363886,0.682387097089597,0.26333682767904015
2016-0066-NPL,2016,Moderate,RF_T2,2,Moderate,0.0587416657104218,0.5024446610392659,0.4388136732503121
2016-0002-IND,2016,Low,RF_T2,2,Severe,0.30998618449601695,0.32406886316518907,0.36594495233879387
2016-0006-GRC,2016,Moderate,RF_T2,2,Moderate,0.060565370332719984,0.6573182433509646,0.28211638631631597
2016-0015-MEX,2016,Moderate,RF_T2,2,Moderate,0.0007861303573303181,0.9992040737038896,9.795938780071321e-06
2016-0016-COL,2016,Moderate,RF_T2,2,Moderate,0.06156862686875724,0.6782271867626808,0.2602041863685623
2016-0023-JPN,2016,Low,RF_T2,2,Low,0.6258887100177882,0.22480951531613894,0.14930177466607283
2016-0067-MEX,2016,Moderate,RF_T2,2,Moderate,0.0007861303573303181,0.9992040737038896,9.795938780071321e-06
2016-0068-OMN,2016,Moderate,RF_T2,2,Moderate,0.0333013440881247,0.9665661492192662,0.0001325066926091859
2016-0072-NGA,2016,Moderate,RF_T2,2,Moderate,1.905718659861074e-05,0.9997333478889777,0.00024759492442370795
2016-0570-CHN,2016,Moderate,RF_T2,2,Moderate,0.05036757994105237,0.5560020691771169,0.3936303508818308
2016-0023-KOR,2016,Low,RF_T2,2,Low,0.6313008284596227,0.25169288268964696,0.11700628885073029
2016-0129-SOM,2016,Low,RF_T2,2,Low,0.6177561160247371,0.2144356656538312,0.16780821832143125
2016-0023-THA,2016,Moderate,RF_T2,2,Low,0.43518390612307944,0.21609496206106718,0.3487211318158535
2016-0026-NIC,2016,Moderate,RF_T2,2,Moderate,0.059151675464736805,0.6467564513129652,0.29409187322229874
2016-0038-CHN,2016,Moderate,RF_T2,2,Moderate,0.37761056929965275,0.5012061138749307,0.12118331682541669
2016-0041-FJI,2016,Moderate,RF_T2,2,Low,0.8363301833151294,0.11437962446448853,0.04929019222038252
2016-0044-DEU,2016,Moderate,RF_T2,2,Moderate,0.3158200543355625,0.4961269389455613,0.1880530067188764
2016-0045-DZA,2016,Moderate,RF_T2,2,Moderate,1.905718659861074e-05,0.9999711468746214,9.795938780071321e-06
2016-0047-COL,2016,Moderate,RF_T2,2,Moderate,0.17318079332134284,0.5552358363792232,0.2715833702994342
2016-0054-PER,2016,Low,RF_T2,2,Low,0.7803827964721652,0.1662020061192335,0.05341519740860118
2016-0080-RUS,2016,Moderate,RF_T2,2,Moderate,0.05286288572534967,0.7074910742708646,0.23964604000378603
2016-0147-BFA,2016,Moderate,RF_T2,2,Moderate,7.165659546230607e-05,0.972429500506712,0.02749884289782579
2016-0088-AGO,2016,Low,RF_T2,2,Low,0.5840179318008877,0.23031115082352616,0.18567091737558553
2016-0098-ZMB,2016,Moderate,RF_T2,2,Moderate,1.905718659861074e-05,0.9999711468746214,9.795938780071321e-06
2016-0099-IND,2016,Severe,RF_T2,2,Moderate,0.22630827109571036,0.48596799214984965,0.28772373675444024
2016-0104-PNG,2016,Moderate,RF_T2,2,Moderate,0.04970607777022838,0.5183592226351903,0.43193469959458175
2016-0107-JPN,2016,Low,RF_T2,2,Low,0.7522125754799387,0.11686691648641083,0.1309205080336505
2016-0112-PAK,2016,Moderate,RF_T2,2,Severe,0.0590443196189313,0.19512720535543787,0.7458284750256311
2016-0124-USA,2016,Low,RF_T2,2,Low,0.7768901580550739,0.17259045554205762,0.0505193864028682
2016-0174-IND,2016,Moderate,RF_T2,2,Moderate,1.905718659861074e-05,0.9999711468746214,9.795938780071321e-06
2016-0571-IND,2016,Moderate,RF_T2,2,Moderate,0.160712782037994,0.47473015506421085,0.3645570628977952
2016-0125-USA,2016,Low,RF_T2,2,Low,0.8194183969869675,0.14935314191899793,0.031228461094034307
2016-0135-AFG,2016,Moderate,RF_T2,2,Moderate,0.3274149076632339,0.5118894945834652,0.16069559775330103
2016-0137-CHN,2016,Moderate,RF_T2,2,Moderate,0.37169884297088657,0.5031888348929975,0.12511232213611603
2016-0138-MMR,2016,Moderate,RF_T2,2,Low,0.5954167954750978,0.21920717026930303,0.18537603425559848
2016-0179-DEU,2016,Low,RF_T2,2,Low,0.9040277612534864,0.08193395883324099,0.014038279913272292
2016-0143-BDI,2016,Moderate,RF_T2,2,Moderate,7.165659546230607e-05,0.9961919833609927,0.003736360043545064
2016-0151-ECU,2016,Low,RF_T2,2,Low,0.6651424190335531,0.14042999656169491,0.1944275844047527
2016-0157-RUS,2016,Moderate,RF_T2,2,Moderate,0.14471700030142007,0.580377930381832,0.27490506931674846
2016-0161-KEN,2016,Moderate,RF_T2,2,Low,0.5020368846536051,0.2869822496272476,0.2109808657191472
2016-0162-CHN,2016,Moderate,RF_T2,2,Moderate,0.06051792501819436,0.6120098712173306,0.32747220376447467
2016-0169-LBY,2016,Moderate,RF_T2,2,Severe,0.025629726771517806,0.396228525075408,0.5781417481530746
2016-0547-NGA,2016,Severe,RF_T2,2,Severe,0.1431325388133902,0.25302321468447714,0.6038442465021325
2016-0184-HTI,2016,Low,RF_T2,2,Low,0.5605936708720985,0.24810046988151943,0.1913058592463819
2016-0187-IND,2016,Low,RF_T2,2,Moderate,0.3313313377738018,0.4061691184830409,0.2624995437431571
2016-0187-NPL,2016,Moderate,RF_T2,2,Moderate,0.29874022730825484,0.41536410871472873,0.2858956639770162
2017-0060-LKA,2017,Moderate,RF_T2,2,Moderate,0.06693790947759515,0.6279366101793693,0.3051254803430367
2016-0198-CHN,2016,Moderate,RF_T2,2,Moderate,0.3797738639333228,0.5011574368148543,0.11906869925182298
2016-0200-TUR,2016,Moderate,RF_T2,2,Moderate,0.022005286698456854,0.9779849173627632,9.795938780071321e-06
2016-0203-USA,2016,Moderate,RF_T2,2,Low,0.8129178364408091,0.16262817500999704,0.02445398854919354
2016-0207-CHN,2016,Moderate,RF_T2,2,Moderate,0.2104125283387015,0.7895874716612981,0.0
2016-0219-NER,2016,Moderate,RF_T2,2,Low,0.6359589787845513,0.20980245377313042,0.15423856744231798
2016-0229-PAK,2016,Moderate,RF_T2,2,Moderate,0.21567200714315293,0.48778392386152625,0.2965440689953204
2017-0062-USA,2017,Low,RF_T2,2,Low,0.7906142803442545,0.176961958808368,0.03242376084737687
2016-0230-CHN,2016,Moderate,RF_T2,2,Low,0.6668182107495542,0.23741430689709955,0.09576748235334515
2016-0236-CHN,2016,Moderate,RF_T2,2,Low,0.3641782581783589,0.35213272592552725,0.283689015896114
2016-0237-IND,2016,Moderate,RF_T2,2,Moderate,0.2874271661063313,0.5530630430975617,0.15950979079610694
2016-0240-PAK,2016,Moderate,RF_T2,2,Severe,0.14566074973167648,0.40439103090925427,0.44994821935906876
2016-0337-NGA,2016,Moderate,RF_T2,2,Low,0.3681819811207544,0.2902761735767013,0.34154184530254394
2017-0066-MOZ,2017,Moderate,RF_T2,2,Moderate,0.05820633924560943,0.4806970100206277,0.4610966507337632
2016-0241-CHN,2016,Severe,RF_T2,2,Moderate,0.35842138806095303,0.35880129690950024,0.2827773150295469
2016-0244-TZA,2016,Moderate,RF_T2,2,Severe,0.32671602455534227,0.3007122646185883,0.3725717108260701
2016-0247-AGO,2016,Moderate,RF_T2,2,Low,0.3884044310012942,0.2298728792411915,0.3817226897575143
2016-0254-MDG,2016,Low,RF_T2,2,Moderate,0.2301656348980145,0.43232351279175624,0.33751085231022904
2016-0255-CHN,2016,Moderate,RF_T2,2,Moderate,0.05654713787115639,0.5575424714517068,0.385910390677136
2016-0257-CHN,2016,Severe,RF_T2,2,Moderate,0.3745842249279103,0.5019133937392549,0.12350238133283466
2016-0258-ITA,2016,Moderate,RF_T2,2,Moderate,0.3208174553961623,0.4859378149976348,0.1932447296062029
2016-0266-MDG,2016,Moderate,RF_T2,2,Moderate,0.22138088746440082,0.4473514552575794,0.3312676572780196
2016-0269-NER,2016,Moderate,RF_T2,2,Low,0.6195769199820466,0.20594667389513605,0.17447640612281662
2016-0564-TUR,2016,Moderate,RF_T2,2,Moderate,0.05647224756092752,0.6879852614386429,0.25554249100043025
2017-0117-GRC,2017,Moderate,RF_T2,2,Moderate,0.05633892979754985,0.6280367769050056,0.31562429329744507
2016-0288-BGD,2016,Severe,RF_T2,2,Moderate,0.20803950333051402,0.4218953150790935,0.3700651815903924
2016-0299-EGY,2016,Moderate,RF_T2,2,Moderate,1.905718659861074e-05,0.9962436821627684,0.003737260650633115
2016-0315-NPL,2016,Moderate,RF_T2,2,Moderate,1.905718659861074e-05,0.9999711468746214,9.795938780071321e-06
2016-0317-EGY,2016,Moderate,RF_T2,2,Moderate,1.905718659861074e-05,0.9974184736363549,0.0025624691770464608
2016-0318-GTM,2016,Moderate,RF_T2,2,Moderate,0.14439516157041424,0.4924219131335915,0.3631829252959941
2016-0319-MEX,2016,Moderate,RF_T2,2,Low,0.7756745260823348,0.15833002636636637,0.06599544755129896
2016-0425-IDN,2016,Low,RF_T2,2,Low,0.5755599627323904,0.24382168283671526,0.18061835443089425
2017-0120-ZAF,2017,Moderate,RF_T2,2,Moderate,1.905718659861074e-05,0.9999711468746214,9.795938780071321e-06
2016-0344-SDN,2016,Moderate,RF_T2,2,Severe,0.13764364325958975,0.2641003643256585,0.5982559924147524
2016-0346-BGD,2016,Moderate,RF_T2,2,Severe,0.10347396886077512,0.4316537960328594,0.4648722351063656
2016-0349-PAK,2016,Moderate,RF_T2,2,Moderate,1.905718659861074e-05,0.9999711468746214,9.795938780071321e-06
2016-0351-CHN,2016,Moderate,RF_T2,2,Moderate,0.04861757885827066,0.5421197234309838,0.4092626977107454
2016-0353-USA,2016,Low,RF_T2,2,Moderate,0.3476675763216435,0.4702122231767637,0.18212020050159297
2016-0355-DOM,2016,Low,RF_T2,2,Low,0.8087886709628894,0.12276341134366886,0.06844791769344219
2016-0356-HND,2016,Low,RF_T2,2,Low,0.6147177159584443,0.20724644320854485,0.17803584083301086
2016-0357-ITA,2016,Low,RF_T2,2,Low,0.7908292782491833,0.10762281275765323,0.10154790899316295
2016-0360-THA,2016,Low,RF_T2,2,Low,0.7350111520889584,0.18223853113469374,0.0827503167763474
2017-0121-IND,2017,Moderate,RF_T2,2,Moderate,1.905718659861074e-05,0.9999711468746214,9.795938780071321e-06
2016-0371-VNM,2016,Moderate,RF_T2,2,Low,0.5646230620621985,0.34875270908094513,0.08662422885685644
2016-0373-CHN,2016,Moderate,RF_T2,2,Low,0.6548396688391228,0.2506750683302491,0.09448526283062733
2016-0378-THA,2016,Low,RF_T2,2,Low,0.7423408808634947,0.18323279985922908,0.07442631927727589
2016-0398-IND,2016,Moderate,RF_T2,2,Moderate,0.1458270479584352,0.4763029963791668,0.3778699556623981
2016-0409-CHN,2016,Moderate,RF_T2,2,Moderate,0.0557387863713431,0.6145675045099489,0.32969370911870793
2016-0422-IND,2016,Moderate,RF_T2,2,Moderate,0.16077843988486376,0.4828091214512803,0.35641243866385613
2016-0423-DOM,2016,Moderate,RF_T2,2,Low,0.7583818245247385,0.17310254080264073,0.06851563467262096
2016-0426-ROU,2016,Low,RF_T2,2,Low,0.8639530502490287,0.10634658920991634,0.02970036054105484
2016-0427-UKR,2016,Low,RF_T2,2,Low,0.8332552863441468,0.11700652212001288,0.04973819153583984
2016-0428-AUS,2016,Low,RF_T2,2,Low,0.6524308118868385,0.20703331629740476,0.1405358718157561
2016-0430-LBY,2016,Severe,RF_T2,2,Severe,0.02606318599206287,0.4668477166747426,0.5070890973331948
2016-0446-SRB,2016,Low,RF_T2,2,Low,0.8898080692310446,0.08990483082986289,0.020287099939091977
2016-0462-TUR,2016,Moderate,RF_T2,2,Moderate,0.14961787405020166,0.586506420241935,0.2638757057078641
2016-0467-RUS,2016,Moderate,RF_T2,2,Moderate,0.0009067368294059222,0.9990834672318141,9.795938780071321e-06
2016-0469-PAK,2016,Moderate,RF_T2,2,Moderate,0.180459795204766,0.4741310231643841,0.34540918163084994
2016-0544-IRN,2016,Low,RF_T2,2,Low,0.6792343576026281,0.255976766991819,0.06478887540555284
2016-0479-IDN,2016,Low,RF_T2,2,Low,0.6195055954581202,0.25509316713773383,0.12540123740414585
2016-0499-IDN,2016,Moderate,RF_T2,2,Severe,0.042892318302043576,0.4665035886421625,0.490604093055794
2016-0502-NGA,2016,Moderate,RF_T2,2,Moderate,0.0014377937671250737,0.9983146113084512,0.00024759492442370795
2016-0503-PHL,2016,Moderate,RF_T2,2,Low,0.358579224487866,0.31754636370229755,0.3238744118098368
2016-0506-PAK,2016,Moderate,RF_T2,2,Moderate,0.09441262464578828,0.4882725161388061,0.4173148592154056
2016-0517-VNM,2016,Moderate,RF_T2,2,Low,0.5293075287344985,0.3494921364150891,0.1212003348504125
2016-0518-PER,2016,Moderate,RF_T2,2,Severe,0.30011259680169844,0.34673044836161887,0.35315695483668313
2016-0533-COL,2016,Low,RF_T2,2,Low,0.7324052485112503,0.21025238973435456,0.05734236175439448
2016-0537-PHL,2016,Low,RF_T2,2,Low,0.45995409319683117,0.19333718925327242,0.34670871754989685
2016-0569-THA,2016,Moderate,RF_T2,2,Moderate,0.05550846097441007,0.6924043923785558,0.2520871466470344
2016-0573-VNM,2016,Low,RF_T2,2,Low,0.5637864004667287,0.3219827992819986,0.11423080025127283
2017-0124-CHN,2017,Low,RF_T2,2,Low,0.7331290358808134,0.17877506741628094,0.08809589670290528
2017-0128-CHN,2017,Moderate,RF_T2,2,Moderate,0.2104125283387015,0.7895874716612981,0.0
2017-0010-MKD,2017,Low,RF_T2,2,Low,0.6993902949266376,0.17751617056953495,0.12309353450382692
2017-0018-LBY,2017,Severe,RF_T2,2,Severe,0.030068340001492805,0.4176175840962958,0.5523140759022124
2017-0028-PHL,2017,Low,RF_T2,2,Low,0.680968704181674,0.2200280999674842,0.09900319585084222
2017-0035-MDG,2017,Moderate,RF_T2,2,Moderate,0.0002157310839232673,0.9997744729772967,9.795938780071321e-06
2017-0050-PHL,2017,Low,RF_T2,2,Low,0.46202158627409967,0.19314672001954736,0.34483169370635336
2017-0068-IDN,2017,Moderate,RF_T2,2,Moderate,0.15177167505984976,0.5461520441851424,0.3020762807550087
2017-0071-AFG,2017,Moderate,RF_T2,2,Moderate,0.2954059086621373,0.5208548524671186,0.18373923887074411
2017-0080-BDI,2017,Low,RF_T2,2,Moderate,0.14163904604804187,0.49300640208882784,0.36535455186313026
2017-0089-YEM,2017,Moderate,RF_T2,2,Moderate,0.1076667691378115,0.6115968497505077,0.2807363811116811
2017-0090-COL,2017,Severe,RF_T2,2,Moderate,0.158211145111738,0.5760157444830473,0.26577311040521545
2017-0092-SEN,2017,Moderate,RF_T2,2,Moderate,0.2672165937534173,0.3904184516326475,0.34236495461393507
2017-0099-LKA,2017,Moderate,RF_T2,2,Moderate,0.17489107285991382,0.5571360792708929,0.26797284786919356
2017-0100-MEX,2017,Moderate,RF_T2,2,Moderate,1.905718659861074e-05,0.9999711468746214,9.795938780071321e-06
2017-0111-IDN,2017,Low,RF_T2,2,Low,0.6372640114232822,0.2508656304678899,0.1118703581088284
2017-0114-TUR,2017,Moderate,RF_T2,2,Moderate,0.053922712860580604,0.6831824114023898,0.2628948757370307
2017-0115-SEN,2017,Moderate,RF_T2,2,Moderate,0.06035267533785646,0.5005620153655661,0.4390853092965779
2017-0144-IND,2017,Severe,RF_T2,2,Severe,0.06633222448983865,0.15141559387899772,0.7822521816311632
2017-0153-LKA,2017,Severe,RF_T2,2,Low,0.6706060048344358,0.2675664182466631,0.061827576918901145
2017-0165-BGR,2017,Moderate,RF_T2,2,Moderate,0.00023614667613137714,0.9996313466312595,0.0001325066926091859
2017-0167-RUS,2017,Moderate,RF_T2,2,Moderate,1.905718659861074e-05,0.9999711468746214,9.795938780071321e-06
2017-0169-TWN,2017,Low,RF_T2,2,Low,0.5595381342262523,0.23014334856882232,0.21031851720492492
2017-0173-GBR,2017,Moderate,RF_T2,2,Moderate,0.19951078208375922,0.5819702343176513,0.21851898359859
2017-0377-IRN,2017,Moderate,RF_T2,2,Moderate,0.01400333999140814,0.9859868640698117,9.795938780071321e-06
2017-0177-IDN,2017,Low,RF_T2,2,Low,0.6257133520754434,0.2470210826984204,0.12726556522613588
2017-0181-PAK,2017,Moderate,RF_T2,2,Moderate,0.2161376881446241,0.4877853832069395,0.296076928648436
2017-0182-GRC,2017,Low,RF_T2,2,Low,0.7800487906161332,0.09921533210539189,0.12073587727847479
2017-0187-CHN,2017,Moderate,RF_T2,2,Moderate,0.4035616187452254,0.4849796559915063,0.11145872526326829
2017-0190-GTM,2017,Moderate,RF_T2,2,Moderate,0.14944983877212348,0.4989475127641047,0.35160264846377187
2017-0194-BRA,2017,Moderate,RF_T2,2,Moderate,1.905718659861074e-05,0.9999711468746214,9.795938780071321e-06
2017-0205-TZA,2017,Low,RF_T2,2,Low,0.4904418516134455,0.29454823340701636,0.2150099149795382
2017-0210-MEX,2017,Moderate,RF_T2,2,Moderate,1.905718659861074e-05,0.9999711468746214,9.795938780071321e-06
2017-0221-ARG,2017,Low,RF_T2,2,Low,0.8600730649424889,0.10751220468699536,0.03241473037051468
2017-0240-RUS,2017,Moderate,RF_T2,2,Moderate,1.905718659861074e-05,0.9999711468746214,9.795938780071321e-06
2017-0245-CHN,2017,Moderate,RF_T2,2,Moderate,0.4097565992359632,0.4753784221516098,0.11486497861242685
2017-0247-PHL,2017,Low,RF_T2,2,Low,0.5389039403403381,0.17786003455899624,0.2832360251006657
2017-0294-IND,2017,Severe,RF_T2,2,Moderate,0.2022205026715779,0.46432147420196135,0.33345802312646045
2017-0301-COD,2017,Moderate,RF_T2,2,Severe,0.04000936820556139,0.4060112730056522,0.5539793587887862
2017-0257-IND,2017,Moderate,RF_T2,2,Moderate,0.21220435994203923,0.47016809700744866,0.3176275430505119
2017-0388-LBY,2017,Severe,RF_T2,2,Severe,0.02785926047568776,0.4392303234537333,0.5329104160705797
2017-0259-VNM,2017,Low,RF_T2,2,Low,0.576411940489402,0.3048753385127822,0.11871272099781585
2017-0274-IND,2017,Moderate,RF_T2,2,Moderate,1.905718659861074e-05,0.9999711468746214,9.795938780071321e-06
2017-0275-IND,2017,Moderate,RF_T2,2,Moderate,1.905718659861074e-05,0.9999711468746214,9.795938780071321e-06
2017-0288-AFG,2017,Moderate,RF_T2,2,Moderate,0.18198262997314743,0.42314975606417804,0.39486761396267434
2017-0289-IND,2017,Moderate,RF_T2,2,Moderate,0.15478524024035328,0.5067993121265234,0.33841544763312326
2017-0366-EGY,2017,Moderate,RF_T2,2,Moderate,1.905718659861074e-05,0.9999711468746214,9.795938780071321e-06
2017-0309-USA,2017,Moderate,RF_T2,2,Moderate,0.1875504960082428,0.6134952164256137,0.19895428756614372
2017-0316-THA,2017,Moderate,RF_T2,2,Low,0.7683461463172969,0.18159553707813963,0.05005831660456331
2017-0328-AUT,2017,Low,RF_T2,2,Low,0.9206466577524793,0.06842510485760155,0.01092823738991872
2017-0328-ITA,2017,Low,RF_T2,2,Low,0.879566348761816,0.09798378754327501,0.022449863694907927
2017-0332-CHN,2017,Moderate,RF_T2,2,Moderate,0.05502401111697446,0.5479820730267021,0.39699391585632293
2017-0333-EGY,2017,Moderate,RF_T2,2,Moderate,0.1902333309984333,0.5512312554140802,0.2585354135874865
2017-0349-ITA,2017,Low,RF_T2,2,Low,0.776186548216648,0.12157510885197018,0.10223834293138168
2017-0355-IRQ,2017,Moderate,RF_T2,2,Moderate,0.05986466383760479,0.6406743488084549,0.29946098735394144
2017-0358-NGA,2017,Moderate,RF_T2,2,Severe,0.04072630317740053,0.4239242319391127,0.5353494648834864
2017-0359-IND,2017,Moderate,RF_T2,2,Moderate,0.18923062224980908,0.5102365665970547,0.3005328111531367
2017-0360-AUT,2017,Low,RF_T2,2,Low,0.9142926581459799,0.07270309700021584,0.013004244853803668
2017-0372-CHN,2017,Moderate,RF_T2,2,Moderate,0.40175979278192697,0.4775470652019861,0.12069314201608666
2017-0381-MAF,2017,Moderate,RF_T2,2,Low,0.7778167503424752,0.13377010178387821,0.08841314787364708
2017-0381-USA,2017,Moderate,RF_T2,2,Low,0.5177335132769104,0.21146707190786734,0.2707994148152221
2017-0383-USA,2017,Low,RF_T2,2,Low,0.8069987472346458,0.1663028226813989,0.026698430083955275
2017-0407-ROU,2017,Low,RF_T2,2,Low,0.8756250914748644,0.100416066164023,0.02395884236111218
2017-0409-RUS,2017,Moderate,RF_T2,2,Moderate,0.22124154476193347,0.5470695254616793,0.23168892977638728
2017-0410-CRI,2017,Moderate,RF_T2,2,Low,0.8948554628610378,0.08671788889089528,0.018426648248066543
2017-0410-NIC,2017,Moderate,RF_T2,2,Low,0.7104434422771773,0.16442501656732844,0.12513154115549546
2017-0449-HND,2017,Low,RF_T2,2,Low,0.6108834026950207,0.2138380144597552,0.1752785828452239
2017-0415-RWA,2017,Low,RF_T2,2,Low,0.7154204086395816,0.19008683397425583,0.09449275738616274
2017-0417-ESP,2017,Low,RF_T2,2,Low,0.8926288459014237,0.08990931790588812,0.017461836192687617
2017-0419-NPL,2017,Moderate,RF_T2,2,Moderate,1.905718659861074e-05,0.9999711468746214,9.795938780071321e-06
2017-0422-PHL,2017,Low,RF_T2,2,Low,0.5205760827747858,0.34136735586299183,0.1380565613622221
2017-0423-ITA,2017,Moderate,RF_T2,2,Moderate,0.058944181823377684,0.660240910560131,0.2808149076164913
2017-0427-PRK,2017,Severe,RF_T2,2,Moderate,0.1355391931052104,0.5336071021377234,0.33085370475706627
2017-0530-IDN,2017,Low,RF_T2,2,Low,0.5528039599173877,0.19126214267622438,0.255933897406388
2017-0428-VNM,2017,Moderate,RF_T2,2,Low,0.5350522427694404,0.3438321688236202,0.12111558840693928
2017-0429-IDN,2017,Moderate,RF_T2,2,Moderate,0.13788896170210563,0.5468263821706082,0.31528465612728673
2017-0433-MYS,2017,Moderate,RF_T2,2,Moderate,0.15395470880119158,0.5746917338811083,0.2713535573177008
2017-0438-BGD,2017,Moderate,RF_T2,2,Severe,0.10238368226576058,0.44065915039416065,0.4569571673400789
2017-0441-COD,2017,Moderate,RF_T2,2,Severe,0.0371325953162047,0.4147866572960543,0.5480807473877408
2017-0445-COD,2017,Moderate,RF_T2,2,Moderate,0.0,0.7612653109325229,0.2387346890674771
2017-0449-NIC,2017,Low,RF_T2,2,Low,0.7041856992125407,0.18156715861866915,0.1142471421687909
2017-0532-CRI,2017,Moderate,RF_T2,2,Moderate,0.05136263567128828,0.6758166248554125,0.2728207394732996
2017-0536-PHL,2017,Moderate,RF_T2,2,Moderate,0.19043534109891627,0.5037449851170249,0.30581967378405917
2017-0539-EGY,2017,Moderate,RF_T2,2,Moderate,1.905718659861074e-05,0.9999711468746214,9.795938780071321e-06
2017-0540-EGY,2017,Moderate,RF_T2,2,Moderate,1.905718659861074e-05,0.9999711468746214,9.795938780071321e-06
2017-0457-CHN,2017,Moderate,RF_T2,2,Moderate,0.060143793737461364,0.6137017856274167,0.32615442063512207
2017-0463-CHN,2017,Moderate,RF_T2,2,Moderate,0.4026079127718655,0.47356992515575674,0.12382216207237742
2017-0466-MNG,2017,Moderate,RF_T2,2,Moderate,0.16488185370703717,0.531177448856776,0.303940697436187
2017-0477-MYS,2017,Low,RF_T2,2,Low,0.7662173266836472,0.14981529848847241,0.08396737482788015
2017-0478-COL,2017,Moderate,RF_T2,2,Low,0.7272206830149706,0.21392140281917515,0.05885791416585372
2017-0480-BFA,2017,Moderate,RF_T2,2,Severe,0.1521898652631553,0.22006657841429142,0.6277435563225534
2017-0485-CHN,2017,Moderate,RF_T2,2,Low,0.6604313514698852,0.24434714341446404,0.09522150511565038
2017-0485-HKG,2017,Low,RF_T2,2,Low,0.8661242059423213,0.10360540682857354,0.03027038722910515
2017-0498-MEX,2017,Low,RF_T2,2,Low,0.7825195829505677,0.156070540142344,0.061409876907088254
2017-0501-GEO,2017,Moderate,RF_T2,2,Moderate,0.15863490109040684,0.562678597114807,0.27868650179478643
2017-0511-USA,2017,Low,RF_T2,2,Low,0.7992288576366005,0.17130970093309425,0.029461441430304956
2017-0515-IDN,2017,Moderate,RF_T2,2,Low,0.5782698234214297,0.30454902508504095,0.11718115149352926
2017-0518-MEX,2017,Moderate,RF_T2,2,Moderate,0.0009067368294059222,0.9990834672318141,9.795938780071321e-06
2017-0521-IRN,2017,Low,RF_T2,2,Low,0.8115577309842,0.10201598941331354,0.08642627960248586
2017-0529-CHL,2017,Moderate,RF_T2,2,Moderate,0.17043577683997246,0.5397908262552914,0.28977339690473647
2017-0544-ITA,2017,Low,RF_T2,2,Low,0.8423635449750617,0.12800953035666607,0.02962692466827108
2017-0555-YEM,2017,Moderate,RF_T2,2,Severe,0.23479326712613072,0.275753946481486,0.4894527863923833
2017-0556-BGD,2017,Moderate,RF_T2,2,Severe,0.18770747424630302,0.28003366448094935,0.532258861272748
2017-0564-USA,2017,Low,RF_T2,2,Low,0.7721801294945849,0.1796318549687094,0.04818801553670476
2017-0568-CHN,2017,Low,RF_T2,2,Moderate,0.41612601297362584,0.46449575795330933,0.11937822907306465
2017-0573-SDN,2017,Moderate,RF_T2,2,Low,0.4886615855255647,0.286080370545484,0.22525804392895146
2017-0574-BRA,2017,Moderate,RF_T2,2,Moderate,0.06096579884918892,0.6578894049812021,0.2811447961696093
2017-0576-IDN,2017,Low,RF_T2,2,Low,0.6093507351900053,0.2426971891248504,0.14795207568514412
2017-0581-GMB,2017,Low,RF_T2,2,Low,0.7142385962141987,0.18205974601902838,0.1037016577667726
2017-0583-SEN,2017,Low,RF_T2,2,Moderate,0.12979630151575985,0.521400357501115,0.34880334098312554
2019-0660-CAF,2019,Moderate,RF_T2,3,Severe,0.16038103189354636,0.3252871155031345,0.5143318526033192
2019-0650-BEL,2019,Severe,RF_T2,3,Severe,0.13811004091256748,0.08245737811399195,0.7794325809734398
2019-0642-FJI,2019,Low,RF_T2,3,Low,0.7838339828537267,0.1355946650101568,0.08057135213611684
2019-0627-GTM,2019,Moderate,RF_T2,3,Moderate,0.00016841795340240666,0.9995604839958692,0.00027109805072840135
2019-0626-ESP,2019,Low,RF_T2,3,Low,0.8954928399356834,0.0848154552515806,0.019691704812736185
2019-0625-UGA,2019,Moderate,RF_T2,3,Low,0.520897076576255,0.2533808129718364,0.2257221104519088
2019-0624-USA,2019,Moderate,RF_T2,3,Low,0.624958814153866,0.26740597567751057,0.10763521016862262
2019-0621-FRA,2019,Low,RF_T2,3,Low,0.8762768225594632,0.09813532704071194,0.02558785039982513
2019-0618-PAK,2019,Moderate,RF_T2,3,Moderate,0.00016841795340240666,0.9995604839958692,0.00027109805072840135
2019-0614-COD,2019,Severe,RF_T2,3,Severe,0.13109497129501996,0.25312412707994625,0.6157809016250337
2019-0609-VEN,2019,Low,RF_T2,3,Low,0.6915966922116116,0.18615353063041648,0.12224977715797238
2019-0590-RUS,2019,Moderate,RF_T2,3,Moderate,0.0008495732947739841,0.9988793286544976,0.00027109805072840135
2019-0587-TUN,2019,Moderate,RF_T2,3,Moderate,0.00016841795340240666,0.9995604839958692,0.00027109805072840135
2019-0584-MRT,2019,Moderate,RF_T2,3,Moderate,0.05472947938284843,0.5832559074723523,0.3620146131447989
2019-0569-BGD,2019,Moderate,RF_T2,3,Moderate,0.1467372280710147,0.5287981349092891,0.324464637019696
2019-0562-TZA,2019,Moderate,RF_T2,3,Low,0.5079631381290298,0.25958472577098746,0.2324521360999826
2019-0549-VNM,2019,Low,RF_T2,3,Low,0.5364829139467696,0.3024328350372334,0.16108425101599683
2019-0549-PHL,2019,Moderate,RF_T2,3,Low,0.6302831696820189,0.2473451584939864,0.1223716718239951
2019-0543-ITA,2019,Low,RF_T2,3,Low,0.7990795328927953,0.17426486390516344,0.026655603202040457
2019-0540-UGA,2019,Low,RF_T2,3,Low,0.5247029795177229,0.2491003919912058,0.22619662849107103
2019-0535-NPL,2019,Moderate,RF_T2,3,Moderate,0.00016841795340240666,0.9995604839958692,0.00027109805072840135
2019-0533-FRA,2019,Low,RF_T2,3,Low,0.884991534910408,0.09611702335108173,0.018891441738510158
2019-0532-CAN,2019,Low,RF_T2,3,Low,0.9016090180744554,0.08458605471926592,0.01380492720627906
2019-0525-SDN,2019,Moderate,RF_T2,3,Severe,0.11278555863080411,0.25793370794245424,0.6292807334267421
2019-0518-SAU,2019,Low,RF_T2,3,Low,0.7081123488261588,0.25561642037338017,0.036271230800459776
2019-0513-USA,2019,Low,RF_T2,3,Low,0.7964933258887558,0.17635343953125063,0.027153234579992937
2019-0511-ROU,2019,Moderate,RF_T2,3,Moderate,0.00015951248328958581,0.999569389465982,0.00027109805072840135
2019-0508-COD,2019,Moderate,RF_T2,3,Moderate,0.054008474131912794,0.5968560435075658,0.3491354823605206
2019-0505-FRA,2019,Low,RF_T2,3,Low,0.8769904639064211,0.09914196245827936,0.023867573635299014
2019-0172-MAR,2019,Moderate,RF_T2,3,Moderate,0.00016841795340240666,0.9995604839958692,0.00027109805072840135
2019-0498-COD,2019,Moderate,RF_T2,3,Moderate,0.00015951248328958581,0.832051776754524,0.16778871076218635
2019-0495-IRN,2019,Low,RF_T2,3,Low,0.5855367608763544,0.19799633638287972,0.21646690274076563
2019-0484-USA,2019,Low,RF_T2,3,Low,0.7353773915875376,0.198185602109491,0.06643700630297152
2019-0464-PAK,2019,Moderate,RF_T2,3,Severe,0.066306406370616,0.2757331322776582,0.6579604613517261
2019-0462-TUR,2019,Low,RF_T2,3,Low,0.7787667555435044,0.16865916327037908,0.05257408118611542
2019-0459-MAR,2019,Moderate,RF_T2,3,Moderate,0.04785716046382913,0.6256384830497821,0.3265043564863893
2019-0458-CHN,2019,Moderate,RF_T2,3,Moderate,0.09785641219602767,0.9018724897532443,0.00027109805072840135
2019-0441-CMR,2019,Moderate,RF_T2,3,Moderate,0.059729029082307476,0.5405181993113056,0.39975277160638706
2019-0440-BRA,2019,Moderate,RF_T2,3,Moderate,0.1324415436929024,0.5965869526837739,0.27097150362332345
2019-0439-COD,2019,Moderate,RF_T2,3,Severe,0.040727480743837786,0.47673283872522126,0.48253968053094115
2019-0437-LBR,2019,Moderate,RF_T2,3,Moderate,0.27679324863227384,0.40975172502704965,0.31345502634067646
2019-0433-MRT,2019,Low,RF_T2,3,Low,0.6902832083064233,0.18712358161014078,0.12259321008343624
2019-0430-UGA,2019,Moderate,RF_T2,3,Moderate,0.13230253894270272,0.46134137174508877,0.40635608931220857
2019-0419-THA,2019,Moderate,RF_T2,3,Low,0.7709076201182855,0.1901750694454781,0.038917310436235204
2019-0412-BHS,2019,Severe,RF_T2,3,Low,0.6783501794583816,0.16902556807379904,0.15262425246781905
2019-0406-COD,2019,Moderate,RF_T2,3,Severe,0.04151666701983076,0.47860779652015434,0.47987553646001496
2019-0404-COD,2019,Moderate,RF_T2,3,Moderate,0.04151666701983076,0.48014946805585407,0.4783338649243153
2019-0402-UGA,2019,Moderate,RF_T2,3,Moderate,0.00016841795340240666,0.9995604839958692,0.00027109805072840135
2019-0396-SVK,2019,Low,RF_T2,3,Low,0.9107783074523665,0.07321907060479771,0.01600262194283547
2019-0395-GTM,2019,Low,RF_T2,3,Low,0.6168770408710891,0.2267188566756695,0.1564041024532414
2019-0393-VNM,2019,Moderate,RF_T2,3,Low,0.6065117926074529,0.26780117072989296,0.12568703666265357
2019-0392-SDN,2019,Moderate,RF_T2,3,Severe,0.28472766242354514,0.29984764658853813,0.4154246909879171
2019-0379-SYR,2019,Moderate,RF_T2,3,Moderate,0.10000736195140007,0.5871097022248034,0.3128829358237962
2019-0377-IDN,2019,Low,RF_T2,3,Low,0.529624991326269,0.16564715552066955,0.3047278531530618
2019-0374-PER,2019,Moderate,RF_T2,3,Moderate,0.00015951248328958581,0.999569389465982,0.00027109805072840135
2019-0370-MAR,2019,Moderate,RF_T2,3,Moderate,0.12018991656320768,0.5804529400108428,0.2993571434259492
2019-0366-FRA,2019,Severe,RF_T2,3,Severe,0.19874207223202145,0.13828901739397872,0.6629689103739993
2019-0354-IRN,2019,Moderate,RF_T2,3,Moderate,0.00015951248328958581,0.999569389465982,0.00027109805072840135
2019-0344-IND,2019,Moderate,RF_T2,3,Moderate,0.00016841795340240666,0.9995604839958692,0.00027109805072840135
2019-0342-COD,2019,Low,RF_T2,3,Moderate,0.24511601313633483,0.4196020298888467,0.3352819569748191
2019-0341-USA,2019,Moderate,RF_T2,3,Moderate,0.21784609660565196,0.662605773700405,0.11954812969394348
2019-0340-NGA,2019,Moderate,RF_T2,3,Severe,0.06517118479239331,0.3889024962931511,0.5459263189144551
2019-0338-SLV,2019,Low,RF_T2,3,Severe,0.3841484609471667,0.22373747869616328,0.3921140603566698
2019-0331-IND,2019,Severe,RF_T2,3,Severe,0.0954596680077199,0.199800025507263,0.7047403064850173
2019-0330-PAK,2019,Moderate,RF_T2,3,Moderate,0.06294203158863876,0.5343833170152396,0.4026746513961214
2019-0329-HND,2019,Moderate,RF_T2,3,Moderate,0.057742400984401726,0.5973702207548183,0.34488737826077975
2019-0328-TUN,2019,Moderate,RF_T2,3,Moderate,0.04573586863375287,0.5356769162985211,0.4185872150677259
2019-0278-USA,2019,Moderate,RF_T2,3,Moderate,0.21784609660565196,0.662605773700405,0.11954812969394348
2019-0277-BGD,2019,Low,RF_T2,3,Moderate,0.15595232281650712,0.4748876485931059,0.36916002859038705
2019-0326-NGA,2019,Moderate,RF_T2,3,Severe,0.06517118479239331,0.3889024962931511,0.5459263189144551
2019-0325-PAK,2019,Moderate,RF_T2,3,Moderate,0.11059788828641251,0.48909928512600737,0.4003028265875797
2019-0309-BRA,2019,Low,RF_T2,3,Low,0.7625617330146455,0.1659477711813148,0.07149049580403875
2019-0304-BGD,2019,Low,RF_T2,3,Moderate,0.14730121241205837,0.49673527752885843,0.355963510059083
2019-0297-MEX,2019,Low,RF_T2,3,Low,0.7749816595464791,0.16630437457608196,0.05871396587743786
2019-0296-ITA,2019,Low,RF_T2,3,Severe,0.23759755376546568,0.1398916987675371,0.6225107474669975
2019-0291-CHN,2019,Low,RF_T2,3,Low,0.614488586316924,0.28591389266818856,0.0995975210148868
2019-0289-JPN,2019,Low,RF_T2,3,Low,0.7887787308590192,0.17480738533248397,0.03641388380849607
2019-0285-SSD,2019,Low,RF_T2,3,Low,0.6921691572363119,0.18842112564245767,0.11940971712123034
2019-0261-VEN,2019,Moderate,RF_T2,3,Moderate,0.00016841795340240666,0.9995604839958692,0.00027109805072840135
2019-0257-PHL,2019,Moderate,RF_T2,3,Moderate,0.00016841795340240666,0.9995604839958692,0.00027109805072840135
2019-0252-YEM,2019,Low,RF_T2,3,Low,0.5579778792855139,0.22631202256534105,0.21571009814914535
2019-0245-PRY,2019,Moderate,RF_T2,3,Low,0.7041339267254906,0.17969784984215745,0.11616822343235186
2019-0241-MLI,2019,Moderate,RF_T2,3,Moderate,0.00016841795340240666,0.9987602717692583,0.0010713102773392603
2019-0237-IDN,2019,Moderate,RF_T2,3,Moderate,0.00016841795340240666,0.9995604839958692,0.00027109805072840135
2019-0235-EGY,2019,Moderate,RF_T2,3,Moderate,0.00016841795340240666,0.9995604839958692,0.00027109805072840135
2019-0223-IND,2019,Moderate,RF_T2,3,Severe,0.08669258221041247,0.19252569464623867,0.7207817231433484
2019-0221-LKA,2019,Moderate,RF_T2,3,Severe,0.19172924699894017,0.23734527455206575,0.5709254784489941
2019-0216-TJK,2019,Low,RF_T2,3,Low,0.40328916648853147,0.2488584022647234,0.34785243124674486
2019-0216-AFG,2019,Low,RF_T2,3,Severe,0.138316576926995,0.3733829197625711,0.488300503310434
2019-0215-HTI,2019,Low,RF_T2,3,Low,0.5805881146416584,0.22208572643702035,0.19732615892132174
2019-0213-YEM,2019,Low,RF_T2,3,Low,0.5246803143625918,0.22153280120861435,0.25378688442879405
2019-0185-ARG,2019,Low,RF_T2,3,Low,0.8716415133698062,0.10492001951565635,0.0234384671145366
2019-0175-COL,2019,Moderate,RF_T2,3,Moderate,0.13316407993768992,0.591699162476869,0.2751367575854407
2019-0173-UKR,2019,Moderate,RF_T2,3,Moderate,0.12500058759133653,0.6027676189502896,0.2722317934583733
2019-0170-COD,2019,Moderate,RF_T2,3,Severe,0.0988339355184542,0.42510410457581593,0.47606195990573
2019-0169-COD,2019,Moderate,RF_T2,3,Moderate,0.049574185610336934,0.47780805210149774,0.47261776228816543
2019-0165-COM,2019,Low,RF_T2,3,Low,0.5402397793961976,0.2706693249607329,0.1890908956430692
2019-0164-IND,2019,Moderate,RF_T2,3,Low,0.37751924285020866,0.29872830354084806,0.32375245360894345
2019-0163-NER,2019,Moderate,RF_T2,3,Moderate,0.00016841795340240666,0.9974937839327955,0.002337798113802122
2019-0161-CHN,2019,Moderate,RF_T2,3,Low,0.5453625566499615,0.3588310478220206,0.0958063955280179
2019-0155-IND,2019,Moderate,RF_T2,3,Low,0.3730079144459648,0.3429310052861776,0.2840610802678574
2019-0149-KOR,2019,Low,RF_T2,3,Low,0.7898060312140317,0.17441038426195052,0.03578358452401705
2019-0135-NPL,2019,Moderate,RF_T2,3,Moderate,0.3579821558127512,0.43071612655905034,0.21130171762819827
2019-0129-KAZ,2019,Moderate,RF_T2,3,Moderate,0.04541512276677078,0.667981289759173,0.28660358747405656
2019-0128-GTM,2019,Moderate,RF_T2,3,Moderate,0.00016841795340240666,0.9995604839958692,0.00027109805072840135
2019-0127-BGD,2019,Moderate,RF_T2,3,Moderate,0.17612546828221423,0.4827541655012849,0.34112036621650094
2019-0125-AFG,2019,Moderate,RF_T2,3,Moderate,0.2594473543114789,0.4403200828211223,0.3002325628673987
2018-0035-MEX,2018,Moderate,RF_T2,3,Moderate,0.04710675834326395,0.6923981835149784,0.260495058141758
2019-0121-COL,2019,Moderate,RF_T2,3,Moderate,0.13168626350327386,0.5993732899040285,0.2689404465926972
2019-0120-IRQ,2019,Severe,RF_T2,3,Moderate,0.05018102023177197,0.7074885573976327,0.24233042237059568
2019-0119-CHN,2019,Moderate,RF_T2,3,Moderate,0.052450404317715,0.7932229860235496,0.15432660965873574
2019-0118-GHA,2019,Moderate,RF_T2,3,Moderate,0.00016841795340240666,0.9995604839958692,0.00027109805072840135
2019-0113-NGA,2019,Moderate,RF_T2,3,Moderate,0.07697861453101329,0.46431696775396697,0.45870441771501974
2019-0110-ZWE,2019,Severe,RF_T2,3,Low,0.5558683603619688,0.19084185590865094,0.2532897837293802
2019-0098-PNG,2019,Low,RF_T2,3,Low,0.6162055775636761,0.20271194893074426,0.18108247350557966
2018-0033-IRN,2018,Moderate,RF_T2,3,Moderate,0.04347388394012092,0.6309673457214968,0.3255587703383825
2019-0094-ZWE,2019,Moderate,RF_T2,3,Low,0.4107516648866352,0.28697064196648864,0.3022776931468757
2019-0092-BOL,2019,Moderate,RF_T2,3,Moderate,0.13764061393541294,0.5703527242996093,0.2920066617649775
2019-0089-USA,2019,Low,RF_T2,3,Low,0.8131934640971312,0.16392196012467375,0.02288457577819453
2019-0072-PER,2019,Moderate,RF_T2,3,Low,0.7834469613395323,0.1629859590798688,0.053567079580597705
2019-0063-BGD,2019,Moderate,RF_T2,3,Moderate,0.1780443265335157,0.49460080431623826,0.32735486915024625
2019-0061-ZAF,2019,Moderate,RF_T2,3,Moderate,0.1847206883885933,0.5580326507732031,0.25724666083820263
2019-0060-IND,2019,Moderate,RF_T2,3,Moderate,0.09995090239986597,0.6074223873793198,0.2926267102208143
2019-0050-AFG,2019,Moderate,RF_T2,3,Moderate,0.24931077337528504,0.4520494314378627,0.2986397951868525
2019-0048-MOZ,2019,Moderate,RF_T2,3,Low,0.5561532683382193,0.22339795160201995,0.22044878005976112
2019-0043-SYR,2019,Moderate,RF_T2,3,Moderate,0.11019449607013525,0.6250226167811539,0.2647828871487107
2019-0042-DJI,2019,Moderate,RF_T2,3,Moderate,0.06257316865849735,0.4950820817658225,0.4423447495756803
2019-0028-AUS,2019,Low,RF_T2,3,Low,0.8128172749684607,0.16075133920569573,0.026431385825842767
2019-0024-LBY,2019,Moderate,RF_T2,3,Severe,0.008135060602392084,0.2568652547890723,0.7349996846085353
2019-0011-CHN,2019,Moderate,RF_T2,3,Moderate,0.03894029234478389,0.7972317887185658,0.16382791893665027
2018-0484-VNM,2018,Moderate,RF_T2,3,Low,0.5317493612436881,0.30657916221775,0.16167147653856168
2018-0472-IDN,2018,Low,RF_T2,3,Low,0.6530128389009804,0.22308185170300082,0.12390530939601904
2018-0460-IRN,2018,Moderate,RF_T2,3,Moderate,0.00015951248328958581,0.999569389465982,0.00027109805072840135
2018-0458-IDN,2018,Severe,RF_T2,3,Moderate,0.17750666043782226,0.5416302581093349,0.280863081452843
2018-0451-IND,2018,Moderate,RF_T2,3,Moderate,0.1240402980382906,0.581040910057832,0.294918791903878
2018-0446-GIN,2018,Moderate,RF_T2,3,Moderate,0.00016841795340240666,0.9995604839958692,0.00027109805072840135
2018-0435-CMR,2018,Moderate,RF_T2,3,Severe,0.20718352543033172,0.25864374957040853,0.5341727249992599
2018-0003-ZAF,2018,Moderate,RF_T2,3,Moderate,0.24771046419128523,0.5108315487428914,0.24145798706582328
2018-0427-IRQ,2018,Moderate,RF_T2,3,Low,0.7008221540962449,0.18759967470090927,0.1115781712028459
2018-0423-UGA,2018,Moderate,RF_T2,3,Moderate,0.11602239348525938,0.48498617949966866,0.3989914270150717
2018-0419-USA,2018,Low,RF_T2,3,Low,0.771814595761933,0.19812595112163323,0.03005945311643377
2018-0417-ZWE,2018,Moderate,RF_T2,3,Moderate,0.00258286168713074,0.9971460402621408,0.00027109805072840135
2018-0240-MMR,2018,Moderate,RF_T2,3,Moderate,0.11772825937974016,0.49729381602722633,0.3849779245930332
2018-0414-JOR,2018,Moderate,RF_T2,3,Low,0.8008408110204159,0.1408597732546898,0.05829941572489377
2018-0411-MRT,2018,Moderate,RF_T2,3,Moderate,0.00016841795340240666,0.9995604839958692,0.00027109805072840135
2018-0402-ETH,2018,Moderate,RF_T2,3,Moderate,0.00016841795340240666,0.9995604839958692,0.00027109805072840135
2018-0399-PHL,2018,Moderate,RF_T2,3,Low,0.4991165249186282,0.2748353159101601,0.2260481591712116
2018-0394-YEM,2018,Moderate,RF_T2,3,Low,0.5635400950220176,0.2118708998788343,0.22458900509914798
2018-0391-IND,2018,Moderate,RF_T2,3,Moderate,0.10751385596780856,0.5645300165720911,0.32795612746010017
2018-0389-TWN,2018,Moderate,RF_T2,3,Moderate,0.14070624529515757,0.5028305394849634,0.35646321521987895
2018-0385-IND,2018,Moderate,RF_T2,3,Severe,0.11946832650123396,0.3111568783457606,0.5693747951530053
2018-0383-IRN,2018,Low,RF_T2,3,Severe,0.33666438871853444,0.26844645444888043,0.39488915683258513
2018-0379-AFG,2018,Moderate,RF_T2,3,Moderate,0.00016841795340240666,0.9995604839958692,0.00027109805072840135
2018-0375-FRA,2018,Moderate,RF_T2,3,Low,0.8777502083483708,0.09624327088744693,0.026006520764181886
2018-0372-IND,2018,Moderate,RF_T2,3,Severe,0.06540037244203505,0.1934757016065332,0.741123925951432
2018-0364-TUN,2018,Low,RF_T2,3,Low,0.7359946961457298,0.18567911820694968,0.07832618564732019
2018-0362-KEN,2018,Moderate,RF_T2,3,Moderate,0.00016841795340240666,0.9980228459136462,0.0018087361329513828
2018-0361-ESP,2018,Moderate,RF_T2,3,Low,0.8942397787475942,0.08921556586277622,0.01654465538962933
2018-0352-IDN,2018,Severe,RF_T2,3,Severe,0.41029486466406173,0.16191761303378727,0.4277875223021514
2018-0347-PHL,2018,Low,RF_T2,3,Low,0.6586157908073488,0.23007272397084788,0.11131148522180362
2018-0336-NGA,2018,Moderate,RF_T2,3,Severe,0.05580880746348304,0.36941325596646435,0.5747779365700526
2018-0334-TZA,2018,Moderate,RF_T2,3,Moderate,0.00016841795340240666,0.9995604839958692,0.00027109805072840135
2018-0332-SSD,2018,Moderate,RF_T2,3,Moderate,0.06260260591528563,0.48433617701325615,0.4530612170714581
2018-0316-PNG,2018,Moderate,RF_T2,3,Low,0.6354510570301383,0.17974823266827056,0.18480071030159126
2018-0314-MMR,2018,Low,RF_T2,3,Low,0.5920230062052944,0.2111560969768233,0.19682089681788256
2018-0313-TWN,2018,Low,RF_T2,3,Low,0.6429449563357339,0.17382594080860223,0.18322910285566368
2018-0312-CHN,2018,Moderate,RF_T2,3,Moderate,0.05044668667514054,0.7256685463233472,0.2238847670015124
2018-0309-PRK,2018,Moderate,RF_T2,3,Low,0.46068231889961436,0.2526723724544464,0.286645308645939
2018-0304-PAK,2018,Moderate,RF_T2,3,Moderate,0.09843558291541099,0.5128136970253003,0.38875072005928824
2018-0233-IND,2018,Moderate,RF_T2,3,Moderate,0.00016841795340240666,0.9995604839958692,0.00027109805072840135
2018-0298-NER,2018,Moderate,RF_T2,3,Moderate,0.2209559100964548,0.43640557881456693,0.3426385110889784
2018-0294-PER,2018,Moderate,RF_T2,3,Moderate,0.00015951248328958581,0.999569389465982,0.00027109805072840135
2018-0292-SDN,2018,Moderate,RF_T2,3,Low,0.5042083461980508,0.24630312743368443,0.24948852636826532
2018-0286-IND,2018,Moderate,RF_T2,3,Severe,0.0711171891944203,0.196696536649174,0.7321862741564061
2018-0275-IDN,2018,Moderate,RF_T2,3,Moderate,0.051372105789007846,0.6419112967055021,0.30671659750549096
2018-0266-TGO,2018,Moderate,RF_T2,3,Moderate,0.00016841795340240666,0.9995604839958692,0.00027109805072840135
2018-0262-PAK,2018,Moderate,RF_T2,3,Moderate,0.00016841795340240666,0.9995604839958692,0.00027109805072840135
2018-0250-CHN,2018,Low,RF_T2,3,Low,0.5055785701358851,0.37636094695370337,0.11806048291041167
2018-0232-NER,2018,Moderate,RF_T2,3,Low,0.5388405589996915,0.2322281482672675,0.22893129273304155
2018-0229-USA,2018,Moderate,RF_T2,3,Moderate,0.15434038439776288,0.6510155306638115,0.1946440849384257
2018-0226-JPN,2018,Severe,RF_T2,3,Severe,0.28815023592710465,0.18630480189917004,0.5255449621737254
2018-0216-IND,2018,Moderate,RF_T2,3,Severe,0.3125303334022254,0.277500214393446,0.40996945220432884
2018-0212-PAK,2018,Moderate,RF_T2,3,Severe,0.19867044750082932,0.39594495651199246,0.4053845959871781
2018-0203-MMR,2018,Moderate,RF_T2,3,Low,0.5948390195085055,0.20518198539023183,0.19997899510126274
2018-0191-GNB,2018,Low,RF_T2,3,Low,0.711350765136221,0.20353125285671608,0.08511798200706278
2018-0106-DZA,2018,Severe,RF_T2,3,Moderate,0.039941942872658474,0.5961993936179386,0.3638586635094033
2018-0190-JPN,2018,Severe,RF_T2,3,Low,0.7353203544660109,0.15912517475278865,0.1055544707812003
2018-0183-JPN,2018,Low,RF_T2,3,Low,0.7764629242336818,0.1257524590232643,0.09778461674305376
2018-0179-UGA,2018,Moderate,RF_T2,3,Moderate,0.00016841795340240666,0.9995604839958692,0.00027109805072840135
2018-0176-LBY,2018,Moderate,RF_T2,3,Severe,0.009219965397836516,0.23284764981224965,0.7579323847899136
2018-0170-USA,2018,Low,RF_T2,3,Low,0.8130788831996887,0.16383042479483495,0.02309069200547615
2018-0169-TUN,2018,Moderate,RF_T2,3,Moderate,0.04581644946675862,0.5312153485362692,0.42296820199697227
2018-0168-GTM,2018,Severe,RF_T2,3,Moderate,0.1797177111736379,0.4785581644750864,0.3417241243512758
2018-0099-THA,2018,Moderate,RF_T2,3,Moderate,0.002820909092062567,0.9969079928572091,0.00027109805072840135
2018-0164-MWI,2018,Low,RF_T2,3,Low,0.565033531764827,0.2404768625736596,0.19448960566151358
2018-0157-GTM,2018,Low,RF_T2,3,Low,0.4943039938051124,0.23973531576679047,0.2659606904280971
2018-0156-AFG,2018,Moderate,RF_T2,3,Severe,0.08665412914915546,0.20562506564733646,0.7077208052035081
2018-0150-IND,2018,Severe,RF_T2,3,Moderate,0.3461853551684375,0.35760956187260606,0.2962050829589563
2018-0143-PAK,2018,Severe,RF_T2,3,Severe,0.12073789429734556,0.2705556441316487,0.6087064615710059
2018-0142-IND,2018,Moderate,RF_T2,3,Moderate,0.00016841795340240666,0.9995604839958692,0.00027109805072840135
2018-0133-SOM,2018,Low,RF_T2,3,Low,0.6046749887913699,0.22132850782143448,0.17399650338719524
2018-0127-PRK,2018,Moderate,RF_T2,3,Moderate,0.0011368093228203118,0.9985920926264512,0.00027109805072840135
2018-0125-TZA,2018,Moderate,RF_T2,3,Low,0.5028954740597008,0.2878677184476829,0.2092368074926167
2018-0119-IND,2018,Moderate,RF_T2,3,Low,0.376819915435243,0.26061396187274777,0.36256612269200916
2018-0118-CHN,2018,Moderate,RF_T2,3,Low,0.6517188380641361,0.26356817087093487,0.0847129910649279
2018-0110-CAN,2018,Moderate,RF_T2,3,Moderate,0.00035848183714969956,0.9990301295593983,0.0006113886034518962
2018-0071-EGY,2018,Moderate,RF_T2,3,Moderate,0.15350163799042985,0.5467809000422084,0.29971746196736154
2018-0061-EST,2018,Low,RF_T2,3,Low,0.8402255873342753,0.12616319637436343,0.03361121629135995
2018-0061-CZE,2018,Low,RF_T2,3,Low,0.5631751694046819,0.3156904988273756,0.12113433176794274
2018-0050-CHN,2018,Moderate,RF_T2,3,Low,0.527482717886157,0.3432312125655271,0.12928606954831495
2018-0047-LBN,2018,Moderate,RF_T2,3,Low,0.8467360099033329,0.1318780774080777,0.021385912688589612
2018-0041-LBY,2018,Moderate,RF_T2,3,Moderate,0.00016841795340240666,0.9995604839958692,0.00027109805072840135
2018-0031-IDN,2018,Low,RF_T2,3,Low,0.6873927578088186,0.17496930140906497,0.13763794078211608
2018-0028-RUS,2018,Moderate,RF_T2,3,Moderate,0.048674892017836535,0.6735877317497029,0.2777373762324604
2018-0026-KOR,2018,Moderate,RF_T2,3,Moderate,0.22208399559565195,0.5842949125460395,0.19362109185830864
2018-0024-TUR,2018,Moderate,RF_T2,3,Moderate,0.026349008508381455,0.9733798934408899,0.00027109805072840135
2018-0023-IND,2018,Moderate,RF_T2,3,Moderate,0.10457925412575231,0.5965624368306801,0.29885830904356814
2018-0008-MDG,2018,Moderate,RF_T2,3,Low,0.4629675090099037,0.3153694169821383,0.22166307400795776
2018-0007-LBY,2018,Moderate,RF_T2,3,Severe,0.008813325424387357,0.24194572178819743,0.7492409527874149
2019-0087-EGY,2019,Moderate,RF_T2,3,Moderate,0.15249860245420072,0.5443886192805062,0.3031127782652928
2019-0153-PRT,2019,Moderate,RF_T2,3,Moderate,0.00035848183714969956,0.9990301295593983,0.0006113886034518962
2018-0308-ITA,2018,Moderate,RF_T2,3,Low,0.8055501449360744,0.1554717844469877,0.03897807061693702
2018-0311-BGR,2018,Moderate,RF_T2,3,Moderate,0.00015951248328958581,0.999569389465982,0.00027109805072840135
2018-0401-IDN,2018,Severe,RF_T2,3,Moderate,0.04365947651059048,0.5245855857701175,0.431754937719292
2018-0405-NGA,2018,Moderate,RF_T2,3,Moderate,0.03577965016618326,0.5206566776853582,0.4435636721484585
2019-0026-BRA,2019,Severe,RF_T2,3,Moderate,0.12450114870889592,0.6215545628641155,0.25394428842698874
2019-0041-BHS,2019,Moderate,RF_T2,3,Moderate,0.05446086619501611,0.7023701641467166,0.24316896965826745
2018-0193-NGA,2018,Moderate,RF_T2,3,Moderate,0.04292475717614531,0.5129501580876152,0.44412508473623946
2018-0159-CHN,2018,Low,RF_T2,3,Low,0.5188073643919214,0.2995419415341368,0.18165069407394135
2019-0408-BOL,2019,Moderate,RF_T2,3,Moderate,0.00016841795340240666,0.9995604839958692,0.00027109805072840135
2019-0512-ITA,2019,Moderate,RF_T2,3,Moderate,0.060400399779681674,0.7106935002169179,0.22890610000340053
2019-0157-BRA,2019,Moderate,RF_T2,3,Moderate,0.13047082131121013,0.6135800608041628,0.2559491178846268
2018-0032-PRT,2018,Moderate,RF_T2,3,Moderate,0.1542703745531083,0.5919685463769342,0.2537610790699576
2018-0039-MOZ,2018,Moderate,RF_T2,3,Severe,0.1265101596084824,0.4227952613761172,0.4506945790154004
2018-0040-BRA,2018,Low,RF_T2,3,Low,0.7599135016387222,0.1598478491436558,0.08023864921762178
2018-0043-NGA,2018,Moderate,RF_T2,3,Moderate,0.00016841795340240666,0.999125144977208,0.0007064370693896943
2018-0058-HKG,2018,Moderate,RF_T2,3,Moderate,0.00144108007454012,0.997947531322008,0.0006113886034518962
2018-0061-FRA,2018,Low,RF_T2,3,Low,0.7689052952768753,0.15438789706042155,0.07670680766270209
2018-0061-ITA,2018,Low,RF_T2,3,Low,0.7489625484575005,0.17057456790959402,0.08046288363290449
2018-0061-LTU,2018,Low,RF_T2,3,Low,0.8475912619141093,0.12085120332276164,0.03155753476312781
2018-0061-POL,2018,Low,RF_T2,3,Moderate,0.35476456707825976,0.4002486360512138,0.24498679687052702
2018-0061-ROU,2018,Low,RF_T2,3,Moderate,0.3766960307153974,0.43114413896359577,0.19215983032100742
2019-0345-IND,2019,Moderate,RF_T2,3,Moderate,0.00016841795340240666,0.9995604839958692,0.00027109805072840135
2018-0001-PER,2018,Moderate,RF_T2,3,Moderate,0.00066133871461222,0.9990675632346594,0.00027109805072840135
2018-0002-ESP,2018,Low,RF_T2,3,Low,0.9013501246375595,0.08276339316265299,0.015886482199787565
2018-0006-GNB,2018,Moderate,RF_T2,3,Moderate,0.0005987250000116399,0.99913017694926,0.00027109805072840135
2018-0012-CHN,2018,Moderate,RF_T2,3,Moderate,0.036988148475960506,0.7979143059878393,0.1650975455362001
2018-0068-MYS,2018,Low,RF_T2,3,Low,0.6575086506442775,0.13766994972375785,0.2048213996319642
2018-0076-UGA,2018,Moderate,RF_T2,3,Severe,0.2514962850249998,0.2835171545721715,0.46498656040282915
2018-0083-NPL,2018,Moderate,RF_T2,3,Moderate,0.05217035889408832,0.523185069594566,0.42464457151134516
2018-0088-GRC,2018,Moderate,RF_T2,3,Moderate,0.053241391713676124,0.6363720021589561,0.3103866061273684
2018-0089-PHL,2018,Moderate,RF_T2,3,Moderate,0.07131038099616883,0.5242011163873344,0.4044885026164971
2018-0091-MOZ,2018,Moderate,RF_T2,3,Moderate,0.00016841795340240666,0.9995604839958692,0.00027109805072840135
2018-0093-TZA,2018,Moderate,RF_T2,3,Moderate,0.00016841795340240666,0.9995604839958692,0.00027109805072840135
2018-0100-PAK,2018,Moderate,RF_T2,3,Moderate,0.10143476449413368,0.5746954302241383,0.32386980528172776
2018-0104-AGO,2018,Low,RF_T2,3,Severe,0.3561907271706407,0.2734791111122602,0.37033016171709915
2018-0105-TZA,2018,Moderate,RF_T2,3,Moderate,0.00016841795340240666,0.9995604839958692,0.00027109805072840135
2018-0141-IDN,2018,Moderate,RF_T2,3,Moderate,0.12178869606306478,0.6062457549711986,0.2719655489657368
2018-0145-DJI,2018,Low,RF_T2,3,Low,0.6952304020127358,0.1671867666356886,0.13758283135157567
2018-0145-SOM,2018,Moderate,RF_T2,3,Low,0.5994810461967389,0.19012480002510815,0.21039415377815252
2018-0148-KEN,2018,Moderate,RF_T2,3,Low,0.5501686629090108,0.2557781818193497,0.19405315527163938
2018-0161-ARG,2018,Low,RF_T2,3,Low,0.8597543535695877,0.11146656182191712,0.028779084608494827
2018-0170-CUB,2018,Low,RF_T2,3,Low,0.8883252537745858,0.09292116726941617,0.018753578955997986
2018-0172-KEN,2018,Moderate,RF_T2,3,Moderate,0.07451607487907282,0.520735615381795,0.4047483097391319
2018-0180-ETH,2018,Moderate,RF_T2,3,Moderate,0.14279093095547188,0.4458106732740068,0.4113983957705215
2018-0184-IDN,2018,Severe,RF_T2,3,Moderate,0.05133147759063108,0.6389323721330654,0.30973615027630397
2018-0188-LBY,2018,Severe,RF_T2,3,Severe,0.009219965397836516,0.23284764981224965,0.7579323847899136
2018-0189-AFG,2018,Moderate,RF_T2,3,Moderate,0.10004928972118884,0.4703797967550962,0.42957091352371446
2018-0195-CAN,2018,Moderate,RF_T2,3,Severe,0.10212051369606175,0.09149476603817805,0.8063847202657595
2018-0198-CHN,2018,Severe,RF_T2,3,Low,0.5309566716658928,0.37154160284257587,0.09750172549153151
2018-0206-USA,2018,Low,RF_T2,3,Low,0.8222885793673678,0.15273139955286938,0.024980021079762504
2018-0219-NPL,2018,Moderate,RF_T2,3,Severe,0.05028704208162577,0.21621246192989949,0.7335004959884748
2018-0227-PHL,2018,Moderate,RF_T2,3,Low,0.6769139190591615,0.2164070084054088,0.10667907253542985
2018-0227-VNM,2018,Moderate,RF_T2,3,Low,0.5973213018711614,0.2707906346265751,0.1318880635022638
2018-0231-COD,2018,Moderate,RF_T2,3,Moderate,0.00015951248328958581,0.7912459561499227,0.20859453136678774
2018-0235-GBR,2018,Severe,RF_T2,3,Severe,0.10406415729868142,0.08045562069680405,0.8154802220045139
2018-0253-COD,2018,Moderate,RF_T2,3,Severe,0.10383509513766662,0.24220367593051326,0.6539612289318202
2018-0257-IDN,2018,Severe,RF_T2,3,Low,0.5324497718060556,0.16538587083694006,0.30216435735700464
2018-0267-IND,2018,Moderate,RF_T2,3,Severe,0.0711171891944203,0.196696536649174,0.7321862741564061
2018-0329-PRK,2018,Severe,RF_T2,3,Severe,0.30535829288715616,0.2416741170495849,0.45296759006325904
2018-0282-CHN,2018,Moderate,RF_T2,3,Low,0.5381166963454954,0.3688929660175447,0.09299033763696046
2018-0287-CHN,2018,Low,RF_T2,3,Low,0.6311073527862774,0.29340682271758023,0.07548582449614166
2018-0293-ECU,2018,Moderate,RF_T2,3,Moderate,0.00015951248328958581,0.999569389465982,0.00027109805072840135
2018-0296-ITA,2018,Moderate,RF_T2,3,Moderate,0.2261321895758651,0.5904160503350331,0.18345176008910188
2018-0297-ECU,2018,Moderate,RF_T2,3,Moderate,0.00015951248328958581,0.999569389465982,0.00027109805072840135
2018-0305-CHN,2018,Low,RF_T2,3,Low,0.6287379399727777,0.30005824373939954,0.07120381628782194
2018-0326-JPN,2018,Moderate,RF_T2,3,Low,0.7763787186084508,0.154108315924322,0.06951296546722739
2018-0463-NPL,2018,Moderate,RF_T2,3,Moderate,0.00016841795340240666,0.9995604839958692,0.00027109805072840135
2018-0330-JPN,2018,Moderate,RF_T2,3,Low,0.7373808999944717,0.11983944682731708,0.14277965317821145
2018-0331-USA,2018,Low,RF_T2,3,Low,0.7526605566123848,0.20738096285990235,0.03995848052771248
2018-0338-IND,2018,Moderate,RF_T2,3,Moderate,0.00016841795340240666,0.9995604839958692,0.00027109805072840135
2018-0343-IDN,2018,Moderate,RF_T2,3,Moderate,0.05330161799496929,0.6563657776704362,0.2903326043345949
2018-0345-IND,2018,Low,RF_T2,3,Severe,0.06645694696586402,0.19565788573840093,0.7378851672957355
2018-0358-COD,2018,Moderate,RF_T2,3,Moderate,0.00015951248328958581,0.8231814868194091,0.17665900069730112
2018-0359-USA,2018,Moderate,RF_T2,3,Moderate,0.00015951248328958581,0.999569389465982,0.00027109805072840135
2018-0368-GHA,2018,Moderate,RF_T2,3,Low,0.4765832307649346,0.2913015969723904,0.23211517226267467
2018-0370-IND,2018,Moderate,RF_T2,3,Severe,0.06540037244203505,0.1934757016065332,0.741123925951432
2018-0374-CRI,2018,Low,RF_T2,3,Low,0.8893338998767094,0.09071402970258394,0.01995207042070569
2018-0374-HND,2018,Low,RF_T2,3,Low,0.655400371249469,0.19777487777869487,0.14682475097183695
2018-0374-NIC,2018,Low,RF_T2,3,Low,0.6973045926695932,0.18500801582980858,0.117687391500599
2018-0377-TUR,2018,Moderate,RF_T2,3,Moderate,0.01322383506633821,0.9865050668829333,0.00027109805072840135
2018-0378-GBR,2018,Low,RF_T2,3,Low,0.903354223666199,0.08128628453519099,0.015359491798610082
2019-0147-MLI,2019,Moderate,RF_T2,3,Moderate,0.06344571011720702,0.4936566833073564,0.44289760657543664
2019-0158-PNG,2019,Moderate,RF_T2,3,Moderate,0.12209571964515525,0.49489849985811774,0.38300578049672673
2018-0397-ITA,2018,Moderate,RF_T2,3,Low,0.7557576595688498,0.19788256873996388,0.04635977169118572
2018-0398-AFG,2018,Moderate,RF_T2,3,Moderate,0.04723269020680211,0.5491665371768429,0.40360077261635435
2018-0409-USA,2018,Moderate,RF_T2,3,Low,0.7966655974163308,0.17435741488379722,0.02897698769987129
2018-0412-UGA,2018,Moderate,RF_T2,3,Moderate,0.26896377829000934,0.42180386469613207,0.3092323570138584
2018-0414-KWT,2018,Low,RF_T2,3,Low,0.8628647777468029,0.1173952377047839,0.019739984548412484
2018-0416-COD,2018,Moderate,RF_T2,3,Severe,0.07878017240605509,0.4588483643031182,0.46237146329082657
2018-0424-JPN,2018,Low,RF_T2,3,Low,0.8033658671822018,0.15545610805352697,0.04117802476427063
2018-0436-AGO,2018,Low,RF_T2,3,Severe,0.1935045901352962,0.29497548712763516,0.511519922737069
2018-0438-TCD,2018,Moderate,RF_T2,3,Severe,0.13924230042536936,0.3053427479923525,0.5554149515822782
2018-0444-BOL,2018,Moderate,RF_T2,3,Moderate,0.00016841795340240666,0.9995604839958692,0.00027109805072840135
2018-0450-UGA,2018,Moderate,RF_T2,3,Moderate,0.00016841795340240666,0.9995604839958692,0.00027109805072840135
2018-0454-IDN,2018,Moderate,RF_T2,3,Moderate,0.12271657277792758,0.575880066273,0.30140336094907205
2018-0462-COD,2018,Moderate,RF_T2,3,Moderate,0.00015951248328958581,0.8243125528009766,0.17552793471573355
2018-0477-RWA,2018,Moderate,RF_T2,3,Low,0.6845423549901078,0.19229704051510207,0.12316060449479085
2018-0483-IDN,2018,Moderate,RF_T2,3,Low,0.7011659014450429,0.20013118139125619,0.09870291716370094
2018-0488-ZWE,2018,Moderate,RF_T2,3,Severe,0.27469384386498846,0.2723846111506273,0.4529215449843846
2019-0004-ECU,2019,Moderate,RF_T2,3,Moderate,0.14698197053033704,0.5826664086853663,0.2703516207842964
2019-0007-USA,2019,Moderate,RF_T2,3,Low,0.5626775090512374,0.4199296865186852,0.017392804430077194
2019-0012-IND,2019,Moderate,RF_T2,3,Moderate,0.05445928883323479,0.6378025240260052,0.3077381871407606
2019-0019-MEX,2019,Severe,RF_T2,3,Moderate,0.12151663913346793,0.6219574914065158,0.2565258694600162
2019-0667-SDN,2019,Moderate,RF_T2,3,Severe,0.11328794336754745,0.35701822729793703,0.5296938293345155
2019-0049-BDI,2019,Moderate,RF_T2,3,Low,0.6046167573317631,0.2208323942669852,0.17455084840125193
2019-0059-CHN,2019,Moderate,RF_T2,3,Moderate,0.053580626933590954,0.816347997852622,0.1300713752137876
2019-0062-COG,2019,Moderate,RF_T2,3,Moderate,0.00016841795340240666,0.9995604839958692,0.00027109805072840135
2019-0066-NER,2019,Moderate,RF_T2,3,Severe,0.05865963184042017,0.45435399273485866,0.4869863754247215
2019-0073-BOL,2019,Moderate,RF_T2,3,Low,0.6848063281838448,0.19917084197080037,0.11602282984535528
2019-0078-ECU,2019,Moderate,RF_T2,3,Low,0.72430594384017,0.18492953980141752,0.09076451635841257
2019-0081-USA,2019,Moderate,RF_T2,3,Low,0.808818708003945,0.15833258524714602,0.032848706748908635
2019-0082-AFG,2019,Moderate,RF_T2,3,Severe,0.07234581907801824,0.1637817197871268,0.7638724611348549
2019-0093-PER,2019,Moderate,RF_T2,3,Low,0.7834469613395323,0.1629859590798688,0.053567079580597705
2019-0100-BRA,2019,Moderate,RF_T2,3,Low,0.7764014795315847,0.1603026457971208,0.06329587467129369
2019-0103-MEX,2019,Moderate,RF_T2,3,Moderate,0.00066133871461222,0.9990675632346594,0.00027109805072840135
2019-0104-COL,2019,Moderate,RF_T2,3,Moderate,0.05592201803123047,0.6701185069736626,0.27395947499510725
2019-0106-ZAF,2019,Moderate,RF_T2,3,Low,0.6532743382504137,0.22100878029909632,0.1257168814504898
2019-0111-IDN,2019,Severe,RF_T2,3,Low,0.6860956044456167,0.20064013208520776,0.11326426346917515
2019-0112-COD,2019,Moderate,RF_T2,3,Severe,0.09221701809981296,0.4490284399889576,0.4587545419112294
2019-0116-USA,2019,Low,RF_T2,3,Low,0.7808974577785531,0.19181524230015481,0.02728729992129194
2019-0123-AGO,2019,Moderate,RF_T2,3,Low,0.6035272371266511,0.2249768213094775,0.17149594156387163
2019-0138-HTI,2019,Moderate,RF_T2,3,Moderate,0.059967575298065325,0.5619728866566017,0.37805953804533277
2019-0143-AFG,2019,Moderate,RF_T2,3,Moderate,0.2594473543114789,0.4403200828211223,0.3002325628673987
2019-0144-BGD,2019,Moderate,RF_T2,3,Low,0.4591501786763573,0.44262758139815656,0.09822223992548614
2019-0167-IDN,2019,Low,RF_T2,3,Low,0.6845307001871991,0.20766243657471822,0.1078068632380829
2019-0168-IDN,2019,Moderate,RF_T2,3,Low,0.6845307001871991,0.20766243657471822,0.1078068632380829
2019-0171-CAN,2019,Low,RF_T2,3,Low,0.8949710998643022,0.08946408631245217,0.015564813823245302
2019-0174-VEN,2019,Moderate,RF_T2,3,Moderate,0.05484398696092136,0.6490067494247436,0.29614926361433525
2019-0184-USA,2019,Low,RF_T2,3,Low,0.8184855659063074,0.15590505934582047,0.025609374747871724
2019-0188-SSD,2019,Low,RF_T2,3,Severe,0.1459739143327803,0.3337206916355242,0.5203053940316955
2019-0192-KEN,2019,Moderate,RF_T2,3,Severe,0.13964078708534983,0.3509303834082966,0.5094288295063539
2019-0396-POL,2019,Low,RF_T2,3,Low,0.8966337783725651,0.07965956595719059,0.02370665567024444
2019-0397-NGA,2019,Low,RF_T2,3,Severe,0.11578257270483902,0.228043237113204,0.6561741901819569
2019-0194-BIH,2019,Low,RF_T2,3,Low,0.8939078389865546,0.09009961906644201,0.015992541947002906
2019-0197-PRY,2019,Moderate,RF_T2,3,Low,0.7580969449751335,0.15836216927478255,0.083540885750084
2019-0200-MLI,2019,Moderate,RF_T2,3,Low,0.6245289149391083,0.2217700970192831,0.1537009880416088
2019-0201-PAK,2019,Moderate,RF_T2,3,Moderate,0.20924141153408318,0.4135499917828137,0.377208596683103
2019-0204-CHN,2019,Moderate,RF_T2,3,Moderate,0.05145801011227131,0.7837843605267846,0.16475762936094457
2019-0207-UGA,2019,Moderate,RF_T2,3,Moderate,0.05950386132865916,0.5152642676012951,0.42523187107004584
2019-0210-IDN,2019,Low,RF_T2,3,Low,0.6818684305643452,0.20744769271433333,0.11068387672132174
2019-0212-COG,2019,Severe,RF_T2,3,Severe,0.269259623547482,0.22563347109308587,0.5051069053594324
2019-0217-IND,2019,Moderate,RF_T2,3,Severe,0.11881293131187694,0.20918679299257542,0.6720002756955482
2019-0225-MEX,2019,Low,RF_T2,3,Low,0.7803014814673034,0.16019600958017297,0.05950250895252255
2019-0234-BRA,2019,Moderate,RF_T2,3,Moderate,0.00015951248328958581,0.999569389465982,0.00027109805072840135
2019-0238-LBY,2019,Moderate,RF_T2,3,Severe,0.008132464277638909,0.24282254532983097,0.7490449903925299
2019-0248-IND,2019,Moderate,RF_T2,3,Moderate,0.13229702644699762,0.5779139946877604,0.28978897886524224
2019-0255-AFG,2019,Moderate,RF_T2,3,Severe,0.08158324325879589,0.1832847110222424,0.7351320457189616
2019-0258-IDN,2019,Moderate,RF_T2,3,Moderate,0.051227934685580796,0.6357350339031173,0.3130370314113024
2019-0262-VEN,2019,Moderate,RF_T2,3,Moderate,0.0547679523167863,0.6461662008292897,0.2990658468539242
2019-0398-IDN,2019,Moderate,RF_T2,3,Moderate,0.05147039777411039,0.6427571550918851,0.30577244713400514
2019-0399-NGA,2019,Moderate,RF_T2,3,Moderate,0.00016841795340240666,0.999125144977208,0.0007064370693896943
2019-0407-COD,2019,Moderate,RF_T2,3,Moderate,0.05810506462399362,0.4748666553383842,0.4670282800376224
2019-0282-NGA,2019,Moderate,RF_T2,3,Severe,0.06529959143521834,0.3892345216129088,0.5454658869518724
2019-0296-GBR,2019,Low,RF_T2,3,Severe,0.21653030593620087,0.10258979206915254,0.6808799019946465
2019-0299-IRN,2019,Low,RF_T2,3,Low,0.8160686008455028,0.08586194951597527,0.09806944963852128
2019-0321-IND,2019,Moderate,RF_T2,3,Moderate,0.19457204265799516,0.651575361773721,0.15385259556828434
2019-0334-IDN,2019,Low,RF_T2,3,Low,0.45497189329940485,0.1634944450992474,0.3815336616013483
2019-0339-RUS,2019,Moderate,RF_T2,3,Moderate,0.04657146577812576,0.6618854607553109,0.2915430734665631
2019-0346-PAK,2019,Moderate,RF_T2,3,Severe,0.0686185498606638,0.30944654227137647,0.62193490786796
2019-0349-PHL,2019,Low,RF_T2,3,Low,0.6790699704116899,0.21373587472410174,0.10719415486420843
2019-0362-PHL,2019,Low,RF_T2,3,Low,0.6429100906292736,0.17984178315272642,0.17724812621799976
2019-0366-AUT,2019,Low,RF_T2,3,Severe,0.21841557489324415,0.07922497391798616,0.70235945118877
2019-0369-MMR,2019,Moderate,RF_T2,3,Moderate,0.12063982461324468,0.5067449769125986,0.37261519847415675
2019-0372-PAK,2019,Moderate,RF_T2,3,Severe,0.07146998335944735,0.28806885568861124,0.6404611609519417
2019-0373-PAK,2019,Moderate,RF_T2,3,Moderate,0.0566992482264354,0.4935415937742174,0.4497591579993466
2019-0375-NOR,2019,Low,RF_T2,3,Moderate,0.2727597071925363,0.561146569430035,0.1660937233774285
2019-0380-VNM,2019,Moderate,RF_T2,3,Low,0.5877006200865993,0.2742298484278151,0.13806953148558515
2019-0415-NER,2019,Moderate,RF_T2,3,Low,0.5893634810025982,0.2256900086263978,0.1849465103710044
2019-0419-KHM,2019,Moderate,RF_T2,3,Low,0.5967029710233668,0.1955355360908605,0.20776149288577242
2019-0419-VNM,2019,Moderate,RF_T2,3,Low,0.5886286191107849,0.28075126884087165,0.13062011204834278
2019-0434-PHL,2019,Low,RF_T2,3,Low,0.668912249134046,0.22204824477442495,0.10903950609152935
2019-0438-IND,2019,Moderate,RF_T2,3,Moderate,0.049325827370750794,0.6558376019999066,0.29483657062934276
2019-0442-LBY,2019,Moderate,RF_T2,3,Severe,0.008013022405585461,0.23622400719232567,0.7557629704020882
2019-0443-KOR,2019,Low,RF_T2,3,Low,0.8015415384452714,0.16407052295369406,0.0343879386010345
2019-0445-HTI,2019,Low,RF_T2,3,Low,0.5394135409320625,0.21801919885384763,0.24256726021409006
2019-0450-MEX,2019,Low,RF_T2,3,Low,0.7861623571881833,0.15180100278319344,0.06203664002862269
2019-0514-CIV,2019,Moderate,RF_T2,3,Low,0.6763729621613556,0.19768596950180609,0.12594106833683896
2019-0451-IDN,2019,Moderate,RF_T2,3,Low,0.5787027458108787,0.1671262807451911,0.25417097344392975
2019-0471-PAK,2019,Moderate,RF_T2,3,Severe,0.07216164221663297,0.28008251846500987,0.6477558393183575
2019-0479-TUR,2019,Low,RF_T2,3,Low,0.7678165829869601,0.13049310370457118,0.10169031330846835
2019-0482-VNM,2019,Low,RF_T2,3,Low,0.5767297886208848,0.2902183919687039,0.13305181941041058
2019-0489-PHL,2019,Low,RF_T2,3,Low,0.5951587179419885,0.1710163718516696,0.23382491020634133
2019-0490-GTM,2019,Low,RF_T2,3,Low,0.6060218043294008,0.2283071687990633,0.16567102687153584
2019-0492-JPN,2019,Moderate,RF_T2,3,Low,0.8039900673775896,0.15115182461194712,0.04485810801046271
2019-0497-ESP,2019,Low,RF_T2,3,Low,0.893714087745149,0.08887900551085069,0.017406906744000167
2019-0506-SAU,2019,Moderate,RF_T2,3,Moderate,0.17231247274799422,0.8256226767506171,0.002064850501388446
2019-0507-BRA,2019,Moderate,RF_T2,3,Moderate,0.13050608020975746,0.6097001222031745,0.2597937975870675
2019-0522-PHL,2019,Moderate,RF_T2,3,Low,0.5403315335427926,0.16985282745081529,0.2898156390063923
2019-0527-CMR,2019,Moderate,RF_T2,3,Moderate,0.12994694231211593,0.5055228919069195,0.36453016578096503
2019-0531-WSM,2019,Moderate,RF_T2,3,Low,0.6149386890204733,0.18929284161561177,0.1957684693639145
2019-0537-COD,2019,Moderate,RF_T2,3,Moderate,0.00015951248328958581,0.8331828427360916,0.16665764478061879
2019-0539-PAK,2019,Moderate,RF_T2,3,Moderate,0.10579381111903782,0.5148797755060724,0.3793264133748895
2019-0595-COL,2019,Moderate,RF_T2,3,Low,0.7685909458209241,0.18185803258392708,0.049551021595147356
2019-0598-NZL,2019,Moderate,RF_T2,3,Moderate,0.3585419739495056,0.47692288722649545,0.16453513882399903
2019-0542-BRA,2019,Low,RF_T2,3,Low,0.759706509722121,0.1780181188535616,0.06227537142431679
2019-0553-IRN,2019,Low,RF_T2,3,Low,0.7924415297556114,0.09348791447076096,0.1140705557736271
2019-0557-KEN,2019,Moderate,RF_T2,3,Moderate,0.12789439052436877,0.49841272371171647,0.37369288576391474
2019-0561-COD,2019,Moderate,RF_T2,3,Low,0.4141095262771623,0.26183209698515914,0.3240583767376786
2019-0565-KOR,2019,Moderate,RF_T2,3,Moderate,0.06903171533710481,0.6989821475413454,0.23198613712154953
2019-0568-GBR,2019,Low,RF_T2,3,Low,0.8972715783918669,0.08672961993112754,0.015998801677005365
2019-0572-ALB,2019,Moderate,RF_T2,3,Low,0.7573631722465907,0.09390881159919928,0.14872801615420964
2019-0573-PHL,2019,Low,RF_T2,3,Low,0.42594023546588633,0.2980419088136794,0.2760178557204342
2019-0577-LKA,2019,Moderate,RF_T2,3,Low,0.5523777859913409,0.1622052612477316,0.2854169527609278
2019-0578-MYS,2019,Low,RF_T2,3,Low,0.8361849553701202,0.12226279254517866,0.041552252084700654
2019-0604-SVK,2019,Moderate,RF_T2,3,Moderate,0.15354238390922936,0.5917696273594636,0.25468798873130666
2019-0611-CHN,2019,Moderate,RF_T2,3,Low,0.5125246689710415,0.3778155610741655,0.10965976995479297
2019-0615-COD,2019,Severe,RF_T2,3,Severe,0.13131471410871173,0.2636819861690354,0.6050032997222528
2019-0617-NGA,2019,Moderate,RF_T2,3,Moderate,0.000858478764886805,0.9981021105187438,0.0010394107163695279
2019-0619-PHL,2019,Moderate,RF_T2,3,Low,0.5170356732845919,0.17991566446695137,0.30304866224845683
2019-0620-IDN,2019,Moderate,RF_T2,3,Low,0.6351818915922367,0.22167900962523365,0.14313909878252928
2019-0632-IDN,2019,Moderate,RF_T2,3,Low,0.5928883291525391,0.22167085177727508,0.18544081907018523
2019-0639-KAZ,2019,Moderate,RF_T2,3,Moderate,0.04798129571916164,0.6704462974069718,0.2815724068738662
2019-0644-YEM,2019,Severe,RF_T2,3,Severe,0.2136044450269488,0.29172038735168737,0.4946751676213639
2019-0659-PAK,2019,Moderate,RF_T2,3,Severe,0.1161741247904934,0.20309558370242306,0.6807302915070833
2019-0665-GMB,2019,Low,RF_T2,3,Low,0.6935190645126136,0.19796892556083884,0.10851200992654778
2019-0666-AGO,2019,Moderate,RF_T2,3,Low,0.4968310769018867,0.21616107896513545,0.28700784413297753
2019-9666-ARG,2019,Low,RF_T2,3,Moderate,0.19186064646312137,0.567342806756487,0.24079654678039136
2018-0108-IND,2018,Moderate,RF_T2,3,Moderate,0.00016841795340240666,0.9995604839958692,0.00027109805072840135
2018-0111-USA,2018,Low,RF_T2,3,Low,0.620411455138814,0.3346448609360858,0.044943683925099495
2019-0645-BDI,2019,Moderate,RF_T2,3,Low,0.5993750161936612,0.23025692100775574,0.17036806279858321
2019-0080-PHL,2019,Severe,RF_T2,3,Severe,0.13890300595541888,0.23339307639625795,0.6277039176483232
2019-0247-CHN,2019,Moderate,RF_T2,3,Moderate,0.09525187547687056,0.7449800064359059,0.15976811808722363
2019-0254-UGA,2019,Low,RF_T2,3,Low,0.5308030186956271,0.25265975637348326,0.21653722493088953
2018-0241-CHN,2018,Moderate,RF_T2,3,Moderate,0.051197273072737186,0.7056065747082776,0.24319615221898547
2018-0015-KAZ,2018,Moderate,RF_T2,3,Moderate,0.0035457008029771797,0.9961832011462944,0.00027109805072840135
2018-0098-TUR,2018,Moderate,RF_T2,3,Moderate,0.028176873792157036,0.9715520281571144,0.00027109805072840135
2018-0060-LBY,2018,Moderate,RF_T2,3,Severe,0.009035146504133397,0.24015695478085383,0.7508078987150125
2018-0445-IND,2018,Moderate,RF_T2,3,Moderate,0.004032843858248584,0.9956960580910229,0.00027109805072840135
2018-0101-FJI,2018,Low,RF_T2,3,Low,0.8240739384559919,0.12607268003271235,0.049853381511295654
2018-0102-KWT,2018,Moderate,RF_T2,3,Moderate,0.018033034596503444,0.981695867352768,0.00027109805072840135
2018-0107-KEN,2018,Moderate,RF_T2,3,Moderate,0.00016841795340240666,0.9893997954229248,0.010431786623672811
2018-0025-NLD,2018,Low,RF_T2,3,Low,0.9143370527284529,0.07328506254753944,0.012377884724007132
2018-0027-DZA,2018,Moderate,RF_T2,3,Moderate,0.00016841795340240666,0.9995604839958692,0.00027109805072840135
2018-0002-IRL,2018,Low,RF_T2,3,Low,0.9195328321339973,0.07108792983367819,0.009379238032323848
2018-0005-COD,2018,Moderate,RF_T2,3,Low,0.47307319648342233,0.2658461915311718,0.2610806119854065
2018-0009-BRA,2018,Moderate,RF_T2,3,Moderate,0.00066133871461222,0.9990675632346594,0.00027109805072840135
2018-0011-PER,2018,Low,RF_T2,3,Low,0.5295013115525404,0.12892822210464464,0.34157046634281557
2018-0046-USA,2018,Moderate,RF_T2,3,Low,0.5643621175374074,0.4182450780325152,0.017392804430077194
2018-0048-MOZ,2018,Moderate,RF_T2,3,Low,0.5528888993888904,0.2203664747535976,0.2267446258575124
2018-0049-IND,2018,Moderate,RF_T2,3,Severe,0.07289864662141662,0.2159489098630492,0.7111524435155339
2018-0053-CHN,2018,Low,RF_T2,3,Low,0.527482717886157,0.3432312125655271,0.12928606954831495
2018-0055-PNG,2018,Severe,RF_T2,3,Low,0.47162827054019874,0.2183522223023096,0.31001950715749144
2018-0057-RUS,2018,Moderate,RF_T2,3,Moderate,0.046280223026362984,0.7237936769673088,0.22992610000632832
2018-0059-TWN,2018,Moderate,RF_T2,3,Low,0.5353574042772299,0.1641143529872114,0.3005282427355586
2018-0064-MWI,2018,Low,RF_T2,3,Low,0.5904854248051078,0.21628640656584217,0.19322816862904993
2018-0069-KIR,2018,Moderate,RF_T2,3,Moderate,0.059661659521342156,0.6019848798660705,0.33835346061258725
2018-0070-JPN,2018,Moderate,RF_T2,3,Moderate,0.1913321077940866,0.6266668738041352,0.18200101840177868
2018-0072-COD,2018,Moderate,RF_T2,3,Severe,0.05154352143218033,0.46739597255615034,0.48106050601166944
2018-0077-NGA,2018,Moderate,RF_T2,3,Severe,0.12669929330496646,0.17303050479607285,0.7002702018989609
2018-0078-IND,2018,Moderate,RF_T2,3,Moderate,0.00016841795340240666,0.9995604839958692,0.00027109805072840135
2018-0081-GNB,2018,Moderate,RF_T2,3,Moderate,0.00016841795340240666,0.9995604839958692,0.00027109805072840135
2018-0084-IRN,2018,Moderate,RF_T2,3,Moderate,0.04365520935287632,0.6215730339371405,0.3347717567099834
2018-0086-MDG,2018,Moderate,RF_T2,3,Low,0.5983076489707125,0.2577508582075173,0.1439414928217699
2018-0094-ECU,2018,Moderate,RF_T2,3,Moderate,0.00066133871461222,0.9990675632346594,0.00027109805072840135
2018-0095-VNM,2018,Moderate,RF_T2,3,Moderate,0.1389160833966652,0.588923997196367,0.27215991940696777
2018-0113-RUS,2018,Low,RF_T2,3,Low,0.5651989820750419,0.15721004640980693,0.277590971515151
2018-0116-KEN,2018,Moderate,RF_T2,3,Low,0.5680759227040645,0.2535834951151977,0.1783405821807376
2018-0121-IDN,2018,Low,RF_T2,3,Low,0.6997003598152817,0.20102094641855608,0.09927869376616227
2018-0126-CHN,2018,Moderate,RF_T2,3,Moderate,0.03213662094353311,0.7951465932970753,0.1727167857593917
2018-0137-IND,2018,Moderate,RF_T2,3,Low,0.46324846787825347,0.4004289899804487,0.13632254214129744
2018-0138-IND,2018,Moderate,RF_T2,3,Low,0.46324846787825347,0.4004289899804487,0.13632254214129744
2018-0140-BGD,2018,Moderate,RF_T2,3,Moderate,0.4261702695091882,0.47363515001999346,0.10019458047081832
2018-0144-CUB,2018,Severe,RF_T2,3,Moderate,0.04941194769948711,0.6369729794884835,0.31361507281202994
2018-0154-MMR,2018,Moderate,RF_T2,3,Moderate,0.11035301464854966,0.49785657300437947,0.39179041234707035
2018-0155-BRA,2018,Moderate,RF_T2,3,Moderate,0.13159869745323247,0.6020938144252402,0.26630748812152694
2018-0171-CHN,2018,Moderate,RF_T2,3,Moderate,0.05068723036310086,0.6977753016274847,0.2515374680094146
2018-0173-YEM,2018,Moderate,RF_T2,3,Moderate,0.052310163049818566,0.7129838566738975,0.23470598027628378
2018-0175-TZA,2018,Moderate,RF_T2,3,Moderate,0.00016841795340240666,0.9995604839958692,0.00027109805072840135
2018-0177-OMN,2018,Low,RF_T2,3,Low,0.8842824117646676,0.10672831426946924,0.00898927396586295
2018-0177-YEM,2018,Moderate,RF_T2,3,Low,0.5784162210290659,0.2057501910736413,0.21583358789729257
2018-0178-COD,2018,Moderate,RF_T2,3,Severe,0.043094012895134544,0.470016933379198,0.4868890537256678
2018-0182-VEN,2018,Moderate,RF_T2,3,Moderate,0.13915684527104366,0.5629825699213731,0.297860584807583
2018-0186-ZMB,2018,Moderate,RF_T2,3,Moderate,0.09434359245893163,0.6076460561611101,0.2980103513799583
2018-0199-IND,2018,Moderate,RF_T2,3,Moderate,0.19745431939566277,0.5999991037038055,0.20254657690053207
2018-0202-IND,2018,Moderate,RF_T2,3,Severe,0.14441904287869134,0.40079209520198295,0.454788861919326
2018-0203-BGD,2018,Moderate,RF_T2,3,Severe,0.0977428918452995,0.23483094466398624,0.6674261634907147
2018-0204-VNM,2018,Moderate,RF_T2,3,Low,0.6012819883402896,0.26710354095451067,0.13161447070519955
2018-0205-IND,2018,Moderate,RF_T2,3,Severe,0.1055727056347508,0.2082377476690721,0.6861895466961777
2018-0207-TJK,2018,Low,RF_T2,3,Low,0.6404997387257818,0.20380078805914875,0.1556994732150699
2018-0208-RWA,2018,Moderate,RF_T2,3,Moderate,0.14634651645520058,0.45730431613046685,0.39634916741433285
2018-0211-CHN,2018,Low,RF_T2,3,Low,0.5309566716658928,0.37154160284257587,0.09750172549153151
2018-0212-AFG,2018,Moderate,RF_T2,3,Moderate,0.30386185256336673,0.44488179158828034,0.25125635584835276
2018-0213-IND,2018,Moderate,RF_T2,3,Severe,0.32691286074638776,0.3133550307998466,0.3597321084537659
2018-0222-LAO,2018,Severe,RF_T2,3,Low,0.6416798762514134,0.1877886499293014,0.17053147381928552
2018-0230-UKR,2018,Moderate,RF_T2,3,Moderate,0.00015951248328958581,0.999569389465982,0.00027109805072840135
2018-0238-NGA,2018,Severe,RF_T2,3,Low,0.4061326645624892,0.286124985151809,0.30774235028570146
2018-0254-IDN,2018,Moderate,RF_T2,3,Low,0.6062144895516495,0.17141557416079034,0.22236993628755972
2018-0261-CHE,2018,Moderate,RF_T2,3,Moderate,0.11569476734000107,0.7127353045784107,0.17156992808158825
2018-0263-RUS,2018,Moderate,RF_T2,3,Moderate,0.0487568193756094,0.7076525134867813,0.24359066713760927
2018-0276-LBY,2018,Low,RF_T2,3,Severe,0.009100523525783066,0.23924227269480963,0.7516572037794068
2018-0278-LKA,2018,Moderate,RF_T2,3,Severe,0.37859831984741166,0.16477782185581716,0.4566238582967714
2018-0295-IND,2018,Severe,RF_T2,3,Severe,0.06963824030125948,0.2932192928641317,0.6371424668346093
2018-0302-IDN,2018,Moderate,RF_T2,3,Low,0.5324497718060556,0.16538587083694006,0.30216435735700464
2018-0310-IRN,2018,Low,RF_T2,3,Low,0.7158544388689898,0.11679545254239661,0.16735010858861304
2018-0317-PNG,2018,Moderate,RF_T2,3,Low,0.544401565227358,0.18355275810616828,0.272045676666474
2018-0333-IDN,2018,Moderate,RF_T2,3,Moderate,0.00016841795340240666,0.9995604839958692,0.00027109805072840135
2018-0335-AFG,2018,Moderate,RF_T2,3,Moderate,0.00016841795340240666,0.9995604839958692,0.00027109805072840135
2018-0347-CHN,2018,Low,RF_T2,3,Low,0.6287379399727777,0.30005824373939954,0.07120381628782194
2018-0348-CHN,2018,Moderate,RF_T2,3,Low,0.6287379399727777,0.30005824373939954,0.07120381628782194
2018-0353-JPN,2018,Low,RF_T2,3,Low,0.7733167650708703,0.15263128183807906,0.07405195309105075
2018-0355-SLE,2018,Moderate,RF_T2,3,Moderate,0.0010551637445734667,0.9986737382046981,0.00027109805072840135
2019-0001-DEU,2019,Low,RF_T2,3,Low,0.8104997304551965,0.15313215602769661,0.03636811351710659
2019-0130-COD,2019,Moderate,RF_T2,3,Moderate,0.06819767811732691,0.581993342156748,0.3498089797259248
2018-0360-HTI,2018,Moderate,RF_T2,3,Low,0.7367526244596145,0.16058812353702828,0.10265925200335735
2018-0365-NGA,2018,Severe,RF_T2,3,Low,0.3400975847907805,0.33780959929778254,0.3220928159114369
2018-0369-VNM,2018,Moderate,RF_T2,3,Low,0.6100708832235416,0.2683826837019035,0.12154643307455423
2018-0376-PRT,2018,Low,RF_T2,3,Low,0.8693862097245847,0.10166507462351448,0.02894871565190111
2018-0381-MLI,2018,Moderate,RF_T2,3,Moderate,0.05997451942681978,0.5326065383517683,0.40741894222141234
2018-0386-VEN,2018,Low,RF_T2,3,Low,0.6853539136888723,0.17778740638058804,0.13685867993053963
2018-0392-ZAF,2018,Moderate,RF_T2,3,Moderate,0.00016841795340240666,0.9995604839958692,0.00027109805072840135
2018-0399-MNP,2018,Low,RF_T2,3,Low,0.7141916774940761,0.1894537142076822,0.0963546082982414
2019-0427-MAR,2019,Low,RF_T2,3,Low,0.6169713404367675,0.2360438107459794,0.14698484881725335
2018-0403-JOR,2018,Moderate,RF_T2,3,Low,0.7927288587310939,0.14762202472363578,0.059649116545269894
2018-0408-CHN,2018,Moderate,RF_T2,3,Moderate,0.10140116399210275,0.8983277379571692,0.00027109805072840135
2018-0410-ZWE,2018,Moderate,RF_T2,3,Moderate,0.00258286168713074,0.9971460402621408,0.00027109805072840135
2018-0413-TUR,2018,Moderate,RF_T2,3,Moderate,0.04630461963508709,0.757394469512368,0.1963009108525448
2018-0415-BRA,2018,Moderate,RF_T2,3,Moderate,0.12892576372897063,0.576946018983328,0.29412821728770067
2018-0421-MEX,2018,Moderate,RF_T2,3,Low,0.7685763408405879,0.1709243229105197,0.06049933624889187
2018-0429-IND,2018,Moderate,RF_T2,3,Moderate,0.004032843858248584,0.9956960580910229,0.00027109805072840135
2018-0431-IND,2018,Moderate,RF_T2,3,Severe,0.12704242002925242,0.31394043460706395,0.5590171453636836
2018-0432-CHN,2018,Moderate,RF_T2,3,Moderate,0.04535766401693763,0.7482127398466591,0.20642959613640344
2018-0434-ZWE,2018,Moderate,RF_T2,3,Severe,0.24455328182574235,0.23942844071581715,0.5160182774584408
2019-0472-CHN,2019,Low,RF_T2,3,Low,0.6408128776402109,0.2892699407712263,0.06991718158856192
2018-0448-VNM,2018,Moderate,RF_T2,3,Low,0.5538806936248237,0.29363920133316873,0.15248010504200718
2018-0453-RUS,2018,Moderate,RF_T2,3,Moderate,0.12391730439832616,0.6272742809615519,0.24880841464012138
2018-0455-PHL,2018,Severe,RF_T2,3,Low,0.5935875007363749,0.27528191685492337,0.13113058240870148
2018-0457-USA,2018,Low,RF_T2,3,Low,0.5235767294279878,0.46040837630898274,0.01601489426302927
2018-0465-CZE,2018,Moderate,RF_T2,3,Moderate,0.25511986630891287,0.5560463157880494,0.1888338179030373
2018-0467-LKA,2018,Low,RF_T2,3,Low,0.5858945811179568,0.1689426591377012,0.2451627597443418
2019-0136-PER,2019,Moderate,RF_T2,3,Moderate,0.00066133871461222,0.9990675632346594,0.00027109805072840135
2018-0468-USA,2018,Low,RF_T2,3,Low,0.7775026288545347,0.19360658725257932,0.028890783892885557
2018-0471-IDN,2018,Moderate,RF_T2,3,Low,0.651585365225573,0.2155977648916767,0.13281686988275007
2018-0478-BOL,2018,Moderate,RF_T2,3,Severe,0.2193179736118305,0.2210950992004715,0.5595869271876978
2018-0486-PHL,2018,Severe,RF_T2,3,Severe,0.1697225437995493,0.29288619391169834,0.5373912622887527
2018-0490-HUN,2018,Severe,RF_T2,3,Low,0.4459092562232447,0.23814325974518405,0.31594748403157114
2019-0001-AUT,2019,Moderate,RF_T2,3,Low,0.8625345043335082,0.11980513261798682,0.01766036304850497
2019-0008-ARG,2019,Low,RF_T2,3,Low,0.8685524058366967,0.10642299420697643,0.025024599956326006
2019-0008-BRA,2019,Low,RF_T2,3,Low,0.7597920282160957,0.17810999334693736,0.06209797843696614
2019-0013-IDN,2019,Moderate,RF_T2,3,Moderate,0.13074703989229305,0.5959670441745785,0.27328591593312834
2019-0018-RWA,2019,Moderate,RF_T2,3,Moderate,0.09510701127522767,0.5895825013977626,0.31531048732700967
2019-0022-IDN,2019,Low,RF_T2,3,Low,0.6990998269358333,0.201952238163654,0.09894793490051253
2019-0025-CUB,2019,Low,RF_T2,3,Low,0.6257884410801485,0.16767569113592531,0.20653586778392594
2019-0031-COL,2019,Moderate,RF_T2,3,Moderate,0.05361996502060263,0.7061217535865308,0.24025828139286656
2019-0032-DJI,2019,Moderate,RF_T2,3,Moderate,0.06257316865849735,0.4950820817658225,0.4423447495756803
2019-0044-DZA,2019,Low,RF_T2,3,Low,0.5571376536816747,0.22186883039530483,0.22099351592302047
2019-0051-BRA,2019,Moderate,RF_T2,3,Moderate,0.1296143355328798,0.595874438323228,0.2745112261438921
2019-0068-IND,2019,Moderate,RF_T2,3,Moderate,0.1300692736703017,0.5852683065508667,0.28466241977883205
2019-0069-MKD,2019,Moderate,RF_T2,3,Moderate,0.0037443634605642075,0.9959845384887074,0.00027109805072840135
2019-0082-IRN,2019,Low,RF_T2,3,Low,0.551572950210478,0.21150055315881347,0.23692649663070808
2019-0086-USA,2019,Low,RF_T2,3,Low,0.749030153766857,0.22317668168838264,0.02779316454475976
2019-0091-CHL,2019,Low,RF_T2,3,Low,0.6505699986089012,0.11495915510185051,0.23447084628924808
2019-0101-MWI,2019,Moderate,RF_T2,3,Low,0.47580027142386416,0.29673903698385645,0.22746069159227897
2019-0107-IDN,2019,Low,RF_T2,3,Low,0.6981218878532457,0.20235440064378055,0.09952371150297384
2019-0110-MOZ,2019,Severe,RF_T2,3,Low,0.5184105461332016,0.24174166791237905,0.23984778595441889
2019-0115-NGA,2019,Moderate,RF_T2,3,Severe,0.14049634510546585,0.188857913825521,0.6706457410690133
2019-0125-IRN,2019,Moderate,RF_T2,3,Low,0.551572950210478,0.21150055315881347,0.23692649663070808
2019-0148-NGA,2019,Moderate,RF_T2,3,Moderate,0.00016841795340240666,0.999125144977208,0.0007064370693896943
2019-0150-PRY,2019,Low,RF_T2,3,Low,0.7488224370274434,0.16804622297225402,0.08313134000030233
2019-0155-PAK,2019,Moderate,RF_T2,3,Moderate,0.24828936062208914,0.5021432836786839,0.249567355699227
2019-0159-COL,2019,Moderate,RF_T2,3,Low,0.7624813604736876,0.18450611246780801,0.05301252705850282
2019-0162-PHL,2019,Moderate,RF_T2,3,Low,0.6431031577013859,0.18083955941345506,0.17605728288515887
2019-0176-ZAF,2019,Moderate,RF_T2,3,Low,0.6480780075566165,0.22113299724224433,0.13078899520113896
2019-0177-MMR,2019,Moderate,RF_T2,3,Moderate,0.11086939464631641,0.5405297528766385,0.3486008524770449
2019-0178-NGA,2019,Moderate,RF_T2,3,Moderate,0.00016841795340240666,0.999125144977208,0.0007064370693896943
2019-0279-IDN,2019,Moderate,RF_T2,3,Moderate,0.12439843511127927,0.599576861563579,0.2760247033251416
2019-0187-MWI,2019,Low,RF_T2,3,Moderate,0.14622743900543905,0.44663905554036887,0.4071335054541923
2019-0189-SSD,2019,Moderate,RF_T2,3,Low,0.7016986617313994,0.1856291637070393,0.11267217456156131
2019-0193-TZA,2019,Low,RF_T2,3,Severe,0.2086829901246439,0.2796465856396701,0.5116704242356862
2019-0203-TZA,2019,Low,RF_T2,3,Low,0.5459217857366309,0.2520114281529748,0.20206678611039428
2019-0211-COG,2019,Severe,RF_T2,3,Severe,0.2473542896077305,0.24957426122373172,0.5030714491685381
2019-0222-ROU,2019,Low,RF_T2,3,Low,0.8752020375552838,0.09984764827587066,0.0249503141688451
2019-0228-GHA,2019,Moderate,RF_T2,3,Low,0.626787634162816,0.21178516291825342,0.1614272029189308
2019-0236-HUN,2019,Moderate,RF_T2,3,Moderate,0.05275508638788026,0.6741258659761036,0.2731190476360162
2019-0239-CHE,2019,Low,RF_T2,3,Low,0.9211029198360037,0.0697785321852578,0.009118547978738047
2019-0239-FRA,2019,Low,RF_T2,3,Low,0.8880989675273281,0.08632224626442805,0.025578786208243384
2019-0240-MEX,2019,Moderate,RF_T2,3,Moderate,0.00015951248328958581,0.999569389465982,0.00027109805072840135
2019-0244-COD,2019,Moderate,RF_T2,3,Severe,0.0430965747162976,0.47114639753434256,0.48575702774936014
2019-0288-IND,2019,Moderate,RF_T2,3,Severe,0.1268176907204134,0.2104045767923189,0.662777732487268
2019-0296-BEL,2019,Severe,RF_T2,3,Severe,0.1312497202328865,0.07015252086591092,0.7985977589012021
2019-0296-DEU,2019,Low,RF_T2,3,Severe,0.10500919308321519,0.07108128032671367,0.8239095265900704
2019-0307-USA,2019,Low,RF_T2,3,Low,0.7434825186909273,0.22961384628400186,0.02690363502507033
2019-0333-CHN,2019,Moderate,RF_T2,3,Low,0.516577172673401,0.3706976235241935,0.11272520380240571
2019-0335-USA,2019,Low,RF_T2,3,Low,0.8098300433344268,0.16807320793370045,0.02209674873187273
2019-0338-NIC,2019,Moderate,RF_T2,3,Severe,0.3766880204419708,0.24474916142096834,0.3785628181370609
2019-0343-COD,2019,Moderate,RF_T2,3,Severe,0.08495746077075426,0.43630178335419356,0.47874075587505216
2019-0351-CHN,2019,Moderate,RF_T2,3,Moderate,0.05364467525379593,0.7033060636113754,0.2430492611348288
2019-0352-ETH,2019,Moderate,RF_T2,3,Severe,0.21707785161390636,0.22460829068535523,0.5583138577007384
2019-0355-PHL,2019,Severe,RF_T2,3,Severe,0.13890300595541888,0.23339307639625795,0.6277039176483232
2019-0357-TUR,2019,Low,RF_T2,3,Low,0.7799702643093231,0.16888358783127708,0.05114614785939861
2019-0366-NLD,2019,Severe,RF_T2,3,Severe,0.16994877051231203,0.07207927829314878,0.757971951194539
2019-0367-CHN,2019,Moderate,RF_T2,3,Moderate,0.05473212270347644,0.7432305213648926,0.20203735593163083
2019-0371-LBY,2019,Severe,RF_T2,3,Severe,0.008013022405585461,0.24853303096760793,0.7434539466268061
2019-0382-SLE,2019,Low,RF_T2,3,Low,0.6782741969034692,0.1861783504573331,0.1355474526391979
2019-0386-PAK,2019,Moderate,RF_T2,3,Severe,0.066306406370616,0.2757331322776582,0.6579604613517261
2019-0426-MAR,2019,Moderate,RF_T2,3,Low,0.6225064570299876,0.2384342096828454,0.1390593332871674
2019-0387-CHN,2019,Moderate,RF_T2,3,Low,0.6260965341081612,0.26269032602547593,0.1112131398663616
2019-0387-TWN,2019,Low,RF_T2,3,Low,0.5713382136050313,0.1917879238474755,0.23687386254749365
2019-0400-CHN,2019,Moderate,RF_T2,3,Moderate,0.05276428384352279,0.7320456924236582,0.21519002373281906
2019-0415-NGA,2019,Moderate,RF_T2,3,Low,0.40506726688926936,0.28599119244129784,0.30894154066943247
2019-0419-LAO,2019,Moderate,RF_T2,3,Low,0.6372823413753061,0.19027035697236355,0.1724473016523305
2019-0424-KOR,2019,Low,RF_T2,3,Low,0.8015415384452714,0.16407052295369406,0.0343879386010345
2019-0424-PRK,2019,Low,RF_T2,3,Low,0.46502275801702436,0.24884112887627918,0.286136113106696
2019-0435-NGA,2019,Moderate,RF_T2,3,Low,0.4076303344171146,0.28358593118877734,0.3087837343941076
2019-0447-USA,2019,Moderate,RF_T2,3,Moderate,0.15441093474488912,0.6750423210350778,0.17054674422003274
2019-0448-IND,2019,Moderate,RF_T2,3,Moderate,0.09496633508760569,0.5949183001475362,0.3101153647648583
2019-0461-YEM,2019,Moderate,RF_T2,3,Low,0.5287753744144806,0.23188745199160152,0.239337173593918
2019-0488-GHA,2019,Moderate,RF_T2,3,Low,0.6334872735529885,0.2144829665047667,0.15202975994224502
2019-0496-TZA,2019,Moderate,RF_T2,3,Low,0.5146790598018103,0.24717801341194323,0.23814292678624677
2019-0499-IND,2019,Moderate,RF_T2,3,Severe,0.09037949978726366,0.2146247579428987,0.6949957422698375
2019-0509-MAR,2019,Moderate,RF_T2,3,Moderate,0.047148776153562486,0.639812062373553,0.3130391614728848
2019-0516-JPN,2019,Moderate,RF_T2,3,Low,0.777635376235234,0.17624699134433186,0.04611763242043352
2019-0519-MEX,2019,Low,RF_T2,3,Low,0.7766628329017894,0.1653852027578069,0.057951964340403034
2019-0533-ESP,2019,Low,RF_T2,3,Low,0.9043924749473531,0.08184347489541638,0.013764050157230567
2019-0607-ZAF,2019,Low,RF_T2,3,Low,0.6342264326444286,0.22590914517141167,0.1398644221841596
2019-0534-VNM,2019,Low,RF_T2,3,Low,0.5364829139467696,0.3024328350372334,0.16108425101599683
2019-0536-PHL,2019,Moderate,RF_T2,3,Moderate,0.000858478764886805,0.9988704231843848,0.00027109805072840135
2019-0550-BGD,2019,Moderate,RF_T2,3,Severe,0.23243508453937817,0.28022284498319444,0.4873420704774276
2019-0558-FRA,2019,Low,RF_T2,3,Low,0.8869518817213344,0.09522834124538535,0.017819777033280287
2019-0564-CHN,2019,Moderate,RF_T2,3,Moderate,0.04780506619799638,0.7459122287497568,0.20628270505224677
2019-0571-GIN,2019,Moderate,RF_T2,3,Moderate,0.08841380193109824,0.6258990734666364,0.28568712460226475
2019-0574-IND,2019,Moderate,RF_T2,3,Severe,0.09873941458250678,0.20593939419242388,0.6953211912250691
2019-0583-CHL,2019,Moderate,RF_T2,3,Moderate,0.00015951248328958581,0.999569389465982,0.00027109805072840135
2019-0593-USA,2019,Moderate,RF_T2,3,Low,0.5450767330081535,0.43855661580570193,0.01636665118614445
2019-0603-IND,2019,Moderate,RF_T2,3,Moderate,0.09694978020862956,0.593498752189199,0.3095514676021716
2019-0622-BGD,2019,Moderate,RF_T2,3,Moderate,0.1301036618681364,0.5395767641930103,0.3303195739388531
2019-0623-UGA,2019,Low,RF_T2,3,Moderate,0.12202889478031369,0.4862184526158132,0.39175265260387304
2019-0628-MEX,2019,Moderate,RF_T2,3,Moderate,0.00015951248328958581,0.999569389465982,0.00027109805072840135
2019-0633-MOZ,2019,Moderate,RF_T2,3,Moderate,0.33271871171290085,0.36917841644279875,0.2981028718443004
2019-0634-PHL,2019,Moderate,RF_T2,3,Low,0.5381665002077435,0.2697776967217744,0.19205580307048184
2019-0638-COD,2019,Moderate,RF_T2,3,Moderate,0.03861999231472999,0.48659550653675354,0.4747845011485167
2019-0641-IDN,2019,Moderate,RF_T2,3,Moderate,0.0016177770884129512,0.9981111248608586,0.00027109805072840135
2019-0643-RWA,2019,Moderate,RF_T2,3,Low,0.6376215818512816,0.19627755736808702,0.16610086078063102
2019-0653-COL,2019,Moderate,RF_T2,3,Low,0.7577796610432591,0.18919551836090404,0.053024820595835825
2019-0654-RWA,2019,Moderate,RF_T2,3,Low,0.6796444383711393,0.19570358821315925,0.12465197341570228
2019-0655-BGD,2019,Moderate,RF_T2,3,Severe,0.13392642216367995,0.2541692526100634,0.6119043252262569
2019-0657-IDN,2019,Low,RF_T2,3,Low,0.6480579464813124,0.22702512100508968,0.12491693251359792
2019-0658-ETH,2019,Moderate,RF_T2,3,Severe,0.22156280638500553,0.3143088660952147,0.4641283275197798
2019-0663-BEN,2019,Moderate,RF_T2,3,Severe,0.3140036457113395,0.19200337741514797,0.4939929768735125
2019-9023-PAK,2019,Moderate,RF_T2,3,Moderate,0.12307940576766224,0.45796246761582304,0.4189581266165146
2019-0602-CHL,2019,Moderate,RF_T2,3,Moderate,0.0582437740618802,0.694074718022284,0.24768150791583549
2019-0613-AFG,2019,Moderate,RF_T2,3,Moderate,0.08948705706874398,0.5075223804553208,0.402990562475935
2019-0585-BDI,2019,Moderate,RF_T2,3,Moderate,0.13746414338406487,0.4792957924604568,0.38324006415547884
2019-0586-UKR,2019,Moderate,RF_T2,3,Moderate,0.1317530858406984,0.5999024207117093,0.26834449344759154
2019-0588-MAR,2019,Moderate,RF_T2,3,Moderate,0.00016841795340240666,0.9995604839958692,0.00027109805072840135
2019-0589-SDN,2019,Moderate,RF_T2,3,Moderate,0.07872234140228614,0.5268049018808049,0.3944727567169087
2019-0592-MLI,2019,Moderate,RF_T2,3,Moderate,0.07103231954070867,0.5265268062117769,0.40244087424751424
2019-0596-MEX,2019,Low,RF_T2,3,Low,0.5844901563756522,0.19897545399666486,0.2165343896276827
2019-0599-UGA,2019,Moderate,RF_T2,3,Low,0.4944997390488193,0.24477497539300325,0.26072528555817753
2019-0600-SOM,2019,Low,RF_T2,3,Low,0.553689883244364,0.20305770970410794,0.24325240705152854
2019-0601-MDG,2019,Low,RF_T2,3,Low,0.4180037039125503,0.3356420502143561,0.24635424587309396
2019-0623-COD,2019,Moderate,RF_T2,3,Severe,0.08077711327138783,0.4331118942478939,0.4861109924807184
2019-0626-PRT,2019,Low,RF_T2,3,Low,0.9096205672821794,0.07792784895778254,0.012451583760037922
2019-0629-LKA,2019,Low,RF_T2,3,Low,0.5465703025591284,0.17738233018062285,0.27604736726024887
2019-0637-EGY,2019,Moderate,RF_T2,3,Moderate,0.00016841795340240666,0.9995604839958692,0.00027109805072840135
2019-0650-GBR,2019,Severe,RF_T2,3,Severe,0.11068237486562003,0.10221366953244759,0.7871039556019312
2019-0656-LKA,2019,Low,RF_T2,3,Low,0.5544504410262465,0.16343227152111653,0.2821172874526371
2018-0109-IND,2018,Moderate,RF_T2,3,Moderate,0.00016841795340240666,0.9995604839958692,0.00027109805072840135
2018-0428-UGA,2018,Moderate,RF_T2,3,Moderate,0.05098562553690906,0.5626900285406861,0.38632434592240467
2018-0363-COD,2018,Severe,RF_T2,3,Severe,0.10073404847025832,0.2610907828532413,0.6381751686765008
2019-0090-USA,2019,Low,RF_T2,3,Low,0.749030153766857,0.22317668168838264,0.02779316454475976
2019-0296-FRA,2019,Severe,RF_T2,3,Severe,0.19085047821816403,0.13753096471518844,0.6716185570666474
2018-0112-BRA,2018,Low,RF_T2,3,Low,0.6247512375710293,0.15575341383863858,0.219495348590332
2018-0128-ISR,2018,Moderate,RF_T2,3,Low,0.877008153642335,0.10587346022783536,0.017118386129828897
2018-0129-USA,2018,Low,RF_T2,3,Low,0.8060282849557675,0.16819214868804455,0.02577956635618762
2018-0274-MEX,2018,Moderate,RF_T2,3,Moderate,0.12873673302530975,0.613752180598834,0.2575110863758558
2018-0096-THA,2018,Moderate,RF_T2,3,Moderate,0.002820909092062567,0.9969079928572091,0.00027109805072840135
2018-0080-LBY,2018,Moderate,RF_T2,3,Severe,0.009035146504133397,0.23863560295994574,0.7523292505359207
2018-0264-NGA,2018,Moderate,RF_T2,3,Moderate,0.0410755845260002,0.5130770176726921,0.4458473978013076
2018-0002-FRA,2018,Low,RF_T2,3,Low,0.8919734316426718,0.08821799785372819,0.019808570503600312
2018-0004-PHL,2018,Low,RF_T2,3,Low,0.697545127192186,0.20889472852703678,0.09356014428077714
2018-0010-USA,2018,Moderate,RF_T2,3,Moderate,0.3324099272318913,0.5350218591916576,0.13256821357645088
2018-0013-COL,2018,Moderate,RF_T2,3,Moderate,0.056527626405910754,0.6833055381961338,0.260166835397956
2018-0018-BGD,2018,Moderate,RF_T2,3,Severe,0.13878775900038925,0.2579831412726019,0.6032290997270091
2018-0019-COL,2018,Moderate,RF_T2,3,Moderate,0.12756806460804315,0.6184082938866584,0.2540236415052988
2018-0020-CUW,2018,Moderate,RF_T2,3,Moderate,0.06597678334392353,0.6508869587976168,0.28313625785845997
2018-0021-LBY,2018,Severe,RF_T2,3,Severe,0.008813325424387357,0.24194572178819743,0.7492409527874149
2018-0025-BEL,2018,Low,RF_T2,3,Low,0.9129818174948318,0.07451301409519437,0.012505168409973288
2018-0025-DEU,2018,Low,RF_T2,3,Low,0.902459832893391,0.08131532534539508,0.0162248417612139
2018-0036-IND,2018,Moderate,RF_T2,3,Moderate,0.10386727619547896,0.5828834228681712,0.31324930093634984
2018-0104-RWA,2018,Moderate,RF_T2,3,Low,0.6726347507947199,0.1914905271220519,0.1358747220832284
2018-0092-RUS,2018,Moderate,RF_T2,3,Moderate,0.1254063324257504,0.6385500504715595,0.23604361710269034
2019-0096-CHN,2019,Low,RF_T2,3,Low,0.7027422280385064,0.16271800712964724,0.13453976483184618
2018-0045-USA,2018,Moderate,RF_T2,3,Low,0.5643621175374074,0.4182450780325152,0.017392804430077194
2018-0049-NPL,2018,Moderate,RF_T2,3,Severe,0.16084921289806067,0.32396673007301735,0.515184057028922
2018-0051-PHL,2018,Moderate,RF_T2,3,Low,0.6954561363237386,0.2062944026772713,0.09824946099899017
2018-0054-PER,2018,Moderate,RF_T2,3,Moderate,0.00066133871461222,0.9990675632346594,0.00027109805072840135
2018-0056-IDN,2018,Moderate,RF_T2,3,Moderate,0.1296327515700364,0.5944460967601664,0.27592115166979714
2018-0062-BOL,2018,Low,RF_T2,3,Low,0.4108036765495185,0.2453612756036358,0.3438350478468454
2018-0079-AZE,2018,Moderate,RF_T2,3,Moderate,0.13348665168009818,0.6124052883951019,0.2541080599248
2018-0131-COL,2018,Moderate,RF_T2,3,Low,0.7541161436952571,0.188536899256224,0.05734695704851762
2018-0132-KEN,2018,Moderate,RF_T2,3,Low,0.5680759227040645,0.2535834951151977,0.1783405821807376
2018-0135-RWA,2018,Moderate,RF_T2,3,Low,0.6694585852633657,0.19646194557685925,0.13407946915977542
2018-0149-IND,2018,Moderate,RF_T2,3,Moderate,0.3458522789606444,0.455637204638412,0.1985105164009437
2018-0151-PAK,2018,Moderate,RF_T2,3,Moderate,0.0940604461069839,0.5757764180505607,0.330163135842455
2018-0152-PAK,2018,Moderate,RF_T2,3,Moderate,0.10239119361138964,0.498041147691911,0.3995676586966991
2018-0158-BGD,2018,Moderate,RF_T2,3,Severe,0.32254896030253655,0.33717001616741454,0.340281023530049
2018-0162-DZA,2018,Low,RF_T2,3,Low,0.41674018456791806,0.22516284350509738,0.3580969719269848
2018-0174-RUS,2018,Moderate,RF_T2,3,Moderate,0.046477087044648285,0.663205233618553,0.29031767933679864
2018-0185-CIV,2018,Moderate,RF_T2,3,Low,0.6794194450840418,0.1968758326965478,0.12370472221941085
2018-0187-KEN,2018,Moderate,RF_T2,3,Moderate,0.24884138735029532,0.42414991159902793,0.3270087010506763
2018-0192-IRN,2018,Moderate,RF_T2,3,Moderate,0.00015951248328958581,0.999569389465982,0.00027109805072840135
2018-0201-CHN,2018,Moderate,RF_T2,3,Low,0.6311073527862774,0.29340682271758023,0.07548582449614166
2018-0201-VNM,2018,Low,RF_T2,3,Low,0.6042202205203143,0.2632845533154784,0.13249522616420722
2018-0209-IND,2018,Moderate,RF_T2,3,Moderate,0.3758488595855566,0.5093384570292078,0.11481268338523574
2018-0210-CHN,2018,Moderate,RF_T2,3,Low,0.5309566716658928,0.37154160284257587,0.09750172549153151
2018-0214-IND,2018,Moderate,RF_T2,3,Moderate,0.3758488595855566,0.5093384570292078,0.11481268338523574
2018-0223-GRC,2018,Severe,RF_T2,3,Low,0.8916907332092587,0.09128433087470413,0.017024935916036307
2018-0228-MEX,2018,Moderate,RF_T2,3,Moderate,0.00015951248328958581,0.999569389465982,0.00027109805072840135
2018-0235-ESP,2018,Low,RF_T2,3,Severe,0.24668048539297344,0.2098835054378199,0.543436009169207
2018-0235-NLD,2018,Severe,RF_T2,3,Severe,0.19109447484853873,0.0750899922274715,0.7338155329239902
2018-0236-CYP,2018,Moderate,RF_T2,3,Moderate,0.07120279580160466,0.7281059785023227,0.2006912256960731
2018-0237-COG,2018,Moderate,RF_T2,3,Moderate,0.054789630919805335,0.5674700266311677,0.3777403424490269
2018-0272-TUR,2018,Moderate,RF_T2,3,Moderate,0.13150114571175642,0.6220692728866364,0.24642958140160728
2018-0273-THA,2018,Moderate,RF_T2,3,Moderate,0.052004053763781116,0.6797470326434009,0.26824891359281816
2018-0252-CHN,2018,Moderate,RF_T2,3,Low,0.5055785701358851,0.37636094695370337,0.11806048291041167
2018-0255-MMR,2018,Moderate,RF_T2,3,Low,0.4837079211587001,0.22524603877458932,0.29104604006671114
2018-0258-USA,2018,Moderate,RF_T2,3,Low,0.7978390572190736,0.17417789835465794,0.02798304442626786
2018-0260-ITA,2018,Moderate,RF_T2,3,Moderate,0.00035848183714969956,0.9990301295593983,0.0006113886034518962
2018-0300-SDN,2018,Moderate,RF_T2,3,Moderate,0.04850080218985822,0.5170935973501075,0.43440560046003435
2018-0357-TZA,2018,Severe,RF_T2,3,Moderate,0.05015278778619987,0.48846480921903646,0.4613824029947636
2018-0305-VNM,2018,Moderate,RF_T2,3,Low,0.5877340037919205,0.2751061520656413,0.13715984414243856
2018-0307-COD,2018,Moderate,RF_T2,3,Moderate,0.00015951248328958581,0.8207554109559662,0.1790850765607442
2018-0325-AFG,2018,Moderate,RF_T2,3,Moderate,0.04934158943570528,0.5299259275534146,0.42073248301087957
2018-0327-AGO,2018,Moderate,RF_T2,3,Moderate,0.1385405148731568,0.5043712422749435,0.3570882428518996
2018-0328-ETH,2018,Moderate,RF_T2,3,Moderate,0.1298635926249931,0.442498011675535,0.4276383956994721
2018-0337-MLI,2018,Moderate,RF_T2,3,Moderate,0.00016841795340240666,0.9987602717692583,0.0010713102773392603
2018-0340-IRN,2018,Moderate,RF_T2,3,Moderate,0.00015951248328958581,0.999569389465982,0.00027109805072840135
2018-0341-PHL,2018,Moderate,RF_T2,3,Low,0.5133004608403392,0.2562532183160809,0.23044632084357974
2018-0342-USA,2018,Moderate,RF_T2,3,Low,0.8093498575010007,0.16861281406389805,0.022037328435101203
2018-0350-AFG,2018,Moderate,RF_T2,3,Severe,0.14244257249852724,0.4242511862400642,0.4333062412614084
2018-0356-MAR,2018,Moderate,RF_T2,3,Moderate,0.04897060835333502,0.6294472601658933,0.3215821314807721
2018-0367-MEX,2018,Moderate,RF_T2,3,Low,0.7675196891828451,0.15896989112462467,0.07351041969252918
2018-0369-CHN,2018,Moderate,RF_T2,3,Low,0.5002542168501459,0.38497572648172107,0.11477005666813332
2018-0373-USA,2018,Moderate,RF_T2,3,Low,0.6653975254529175,0.23856084736396133,0.09604162718312062
2018-0374-SLV,2018,Low,RF_T2,3,Low,0.6471479206025902,0.1898625826907722,0.16298949670663807
2018-0380-COD,2018,Moderate,RF_T2,3,Severe,0.041633777791111284,0.47557361886026234,0.48279260334862656
2018-0384-LKA,2018,Moderate,RF_T2,3,Low,0.5499119799184327,0.17065824338438856,0.279429776697179
2018-0387-SDN,2018,Moderate,RF_T2,3,Severe,0.26992213845775376,0.29715120371012843,0.4329266578321181
2018-0393-COD,2018,Moderate,RF_T2,3,Moderate,0.040006144805487906,0.4935248104085509,0.4664690447859613
2018-0396-COL,2018,Moderate,RF_T2,3,Low,0.7641864801947698,0.18526250460754315,0.050551015197685824
2018-0400-CHN,2018,Moderate,RF_T2,3,Moderate,0.045223815205194105,0.7931569918098663,0.16161919298494035
2018-0406-MEX,2018,Low,RF_T2,3,Low,0.6960387964593856,0.18461743866326294,0.119343764877351
2018-0407-RUS,2018,Low,RF_T2,3,Low,0.7137610308037315,0.1569923803852721,0.12924658881099585
2018-0425-IDN,2018,Moderate,RF_T2,3,Low,0.6539350186448196,0.21498319172779692,0.13108178962738343
2018-0437-CAF,2018,Low,RF_T2,3,Severe,0.16769454396127823,0.3430646711382513,0.48924078490047074
2018-0452-IND,2018,Low,RF_T2,3,Moderate,0.1240402980382906,0.581040910057832,0.294918791903878
2018-0473-IND,2018,Low,RF_T2,3,Severe,0.13388561570406637,0.33142025081235227,0.5346941334835815
2018-0489-PHL,2018,Severe,RF_T2,3,Severe,0.1399834053066357,0.23209678467548484,0.6279198100178796
2019-0001-CHE,2019,Low,RF_T2,3,Low,0.8649150274081305,0.11742460954336444,0.01766036304850497
2019-0002-IRN,2019,Moderate,RF_T2,3,Moderate,0.04275479271895436,0.6541006355269912,0.3031445717540546
2019-0003-CHN,2019,Moderate,RF_T2,3,Moderate,0.056833902029505445,0.8205670290782561,0.12259906889223905
2019-0005-LBN,2019,Low,RF_T2,3,Low,0.8753389965402575,0.1121765647018451,0.012484438757896956
2019-0009-THA,2019,Low,RF_T2,3,Low,0.7698884879386803,0.1931641464694993,0.03694736559181942
2019-0014-RUS,2019,Moderate,RF_T2,3,Moderate,0.048740516756847506,0.6711466277124346,0.2801128555307177
2019-0016-GHA,2019,Moderate,RF_T2,3,Moderate,0.12191593154814805,0.47286296741507533,0.4052211010367764
2019-0017-PAK,2019,Moderate,RF_T2,3,Moderate,0.00016841795340240666,0.9995604839958692,0.00027109805072840135
2019-0020-MDG,2019,Low,RF_T2,3,Low,0.5740916552656631,0.2261755100322542,0.1997328347020829
2019-0023-CHL,2019,Low,RF_T2,3,Low,0.7484564038262435,0.09122884989526221,0.16031474627849435
2019-0027-PER,2019,Moderate,RF_T2,3,Moderate,0.1335110219447839,0.6042507398317591,0.262238238223457
2019-0033-SAU,2019,Moderate,RF_T2,3,Low,0.6094994123339474,0.16397704054251566,0.22652354712353695
2019-0083-IDN,2019,Moderate,RF_T2,3,Moderate,0.12197004346429352,0.6152167943562967,0.2628131621794101
2019-0045-USA,2019,Moderate,RF_T2,3,Low,0.7959212230199493,0.18151582885021667,0.022562948129833445
2019-0046-USA,2019,Moderate,RF_T2,3,Low,0.5626775090512374,0.4199296865186852,0.017392804430077194
2019-0048-ZMB,2019,Low,RF_T2,3,Low,0.6185825055365873,0.20990890391557093,0.17150859054784218
2019-0053-TUR,2019,Moderate,RF_T2,3,Moderate,0.1261223572072025,0.6437981424650835,0.23007950032771426
2019-0054-GIN,2019,Moderate,RF_T2,3,Moderate,0.08606219355727313,0.5899701314746572,0.3239676749680695
2019-0064-BGD,2019,Low,RF_T2,3,Moderate,0.17850184730679028,0.49414328354296366,0.32735486915024625
2019-0065-ZWE,2019,Moderate,RF_T2,3,Moderate,0.12230408724018496,0.46070838596242114,0.4169875267973939
2019-0067-ZMB,2019,Moderate,RF_T2,3,Moderate,0.06465364677154327,0.5229824078915823,0.41236394533687437
2019-0070-AGO,2019,Moderate,RF_T2,3,Low,0.5874769884803314,0.22380635938108795,0.18871665213858066
2019-0082-PAK,2019,Moderate,RF_T2,3,Moderate,0.19621846428636439,0.43176841849202124,0.37201311722161456
2019-0099-MOZ,2019,Moderate,RF_T2,3,Low,0.5694471206416661,0.22446855411908567,0.20608432523924838
2019-0102-ETH,2019,Severe,RF_T2,3,Moderate,0.06632075111611081,0.471269781448152,0.46240946743573674
2019-0109-IDN,2019,Low,RF_T2,3,Low,0.7886531708261336,0.1364657540792036,0.07488107509466271
2019-0110-MDG,2019,Low,RF_T2,3,Low,0.551049743963006,0.20951463427757105,0.23943562175942298
2019-0117-IDN,2019,Low,RF_T2,3,Moderate,0.12550837253224337,0.5976597285547405,0.2768318989130162
2019-0122-YEM,2019,Severe,RF_T2,3,Severe,0.20926650376725695,0.28725895597295054,0.5034745402597925
2019-0126-CHN,2019,Moderate,RF_T2,3,Moderate,0.08982579305788109,0.9099031088913909,0.00027109805072840135
2019-0134-CHN,2019,Moderate,RF_T2,3,Low,0.6532518287863709,0.25899807345260367,0.08775009776102465
2019-0137-SYR,2019,Low,RF_T2,3,Low,0.6877219712873073,0.18074653547546915,0.13153149323722382
2019-0141-IRQ,2019,Moderate,RF_T2,3,Low,0.7184474893023524,0.17762585921707733,0.10392665148057031
2019-0146-BRA,2019,Moderate,RF_T2,3,Low,0.7678291857993292,0.16880957432006263,0.06336123988060713
2019-0156-CHN,2019,Moderate,RF_T2,3,Moderate,0.05237173378734976,0.8004747996815621,0.1471534665310884
2019-0160-USA,2019,Low,RF_T2,3,Low,0.8155093968539149,0.1451004946519038,0.03939010849418098
2019-0164-BGD,2019,Moderate,RF_T2,3,Severe,0.32944820330763025,0.30261037558371834,0.36794142110865125
2019-0165-MOZ,2019,Moderate,RF_T2,3,Low,0.3631859764112809,0.3631419066615591,0.2736721169271597
2019-0166-RUS,2019,Moderate,RF_T2,3,Moderate,0.047684059125579804,0.7031290758729766,0.24918686500144363
2019-0179-UGA,2019,Moderate,RF_T2,3,Low,0.5349710732250151,0.2585826326560814,0.2064462941189034
2019-0182-ZAF,2019,Moderate,RF_T2,3,Low,0.6496835124012678,0.219558992298248,0.13075749530048408
2019-0190-MEX,2019,Moderate,RF_T2,3,Moderate,0.04660051994044209,0.676630160971322,0.27676931908823615
2019-0194-HRV,2019,Low,RF_T2,3,Low,0.9079800374151895,0.08061085978862487,0.011409102796184872
2019-0209-CHN,2019,Severe,RF_T2,3,Low,0.5249996280366424,0.3718984684051321,0.10310190355822563
2019-0218-IND,2019,Severe,RF_T2,3,Severe,0.08698619087918978,0.22524901960686747,0.6877647895139424
2019-0219-MNG,2019,Moderate,RF_T2,3,Low,0.5292097803424244,0.21330540895183286,0.2574848107057432
2019-0224-LBY,2019,Low,RF_T2,3,Low,0.47646437216573206,0.22704246144691898,0.2964931663873491
2019-0227-UGA,2019,Moderate,RF_T2,3,Moderate,0.1325314303651777,0.4613310749323749,0.40613749470244737
2019-0233-SLV,2019,Low,RF_T2,3,Low,0.5811437842813282,0.1620589090697073,0.2567973066489647
2019-0381-CHN,2019,Moderate,RF_T2,3,Low,0.5393262461213696,0.34847951830594454,0.11219423557268593
2019-0243-PER,2019,Low,RF_T2,3,Low,0.48775444311968086,0.1546518899267216,0.3575936669535975
2019-0250-USA,2019,Low,RF_T2,3,Low,0.8173240985684734,0.1473036643913444,0.03537223704018179
2019-0252-OMN,2019,Low,RF_T2,3,Low,0.8782905853193287,0.10843618885753206,0.01327322582313855
2019-0252-SAU,2019,Low,RF_T2,3,Low,0.7046685439121784,0.16653869663346701,0.1287927594543548
2019-0259-CHN,2019,Moderate,RF_T2,3,Low,0.7249535446446688,0.16783243111095256,0.1072140242443783
2019-0260-SEN,2019,Moderate,RF_T2,3,Moderate,0.00016841795340240666,0.9995604839958692,0.00027109805072840135
2019-0265-VNM,2019,Low,RF_T2,3,Low,0.6236194006973063,0.257727056677121,0.11865354262557266
2019-0274-TUR,2019,Moderate,RF_T2,3,Low,0.7895297271153806,0.1601939035047107,0.05027636937990768
2019-0276-KHM,2019,Moderate,RF_T2,3,Moderate,0.1054529785490404,0.5209354961577393,0.37361152529322
2019-0463-JPN,2019,Severe,RF_T2,3,Severe,0.2616359084742658,0.183420452120187,0.5549436394055474
2019-0281-IDN,2019,Low,RF_T2,3,Low,0.6818684305643452,0.20744769271433333,0.11068387672132174
2019-0283-ECU,2019,Low,RF_T2,3,Moderate,0.14189598438425713,0.5743664325681718,0.2837375830475704
2019-0294-RUS,2019,Moderate,RF_T2,3,Low,0.611496269581983,0.16923943288673274,0.21926429753128374
2019-0296-ESP,2019,Low,RF_T2,3,Severe,0.21155210117608164,0.11615746425319054,0.6722904345707276
2019-0311-IND,2019,Moderate,RF_T2,3,Moderate,0.19457204265799516,0.651575361773721,0.15385259556828434
2019-0315-GRC,2019,Low,RF_T2,3,Low,0.9046968453460433,0.08204574735165103,0.013257407302305676
2019-0320-NER,2019,Moderate,RF_T2,3,Moderate,0.06297000178331444,0.4749730772143207,0.4620569210023652
2019-0324-RUS,2019,Moderate,RF_T2,3,Moderate,0.00015951248328958581,0.999569389465982,0.00027109805072840135
2019-0327-IND,2019,Moderate,RF_T2,3,Moderate,0.00016841795340240666,0.9995604839958692,0.00027109805072840135
2019-0332-NPL,2019,Severe,RF_T2,3,Severe,0.08751131006974258,0.22213821432546857,0.6903504756047895
2019-0467-JPN,2019,Moderate,RF_T2,3,Low,0.42420810878796167,0.20836174492585,0.3674301462861881
2019-0337-BGD,2019,Severe,RF_T2,3,Severe,0.13854655800121546,0.22771801383552326,0.6337354281632613
2019-0338-HND,2019,Severe,RF_T2,3,Severe,0.35334387051173943,0.23165697294215765,0.41499915654610287
2019-0353-TUR,2019,Moderate,RF_T2,3,Moderate,0.01322383506633821,0.9865050668829333,0.00027109805072840135
2019-0360-GTM,2019,Moderate,RF_T2,3,Severe,0.1828940148227134,0.2141140114479163,0.6029919737293699
2019-0366-BEL,2019,Severe,RF_T2,3,Severe,0.1468943969070386,0.08461769310768183,0.7684879099852789
2019-0368-BRA,2019,Moderate,RF_T2,3,Low,0.7707562359201463,0.16914919134090706,0.06009457273894572
2019-0376-EGY,2019,Moderate,RF_T2,3,Moderate,0.00016841795340240666,0.9995604839958692,0.00027109805072840135
2019-0383-IND,2019,Moderate,RF_T2,3,Severe,0.09079942577916364,0.1987613745964899,0.7104391996243465
2019-0385-MMR,2019,Severe,RF_T2,3,Low,0.5921481109907487,0.21162892943431655,0.19622295957493494
2019-0401-TZA,2019,Severe,RF_T2,3,Moderate,0.00016841795340240666,0.9995604839958692,0.00027109805072840135
2019-0409-JPN,2019,Low,RF_T2,3,Low,0.7873331530019257,0.17537081903172874,0.037296027966344875
2019-0412-USA,2019,Moderate,RF_T2,3,Low,0.8165429573901343,0.15646291715594385,0.026994125453921703
2019-0413-ESP,2019,Low,RF_T2,3,Low,0.89156126181459,0.09139335083916124,0.017045387346248775
2019-0417-USA,2019,Low,RF_T2,3,Low,0.8097826622460286,0.15927327726174967,0.030944060492221575
2019-0418-MEX,2019,Low,RF_T2,3,Low,0.7850966416869973,0.15475363560014768,0.060149722712854424
2019-0520-CHN,2019,Low,RF_T2,3,Low,0.7233155644927253,0.17118327582224738,0.10550115968502712
2019-0446-MLI,2019,Moderate,RF_T2,3,Moderate,0.08231512643286912,0.6281320648708055,0.2895528086963249
2019-0452-LKA,2019,Low,RF_T2,3,Low,0.5506682270084233,0.1782393457978177,0.27109242719375914
2019-0453-TCD,2019,Moderate,RF_T2,3,Severe,0.13241677660334628,0.4283681155166347,0.43921510788001916
2019-0454-NGA,2019,Moderate,RF_T2,3,Severe,0.14049634510546585,0.188857913825521,0.6706457410690133
2019-0455-COL,2019,Severe,RF_T2,3,Severe,0.1791376038745782,0.2961085623414649,0.524753833783957
2019-0456-DOM,2019,Moderate,RF_T2,3,Severe,0.23750869067598876,0.20008740799118516,0.5624039013328261
2019-0457-CHN,2019,Moderate,RF_T2,3,Moderate,0.05029297868228757,0.7591662984552737,0.19054072286243912
2019-0460-PAK,2019,Moderate,RF_T2,3,Low,0.5203537751135974,0.21459920885364892,0.26504701603275294
2019-0470-PAK,2019,Moderate,RF_T2,3,Severe,0.0686185498606638,0.30944654227137647,0.62193490786796
2019-0472-KOR,2019,Moderate,RF_T2,3,Low,0.7810235775913119,0.15771844853801706,0.06125797387067123
2019-0485-ITA,2019,Low,RF_T2,3,Low,0.8065290918941435,0.16797449005442722,0.025496418051428802
2019-0521-JPN,2019,Low,RF_T2,3,Low,0.8050079076716772,0.14923228523582557,0.04575980709249671
2019-0487-RUS,2019,Moderate,RF_T2,3,Low,0.7148325761339526,0.15672572667588575,0.12844169719016116
2019-0494-ETH,2019,Moderate,RF_T2,3,Moderate,0.12259539495454011,0.4652699835930996,0.41213462145236046
2019-0499-LKA,2019,Low,RF_T2,3,Low,0.5304639571772364,0.1679555548736262,0.3015804879491379
2019-0500-KEN,2019,Moderate,RF_T2,3,Severe,0.28983547722762903,0.2660512766273672,0.44411324614500386
2019-0548-ZAF,2019,Low,RF_T2,3,Low,0.6510283377778682,0.22890192683220467,0.12006973538992696
2019-0500-SOM,2019,Moderate,RF_T2,3,Low,0.5149123523937463,0.22012303215477302,0.2649646154514805
2019-0515-TZA,2019,Moderate,RF_T2,3,Low,0.5146790598018103,0.24717801341194323,0.23814292678624677
2019-0526-SEN,2019,Low,RF_T2,3,Low,0.5488260061744642,0.26761584083089746,0.18355815299463893
2019-0529-PHL,2019,Moderate,RF_T2,3,Low,0.5717391589024455,0.1669562642447387,0.26130457685281544
2019-0545-AUS,2019,Moderate,RF_T2,3,Low,0.6249673477176678,0.19264595646136867,0.1823866958209631
2019-0550-IND,2019,Moderate,RF_T2,3,Severe,0.12578303848871825,0.33048108665701015,0.5437358748542721
2019-0558-ITA,2019,Low,RF_T2,3,Low,0.7990795328927953,0.17426486390516344,0.026655603202040457
2019-0560-COD,2019,Moderate,RF_T2,3,Moderate,0.04083776518733502,0.5012578811720396,0.45790435364062526
2019-0563-MAR,2019,Moderate,RF_T2,3,Moderate,0.04605617330955252,0.6452523246385862,0.30869150205186147
2019-0566-IRN,2019,Moderate,RF_T2,3,Moderate,0.00015951248328958581,0.999569389465982,0.00027109805072840135
2019-0567-SVK,2019,Moderate,RF_T2,3,Moderate,0.00015951248328958581,0.999569389465982,0.00027109805072840135
2019-0576-FRA,2019,Low,RF_T2,3,Low,0.8749078484267493,0.10452578264051744,0.020566368932732997
2019-0579-DJI,2019,Moderate,RF_T2,3,Low,0.7002118169981228,0.18346406812411575,0.11632411487776138
2020-0074-MAR,2020,Moderate,RF_T2,4,Moderate,0.050080906460810204,0.6086750915335196,0.3412440020056706
2020-0343-VNM,2020,Moderate,RF_T2,4,Moderate,0.0,0.9963978341237223,0.00360216587627775
2020-0345-TUR,2020,Moderate,RF_T2,4,Moderate,0.04210966844008274,0.7389276715426211,0.21896266001729572
2020-0282-CHN,2020,Low,RF_T2,4,Low,0.38644482192325813,0.2942998107902656,0.31925536728647597
2020-0393-GEO,2020,Moderate,RF_T2,4,Moderate,0.011368465068172507,0.9809039075178213,0.007727627414006195
2021-0221-NGA,2021,Moderate,RF_T2,4,Moderate,0.0,0.9065179257061058,0.09348207429389428
2020-0311-AFG,2020,Moderate,RF_T2,4,Moderate,0.2011538263673308,0.43564933347164597,0.36319684016102316
2020-0312-PRI,2020,Low,RF_T2,4,Low,0.7088658638827329,0.16246093501480405,0.12867320110246355
2020-0322-CHN,2020,Severe,RF_T2,4,Low,0.39993488160986723,0.2843784714471006,0.3156866469430321
2020-0335-IND,2020,Moderate,RF_T2,4,Moderate,0.050084622890082975,0.581711296164393,0.36820408094552426
2020-0462-VNM,2020,Low,RF_T2,4,Low,0.6357482237350838,0.23643929702102467,0.1278124792438915
2020-0468-SEN,2020,Severe,RF_T2,4,Moderate,0.04934833156812964,0.6385783635010227,0.3120733049308476
2020-0336-NER,2020,Moderate,RF_T2,4,Low,0.527869432613818,0.25914270263861927,0.21298786474756265
2020-0337-MRT,2020,Moderate,RF_T2,4,Moderate,0.048008124760038844,0.6314297313008834,0.320562143939078
2020-0342-MLI,2020,Moderate,RF_T2,4,Moderate,5.4779411764705915e-05,0.8988847762328143,0.10106044435542094
2020-0344-COL,2020,Moderate,RF_T2,4,Moderate,0.04939795827296135,0.5667006589590181,0.3839013827680209
2020-0353-MEX,2020,Low,RF_T2,4,Low,0.6377642243241383,0.22979046043082385,0.13244531524503866
2020-0376-DOM,2020,Low,RF_T2,4,Low,0.776475259078821,0.1437060060825303,0.0798187348386481
2020-0377-AFG,2020,Severe,RF_T2,4,Moderate,0.19818068238647496,0.4397555065855298,0.362063811027995
2020-0384-THA,2020,Low,RF_T2,4,Low,0.7581818752676837,0.18966540217757666,0.05215272255473958
2020-0385-UGA,2020,Low,RF_T2,4,Low,0.5054974978738456,0.27295991816410037,0.2215425839620544
2020-0388-UGA,2020,Low,RF_T2,4,Low,0.5101492623492417,0.2829635333082289,0.2068872043425297
2020-0395-LBY,2020,Moderate,RF_T2,4,Severe,0.05318743498424325,0.32585683537550064,0.6209557296402569
2020-0397-SEN,2020,Moderate,RF_T2,4,Low,0.6297989576557158,0.22117494907264054,0.14902609327164426
2020-0411-LAO,2020,Low,RF_T2,4,Low,0.5207845449614986,0.21647488814729743,0.2627405668912037
2020-0418-FRA,2020,Moderate,RF_T2,4,Low,0.7816065692411326,0.1922274113882632,0.026166019370604157
2020-0418-ITA,2020,Low,RF_T2,4,Low,0.8276073319966726,0.14587661793298357,0.026516050070343824
2020-0474-MEX,2020,Moderate,RF_T2,4,Low,0.6662471509313678,0.2155036174559843,0.11824923161264837
2020-0458-TZA,2020,Moderate,RF_T2,4,Low,0.4835442707799044,0.2790004697150796,0.23745525950501634
2020-0461-LKA,2020,Low,RF_T2,4,Low,0.7511175610871651,0.14266824996260422,0.10621418895022984
2021-0253-LKA,2021,Low,RF_T2,4,Low,0.4719588465603687,0.21561839952714432,0.3124227539124873
2020-0474-NIC,2020,Low,RF_T2,4,Low,0.5466118074989511,0.21400364029151786,0.2393845522095317
2020-0474-USA,2020,Moderate,RF_T2,4,Low,0.8046547827049251,0.17061036944749725,0.024734847847577863
2020-0483-USA,2020,Low,RF_T2,4,Low,0.7905653648635373,0.1792392199101955,0.030195415226267387
2020-0489-ZAF,2020,Moderate,RF_T2,4,Low,0.6578011140210861,0.22513823600974614,0.11706064996916804
2020-0495-COL,2020,Moderate,RF_T2,4,Low,0.6276740797155912,0.25225723544917283,0.12006868483523606
2020-0495-GTM,2020,Low,RF_T2,4,Low,0.5533624025739915,0.19241087675433577,0.2542267206716727
2020-0497-COD,2020,Moderate,RF_T2,4,Severe,0.08307332450324788,0.19530813779823095,0.7216185376985212
2020-0501-PHL,2020,Severe,RF_T2,4,Low,0.5350596468076825,0.23003202793475008,0.23490832525756777
2020-0511-BRA,2020,Moderate,RF_T2,4,Moderate,0.0,0.9963412474836673,0.003658752516332748
2020-0529-THA,2020,Moderate,RF_T2,4,Low,0.7547806196121687,0.19236641890931205,0.05285296147851904
2021-0369-CAN,2021,Severe,RF_T2,4,Severe,0.20317166969175468,0.128935455109566,0.6678928751986805
2020-0530-BEL,2020,Severe,RF_T2,4,Severe,0.30765751322448315,0.056208724338976224,0.6361337624365412
2020-0530-FRA,2020,Severe,RF_T2,4,Severe,0.3815074207811784,0.09092547271014477,0.5275671065086763
2020-0530-GBR,2020,Severe,RF_T2,4,Severe,0.3948823624685533,0.10851823206043278,0.4965994054710136
2020-0531-COD,2020,Moderate,RF_T2,4,Low,0.39887621984383653,0.29632052932678304,0.30480325082938037
2020-0532-IDN,2020,Low,RF_T2,4,Low,0.6084874770704347,0.2233994399533209,0.16811308297624505
2021-0200-IDN,2021,Low,RF_T2,4,Low,0.699993065960495,0.17426588740567903,0.12574104663382618
2020-0535-IRN,2020,Low,RF_T2,4,Low,0.6811714041708219,0.19973444390988226,0.11909415191929537
2020-0538-USA,2020,Moderate,RF_T2,4,Low,0.8114271520841397,0.16531709078271523,0.023255757133144987
2020-0542-VNM,2020,Low,RF_T2,4,Low,0.620267200987254,0.2338557815229573,0.14587701748978857
2020-0544-IDN,2020,Low,RF_T2,4,Low,0.5986738298684086,0.2314386577539369,0.16988751237765534
2020-0549-VEN,2020,Moderate,RF_T2,4,Moderate,0.04816360077664257,0.6645125850872026,0.2873238141361551
2020-0554-FJI,2020,Low,RF_T2,4,Low,0.7812882198229985,0.14184245422045982,0.07686932595654168
2020-0568-PHL,2020,Moderate,RF_T2,4,Moderate,0.17082197532582957,0.5215220689366795,0.3076559557374915
2020-0572-HRV,2020,Low,RF_T2,4,Low,0.7573587047627897,0.09633741855282639,0.1463038766843839
2020-0578-TUN,2020,Moderate,RF_T2,4,Moderate,0.04358473325715053,0.6124984560022019,0.34391681074064767
2020-0608-IRN,2020,Moderate,RF_T2,4,Moderate,0.13115621691762108,0.5814950226101849,0.28734876047219426
2021-0001-BOL,2021,Low,RF_T2,4,Low,0.6484406062403927,0.21978583186820239,0.13177356189140543
2021-0130-IDN,2021,Moderate,RF_T2,4,Moderate,0.0,0.9975697275450851,0.0024302724549148643
2021-0003-IDN,2021,Severe,RF_T2,4,Low,0.6183161232664524,0.1867301013302901,0.1949537754032572
2021-0005-IDN,2021,Moderate,RF_T2,4,Low,0.6441911595727965,0.21726638394700692,0.13854245648019706
2021-0022-PHL,2021,Low,RF_T2,4,Low,0.6258677003752208,0.2245824232488271,0.1495498763759525
2021-0031-COG,2021,Moderate,RF_T2,4,Moderate,0.04866012866084639,0.6000079790003321,0.35133189233882206
2021-0043-USA,2021,Low,RF_T2,4,Low,0.7564783967023141,0.2104335110664577,0.0330880922312277
2021-0052-CMR,2021,Moderate,RF_T2,4,Moderate,0.0,0.9226270528537864,0.07737294714621384
2021-0055-UKR,2021,Moderate,RF_T2,4,Moderate,0.14353993015459354,0.5927992393019831,0.26366083054342354
2021-0072-IND,2021,Severe,RF_T2,4,Moderate,0.10809232671970995,0.6210287884316014,0.270878884848689
2021-0075-ZAF,2021,Moderate,RF_T2,4,Low,0.6413023392212482,0.22972003363316196,0.12897762714559016
2021-0135-TUR,2021,Moderate,RF_T2,4,Moderate,0.034477926803994786,0.7203820329875672,0.2451400402084374
2021-0086-IDN,2021,Moderate,RF_T2,4,Moderate,0.14642719470187865,0.5674420348299164,0.2861307704682052
2021-0095-IRN,2021,Low,RF_T2,4,Low,0.8172097082268729,0.11957791524640263,0.06321237652672436
2021-0096-USA,2021,Severe,RF_T2,4,Low,0.5861891380087997,0.3842626503346063,0.029548211656593517
2021-0115-IND,2021,Moderate,RF_T2,4,Moderate,0.10343870595637256,0.6313447194240616,0.265216574619566
2021-0173-TLS,2021,Moderate,RF_T2,4,Low,0.521980113413268,0.29335373912311175,0.18466614746362037
2021-0178-USA,2021,Low,RF_T2,4,Low,0.784936902227032,0.15796695335828329,0.05709614441468485
2021-0193-USA,2021,Low,RF_T2,4,Low,0.7857602380172103,0.15946251569128583,0.05477724629150388
2021-0227-KEN,2021,Low,RF_T2,4,Low,0.5006836193293875,0.3060813005875054,0.19323508008310722
2021-0234-IND,2021,Moderate,RF_T2,4,Moderate,0.10655701304487754,0.6190470036414648,0.27439598331365794
2021-0246-BGD,2021,Moderate,RF_T2,4,Moderate,0.12278850503365403,0.5455958295647539,0.3316156654015923
2021-0267-IDN,2021,Moderate,RF_T2,4,Moderate,0.14521165925104013,0.5649701831470124,0.289818157601948
2021-0273-USA,2021,Low,RF_T2,4,Low,0.8072588745497253,0.15898092852844561,0.033760196921829015
2021-0284-COD,2021,Moderate,RF_T2,4,Moderate,0.13663799704200735,0.5291088359774899,0.3342531669805028
2021-0293-CHN,2021,Low,RF_T2,4,Low,0.6397119673661337,0.17133801588639513,0.1889500167474714
2021-0306-PER,2021,Moderate,RF_T2,4,Moderate,0.0,0.9975191073808395,0.002480892619160512
2021-0308-BTN,2021,Moderate,RF_T2,4,Low,0.3826675835574827,0.23833574954884776,0.37899666689366956
2021-0311-MMR,2021,Moderate,RF_T2,4,Severe,0.041266588410683695,0.4760420232304906,0.48269138835882636
2021-0312-PAK,2021,Moderate,RF_T2,4,Moderate,0.11992986872462814,0.5791188975395347,0.3009512337358366
2021-0313-IND,2021,Moderate,RF_T2,4,Moderate,0.10788060029155785,0.6191384278775101,0.2729809718309322
2021-0320-UKR,2021,Low,RF_T2,4,Low,0.8401209722799381,0.11562262295417583,0.0442564047658861
2021-0371-PHL,2021,Moderate,RF_T2,4,Severe,0.05832011614812992,0.4704823777999318,0.47119750605193916
2021-0325-MEX,2021,Low,RF_T2,4,Low,0.6812059591273357,0.20868518322890695,0.11010885764375748
2021-0334-AUS,2021,Low,RF_T2,4,Low,0.8375656465309932,0.13292907567789636,0.029505277791110323
2021-0349-ROU,2021,Low,RF_T2,4,Low,0.871994139705847,0.10071322951521042,0.027292630778942638
2021-0356-CAN,2021,Low,RF_T2,4,Low,0.9023982054912296,0.07991958796941002,0.017682206539360586
2021-0373-DOM,2021,Low,RF_T2,4,Low,0.7613071194791082,0.14992741737292925,0.08876546314796173
2021-0374-TUN,2021,Moderate,RF_T2,4,Moderate,0.046864293875387895,0.5594818801731508,0.3936538259514619
2021-0382-TCD,2021,Moderate,RF_T2,4,Low,0.6514838679252781,0.211989846312415,0.13652628576230744
2021-0402-DZA,2021,Moderate,RF_T2,4,Moderate,0.0,0.9912657623250215,0.008734237674978513
2021-0407-BOL,2021,Moderate,RF_T2,4,Moderate,0.0,0.993352388833158,0.006647611166842004
2021-0423-OMN,2021,Low,RF_T2,4,Low,0.8781817913119607,0.10550210528061134,0.016316103407428274
2021-0411-BEL,2021,Moderate,RF_T2,4,Low,0.9045714057888262,0.07928767643147534,0.01614091777969815
2021-0417-IDN,2021,Moderate,RF_T2,4,Moderate,0.055623280011993,0.605061224097215,0.3393154958907918
2021-0419-IND,2021,Moderate,RF_T2,4,Moderate,0.11937881521562406,0.5934288770797543,0.2871923077046215
2021-0429-PAK,2021,Moderate,RF_T2,4,Moderate,0.10702746601385138,0.49837038556152663,0.39460214842462193
2021-0430-IRN,2021,Moderate,RF_T2,4,Low,0.629621029041625,0.23590696951247672,0.13447200144589794
2021-0431-MLI,2021,Moderate,RF_T2,4,Moderate,0.04784907041265174,0.6158505410831622,0.3363003885041861
2021-0437-HRV,2021,Moderate,RF_T2,4,Moderate,0.0005402880866492383,0.9956240470528785,0.0038356648604723114
2021-0442-USA,2021,Low,RF_T2,4,Low,0.7812484808574192,0.16446160875448118,0.05428991038809944
2021-0445-PAN,2021,Low,RF_T2,4,Low,0.8789633025447735,0.09720186662740767,0.023834830827819127
2021-0448-LBY,2021,Moderate,RF_T2,4,Severe,0.05719673633253927,0.30740498860478094,0.6353982750626807
2021-0461-NER,2021,Moderate,RF_T2,4,Low,0.5283687695937687,0.2612539156677761,0.2103773147384553
2021-0500-IND,2021,Moderate,RF_T2,4,Moderate,0.11767479138051246,0.5891996922573152,0.2931255163621724
2021-0501-TUR,2021,Moderate,RF_T2,4,Low,0.8016251105008025,0.15963057883970444,0.038744310659492645
2021-0514-NGA,2021,Moderate,RF_T2,4,Moderate,0.0,0.8928620947248036,0.10713790527519644
2021-0517-BGD,2021,Moderate,RF_T2,4,Moderate,0.10562298340163757,0.5744542098655853,0.3199228067327775
2021-0518-GIN,2021,Low,RF_T2,4,Severe,0.18431943255267502,0.2597009556811718,0.5559796117661534
2021-0524-MYS,2021,Low,RF_T2,4,Low,0.8350547035684232,0.12503547023699815,0.03990982619457862
2021-0532-USA,2021,Low,RF_T2,4,Low,0.8064261212012717,0.16314836509593114,0.03042551370279719
2021-0536-NGA,2021,Severe,RF_T2,4,Severe,0.19894156003697613,0.26095360914429655,0.5401048308187276
2021-0552-MEX,2021,Low,RF_T2,4,Low,0.739201100590884,0.18524341199094072,0.07555548741817508
2021-0561-ESP,2021,Low,RF_T2,4,Low,0.8884475209995738,0.08847924039115661,0.023073238609269405
2021-0591-MYS,2021,Low,RF_T2,4,Low,0.8372901703832869,0.12573618677509732,0.036973642841615986
2021-0595-VNM,2021,Low,RF_T2,4,Low,0.6136766967219258,0.25756292958508975,0.12876037369298482
2021-0599-COD,2021,Severe,RF_T2,4,Severe,0.08971564149328044,0.19094801169604478,0.7193363468106753
2021-0602-MEX,2021,Low,RF_T2,4,Low,0.5134601519437116,0.15226636471893343,0.33427348333735535
2021-0617-NER,2021,Severe,RF_T2,4,Severe,0.23071300720982793,0.38325474849807384,0.38603224429209804
2021-0622-CHN,2021,Moderate,RF_T2,4,Moderate,0.04155784175490513,0.8077322601751205,0.15070989806997434
2021-0627-GRC,2021,Low,RF_T2,4,Low,0.770629640325645,0.09945507572706709,0.1299152839472878
2021-0630-IND,2021,Moderate,RF_T2,4,Moderate,0.2103819403098326,0.4907651862047886,0.2988528734853788
2021-0637-UGA,2021,Low,RF_T2,4,Low,0.5022566021980338,0.2740253655852301,0.22371803221673642
2021-0645-IRN,2021,Low,RF_T2,4,Low,0.6902055581818467,0.21581656541027666,0.09397787640787665
2021-0664-PHL,2021,Low,RF_T2,4,Low,0.6255389072228309,0.21873627505559715,0.15572481772157248
2021-0669-CHN,2021,Moderate,RF_T2,4,Low,0.45942258598316227,0.3326267735754156,0.20795064044142222
2021-0677-IND,2021,Moderate,RF_T2,4,Severe,0.09263726338569057,0.438053692861478,0.46930904375283117
2021-0678-ESP,2021,Moderate,RF_T2,4,Moderate,0.052777586758053475,0.7440181512558756,0.2032042619860707
2021-0684-EGY,2021,Moderate,RF_T2,4,Moderate,0.0,0.994308743230964,0.0056912567690360575
2021-0687-GBR,2021,Low,RF_T2,4,Low,0.9111486090237776,0.07381597337657186,0.01503541759965061
2021-0687-POL,2021,Low,RF_T2,4,Low,0.8862640674643069,0.07736660112862095,0.03636933140707245
2021-0712-PER,2021,Low,RF_T2,4,Low,0.6414379777986022,0.22646957148006525,0.13209245072133316
2021-0713-PAK,2021,Moderate,RF_T2,4,Moderate,0.0,0.9420240270174051,0.057975972982594916
2021-0719-IDN,2021,Low,RF_T2,4,Low,0.5844683231606048,0.2370877509476003,0.1784439258917954
2021-0720-IDN,2021,Low,RF_T2,4,Low,0.7457488329210881,0.15762453942305282,0.09662662765585961
2021-0722-LKA,2021,Moderate,RF_T2,4,Low,0.6945735853552569,0.16060043231257018,0.14482598233217195
2021-0726-IND,2021,Moderate,RF_T2,4,Moderate,0.1575737515910277,0.6071001903254216,0.23532605808355025
2021-0731-NER,2021,Moderate,RF_T2,4,Moderate,0.07915746699638808,0.6797635284597788,0.2410790045438331
2021-0733-USA,2021,Low,RF_T2,4,Low,0.7856608389336188,0.1632075516272638,0.05113160943911746
2021-0747-BOL,2021,Low,RF_T2,4,Low,0.6395527678744091,0.22184664370376686,0.13860058842182518
2021-0777-IND,2021,Low,RF_T2,4,Moderate,0.22621624272665417,0.4906884446709792,0.2830953126023664
2021-0780-NGA,2021,Moderate,RF_T2,4,Moderate,0.04065930381826685,0.679210547111063,0.28013014907066996
2021-0790-BRA,2021,Moderate,RF_T2,4,Low,0.7045814686523033,0.2041460858023505,0.09127244554534673
2021-0799-MEX,2021,Moderate,RF_T2,4,Moderate,0.0,0.9963918676479129,0.003608132352087101
2021-0809-MWI,2021,Moderate,RF_T2,4,Low,0.5144181023233627,0.25164267668592066,0.23393922099071637
2021-0822-MDG,2021,Moderate,RF_T2,4,Moderate,0.05013841790466412,0.6414648370915459,0.3083967450037903
2021-0832-USA,2021,Low,RF_T2,4,Low,0.7843087655697225,0.17108792824091262,0.044603306189364395
2021-0841-IRN,2021,Moderate,RF_T2,4,Moderate,0.0,0.9975131409050303,0.002486859094969862
2021-0845-STP,2021,Low,RF_T2,4,Low,0.7248033847607661,0.18080955421481062,0.09438706102442303
2021-0849-IRQ,2021,Moderate,RF_T2,4,Moderate,0.17952722073518987,0.5380137416086875,0.2824590376561226
2020-0134-IDN,2020,Low,RF_T2,4,Low,0.6087499260055071,0.21672200702183803,0.174528066972655
2020-0132-SLB,2020,Moderate,RF_T2,4,Low,0.49348578849906005,0.25864210476914307,0.24787210673179705
2020-0131-TLS,2020,Low,RF_T2,4,Low,0.6438712791601034,0.20867728099826685,0.14745143984163048
2020-0119-CHN,2020,Moderate,RF_T2,4,Low,0.582753550111087,0.2539314970956506,0.16331495279326222
2020-0118-IRN,2020,Moderate,RF_T2,4,Low,0.5987893171299808,0.25167135158098075,0.14953933128903762
2020-0108-YEM,2020,Low,RF_T2,4,Low,0.5402126681506647,0.23784427506605543,0.22194305678328025
2020-0157-UZB,2020,Low,RF_T2,4,Low,0.6452092546978743,0.1835466309665563,0.1712441143355693
2020-0164-KEN,2020,Severe,RF_T2,4,Low,0.3636094814374703,0.3276802780696558,0.3087102404928739
2020-0101-NGA,2020,Moderate,RF_T2,4,Moderate,0.08442886520821122,0.6198474272278877,0.2957237075639012
2020-0097-SYR,2020,Moderate,RF_T2,4,Moderate,0.00788918411268817,0.9588535701607893,0.03325724572652252
2020-0096-GHA,2020,Moderate,RF_T2,4,Moderate,0.0,0.9510710308547681,0.048928969145232044
2020-0086-IDN,2020,Low,RF_T2,4,Low,0.6104268324060257,0.2150048370879856,0.17456833050598886
2020-0082-USA,2020,Moderate,RF_T2,4,Low,0.8001639319141103,0.155698201457208,0.044137866628681896
2020-0175-COD,2020,Moderate,RF_T2,4,Low,0.43836861069475896,0.31993986290376725,0.2416915264014735
2020-0185-IDN,2020,Low,RF_T2,4,Low,0.6417947091802352,0.21244713767259146,0.1457581531471738
2020-0081-PAK,2020,Moderate,RF_T2,4,Moderate,0.12516747915618387,0.5766149197469235,0.29821760109689227
2020-0188-RWA,2020,Moderate,RF_T2,4,Low,0.6480245487083068,0.21847785173094633,0.1334975995607473
2020-0065-SLV,2020,Moderate,RF_T2,4,Moderate,0.0,0.997040903186865,0.0029590968131350337
2020-0058-BOL,2020,Low,RF_T2,4,Low,0.6502691322583496,0.21883225842673065,0.13089860931492023
2020-0053-AUS,2020,Low,RF_T2,4,Low,0.828780428246093,0.14428788293281147,0.026931688821095028
2020-0206-IND,2020,Low,RF_T2,4,Moderate,0.1353441643708027,0.5166439759481075,0.3480118596810899
2020-0213-UGA,2020,Moderate,RF_T2,4,Low,0.43226441914341873,0.3147184071462124,0.2530171737103694
2020-0218-HND,2020,Low,RF_T2,4,Low,0.6344050487563567,0.17780933140089605,0.1877856198427479
2020-0051-GBR,2020,Low,RF_T2,4,Low,0.9113521806315075,0.07345362882691381,0.015194190541578948
2020-0219-USA,2020,Low,RF_T2,4,Low,0.821435705116005,0.1515420415947448,0.027022253289250286
2020-0051-CHE,2020,Low,RF_T2,4,Low,0.9186738022003601,0.06803393030938003,0.013292267490259633
2020-0222-ETH,2020,Moderate,RF_T2,4,Moderate,0.13103607349701765,0.5421454421547222,0.3268184843482604
2020-0042-KEN,2020,Moderate,RF_T2,4,Moderate,0.12296094876833821,0.5744073030395208,0.3026317481921407
2020-0234-MOZ,2020,Moderate,RF_T2,4,Moderate,0.042280656061550285,0.5680161207302162,0.3897032232082338
2020-0041-RWA,2020,Moderate,RF_T2,4,Low,0.6489747280509893,0.2201686331262663,0.1308566388227449
2020-0039-NGA,2020,Moderate,RF_T2,4,Severe,0.08159088711218361,0.22258305217670957,0.6958260607111069
2020-0240-ETH,2020,Moderate,RF_T2,4,Moderate,0.13103607349701765,0.5421454421547222,0.3268184843482604
2020-0036-IDN,2020,Low,RF_T2,4,Low,0.6484893122262336,0.21378897267778696,0.13772171509597964
2020-0028-DZA,2020,Moderate,RF_T2,4,Moderate,0.0,0.9912657623250215,0.008734237674978513
2020-0027-ETH,2020,Moderate,RF_T2,4,Moderate,0.10672996503616303,0.5812142086082194,0.3120558263556176
2020-0025-COD,2020,Moderate,RF_T2,4,Moderate,0.054524324571520365,0.6498507975342597,0.29562487789422043
2020-0250-IDN,2020,Low,RF_T2,4,Low,0.6125132917208221,0.21862623822569233,0.16886047005348587
2020-0257-NGA,2020,Low,RF_T2,4,Low,0.35789192740386966,0.29954580302883976,0.34256226956729074
2020-0259-CIV,2020,Moderate,RF_T2,4,Low,0.6557860257881258,0.21742408875003358,0.1267898854618409
2020-0011-USA,2020,Moderate,RF_T2,4,Low,0.7636903190534527,0.20663702885506174,0.029672652091485084
2021-0291-GNB,2021,Moderate,RF_T2,4,Moderate,0.0,0.8969847114667212,0.1030152885332788
2021-0755-PER,2021,Moderate,RF_T2,4,Moderate,0.0,0.9975131409050303,0.002486859094969862
2020-0444-BGD,2020,Moderate,RF_T2,4,Moderate,0.23949919934599206,0.5171373673448122,0.24336343330919566
2021-0120-BFA,2021,Moderate,RF_T2,4,Moderate,0.0936942714379623,0.6368008829201042,0.2695048456419339
2021-0179-BGD,2021,Severe,RF_T2,4,Moderate,0.2715599098737317,0.47514174013167126,0.25329834999459766
2021-0104-IDN,2021,Low,RF_T2,4,Low,0.6426116768804739,0.21737439436820938,0.140013928751317
2021-0294-RUS,2021,Moderate,RF_T2,4,Moderate,0.13135047438608907,0.6237842572329061,0.2448652683810052
2021-0174-BGD,2021,Moderate,RF_T2,4,Moderate,0.12506580747609672,0.5407402579094346,0.3341939346144689
2020-0067-HTI,2020,Moderate,RF_T2,4,Moderate,0.16392940669003073,0.5161217389825035,0.3199488543274656
2020-0176-NGA,2020,Moderate,RF_T2,4,Moderate,0.20237895918884707,0.5638398773336379,0.2337811634775151
2020-0178-LBR,2020,Moderate,RF_T2,4,Moderate,0.10049869940108033,0.6146088795092453,0.28489242108967494
2020-0181-COD,2020,Moderate,RF_T2,4,Moderate,0.05245536176364382,0.653972458936554,0.2935721792998026
2020-0035-PER,2020,Moderate,RF_T2,4,Moderate,0.0,0.9975191073808395,0.002480892619160512
2020-0003-SDN,2020,Moderate,RF_T2,4,Moderate,0.04457674884674805,0.5344784613983398,0.4209447897549121
2020-0007-PRI,2020,Low,RF_T2,4,Low,0.6488462667358653,0.16493325553481078,0.1862204777293247
2020-0013-GRC,2020,Moderate,RF_T2,4,Moderate,0.05291755060668233,0.6713510134066557,0.2757314359866619
2020-0015-FJI,2020,Low,RF_T2,4,Low,0.7692340788722931,0.1426561307492141,0.08810979037849274
2020-0016-MDG,2020,Moderate,RF_T2,4,Low,0.3857327733425245,0.3207151332786927,0.29355209337878285
2020-0029-GHA,2020,Moderate,RF_T2,4,Moderate,0.0,0.9510710308547681,0.048928969145232044
2020-0189-IND,2020,Moderate,RF_T2,4,Moderate,0.12249117718720083,0.6032538316169906,0.2742549911958089
2021-0358-USA,2021,Moderate,RF_T2,4,Moderate,0.25524225412600193,0.6256498606761649,0.11910788519783233
2020-0037-TZA,2020,Moderate,RF_T2,4,Low,0.5183783188800886,0.2893827297358778,0.19223895138403366
2020-0038-IND,2020,Moderate,RF_T2,4,Moderate,0.0,0.9957603099636069,0.0042396900363931515
2020-0040-TZA,2020,Moderate,RF_T2,4,Moderate,0.12173773659079115,0.569612674411836,0.30864958899737277
2020-0046-MWI,2020,Low,RF_T2,4,Low,0.5900360932230431,0.22917263469039056,0.1807912720865665
2020-0063-AFG,2020,Moderate,RF_T2,4,Moderate,0.11793333372312748,0.556340583254306,0.32572608302256606
2020-0070-PER,2020,Moderate,RF_T2,4,Moderate,0.13337262886773316,0.5606163087177016,0.3060110624145656
2020-0077-BRA,2020,Low,RF_T2,4,Low,0.7301970150176222,0.19514155184737544,0.07466143313500266
2020-0080-PRY,2020,Moderate,RF_T2,4,Severe,0.25605893822365583,0.20604287751528405,0.5378981842610596
2020-0092-ARG,2020,Low,RF_T2,4,Low,0.8621305351697576,0.10658092181884375,0.03128854301139876
2020-0094-PER,2020,Moderate,RF_T2,4,Low,0.7323448942409363,0.18796989593447658,0.07968520982458743
2020-0095-PAK,2020,Moderate,RF_T2,4,Moderate,0.14392558629218527,0.5632852432437285,0.29278917046408676
2020-0098-RWA,2020,Low,RF_T2,4,Low,0.6310397717668115,0.2183513310739143,0.15060889715927467
2020-0100-CHN,2020,Moderate,RF_T2,4,Moderate,0.041627477985071916,0.8553948626291743,0.10297765938575373
2020-0102-EGY,2020,Moderate,RF_T2,4,Low,0.6139411049421958,0.23397225356121426,0.15208664149658985
2020-0260-CHN,2020,Low,RF_T2,4,Moderate,0.048896080944328506,0.8075820661242772,0.1435218529313943
2020-0106-HRV,2020,Low,RF_T2,4,Low,0.7611315271393356,0.11030669725017656,0.12856177561048765
2020-0133-PAK,2020,Moderate,RF_T2,4,Moderate,0.1324957558579216,0.5746576564521053,0.29284658768997324
2020-0148-USA,2020,Moderate,RF_T2,4,Low,0.8102063832023711,0.14676146451169675,0.04303215228593226
2020-0149-COD,2020,Moderate,RF_T2,4,Moderate,0.05245536176364382,0.653972458936554,0.2935721792998026
2020-0150-DJI,2020,Low,RF_T2,4,Low,0.6903743386378192,0.18191631300958655,0.12770934835259495
2020-0419-COD,2020,Moderate,RF_T2,4,Low,0.3913110742707484,0.29478040021550733,0.3139085255137441
2020-0171-RWA,2020,Low,RF_T2,4,Low,0.6498370013281531,0.22164875690833735,0.12851424176351003
2020-0183-GTM,2020,Low,RF_T2,4,Low,0.6157592820490382,0.2260309605306211,0.15820975742034193
2020-0233-COD,2020,Moderate,RF_T2,4,Moderate,0.05064012783338507,0.657831250344648,0.29152862182196737
2020-0241-CHN,2020,Moderate,RF_T2,4,Low,0.6512573034687745,0.22990706045634898,0.1188356360748772
2020-0245-IDN,2020,Low,RF_T2,4,Low,0.6099840903646531,0.21490780823975567,0.17510810139559158
2020-0249-PAK,2020,Low,RF_T2,4,Severe,0.07811018818389479,0.4379493614322052,0.4839404503838998
2020-0251-TUR,2020,Low,RF_T2,4,Low,0.8066404176345469,0.13219166963095372,0.06116791273449911
2020-0255-CHN,2020,Moderate,RF_T2,4,Moderate,0.04233469285410113,0.789718161014787,0.16794714613111184
2020-0270-BRA,2020,Moderate,RF_T2,4,Low,0.8002867395017639,0.15888596178982015,0.040827298708416185
2020-0276-CHN,2020,Moderate,RF_T2,4,Low,0.38644482192325813,0.2942998107902656,0.31925536728647597
2020-0286-ROU,2020,Low,RF_T2,4,Low,0.8741366782309529,0.09961937405855345,0.026243947710493782
2020-0308-KOR,2020,Moderate,RF_T2,4,Low,0.8057067879518834,0.14223024075304536,0.052062971295071
2020-0308-TWN,2020,Low,RF_T2,4,Low,0.5823241842371787,0.17382679277364108,0.24384902298918035
2020-0411-THA,2020,Low,RF_T2,4,Low,0.7705013657544587,0.18419126083943327,0.04530737340610797
2020-0320-SOM,2020,Low,RF_T2,4,Low,0.5791884316221246,0.23934363625364355,0.1814679321242325
2020-0328-VNM,2020,Low,RF_T2,4,Low,0.5898875164770977,0.27516539145574426,0.13494709206715882
2020-0338-MAR,2020,Moderate,RF_T2,4,Moderate,0.0,0.9855508515851628,0.014449148414837281
2020-0346-COL,2020,Moderate,RF_T2,4,Moderate,0.13570101357485326,0.572708020743641,0.29159096568150616
2020-0357-PAK,2020,Severe,RF_T2,4,Severe,0.07863336516688377,0.44939299726101306,0.47197363757210276
2020-0391-NGA,2020,Moderate,RF_T2,4,Moderate,0.0,0.8887951680409443,0.1112048319590558
2020-0399-BFA,2020,Moderate,RF_T2,4,Low,0.6240000411239788,0.2258651539818751,0.15013480489414657
2020-0515-LBY,2020,Moderate,RF_T2,4,Severe,0.050177750879612355,0.345727086695346,0.6040951624250425
2020-0425-CHN,2020,Low,RF_T2,4,Low,0.6914211016354632,0.23318939201898367,0.0753895063455541
2020-0425-VNM,2020,Low,RF_T2,4,Low,0.6325817109443495,0.23898604120658343,0.12843224784906698
2020-0426-TGO,2020,Moderate,RF_T2,4,Low,0.6946181752253426,0.19243742177109457,0.11294440300356287
2020-0429-IDN,2020,Moderate,RF_T2,4,Moderate,0.13742088873756492,0.5600548594030137,0.3025242518594219
2020-0430-CHN,2020,Moderate,RF_T2,4,Moderate,0.07359110094163909,0.7987533241205312,0.12765557493782984
2020-0431-UKR,2020,Moderate,RF_T2,4,Moderate,0.04007254214266252,0.6284783935135867,0.331449064343751
2020-0433-MYT,2020,Moderate,RF_T2,4,Moderate,0.05521945889110318,0.6679345352220571,0.27684600588683994
2020-0440-TUN,2020,Low,RF_T2,4,Low,0.7287858885675919,0.19136388602607177,0.07985022540633628
2020-0441-USA,2020,Moderate,RF_T2,4,Low,0.8009296629870505,0.15559387079855666,0.04347646621439273
2020-0452-PHL,2020,Low,RF_T2,4,Low,0.6110983625746187,0.2666706836461708,0.12223095377921038
2020-0454-SVK,2020,Low,RF_T2,4,Low,0.9001769170618129,0.08348965478223899,0.01633342815594811
2020-0459-FRA,2020,Low,RF_T2,4,Low,0.8159559574927183,0.15315464633573012,0.030889396171551405
2020-0463-PHL,2020,Moderate,RF_T2,4,Low,0.4126809860931288,0.2525380628101851,0.3347809510966866
2020-0464-SLV,2020,Moderate,RF_T2,4,Moderate,0.14170840064467555,0.5432980956465574,0.3149935037087669
2020-0496-CHN,2020,Moderate,RF_T2,4,Low,0.3943900873871921,0.34423205537837515,0.26137785723443235
2020-0498-VEN,2020,Low,RF_T2,4,Low,0.6805102532905822,0.20192016160653037,0.11756958510288834
2021-0401-TUR,2021,Moderate,RF_T2,4,Moderate,0.004563033622798393,0.9932387037874818,0.0021982625897198843
2020-0474-GTM,2020,Severe,RF_T2,4,Low,0.5517690244745096,0.19168960651737663,0.2565413690081138
2020-0474-HND,2020,Severe,RF_T2,4,Low,0.6192681361572474,0.17945642881223686,0.2012754350305162
2020-0478-VCT,2020,Low,RF_T2,4,Low,0.5735490695441015,0.23391459941482437,0.19253633104107376
2020-0486-IDN,2020,Moderate,RF_T2,4,Low,0.6251248668555734,0.22307348010201627,0.151801653042411
2020-0487-SOM,2020,Low,RF_T2,4,Low,0.5604248494246742,0.1968844740142418,0.24269067656108445
2020-0495-SLV,2020,Low,RF_T2,4,Low,0.6327008271365832,0.1832814935501689,0.18401767931324867
2021-0113-IND,2021,Moderate,RF_T2,4,Moderate,0.0,0.9945146311584383,0.005485368841561804
2020-0506-MEX,2020,Moderate,RF_T2,4,Low,0.6392542910087766,0.2289760847988522,0.13176962419237206
2020-0533-ITA,2020,Low,RF_T2,4,Low,0.8206443792105561,0.14877934816519955,0.030576272624243804
2020-0534-CHN,2020,Moderate,RF_T2,4,Moderate,0.04275714279170098,0.826819327883102,0.13042352932519707
2020-0553-RUS,2020,Moderate,RF_T2,4,Moderate,0.11903777534857472,0.6376668087011926,0.24329541595023266
2020-0566-TUR,2020,Moderate,RF_T2,4,Moderate,0.1229118216729244,0.6515406967845966,0.22554748154247883
2020-0570-DZA,2020,Moderate,RF_T2,4,Moderate,0.0,0.988002400737633,0.011997599262366952
2020-0571-PNG,2020,Moderate,RF_T2,4,Moderate,0.12978051024106427,0.5566763216480344,0.31354316811090127
2020-0573-RUS,2020,Moderate,RF_T2,4,Moderate,0.04088494510981447,0.7230148424176258,0.2361002124725593
2020-0577-UGA,2020,Moderate,RF_T2,4,Moderate,0.06090856236582317,0.6333012977477854,0.3057901398863917
2020-0596-YEM,2020,Severe,RF_T2,4,Low,0.5374714736960278,0.2466968169947453,0.21583170930922743
2020-0597-TUR,2020,Moderate,RF_T2,4,Low,0.8003834970673107,0.16075799473937075,0.03885850819331813
2021-0023-IDN,2021,Low,RF_T2,4,Low,0.6376438271217088,0.22234903366837153,0.14000713920991995
2021-0027-BOL,2021,Moderate,RF_T2,4,Low,0.6450468852804228,0.22087130085837592,0.13408181386120177
2021-0029-IND,2021,Moderate,RF_T2,4,Moderate,0.0,0.9945146311584383,0.005485368841561804
2021-0030-ECU,2021,Moderate,RF_T2,4,Moderate,0.0,0.997040903186865,0.0029590968131350337
2021-0036-ZAF,2021,Low,RF_T2,4,Low,0.6687373665028574,0.2153635372349718,0.11589909626217117
2021-0037-USA,2021,Low,RF_T2,4,Low,0.7470302748910239,0.2029581385184424,0.05001158659053308
2021-0039-SYR,2021,Low,RF_T2,4,Low,0.6677619154339481,0.1927271851507469,0.13951089941530562
2021-0050-COL,2021,Moderate,RF_T2,4,Moderate,0.04880112540854463,0.6689808199080458,0.2822180546834092
2021-0059-USA,2021,Low,RF_T2,4,Low,0.5405212238717446,0.42839959971993874,0.031079176408316523
2021-0062-IDN,2021,Low,RF_T2,4,Low,0.6431854757627518,0.2171928891384199,0.13962163509882883
2021-0079-PHL,2021,Low,RF_T2,4,Low,0.6627890277045054,0.22363611736861977,0.11357485492687484
2021-0109-BOL,2021,Low,RF_T2,4,Low,0.6469330191794493,0.22042864663586176,0.13263833418468934
2021-0111-EGY,2021,Moderate,RF_T2,4,Moderate,0.04844605564340923,0.5792886705291378,0.3722652738274535
2021-0122-MEX,2021,Moderate,RF_T2,4,Low,0.6256153888568622,0.26852863211291794,0.10585597903022013
2021-0129-ARG,2021,Moderate,RF_T2,4,Low,0.8212105495330381,0.13000307148517223,0.04878637898178953
2021-0131-TUN,2021,Moderate,RF_T2,4,Moderate,0.04489073230257713,0.5521156569984366,0.40299361069898715
2021-0132-DZA,2021,Moderate,RF_T2,4,Low,0.6440915828312314,0.23120918656491773,0.12469923060385087
2021-0136-SSD,2021,Moderate,RF_T2,4,Moderate,0.059200155673265795,0.5174554879469472,0.4233443563797875
2021-0158-MNG,2021,Moderate,RF_T2,4,Low,0.7453278093020874,0.16819964498466072,0.08647254571325153
2021-0173-AUS,2021,Low,RF_T2,4,Low,0.8454702008214796,0.13060676474290153,0.023923034435618745
2021-0173-IDN,2021,Severe,RF_T2,4,Low,0.6998264734524035,0.20908747596994953,0.09108605057764725
2021-0184-HTI,2021,Low,RF_T2,4,Low,0.5518733808314333,0.26666760162167785,0.18145901754688906
2021-0202-BRA,2021,Low,RF_T2,4,Low,0.6990201573525909,0.2025100746585774,0.09846976798883202
2021-0205-PAK,2021,Low,RF_T2,4,Moderate,0.13102481422658305,0.581801623784486,0.28717356198893124
2021-0217-VNM,2021,Low,RF_T2,4,Low,0.5964344325542058,0.26692604741804493,0.13663952002774984
2021-0223-EGY,2021,Moderate,RF_T2,4,Moderate,0.14194539081635735,0.5668207961296325,0.2912338130540109
2021-0596-PAK,2021,Moderate,RF_T2,4,Severe,0.07701435528792194,0.4532138034757954,0.4697718412362823
2021-0236-PHL,2021,Low,RF_T2,4,Low,0.6608387451246733,0.2039969718177004,0.13516428305762632
2021-0243-GIN,2021,Moderate,RF_T2,4,Moderate,0.09755435597466615,0.6335668726633249,0.2688787713620092
2021-0247-IND,2021,Moderate,RF_T2,4,Moderate,0.14541581574899687,0.6063264550582534,0.2482577291927496
2021-0248-CHN,2021,Moderate,RF_T2,4,Low,0.6530191463721055,0.2346150805454273,0.11236577308246808
2021-0252-IND,2021,Severe,RF_T2,4,Moderate,0.12586583563646028,0.4727166337952802,0.40141753056825974
2021-0272-TJK,2021,Low,RF_T2,4,Low,0.6476496060788245,0.20583370801787904,0.14651668590329733
2021-0800-HTI,2021,Moderate,RF_T2,4,Moderate,0.0,0.9323277389834655,0.06767226101653431
2021-0295-IND,2021,Moderate,RF_T2,4,Moderate,0.16784629752696859,0.48075351419993445,0.3514001882730972
2021-0297-USA,2021,Moderate,RF_T2,4,Moderate,0.0830769945953495,0.7494412332960165,0.16748177210863316
2021-0305-USA,2021,Moderate,RF_T2,4,Low,0.7984740679497919,0.1670405658543982,0.034485366195809886
2021-0317-NZL,2021,Low,RF_T2,4,Low,0.8990364058041477,0.06665203987141585,0.03431155432443623
2021-0318-FRA,2021,Low,RF_T2,4,Low,0.8286762555944371,0.14260854787856903,0.028715196526993288
2021-0327-VNM,2021,Low,RF_T2,4,Low,0.6752317957806362,0.21472543099996275,0.11004277321940126
2021-0332-BRA,2021,Low,RF_T2,4,Low,0.7018629418807281,0.20122644696840622,0.09691061115086608
2021-0343-ETH,2021,Moderate,RF_T2,4,Low,0.4702240980142111,0.24619360349362457,0.28358229849216404
2021-0359-MEX,2021,Low,RF_T2,4,Low,0.7455974875971221,0.18134765754247706,0.07305485486040057
2021-0372-JPN,2021,Moderate,RF_T2,4,Moderate,0.21015826284274805,0.6279322422069,0.16190949495035165
2021-0373-USA,2021,Low,RF_T2,4,Low,0.8280149779393997,0.14793169402697523,0.02405332803362492
2021-0383-THA,2021,Low,RF_T2,4,Moderate,0.13089827102201718,0.6088431431288405,0.26025858584914285
2021-0397-RUS,2021,Low,RF_T2,4,Low,0.7473765962053275,0.14898210702765957,0.10364129676701275
2021-0412-PAK,2021,Moderate,RF_T2,4,Moderate,0.0,0.9463384893608359,0.05366151063916404
2021-0418-CIV,2021,Moderate,RF_T2,4,Moderate,0.0,0.8951543593453473,0.1048456406546529
2021-0422-PAK,2021,Moderate,RF_T2,4,Moderate,0.0,0.9463384893608359,0.05366151063916404
2021-0433-USA,2021,Low,RF_T2,4,Low,0.794767851823704,0.15843410964996152,0.04679803852633428
2021-0435-IND,2021,Severe,RF_T2,4,Severe,0.0830575704030556,0.44569906807808257,0.47124336151886137
2021-0439-GRC,2021,Moderate,RF_T2,4,Moderate,0.05512470695735433,0.6847605575824177,0.26011473546022773
2021-0449-YEM,2021,Moderate,RF_T2,4,Low,0.5354408719489299,0.24560329500589212,0.21895583304517835
2021-0511-HTI,2021,Severe,RF_T2,4,Severe,0.3868477540180571,0.22447415380954458,0.3886780921723988
2021-0452-IND,2021,Moderate,RF_T2,4,Moderate,0.0,0.9945146311584383,0.005485368841561804
2021-0453-AFG,2021,Severe,RF_T2,4,Moderate,0.18749217988414768,0.4916402722396307,0.3208675478762214
2021-0477-CMR,2021,Moderate,RF_T2,4,Moderate,0.0,0.9068857201822681,0.09311427981773221
2021-0481-SSD,2021,Low,RF_T2,4,Low,0.6525363058160757,0.21747721797671218,0.1299864762072126
2021-0487-USA,2021,Low,RF_T2,4,Low,0.8092659918139798,0.16009908945389584,0.030634918732124157
2021-0488-USA,2021,Low,RF_T2,4,Low,0.7894393602632385,0.15600532364629965,0.054555316090461964
2021-0498-CHN,2021,Low,RF_T2,4,Low,0.6499719593621868,0.2408833017680127,0.10914473886980075
2021-0506-MKD,2021,Low,RF_T2,4,Low,0.8455303796505008,0.11125211335830476,0.043217506991193956
2021-0528-MEX,2021,Moderate,RF_T2,4,Low,0.6077618365877376,0.22113668440505052,0.1711014790072121
2021-0530-IDN,2021,Low,RF_T2,4,Low,0.6192491707934081,0.23011627481250743,0.1506345543940851
2021-0542-RUS,2021,Low,RF_T2,4,Moderate,0.12553666834294303,0.6189047208008379,0.2555586108562196
2021-0551-USA,2021,Moderate,RF_T2,4,Low,0.6149670160331762,0.27514295723167753,0.10989002673514597
2021-0554-PER,2021,Moderate,RF_T2,4,Moderate,0.0,0.9954300164880813,0.00456998351191882
2021-0562-USA,2021,Low,RF_T2,4,Low,0.7894393602632385,0.15600532364629965,0.054555316090461964
2021-0580-COD,2021,Moderate,RF_T2,4,Moderate,0.1311762779092708,0.5711021605899962,0.29772156150073303
2021-0581-EGY,2021,Moderate,RF_T2,4,Moderate,0.0,0.994308743230964,0.0056912567690360575
2021-0589-NGA,2021,Low,RF_T2,4,Severe,0.3419117972410998,0.28831812789710964,0.36977007486179053
2021-0738-IRN,2021,Low,RF_T2,4,Low,0.6550876798603705,0.13630255182788914,0.2086097683117399
2021-0742-COD,2021,Moderate,RF_T2,4,Moderate,0.045418804922534514,0.6746041508856191,0.2799770441918464
2021-0600-MEX,2021,Moderate,RF_T2,4,Low,0.6286076283944451,0.23220393178840595,0.13918843981714946
2021-0612-THA,2021,Moderate,RF_T2,4,Low,0.7541231010135131,0.19938466392393905,0.04649223506254786
2021-0655-CHN,2021,Low,RF_T2,4,Low,0.6625857634418841,0.24951456191911733,0.08789967463899921
2021-0664-HKG,2021,Low,RF_T2,4,Low,0.8752541806902279,0.09004023606812668,0.034705583241645965
2021-0665-RUS,2021,Moderate,RF_T2,4,Moderate,0.03492137030942506,0.7412252555966771,0.22385337409389805
2021-0670-HKG,2021,Low,RF_T2,4,Low,0.8752541806902279,0.09004023606812668,0.034705583241645965
2021-0753-BGR,2021,Moderate,RF_T2,4,Moderate,3.421892885113558e-05,0.9884756133863941,0.01149016768475462
2021-0681-NPL,2021,Severe,RF_T2,4,Severe,0.09304012245745674,0.31335575149239925,0.5936041260501437
2021-0687-DEU,2021,Low,RF_T2,4,Low,0.9070268923684688,0.07388800496597507,0.019085102665555784
2021-0701-BEN,2021,Moderate,RF_T2,4,Low,0.6568065348230087,0.20702352291971915,0.13616994225727277
2021-0818-IRQ,2021,Moderate,RF_T2,4,Low,0.6854149385270171,0.19768712068377448,0.11689794078920913
2021-0737-EGY,2021,Low,RF_T2,4,Low,0.6360032227117514,0.23704067273849677,0.12695610454975223
2021-0756-FRA,2021,Low,RF_T2,4,Low,0.8345029865157205,0.1401199641596863,0.02537704932459272
2021-0759-MEX,2021,Moderate,RF_T2,4,Moderate,0.0,0.9963918676479129,0.003608132352087101
2021-0763-VNM,2021,Moderate,RF_T2,4,Low,0.6019023367665337,0.2761204048363974,0.12197725839706998
2021-0781-KEN,2021,Moderate,RF_T2,4,Moderate,0.0,0.9523087562037155,0.04769124379628471
2021-0782-CMR,2021,Moderate,RF_T2,4,Moderate,0.054129747459769936,0.6474566425095243,0.2984136100307059
2021-0783-BDI,2021,Moderate,RF_T2,4,Moderate,0.17318508244266795,0.5873205786631028,0.23949433889422925
2021-0788-IDN,2021,Low,RF_T2,4,Low,0.5985201593270628,0.2321436685551857,0.16933617211775226
2021-0839-GRC,2021,Moderate,RF_T2,4,Moderate,0.050334290207661496,0.7246049927621407,0.22506071703019712
2021-0842-LBY,2021,Moderate,RF_T2,4,Severe,0.051441552765054695,0.32972045132773825,0.6188379959072079
2021-0846-PAK,2021,Severe,RF_T2,4,Severe,0.07171837713550795,0.4414863791885638,0.4867952436759281
2021-0850-ISR,2021,Moderate,RF_T2,4,Moderate,0.26621796982418017,0.570321626574984,0.16346040360083564
2020-0451-TUR,2020,Moderate,RF_T2,4,Moderate,0.12472355264323295,0.6336815506543294,0.24159489670243792
2021-0296-NGA,2021,Severe,RF_T2,4,Moderate,0.045515170756564624,0.6818717505495071,0.27261307869392837
2020-0457-PAK,2020,Moderate,RF_T2,4,Moderate,0.11481329766898384,0.5781091037728776,0.3070775985581382
2021-0730-NER,2021,Moderate,RF_T2,4,Moderate,0.1692628909459621,0.5860183854728509,0.2447187235811868
2020-0079-BRA,2020,Moderate,RF_T2,4,Moderate,0.0469743357691473,0.6728213006813069,0.28020436354954553
2021-0553-PER,2021,Moderate,RF_T2,4,Moderate,0.04780436815442793,0.6789048350813991,0.2732907967641727
2021-0555-BGD,2021,Moderate,RF_T2,4,Moderate,0.10562298340163757,0.5744542098655853,0.3199228067327775
2020-0083-BRA,2020,Moderate,RF_T2,4,Low,0.7263320143330164,0.1969463797665699,0.07672160590041413
2020-0488-COL,2020,Moderate,RF_T2,4,Moderate,0.1367446272183462,0.5702603205577425,0.29299505222391187
2020-0005-TUR,2020,Low,RF_T2,4,Low,0.7969880418766028,0.17030043564433628,0.03271152247906097
2020-0008-PHL,2020,Low,RF_T2,4,Moderate,0.2822142277498052,0.40535739329919174,0.3124283789510032
2020-0010-PAK,2020,Severe,RF_T2,4,Moderate,0.17796298915334263,0.6089922348917288,0.21304477595492916
2020-0017-IRN,2020,Low,RF_T2,4,Low,0.5964310242708295,0.2551359717612259,0.1484330039679439
2020-0018-IDN,2020,Moderate,RF_T2,4,Low,0.6227921351362994,0.2127885666969889,0.16441929816671183
2020-0221-OMN,2020,Low,RF_T2,4,Low,0.7188281971570035,0.11251385932741038,0.16865794351558686
2020-0020-ESP,2020,Moderate,RF_T2,4,Low,0.8866563353576125,0.08630466485514043,0.027038999787247504
2020-0022-BRA,2020,Moderate,RF_T2,4,Low,0.7019074069547269,0.14231112190218753,0.15578147114308524
2020-0047-PNG,2020,Low,RF_T2,4,Low,0.6271181044955986,0.21344384435385216,0.15943805115055013
2020-0048-TUR,2020,Low,RF_T2,4,Moderate,0.03533846384585657,0.7294152694044157,0.23524626674972707
2020-0120-CHN,2020,Low,RF_T2,4,Moderate,0.06267622458364097,0.8022072893600661,0.13511648605629312
2020-0050-ZAF,2020,Low,RF_T2,4,Low,0.6377508690332544,0.23093826154459365,0.1313108694221521
2020-0051-CZE,2020,Low,RF_T2,4,Low,0.9098165845442073,0.07665384133739415,0.013529574118398677
2020-0051-POL,2020,Low,RF_T2,4,Low,0.9100582270616562,0.07537530299368615,0.01456646994465789
2020-0051-SVN,2020,Low,RF_T2,4,Low,0.9181461608425272,0.06843529118226764,0.013418547975205275
2020-0051-SWE,2020,Low,RF_T2,4,Low,0.92041069500468,0.06710633410961232,0.012482970885707927
2020-0056-BRA,2020,Low,RF_T2,4,Low,0.7301970150176222,0.19514155184737544,0.07466143313500266
2020-0057-IND,2020,Moderate,RF_T2,4,Moderate,0.20507922837880557,0.5399254129014409,0.25499535871975365
2020-0256-TUN,2020,Moderate,RF_T2,4,Moderate,0.04597733982295085,0.5526303086164603,0.40139235156058944
2020-0059-IDN,2020,Low,RF_T2,4,Low,0.6474836284161889,0.21371547786919995,0.13880089371461143
2020-0064-GBR,2020,Low,RF_T2,4,Low,0.9084654270784899,0.07534874727609003,0.0161858256454202
2020-0068-IDN,2020,Moderate,RF_T2,4,Low,0.6474836284161889,0.21371547786919995,0.13880089371461143
2020-0071-COL,2020,Moderate,RF_T2,4,Low,0.5620002323311373,0.2942117914046392,0.1437879762642244
2020-0075-HND,2020,Low,RF_T2,4,Low,0.6512691266297894,0.20409148687472406,0.14463938649548788
2020-0078-ZAF,2020,Moderate,RF_T2,4,Moderate,0.0,0.9554729181164324,0.04452708188356781
2020-0088-VNM,2020,Low,RF_T2,4,Low,0.6530169690592489,0.2400420983150342,0.10694093262571686
2020-0091-BOL,2020,Moderate,RF_T2,4,Low,0.6502691322583496,0.21883225842673065,0.13089860931492023
2020-0103-MDG,2020,Low,RF_T2,4,Low,0.5131487738159052,0.22033714620511738,0.26651407997897725
2020-0104-AGO,2020,Low,RF_T2,4,Low,0.5549791501828343,0.2606232155838562,0.18439763423330996
2020-0111-PNG,2020,Moderate,RF_T2,4,Low,0.6300851195205927,0.21332183188088152,0.1565930485985266
2020-0116-IRQ,2020,Low,RF_T2,4,Low,0.6683213401049336,0.19444414968864723,0.13723451020641977
2020-0132-FJI,2020,Low,RF_T2,4,Low,0.7926635719802678,0.13757170277185968,0.06976472524787206
2020-0137-COL,2020,Moderate,RF_T2,4,Moderate,0.126901650226608,0.5784253680468882,0.29467298172650463
2020-0156-RWA,2020,Low,RF_T2,4,Low,0.6498744526510077,0.22151976137540647,0.1286057859735864
2020-0159-ETH,2020,Moderate,RF_T2,4,Low,0.46496273932726845,0.2495635289247537,0.28547373174797763
2020-0164-UGA,2020,Low,RF_T2,4,Low,0.5182861437294698,0.2966919763885182,0.18502187988201207
2020-0165-VNM,2020,Low,RF_T2,4,Low,0.6487017264441884,0.24426302541189507,0.10703524814391639
2020-0325-IDN,2020,Severe,RF_T2,4,Low,0.6375630675434754,0.2180048162241819,0.14443211623234323
2020-0167-USA,2020,Low,RF_T2,4,Low,0.8008934989587813,0.15278019855414537,0.04632630248707372
2020-0168-YEM,2020,Moderate,RF_T2,4,Low,0.5236513279754484,0.23748206679507167,0.2388666052294803
2020-0173-AGO,2020,Moderate,RF_T2,4,Low,0.44288333104015176,0.29525348952378344,0.26186317943606496
2020-0179-KOR,2020,Moderate,RF_T2,4,Moderate,0.21794528217161907,0.6069281823789163,0.17512653544946452
2020-0182-UGA,2020,Low,RF_T2,4,Low,0.5089770997167464,0.2919997475585107,0.19902315272474314
2020-0191-CAN,2020,Low,RF_T2,4,Low,0.8968324029994963,0.0861163422834158,0.01705125471708785
2020-0198-IND,2020,Moderate,RF_T2,4,Moderate,0.1353441643708027,0.5166439759481075,0.3480118596810899
2020-0211-BGD,2020,Moderate,RF_T2,4,Moderate,0.2707767927481516,0.4689121212648079,0.26031108598704067
2020-0283-UKR,2020,Low,RF_T2,4,Low,0.8490529338625923,0.11066726252881384,0.04027980360859388
2020-0211-IND,2020,Moderate,RF_T2,4,Moderate,0.1662006705644295,0.500726429616368,0.33307289981920296
2020-0211-LKA,2020,Low,RF_T2,4,Low,0.6407841409032384,0.19108315240964285,0.1681327066871197
2020-0212-USA,2020,Low,RF_T2,4,Low,0.7913103895774691,0.15996522043373806,0.04872438998879307
2020-0217-IND,2020,Low,RF_T2,4,Moderate,0.1886184086531374,0.5072900012219428,0.30409159012492004
2020-0333-KOR,2020,Moderate,RF_T2,4,Low,0.7980475064867212,0.15835222312795091,0.04360027038532809
2020-0218-GTM,2020,Low,RF_T2,4,Low,0.5711332329998912,0.18998317303384207,0.23888359396626693
2020-0218-SLV,2020,Moderate,RF_T2,4,Low,0.6507980881515565,0.18227968185996818,0.16692222998847575
2020-0220-IND,2020,Moderate,RF_T2,4,Moderate,0.11609619607972892,0.6056126463710247,0.2782911575492461
2020-0287-TUR,2020,Low,RF_T2,4,Low,0.8061699368001726,0.1502150891662329,0.04361497403359433
2020-0290-PAK,2020,Moderate,RF_T2,4,Moderate,0.0,0.9463384893608359,0.05366151063916404
2020-0292-PHL,2020,Moderate,RF_T2,4,Moderate,0.061353677656519286,0.5685611131789654,0.37008520916451526
2020-0297-NPL,2020,Severe,RF_T2,4,Severe,0.0742995929253521,0.27864191363962854,0.6470584934350196
2020-0304-IND,2020,Severe,RF_T2,4,Severe,0.06833674613421731,0.41446005068543323,0.5172032031803494
2020-0305-SDN,2020,Severe,RF_T2,4,Low,0.4021628810009856,0.2793174479404246,0.3185196710585899
2020-0307-VNM,2020,Low,RF_T2,4,Low,0.6718344521248709,0.21506727793654085,0.11309826993858837
2020-0606-CPV,2020,Low,RF_T2,4,Low,0.7299677797993644,0.1775368580251441,0.09249536217549156
2020-0312-DOM,2020,Low,RF_T2,4,Low,0.7811304466669087,0.14200985148367787,0.07685970184941285
2020-0313-LBN,2020,Severe,RF_T2,4,Moderate,0.13213733667528932,0.5794266910009954,0.2884359723237159
2020-0316-MEX,2020,Low,RF_T2,4,Low,0.6837999633188201,0.2063899841369032,0.10981005254427692
2020-0318-UKR,2020,Low,RF_T2,4,Low,0.8163297426524784,0.11782667315223733,0.06584358419528454
2020-0334-CZE,2020,Moderate,RF_T2,4,Moderate,0.22183483923284184,0.6013062574146498,0.1768589033525081
2020-0341-NGA,2020,Moderate,RF_T2,4,Moderate,0.040205664041184315,0.6879801898141036,0.27181414614471183
2020-0365-ITA,2020,Low,RF_T2,4,Moderate,0.24337122231132352,0.5678481902745771,0.18878058741409906
2020-0369-SAU,2020,Low,RF_T2,4,Low,0.7460388020291133,0.21335538602123655,0.04060581194965066
2020-0370-PHL,2020,Low,RF_T2,4,Low,0.49148034080572633,0.19527500455129043,0.31324465464298357
2020-0376-USA,2020,Moderate,RF_T2,4,Low,0.6253620585889571,0.27089135026052596,0.10374659115051675
2020-0382-TCD,2020,Low,RF_T2,4,Low,0.6646785574334217,0.20298834489976889,0.13233309766680967
2020-0403-KOR,2020,Low,RF_T2,4,Low,0.8276325423515013,0.13490680086177287,0.03746065678672549
2020-0406-ITA,2020,Low,RF_T2,4,Low,0.8312285583914046,0.13984208033263099,0.02892936127596434
2020-0470-VNM,2020,Moderate,RF_T2,4,Low,0.5573860009802901,0.24282083226200005,0.1997931667577102
2020-0472-LBY,2020,Moderate,RF_T2,4,Severe,0.050224388068011064,0.3454083711756066,0.6043672407563833
2020-0411-VNM,2020,Severe,RF_T2,4,Low,0.6087591229841494,0.2593795130270706,0.13186136398878046
2020-0412-USA,2020,Low,RF_T2,4,Low,0.7359399911674249,0.21208298197548314,0.0519770268570913
2020-0421-BEN,2020,Low,RF_T2,4,Low,0.6625420445612693,0.20602657858514586,0.13143137685358505
2020-0436-MRT,2020,Low,RF_T2,4,Low,0.6689087356838408,0.20495850000912139,0.12613276430703813
2020-0438-USA,2020,Low,RF_T2,4,Low,0.8056442289432153,0.16533863791085307,0.029017133145931986
2020-0439-COD,2020,Moderate,RF_T2,4,Moderate,0.08557157693042626,0.6588209746277497,0.255607448441824
2020-0448-COD,2020,Moderate,RF_T2,4,Moderate,0.0,0.9218160690586249,0.07818393094137513
2020-0449-THA,2020,Moderate,RF_T2,4,Moderate,0.1692918782751317,0.5906517146848292,0.24005640704003986
2020-0450-TUN,2020,Moderate,RF_T2,4,Moderate,0.04381120410059004,0.6048285078223377,0.3513602880770725
2020-0474-PAN,2020,Moderate,RF_T2,4,Low,0.8867773219238043,0.09352945823578425,0.019693219840411693
2020-0495-NIC,2020,Moderate,RF_T2,4,Low,0.6308232510034291,0.18225247929860225,0.18692426969796921
2020-0495-PAN,2020,Low,RF_T2,4,Low,0.8867773219238043,0.09352945823578425,0.019693219840411693
2020-0510-NIC,2020,Moderate,RF_T2,4,Moderate,0.0,0.9922372234425922,0.0077627765574077275
2020-0513-ROU,2020,Moderate,RF_T2,4,Moderate,0.13263118481913205,0.6451985035789541,0.2221703116019136
2020-0524-IND,2020,Moderate,RF_T2,4,Moderate,0.13862259943950975,0.5054472995397736,0.3559301010207172
2020-0525-IND,2020,Moderate,RF_T2,4,Moderate,0.10414269059618587,0.630250413834343,0.26560689556947126
2020-0527-TJK,2020,Low,RF_T2,4,Low,0.6500759701910361,0.20457785148454974,0.14534617832441507
2020-0528-NGA,2020,Moderate,RF_T2,4,Severe,0.09289091085310458,0.19948734048213512,0.7076217486647611
2020-0558-VNM,2020,Low,RF_T2,4,Low,0.5762303339671913,0.2553598244365316,0.1684098415962777
2020-0560-BRA,2020,Moderate,RF_T2,4,Low,0.7232765419905993,0.19906930024746664,0.07765415776193454
2020-0574-IRN,2020,Moderate,RF_T2,4,Moderate,0.12687565645887605,0.5841394801558701,0.28898486338525436
2020-0580-USA,2020,Low,RF_T2,4,Low,0.8107389480173457,0.15969207647511444,0.029568975507539945
2020-0307-THA,2020,Low,RF_T2,4,Low,0.7755592076843062,0.17225954992731227,0.05218124238838109
2021-0006-PHL,2021,Low,RF_T2,4,Low,0.643303053241923,0.2255624528690242,0.13113449388905296
2021-0011-USA,2021,Low,RF_T2,4,Low,0.7564783967023141,0.2104335110664577,0.0330880922312277
2021-0016-ESP,2021,Low,RF_T2,4,Low,0.8104565345508696,0.1619345602863609,0.027608905162769433
2021-0017-TWN,2021,Moderate,RF_T2,4,Low,0.6071572941772985,0.2178240606728438,0.17501864514985865
2021-0466-COD,2021,Moderate,RF_T2,4,Moderate,0.0,0.8782447086309063,0.12175529136909348
2021-0028-MYS,2021,Low,RF_T2,4,Low,0.8452742584409193,0.1194138710898669,0.03531187046921382
2021-0032-IDN,2021,Moderate,RF_T2,4,Moderate,0.04085467495735091,0.49840552355875556,0.460739801483894
2021-0051-CUB,2021,Moderate,RF_T2,4,Moderate,0.0,0.997040903186865,0.0029590968131350337
2021-0054-BRA,2021,Moderate,RF_T2,4,Moderate,0.0,0.9986910008022024,0.001308999197797626
2021-0067-PRY,2021,Moderate,RF_T2,4,Low,0.7217063672072077,0.18382670848906693,0.09446692430372562
2021-0071-MAR,2021,Moderate,RF_T2,4,Low,0.6284899872579489,0.23274402242622932,0.13876599031582273
2021-0077-CHE,2021,Moderate,RF_T2,4,Moderate,0.2721490509029042,0.5720406829633339,0.155810266133762
2021-0088-IDN,2021,Low,RF_T2,4,Low,0.6431854757627518,0.2171928891384199,0.13962163509882883
2021-0090-MDG,2021,Low,RF_T2,4,Low,0.5749238313690661,0.23392617326108436,0.19114999536984956
2021-0225-IND,2021,Low,RF_T2,4,Low,0.3499625088287175,0.3487946077960391,0.3012428833752435
2021-0091-PHL,2021,Low,RF_T2,4,Low,0.6674828655362354,0.20098074285865336,0.13153639160511138
2021-0094-PER,2021,Moderate,RF_T2,4,Low,0.6428220043357349,0.23280446799694232,0.12437352766732325
2021-0101-PER,2021,Low,RF_T2,4,Low,0.6388156597391808,0.23340127277248837,0.1277830674883312
2021-0110-ITA,2021,Moderate,RF_T2,4,Moderate,0.04861355556283402,0.687120585849672,0.2642658585874942
2021-0112-COD,2021,Moderate,RF_T2,4,Moderate,0.05422985999123706,0.6426275064890286,0.303142633519735
2021-0114-ITA,2021,Moderate,RF_T2,4,Moderate,0.04861355556283402,0.687120585849672,0.2642658585874942
2021-0128-YEM,2021,Moderate,RF_T2,4,Moderate,0.16325179939222165,0.5818414212653042,0.2549067793424747
2021-0144-AFG,2021,Moderate,RF_T2,4,Moderate,0.10778623130393766,0.5568714343404844,0.3353423343555778
2021-0150-USA,2021,Low,RF_T2,4,Low,0.7866324950603019,0.15859025864819432,0.05477724629150388
2021-0164-AGO,2021,Low,RF_T2,4,Low,0.5428386029976336,0.262847407576157,0.19431398942620995
2021-0467-COD,2021,Moderate,RF_T2,4,Moderate,0.045956627371369664,0.6671215090292391,0.2869218635993916
2021-0172-COD,2021,Moderate,RF_T2,4,Moderate,0.0,0.8846185033356324,0.11538149666436742
2021-0182-COL,2021,Low,RF_T2,4,Low,0.5671532580014627,0.28770835489797036,0.14513838710056778
2021-0201-CHN,2021,Low,RF_T2,4,Low,0.7301190605211613,0.15943145597267425,0.11044948350616422
2021-0208-EGY,2021,Moderate,RF_T2,4,Moderate,0.13952582969151633,0.569037096889573,0.2914370734189114
2021-0211-USA,2021,Moderate,RF_T2,4,Low,0.8050107412981566,0.15820401451327012,0.036785244188573464
2021-0222-COL,2021,Moderate,RF_T2,4,Moderate,0.1315180959054766,0.5661425010271952,0.3023394030673287
2021-0224-TUN,2021,Moderate,RF_T2,4,Moderate,0.045557405791275596,0.5506012574765248,0.40384133673220024
2021-0237-KHM,2021,Low,RF_T2,4,Low,0.5583791587039055,0.23714237528584386,0.20447846601025066
2021-0239-SOM,2021,Moderate,RF_T2,4,Low,0.5944366280855784,0.23781638808664388,0.16774698382777858
2021-0263-AFG,2021,Severe,RF_T2,4,Moderate,0.25138487859762804,0.5741852455972937,0.17442987580507846
2021-0403-TJK,2021,Low,RF_T2,4,Low,0.7379268278823721,0.16924263608388526,0.09283053603374315
2021-0266-USA,2021,Low,RF_T2,4,Low,0.7894300300597036,0.15639717657918373,0.05417279336111296
2021-0270-YEM,2021,Moderate,RF_T2,4,Low,0.5348694605692051,0.23696748371020526,0.22816305572058976
2021-0271-TUN,2021,Moderate,RF_T2,4,Moderate,0.046291780719482235,0.5500190471634305,0.4036891721170879
2021-0278-SVK,2021,Low,RF_T2,4,Low,0.8941517154219157,0.08654069398367695,0.019307590594407616
2021-0295-BGD,2021,Low,RF_T2,4,Moderate,0.2649124447872365,0.4403709410342944,0.2947166141784693
2021-0308-NPL,2021,Moderate,RF_T2,4,Severe,0.09726954972625364,0.30710058221435854,0.5956298680593874
2021-0310-PAK,2021,Moderate,RF_T2,4,Moderate,0.0,0.947302375916815,0.052697624083184964
2021-0406-CHN,2021,Moderate,RF_T2,4,Moderate,0.04446865496669783,0.8083566653684231,0.14717467966487896
2021-0408-IRQ,2021,Moderate,RF_T2,4,Moderate,0.1565251455807493,0.5655629772229882,0.2779118771962627
2021-0289-COD,2021,Moderate,RF_T2,4,Moderate,0.09530993229846038,0.6433961162877783,0.26129395141376144
2021-0316-IND,2021,Moderate,RF_T2,4,Severe,0.0830575704030556,0.44569906807808257,0.47124336151886137
2021-0342-PAK,2021,Moderate,RF_T2,4,Moderate,0.1568598491942519,0.5709990803320142,0.27214107047373426
2021-0367-CAN,2021,Low,RF_T2,4,Low,0.8763703830705661,0.0923135825431556,0.0313160343862782
2021-0370-CYP,2021,Low,RF_T2,4,Low,0.871665928271933,0.0976482776976416,0.03068579403042588
2021-0373-LCA,2021,Low,RF_T2,4,Low,0.8411966237321722,0.11811586917919231,0.04068750708863524
2021-0390-USA,2021,Severe,RF_T2,4,Severe,0.17635310508719165,0.1726202355295666,0.6510266593832422
2021-0411-ITA,2021,Low,RF_T2,4,Low,0.8198328324360816,0.14818888658261792,0.03197828098130003
2021-0413-KGZ,2021,Moderate,RF_T2,4,Moderate,0.15464148314854004,0.5474022873890854,0.29795622946237477
2021-0420-LBR,2021,Moderate,RF_T2,4,Moderate,0.05131447999758297,0.6207679448842451,0.32791757511817216
2021-0432-TJK,2021,Moderate,RF_T2,4,Moderate,0.15652770414584746,0.5400737226718599,0.3033985731822925
2021-0438-CHN,2021,Moderate,RF_T2,4,Moderate,0.04643338651326554,0.8065457694004894,0.14702084408624497
2021-0454-TUR,2021,Low,RF_T2,4,Low,0.7980221237263984,0.15208215162407043,0.04989572464953079
2021-0456-PAK,2021,Low,RF_T2,4,Severe,0.08224519387991952,0.4366131986141316,0.48114160750594875
2021-0480-DZA,2021,Moderate,RF_T2,4,Low,0.6547700766701301,0.21988772831874046,0.1253421950111296
2021-0494-TUR,2021,Low,RF_T2,4,Low,0.8027855342865965,0.15956816657103626,0.03764629914236686
2021-0508-JPN,2021,Moderate,RF_T2,4,Low,0.756586554070242,0.181132313574368,0.06228113235539007
2021-0515-LBN,2021,Moderate,RF_T2,4,Moderate,0.13161830261403115,0.5780356375868431,0.2903460597991266
2021-0538-VEN,2021,Moderate,RF_T2,4,Low,0.6737489651264157,0.20370995829183994,0.12254107658174504
2021-0585-IND,2021,Low,RF_T2,4,Severe,0.09064224439110947,0.4128846856740363,0.4964730699348539
2021-0588-GTM,2021,Low,RF_T2,4,Low,0.5855017814583354,0.2253136812674201,0.18918453727424533
2021-0590-SLV,2021,Low,RF_T2,4,Low,0.6662613026171519,0.19778011115312263,0.13595858622972648
2021-0595-PHL,2021,Moderate,RF_T2,4,Low,0.6294868186895366,0.2162627748842501,0.15425040642621368
2021-0607-MEX,2021,Low,RF_T2,4,Low,0.6286076283944451,0.23220393178840595,0.13918843981714946
2021-0613-SPI,2021,Low,RF_T2,4,Moderate,0.1647805399065507,0.4772318933516086,0.3579875667418409
2021-0616-GIN,2021,Low,RF_T2,4,Low,0.5882427289835839,0.2354370780029984,0.17632019301341753
2021-0618-MKD,2021,Moderate,RF_T2,4,Moderate,0.13955933809184606,0.5901953362392673,0.2702453256688869
2021-0619-IND,2021,Moderate,RF_T2,4,Moderate,0.051668540897453714,0.6843749084258055,0.2639565506767408
2021-0632-VNM,2021,Low,RF_T2,4,Low,0.6010989566316034,0.27861529506932187,0.12028574829907576
2021-0645-IND,2021,Low,RF_T2,4,Moderate,0.1351474065687846,0.5099831546131036,0.354869438818112
2021-0663-LBY,2021,Moderate,RF_T2,4,Severe,0.05148818995345342,0.3294017358079988,0.6191100742385487
2021-0666-COD,2021,Severe,RF_T2,4,Moderate,0.04410561600392564,0.6762208886735515,0.2796734953225228
2021-0670-PHL,2021,Moderate,RF_T2,4,Low,0.5965511707760345,0.27608741935485315,0.12736140986911268
2021-0673-TWN,2021,Moderate,RF_T2,4,Moderate,0.1567220913425707,0.5534172420740833,0.2898606665833461
2021-0676-TUN,2021,Moderate,RF_T2,4,Moderate,0.044483396906956595,0.5904320679058107,0.3650845351872328
2021-0700-DZA,2021,Low,RF_T2,4,Low,0.6374233224362101,0.2367379486254912,0.12583872893829942
2021-0685-COD,2021,Moderate,RF_T2,4,Moderate,0.0,0.9218160690586249,0.07818393094137513
2021-0741-CAN,2021,Low,RF_T2,4,Low,0.8897619103680018,0.09185662161006522,0.018381468021933082
2021-0741-USA,2021,Low,RF_T2,4,Low,0.7708271605196443,0.1790760766244854,0.05009676285587014
2021-0700-TUN,2021,Low,RF_T2,4,Low,0.7156555043401939,0.19610552048848118,0.08823897517132526
2021-0705-IRQ,2021,Low,RF_T2,4,Low,0.6903458346419745,0.1944497986461657,0.1152043667118604
2021-0711-COL,2021,Moderate,RF_T2,4,Moderate,0.13650561443570314,0.5668500856287053,0.29664429993559227
2021-0722-IND,2021,Moderate,RF_T2,4,Severe,0.09491421003283644,0.43782898297291334,0.4672568069942499
2021-0728-MEX,2021,Moderate,RF_T2,4,Moderate,0.0,0.9963918676479129,0.003608132352087101
2021-0729-USA,2021,Moderate,RF_T2,4,Moderate,0.2569059574592691,0.6044695109873227,0.1386245315534077
2021-0748-IND,2021,Moderate,RF_T2,4,Severe,0.09491421003283644,0.43782898297291334,0.4672568069942499
2021-0754-AZE,2021,Moderate,RF_T2,4,Moderate,0.035244722230887524,0.5931441163478457,0.3716111614212668
2021-0760-RUS,2021,Moderate,RF_T2,4,Moderate,0.11613641242317538,0.6287222125325078,0.25514137504431744
2021-0761-FRA,2021,Moderate,RF_T2,4,Moderate,0.056517657001470135,0.7725330265467665,0.17094931645176312
2021-0766-ESP,2021,Low,RF_T2,4,Low,0.888200921784163,0.09014040299115794,0.02165867522467886
2021-0797-USA,2021,Moderate,RF_T2,4,Low,0.43278651890817155,0.29728076865564595,0.26993271243618255
2021-0807-AUS,2021,Low,RF_T2,4,Low,0.8326110429989645,0.1419927892908225,0.025396167710212733
2021-0808-MYS,2021,Moderate,RF_T2,4,Moderate,0.04317402827649964,0.717385613672634,0.2394403580508662
2021-0811-ZAF,2021,Moderate,RF_T2,4,Low,0.6290883790950617,0.23675062509070208,0.13416099581423618
2021-0813-VNM,2021,Low,RF_T2,4,Low,0.5779728953074884,0.25466463167009723,0.1673624730224146
2021-0815-USA,2021,Low,RF_T2,4,Low,0.7680982121790266,0.19736901869752652,0.034532769123446466
2021-0820-PAK,2021,Moderate,RF_T2,4,Moderate,0.10646092740300425,0.5909952007726262,0.3025438718243691
2021-0834-BOL,2021,Moderate,RF_T2,4,Low,0.6331233398334623,0.22323255843659942,0.14364410172993933
2021-0838-BGD,2021,Moderate,RF_T2,4,Moderate,0.09546383453655706,0.6110330759333786,0.29350308953006476
2021-0848-SDN,2021,Moderate,RF_T2,4,Severe,0.15021925549364426,0.364744486272161,0.4850362582341951
2021-0290-ITA,2021,Moderate,RF_T2,4,Moderate,0.3334410321784915,0.5249774188098189,0.14158154901168965
2020-0002-PER,2020,Moderate,RF_T2,4,Moderate,0.0,0.9975191073808395,0.002480892619160512
2021-0527-MRT,2021,Moderate,RF_T2,4,Moderate,0.048166402521182435,0.6293488534468658,0.32248474403195204
2020-0066-COD,2020,Moderate,RF_T2,4,Moderate,0.0,0.8846185033356324,0.11538149666436742
2020-0073-TUR,2020,Low,RF_T2,4,Low,0.8007166717188859,0.1322958970828441,0.0669874311982698
2020-0001-ISR,2020,Low,RF_T2,4,Low,0.8919489499707288,0.09326270957292364,0.014788340456347616
2020-0009-AFG,2020,Moderate,RF_T2,4,Moderate,0.18026351575726512,0.6303769004724555,0.1893595837702797
2020-0012-TUR,2020,Moderate,RF_T2,4,Moderate,0.041749730015173105,0.7433986573394178,0.21485161264540842
2020-0024-IDN,2020,Moderate,RF_T2,4,Moderate,0.057861519190943414,0.6039167561140634,0.338221724694993
2020-0026-RUS,2020,Moderate,RF_T2,4,Moderate,0.12153540960800194,0.6492225513548893,0.22924203903710885
2020-0033-IDN,2020,Moderate,RF_T2,4,Low,0.6495924541905294,0.21262317136976755,0.13778437443970354
2020-0034-TUR,2020,Moderate,RF_T2,4,Low,0.7450849533163403,0.13860033220354095,0.11631471448011857
2020-0044-TUR,2020,Moderate,RF_T2,4,Moderate,0.13345936881913095,0.625327093006052,0.24121353817481744
2020-0084-JPN,2020,Moderate,RF_T2,4,Moderate,0.052387677998721856,0.7458535510786892,0.20175877092258857
2021-0621-IDN,2021,Moderate,RF_T2,4,Moderate,0.1532495517150526,0.5724597025290683,0.27429074575587964
2020-0045-PSE,2020,Low,RF_T2,4,Low,0.5848374041726883,0.2094738274042522,0.2056887684230595
2020-0051-DEU,2020,Low,RF_T2,4,Low,0.9138415125382884,0.0718166697533831,0.014341817708328562
2020-0296-JPN,2020,Moderate,RF_T2,4,Low,0.7664979903189906,0.15668419132916964,0.07681781835183961
2020-0051-ITA,2020,Low,RF_T2,4,Low,0.8295602729988731,0.14118472328103718,0.029255003720089608
2020-0054-BGD,2020,Moderate,RF_T2,4,Moderate,0.12924785676401007,0.5506460180092844,0.3201061252267058
2020-0055-BDI,2020,Low,RF_T2,4,Low,0.5834444372262151,0.23738699706745353,0.17916856570633144
2020-0062-MOZ,2020,Low,RF_T2,4,Low,0.37678398896319676,0.3737742292929753,0.24944178174382783
2020-0109-BDI,2020,Low,RF_T2,4,Low,0.5842691048149619,0.26721528028362035,0.14851561490141751
2020-0121-IDN,2020,Low,RF_T2,4,Low,0.6430366284881546,0.21326351112496444,0.14369986038688135
2020-0124-AFG,2020,Moderate,RF_T2,4,Moderate,0.22689659341044807,0.5880091513801424,0.18509425520940984
2020-0125-COG,2020,Moderate,RF_T2,4,Low,0.6695002367856782,0.1980259150435717,0.13247384817075047
2020-0132-VUT,2020,Low,RF_T2,4,Low,0.5395406060902297,0.24551950192014643,0.2149398919896243
2020-0142-AFG,2020,Low,RF_T2,4,Moderate,0.21095385734756533,0.6051899298594665,0.18385621279296827
2020-0142-IRN,2020,Low,RF_T2,4,Low,0.465465739528596,0.2919460762907669,0.2425881841806368
2020-0146-PNG,2020,Moderate,RF_T2,4,Moderate,0.13640856357362915,0.5430362715939461,0.3205551648324244
2020-0151-IDN,2020,Low,RF_T2,4,Low,0.641016990046346,0.21447127574902056,0.14451173420463365
2020-0153-AFG,2020,Low,RF_T2,4,Moderate,0.25032009294932134,0.5523980472330943,0.19728185981758464
2020-0159-SOM,2020,Moderate,RF_T2,4,Low,0.495218742319875,0.24299147761131726,0.2617897800688082
2020-0166-TZA,2020,Low,RF_T2,4,Low,0.3643145226597701,0.32179071595452263,0.3138947613857073
2020-0170-IND,2020,Moderate,RF_T2,4,Moderate,0.12349340037474535,0.6144017580405946,0.2621048415846604
2020-0199-THA,2020,Low,RF_T2,4,Low,0.7889033472561134,0.17188135881628544,0.03921529392760089
2020-0203-PHL,2020,Low,RF_T2,4,Low,0.5304347799384844,0.25928123185498414,0.21028398820653185
2020-0216-YEM,2020,Moderate,RF_T2,4,Low,0.5412620582803497,0.2449153964515374,0.21382254526811337
2020-0228-GHA,2020,Low,RF_T2,4,Low,0.6281182047012775,0.22820510661261206,0.14367668868611122
2020-0232-CZE,2020,Low,RF_T2,4,Low,0.8949895353256326,0.08745955099181643,0.017550913682550958
2020-0561-THA,2020,Low,RF_T2,4,Low,0.7443498984970733,0.20365269152287452,0.05199740998005189
2020-0291-BGD,2020,Moderate,RF_T2,4,Moderate,0.12183674562396565,0.5433913364115739,0.3347719179644607
2020-0238-USA,2020,Low,RF_T2,4,Low,0.8290372623731167,0.14406749796177903,0.026895239665104095
2020-0244-CHN,2020,Low,RF_T2,4,Low,0.7259456249791216,0.16138414660469924,0.11267022841617873
2020-0253-TUR,2020,Low,RF_T2,4,Low,0.8061699368001726,0.1502150891662329,0.04361497403359433
2020-0269-MMR,2020,Severe,RF_T2,4,Moderate,0.13015573118952056,0.5424775457268924,0.3273667230835867
2020-0281-MEX,2020,Moderate,RF_T2,4,Low,0.5268761802719328,0.13407067127507294,0.33905314845299456
2020-0284-MNG,2020,Low,RF_T2,4,Low,0.45739755962957745,0.24690107063951183,0.29570136973091143
2020-0312-USA,2020,Moderate,RF_T2,4,Low,0.8165530318951588,0.1549680019381399,0.028478966166701356
2020-0317-COL,2020,Moderate,RF_T2,4,Low,0.576892950577029,0.2848932361499086,0.13821381327306295
2020-0321-NGA,2020,Moderate,RF_T2,4,Low,0.35789192740386966,0.29954580302883976,0.34256226956729074
2020-0323-BGD,2020,Severe,RF_T2,4,Severe,0.14508971941368537,0.32057240481938304,0.5343378757669317
2020-0447-SYR,2020,Low,RF_T2,4,Low,0.6562838575723571,0.19418386075160943,0.14953228167603422
2020-0324-MNG,2020,Low,RF_T2,4,Low,0.6585638885385231,0.2145691396285108,0.1268669718329663
2020-0327-KOR,2020,Moderate,RF_T2,4,Low,0.7991173621549018,0.1556352116527702,0.045247426192328244
2020-0330-PAN,2020,Moderate,RF_T2,4,Low,0.8846588171024594,0.09462568077623365,0.020715502121306757
2020-0331-GRC,2020,Low,RF_T2,4,Low,0.8490661091210505,0.08779639395704393,0.06313749692190561
2020-0332-IND,2020,Moderate,RF_T2,4,Moderate,0.117229832615678,0.590188485013411,0.292581682370911
2020-0349-UKR,2020,Moderate,RF_T2,4,Low,0.8212793625410705,0.11684820802793618,0.061872429430993636
2021-0623-DZA,2021,Moderate,RF_T2,4,Moderate,0.0,0.987091169742047,0.012908830257953025
2020-0363-PRK,2020,Moderate,RF_T2,4,Severe,0.30161938690860773,0.24925202555873618,0.44912858753265583
2020-0376-HTI,2020,Moderate,RF_T2,4,Low,0.528317050333383,0.1962153612674893,0.27546758839912777
2020-0387-NER,2020,Moderate,RF_T2,4,Low,0.4585906960976704,0.28505942474158663,0.2563498791607429
2020-0394-PER,2020,Moderate,RF_T2,4,Moderate,0.12397156475944549,0.5692172889006268,0.306811146339928
2020-0399-GHA,2020,Low,RF_T2,4,Low,0.6267963095160926,0.22931919997856065,0.1438844905053474
2020-0400-JPN,2020,Low,RF_T2,4,Low,0.790894341663463,0.16816597137033484,0.04093968696620268
2020-0400-KOR,2020,Low,RF_T2,4,Low,0.8060504276575625,0.14273021628774465,0.05121935605469214
2020-0411-KHM,2020,Moderate,RF_T2,4,Low,0.5221264714092052,0.21662407553818167,0.26124945305261243
2020-0416-MEX,2020,Low,RF_T2,4,Low,0.7370126120503044,0.1864700192499486,0.07651736869974662
2020-0427-BOL,2020,Low,RF_T2,4,Low,0.5376428487412409,0.2499640388608932,0.21239311239786585
2020-0432-LBY,2020,Moderate,RF_T2,4,Severe,0.050724629047141326,0.32973249641600744,0.6195428745368521
2020-0434-NGA,2020,Moderate,RF_T2,4,Moderate,0.0,0.8887951680409443,0.1112048319590558
2020-0435-IND,2020,Moderate,RF_T2,4,Moderate,0.10054880004879488,0.6516318064012792,0.2478193935499257
2020-0437-GRC,2020,Low,RF_T2,4,Low,0.8699676255581723,0.08153857007112517,0.04849380437070254
2020-0443-PAK,2020,Moderate,RF_T2,4,Moderate,0.09734429574151769,0.6011533482008574,0.30150235605762465
2020-0446-IND,2020,Severe,RF_T2,4,Severe,0.09336281198671935,0.4341678305498173,0.47246935746346336
2020-0455-NGA,2020,Severe,RF_T2,4,Low,0.35789192740386966,0.29954580302883976,0.34256226956729074
2020-0462-THA,2020,Low,RF_T2,4,Low,0.7717872718727268,0.1831579165174766,0.04505481160979657
2020-0466-GRC,2020,Low,RF_T2,4,Low,0.699501961018176,0.1047441388122783,0.1957539001695457
2020-0466-TUR,2020,Severe,RF_T2,4,Low,0.6478154325786473,0.13660091489325338,0.21558365252809944
2020-0467-MRT,2020,Moderate,RF_T2,4,Moderate,0.047756947899658175,0.6457999519366837,0.3064431001636584
2020-0469-SEN,2020,Moderate,RF_T2,4,Moderate,0.0,0.8803019304130766,0.11969806958692353
2020-0470-PHL,2020,Moderate,RF_T2,4,Low,0.5658584867436542,0.2347337445320674,0.19940776872427907
2020-0473-GHA,2020,Moderate,RF_T2,4,Moderate,0.12278831263297357,0.6043252050988802,0.27288648226814655
2020-0482-LCA,2020,Low,RF_T2,4,Low,0.49162979005942536,0.26586228566098824,0.24250792427958603
2020-0484-MOZ,2020,Moderate,RF_T2,4,Low,0.4998646234168792,0.26894954757765444,0.2311858290054664
2020-0495-HND,2020,Moderate,RF_T2,4,Low,0.6185010778479867,0.17823539090756382,0.20326353124444993
2020-0502-LBY,2020,Moderate,RF_T2,4,Severe,0.050177750879612355,0.345727086695346,0.6040951624250425
2020-0514-NGA,2020,Moderate,RF_T2,4,Moderate,0.040766857778526656,0.676945739796138,0.28228740242533523
2020-0516-PAK,2020,Moderate,RF_T2,4,Moderate,0.0,0.9420240270174051,0.057975972982594916
2020-0521-ITA,2020,Low,RF_T2,4,Low,0.822350174242992,0.14595191814201422,0.031697907614993796
2020-0522-UGA,2020,Low,RF_T2,4,Low,0.4980485164960622,0.2820888700477762,0.21986261345616187
2020-0530-NLD,2020,Severe,RF_T2,4,Severe,0.25532644532756643,0.039787721883906384,0.7048858327885269
2020-0537-BRA,2020,Moderate,RF_T2,4,Moderate,0.0,0.9975131409050303,0.002486859094969862
2020-0548-LKA,2020,Low,RF_T2,4,Low,0.7775225739927693,0.134104686259022,0.08837273974820804
2020-0555-JPN,2020,Moderate,RF_T2,4,Low,0.558610811231944,0.3285762902348556,0.11281289853320016
2020-0558-PHL,2020,Low,RF_T2,4,Low,0.5447919298951492,0.22470499774388122,0.23050307236096987
2020-0569-NOR,2020,Moderate,RF_T2,4,Moderate,0.3089100508342808,0.5409275100778844,0.15016243908783422
2020-0576-CMR,2020,Moderate,RF_T2,4,Moderate,0.0,0.9333202743314069,0.06667972566859341
2020-0581-CHN,2020,Moderate,RF_T2,4,Low,0.3880643510801954,0.34448224955766643,0.26745339936213797
2020-0583-USA,2020,Low,RF_T2,4,Low,0.8148648396171112,0.1555416136497063,0.02959354673318259
2020-0604-ZMB,2020,Low,RF_T2,4,Low,0.6222928178822342,0.2298161528849107,0.1478910292328556
2020-0607-SDN,2020,Moderate,RF_T2,4,Severe,0.15085063543528268,0.36496617708674184,0.4841831874779759
2021-0018-JPN,2021,Moderate,RF_T2,4,Low,0.565295104447869,0.32386937137186844,0.11083552418026223
2020-9585-USA,2020,Moderate,RF_T2,4,Moderate,0.2645032415629377,0.5844978383191219,0.15099892011794042
2021-0008-MYS,2021,Low,RF_T2,4,Low,0.8452742584409193,0.1194138710898669,0.03531187046921382
2021-0010-TZA,2021,Low,RF_T2,4,Low,0.511365124720231,0.29297577715517686,0.1956590981245924
2021-0196-DJI,2021,Moderate,RF_T2,4,Moderate,0.055617140765811146,0.601494980785575,0.34288787844861424
2021-0021-THA,2021,Low,RF_T2,4,Low,0.7593159446514254,0.1960652743483329,0.044618781000241706
2021-0033-IND,2021,Moderate,RF_T2,4,Moderate,0.14691780615518826,0.6108450912460903,0.24223710259872158
2021-0034-IND,2021,Moderate,RF_T2,4,Moderate,0.1052540131722501,0.6562587917237006,0.23848719510404903
2021-0035-BOL,2021,Low,RF_T2,4,Low,0.6484406062403927,0.21978583186820239,0.13177356189140543
2021-0036-MDG,2021,Low,RF_T2,4,Low,0.5196680328535739,0.2048196112885373,0.27551235585788847
2021-0036-MOZ,2021,Moderate,RF_T2,4,Low,0.38847534054783417,0.2743273546924209,0.3371973047597449
2021-0036-ZWE,2021,Low,RF_T2,4,Low,0.43123639411422715,0.22581732545034283,0.34294628043542985
2021-0040-BRA,2021,Low,RF_T2,4,Low,0.704504280952718,0.20762668675323537,0.087869032294047
2021-0056-LBY,2021,Moderate,RF_T2,4,Severe,0.048541269648488726,0.34356641023209855,0.6078923201194135
2021-0060-UGA,2021,Moderate,RF_T2,4,Moderate,0.0,0.9103453606712144,0.08965463932878583
2021-0197-CHN,2021,Moderate,RF_T2,4,Moderate,0.04190922798983182,0.8500808573738605,0.10800991463630732
2021-0070-FJI,2021,Low,RF_T2,4,Low,0.73742903665485,0.15556559660609062,0.10700536673905939
2021-0087-BRA,2021,Low,RF_T2,4,Low,0.7052874537810216,0.20560536161003737,0.08910718460894117
2021-0092-ECU,2021,Low,RF_T2,4,Low,0.6728863012212356,0.2133796290666272,0.1137340697121376
2021-0098-PER,2021,Moderate,RF_T2,4,Low,0.6426251440169289,0.23872917321327586,0.1186456827697957
2021-0105-JPN,2021,Low,RF_T2,4,Low,0.6511071569762474,0.13172964875923726,0.21716319426451586
2021-0199-USA,2021,Low,RF_T2,4,Low,0.8050107412981566,0.15820401451327012,0.036785244188573464
2021-0292-CHN,2021,Moderate,RF_T2,4,Low,0.6594797971623353,0.22432716742176778,0.11619303541589784
2021-0315-COD,2021,Moderate,RF_T2,4,Moderate,0.051186247491993436,0.654403520848766,0.29441023165924096
2021-0108-PHL,2021,Low,RF_T2,4,Low,0.6422973694318783,0.2254889580604372,0.13221367250768482
2021-0117-USA,2021,Low,RF_T2,4,Low,0.8046953269737066,0.1509318440489065,0.04437282897738669
2021-0127-EGY,2021,Moderate,RF_T2,4,Moderate,0.1172387116704048,0.5870160627855451,0.2957452255440507
2021-0133-GNQ,2021,Severe,RF_T2,4,Moderate,0.13820056708747108,0.5460407215698967,0.3157587113426323
2021-0137-USA,2021,Moderate,RF_T2,4,Moderate,3.421892885113558e-05,0.9986567818733513,0.001308999197797626
2021-0138-BOL,2021,Moderate,RF_T2,4,Moderate,0.0,0.993352388833158,0.006647611166842004
2021-0169-AUS,2021,Low,RF_T2,4,Low,0.8392227566749292,0.13320261066343544,0.027574632661635182
2021-0413-UZB,2021,Low,RF_T2,4,Moderate,0.16158043200999164,0.5488712508265476,0.289548317163461
2021-0170-PER,2021,Low,RF_T2,4,Low,0.6401771160422195,0.2334818806480704,0.12634100330971063
2021-0171-THA,2021,Low,RF_T2,4,Low,0.7889740104412286,0.16958294011323746,0.04144304944553366
2021-0175-CHN,2021,Moderate,RF_T2,4,Moderate,0.03164308459710835,0.9673305462345348,0.001026369168356998
2021-0176-TWN,2021,Moderate,RF_T2,4,Moderate,0.14708118394980782,0.5243204111004565,0.32859840494973575
2021-0177-TZA,2021,Moderate,RF_T2,4,Moderate,0.12102084636758742,0.5688548690541458,0.3101242845782668
2021-0238-AGO,2021,Moderate,RF_T2,4,Low,0.5428508420127296,0.2625617966928012,0.19458736129446952
2021-0240-UGA,2021,Low,RF_T2,4,Low,0.5177172640521768,0.293147368058898,0.18913536788892538
2021-0245-MEX,2021,Moderate,RF_T2,4,Moderate,0.1322677917602598,0.5980281790615577,0.269704029178183
2021-0286-UGA,2021,Low,RF_T2,4,Low,0.5165234571136229,0.2943411749974517,0.18913536788892538
2021-0255-CHN,2021,Moderate,RF_T2,4,Low,0.6479200155241931,0.22111209877309718,0.13096788570271034
2021-0381-NPL,2021,Moderate,RF_T2,4,Severe,0.065696659844551,0.3602260918474941,0.5740772483079556
2021-0395-BGD,2021,Moderate,RF_T2,4,Moderate,0.21152204048345777,0.5113874941864589,0.2770904653300842
2021-0259-IRN,2021,Moderate,RF_T2,4,Low,0.596219578219428,0.24490166701464688,0.1588787547659246
2021-0307-CHN,2021,Moderate,RF_T2,4,Moderate,0.04387723113497997,0.803436688286798,0.15268608057822183
2021-0309-ZMB,2021,Moderate,RF_T2,4,Moderate,0.00012252394718852182,0.9225045289065977,0.07737294714621384
2021-0339-PHL,2021,Moderate,RF_T2,4,Low,0.6574870155705637,0.20366523429714697,0.13884775013228953
2021-0340-COL,2021,Low,RF_T2,4,Low,0.5733836658827898,0.2841916917404206,0.14242464237679056
2021-0348-GHA,2021,Low,RF_T2,4,Low,0.6032318869847112,0.23459480036066166,0.16217331265462756
2021-0351-CZE,2021,Low,RF_T2,4,Low,0.9094522612452624,0.07690799575076966,0.013639743003968237
2021-0364-CHN,2021,Moderate,RF_T2,4,Moderate,0.04628897788103773,0.803514509057908,0.1501965130610541
2021-0411-AUT,2021,Low,RF_T2,4,Low,0.9047085001874942,0.07917330732711408,0.01611819248539158
2021-0411-DEU,2021,Severe,RF_T2,4,Low,0.8785788361244623,0.09130684998218952,0.030114313893347518
2021-0610-GHA,2021,Low,RF_T2,4,Low,0.6037939034412857,0.23441576288179025,0.16179033367692458
2021-0416-GMB,2021,Moderate,RF_T2,4,Low,0.7036667081626803,0.19280468374530954,0.10352860809200964
2021-0421-KEN,2021,Moderate,RF_T2,4,Moderate,0.0,0.9605225201487639,0.0394774798512361
2021-0428-CHN,2021,Severe,RF_T2,4,Low,0.3977262550655611,0.28833085692070215,0.31394288801373654
2021-0446-CRI,2021,Low,RF_T2,4,Low,0.8812945550932548,0.09617432233503406,0.022531122571711304
2021-0455-BGD,2021,Moderate,RF_T2,4,Severe,0.14379551729855378,0.3200827418165328,0.5361217408849133
2021-0458-IND,2021,Moderate,RF_T2,4,Severe,0.08251323269136811,0.42199188212787714,0.4954948851807546
2021-0459-GRC,2021,Low,RF_T2,4,Low,0.8100391543965235,0.09518457791352283,0.09477626768995362
2021-0473-SDN,2021,Moderate,RF_T2,4,Low,0.4754956252981291,0.2772499775966891,0.24725439710518218
2021-0476-CMR,2021,Moderate,RF_T2,4,Moderate,0.0,0.9068857201822681,0.09311427981773221
2021-0478-USA,2021,Moderate,RF_T2,4,Moderate,3.421892885113558e-05,0.996567690980593,0.0033980900905559337
2021-0507-CHN,2021,Moderate,RF_T2,4,Low,0.40375765450448814,0.3373312136934979,0.25891113180201375
2021-0533-USA,2021,Moderate,RF_T2,4,Low,0.7857298843428712,0.1629264926477487,0.051343623009380085
2021-0545-LBY,2021,Moderate,RF_T2,4,Severe,0.05450285467368952,0.30606873785536676,0.6394284074709448
2021-0566-USA,2021,Low,RF_T2,4,Low,0.7776085012347388,0.17201593537843507,0.05037556338682598
2021-0579-IRN,2021,Moderate,RF_T2,4,Moderate,0.0,0.9966019099094442,0.0033980900905559337
2021-0587-CHN,2021,Low,RF_T2,4,Low,0.7415054239569854,0.1677433175285982,0.0907512585144162
2021-0605-NPL,2021,Moderate,RF_T2,4,Severe,0.0857232190633457,0.2924042195447212,0.6218725613919329
2021-0620-BOL,2021,Moderate,RF_T2,4,Moderate,0.0,0.9891777962501835,0.010822203749816515
2021-0638-COL,2021,Moderate,RF_T2,4,Low,0.582503786784935,0.27556317564810434,0.14193303756696146
2021-0645-OMN,2021,Moderate,RF_T2,4,Low,0.8726094271578425,0.10814483924318288,0.01924573359897503
2021-0647-MEX,2021,Low,RF_T2,4,Low,0.6369896352799789,0.22914820937473687,0.133862155345285
2021-0654-PAK,2021,Moderate,RF_T2,4,Low,0.4211779534361829,0.33716122720704844,0.2416608193567687
2021-0681-IND,2021,Moderate,RF_T2,4,Severe,0.09263726338569057,0.438053692861478,0.46930904375283117
2021-0688-RUS,2021,Moderate,RF_T2,4,Moderate,0.11619291961182535,0.6408397838205375,0.2429672965676378
2021-0693-COL,2021,Low,RF_T2,4,Low,0.5826528904091923,0.2769165708659498,0.14043053872485867
2021-0698-VNM,2021,Low,RF_T2,4,Low,0.6106790926907617,0.25855408303993543,0.13076682426930347
2021-0703-NGA,2021,Moderate,RF_T2,4,Moderate,0.07041599427936106,0.6407962275822313,0.28878777813840784
2021-0714-LKA,2021,Low,RF_T2,4,Low,0.6856907279663679,0.15997633765607686,0.1543329343775545
2021-0727-SLE,2021,Severe,RF_T2,4,Moderate,0.005625470041781421,0.8755101026078805,0.11886442735033816
2021-0732-CHN,2021,Low,RF_T2,4,Low,0.56713900696506,0.3058428279016668,0.12701816513327327
2021-0835-IDN,2021,Low,RF_T2,4,Low,0.5985201593270628,0.2321436685551857,0.16933617211775226
2021-0776-IDN,2021,Moderate,RF_T2,4,Moderate,0.16061657793343598,0.45833536639164674,0.38104805567491773
2021-0810-COG,2021,Moderate,RF_T2,4,Low,0.6679854068108768,0.20540694994023878,0.12660764324888452
2021-0813-PHL,2021,Severe,RF_T2,4,Low,0.42663988546025894,0.2571018583892137,0.3162582561505278
2021-0819-JPN,2021,Moderate,RF_T2,4,Moderate,0.18448315825371323,0.6553336293027944,0.1601832124434917
2021-0821-MYS,2021,Moderate,RF_T2,4,Low,0.8211329458634685,0.12661006240353617,0.0522569917329951
2014-0562-LBY,2014,Moderate,LGBM_T2,1,Severe,0.007068107522330366,0.14361082649990897,0.8493210659777607
2015-0600-IND,2015,Moderate,LGBM_T2,1,Moderate,0.1630683564135866,0.7765099411671846,0.060421702419228666
2015-0427-SYR,2015,Low,LGBM_T2,1,Low,0.6943788673971085,0.2978794141863744,0.0077417184165170455
2015-0387-ZAF,2015,Moderate,LGBM_T2,1,Moderate,0.01045524286043717,0.9862306241080033,0.003314133031559361
2015-0620-VNM,2015,Moderate,LGBM_T2,1,Low,0.4775179381874957,0.4182880587993689,0.10419400301313532
2015-0618-GIN,2015,Moderate,LGBM_T2,1,Moderate,0.008741070026707034,0.9469163360505569,0.04434259392273599
2015-0611-JPN,2015,Low,LGBM_T2,1,Severe,0.07547922641637213,0.23580445630146463,0.6887163172821632
2015-0606-EGY,2015,Moderate,LGBM_T2,1,Moderate,0.31713682725816733,0.6598981359494837,0.022965036792348896
2015-0601-BGD,2015,Low,LGBM_T2,1,Moderate,0.39098914810542,0.49591444802146656,0.11309640387311348
2015-0582-KOR,2015,Low,LGBM_T2,1,Moderate,0.23776903773553995,0.5902724905201046,0.1719584717443555
2015-0507-SAU,2015,Moderate,LGBM_T2,1,Low,0.5395417684733685,0.36341266085408536,0.0970455706725462
2015-0580-TGO,2015,Moderate,LGBM_T2,1,Low,0.4458910853205999,0.4002180099631315,0.15389090471626857
2015-0568-IND,2015,Moderate,LGBM_T2,1,Moderate,0.012614140734200231,0.6862506399799915,0.30113521928580833
2015-0567-NGA,2015,Severe,LGBM_T2,1,Severe,0.013786468399870659,0.2944129845065755,0.6918005470935538
2015-0557-IDN,2015,Moderate,LGBM_T2,1,Severe,0.01978088712454089,0.4763018165554568,0.5039172963200024
2015-0554-CHN,2015,Moderate,LGBM_T2,1,Moderate,0.033827137837202786,0.7926031127819742,0.17356974938082306
2015-0547-LKA,2015,Low,LGBM_T2,1,Low,0.6341286003737846,0.2971860667372283,0.06868533288898727
2015-0539-ARG,2015,Moderate,LGBM_T2,1,Moderate,0.009667030988307542,0.9862543777310221,0.004078591280670504
2015-0536-COD,2015,Moderate,LGBM_T2,1,Low,0.4496411305133682,0.4287504891935495,0.12160838029308232
2015-0501-FRA,2015,Moderate,LGBM_T2,1,Low,0.6586040982704867,0.2870925518742382,0.054303349855275046
2015-0378-ITA,2015,Moderate,LGBM_T2,1,Severe,0.030770917777470545,0.34782030367829836,0.6214087785442312
2015-0535-COD,2015,Moderate,LGBM_T2,1,Low,0.4611946729793803,0.406181350248284,0.13262397677233556
2015-0518-DZA,2015,Moderate,LGBM_T2,1,Moderate,0.0590790890816776,0.8850807198677928,0.055840191050529696
2015-0517-MEX,2015,Moderate,LGBM_T2,1,Moderate,0.0036124855161491463,0.9903220739913462,0.0060654404925048425
2015-0514-AUS,2015,Low,LGBM_T2,1,Low,0.8706986262351893,0.0678974449789664,0.06140392878584426
2015-0508-GRC,2015,Moderate,LGBM_T2,1,Moderate,0.013468611578295573,0.949923976837186,0.03660741158451841
2015-0494-YEM,2015,Moderate,LGBM_T2,1,Moderate,0.3030776412929081,0.6773600480236036,0.01956231068348832
2015-0490-PHL,2015,Low,LGBM_T2,1,Low,0.6290748301471571,0.22519874515631833,0.1457264246965246
2015-0488-USA,2015,Low,LGBM_T2,1,Low,0.8895751466306446,0.10338499953299299,0.007039853836362441
2015-0487-SSD,2015,Moderate,LGBM_T2,1,Moderate,0.010744782621827867,0.9420802438758176,0.04717497350235456
2015-0486-BRA,2015,Moderate,LGBM_T2,1,Moderate,0.03148285110778977,0.8623439835131251,0.10617316537908511
2015-0484-YEM,2015,Low,LGBM_T2,1,Moderate,0.3078848722973218,0.672644456645,0.019470671057678208
2015-0479-BHS,2015,Moderate,LGBM_T2,1,Low,0.9403095845854872,0.055659074079027246,0.0040313413354856695
2015-0476-PAK,2015,Severe,LGBM_T2,1,Severe,0.10804690461957935,0.09702772993922675,0.794925365441194
2015-0476-AFG,2015,Severe,LGBM_T2,1,Severe,0.21857304215720208,0.3454434665509629,0.43598349129183506
2015-0474-GBR,2015,Moderate,LGBM_T2,1,Moderate,0.05020002639498839,0.8484678078547264,0.10133216575028506
2015-0473-CPV,2015,Low,LGBM_T2,1,Low,0.8329650594041668,0.15587521281329286,0.011159727782540377
2015-0469-IRN,2015,Moderate,LGBM_T2,1,Moderate,0.00451465413969046,0.9918473447730154,0.0036380010872942145
2015-0467-TUR,2015,Moderate,LGBM_T2,1,Moderate,0.009179568729265179,0.9687403540105247,0.022080077260210083
2015-0462-PHL,2015,Moderate,LGBM_T2,1,Severe,0.28993412153863235,0.23360072196307113,0.4764651564982965
2015-0459-USA,2015,Moderate,LGBM_T2,1,Low,0.8197789114851027,0.15414214187060993,0.02607894664428735
2015-0458-TWN,2015,Low,LGBM_T2,1,Low,0.8520719841160522,0.11060506802244355,0.037322947861504155
2015-0457-CHN,2015,Moderate,LGBM_T2,1,Moderate,0.21748649806948242,0.43992162422519004,0.34259187770532745
2015-0453-EGY,2015,Moderate,LGBM_T2,1,Moderate,0.009685719330285659,0.8450296337267997,0.1452846469429146
2015-0452-CHN,2015,Moderate,LGBM_T2,1,Moderate,0.023167807158297637,0.9227367717443513,0.054095421097351284
2015-0451-FRA,2015,Moderate,LGBM_T2,1,Low,0.9034041973299941,0.07480260091634328,0.021793201753662613
2015-0450-IND,2015,Moderate,LGBM_T2,1,Moderate,0.09224266863906669,0.8254655575460691,0.08229177381486431
2015-0441-TUR,2015,Moderate,LGBM_T2,1,Moderate,0.009179053131946004,0.9699575698657599,0.020863377002294084
2015-0431-USA,2015,Moderate,LGBM_T2,1,Low,0.8927855583302352,0.08726825001041175,0.01994619165935319
2015-0427-LBN,2015,Low,LGBM_T2,1,Low,0.8088505820500008,0.186008721645682,0.005140696304317197
2015-0423-BRA,2015,Moderate,LGBM_T2,1,Moderate,0.0070498262246170545,0.9860244705943123,0.006925703181070557
2015-0422-VEN,2015,Moderate,LGBM_T2,1,Moderate,0.09358574041768078,0.8676285469737545,0.038785712608564844
2015-0420-GRC,2015,Moderate,LGBM_T2,1,Moderate,0.014328070353676585,0.9469629506775704,0.03870897896875297
2015-0418-JPN,2015,Moderate,LGBM_T2,1,Low,0.7894182491019524,0.19547024433449883,0.015111506563548774
2015-0414-SAU,2015,Severe,LGBM_T2,1,Moderate,0.04278425204182843,0.6066075119460236,0.3506082360121481
2015-0333-PAK,2015,Moderate,LGBM_T2,1,Severe,0.040614957755671345,0.19705312816970658,0.762331914074622
2015-0411-BGD,2015,Low,LGBM_T2,1,Moderate,0.08353090715450288,0.500332063755853,0.41613702908964406
2015-0406-IND,2015,Moderate,LGBM_T2,1,Severe,0.1802502169781018,0.4046232948853671,0.415126488136531
2015-0404-ITA,2015,Moderate,LGBM_T2,1,Severe,0.029885592368492656,0.37916990707875325,0.5909445005527539
2015-0397-CHN,2015,Moderate,LGBM_T2,1,Moderate,0.2024465744987203,0.3994938865277278,0.39805953897355195
2015-0388-ZAF,2015,Moderate,LGBM_T2,1,Moderate,0.01045524286043717,0.9862306241080033,0.003314133031559361
2015-0375-DMA,2015,Moderate,LGBM_T2,1,Low,0.9580419270342518,0.04007163569265389,0.0018864372730942136
2015-0368-NER,2015,Moderate,LGBM_T2,1,Low,0.728657436674733,0.2572086093566058,0.014133953968661255
2015-0357-CHN,2015,Severe,LGBM_T2,1,Moderate,0.030095529594544954,0.8993741182400896,0.07053035216536549
2015-0311-COL,2015,Moderate,LGBM_T2,1,Moderate,0.0740551123174406,0.75250285243951,0.17344203524304927
2015-0349-ARG,2015,Low,LGBM_T2,1,Low,0.8879336058411661,0.0829375002294037,0.029128893929430112
2015-0348-COL,2015,Moderate,LGBM_T2,1,Moderate,0.012826900488246532,0.9826646433385472,0.004508456173206346
2015-0345-PRK,2015,Moderate,LGBM_T2,1,Moderate,0.1774798839516983,0.6543603346939088,0.16815978135439305
2015-0340-IND,2015,Moderate,LGBM_T2,1,Severe,0.043513269112678075,0.26813842546457334,0.6883483054227486
2015-0339-CHN,2015,Moderate,LGBM_T2,1,Low,0.4360616162047416,0.3541410745829604,0.20979730921229806
2015-0337-MLI,2015,Low,LGBM_T2,1,Low,0.76533233504895,0.21417845513464065,0.020489209816409358
2015-0333-IND,2015,Moderate,LGBM_T2,1,Severe,0.0632562128462655,0.34196187262022665,0.5947819145335079
2015-0321-RUS,2015,Moderate,LGBM_T2,1,Moderate,0.005180685250358774,0.9858449174693515,0.008974397280289894
2015-0320-IND,2015,Moderate,LGBM_T2,1,Moderate,0.04273137979656416,0.7587096770031333,0.19855894320030257
2015-0317-IND,2015,Severe,LGBM_T2,1,Severe,0.027588878241616082,0.07295303533523773,0.8994580864231462
2015-0315-PER,2015,Moderate,LGBM_T2,1,Severe,0.19477084080266813,0.23836848159585802,0.5668606776014739
2015-0309-BGD,2015,Moderate,LGBM_T2,1,Severe,0.2749347783008722,0.17860169005290322,0.5464635316462246
2015-0302-YEM,2015,Low,LGBM_T2,1,Moderate,0.1197658807079934,0.8588255217206517,0.021408597571354708
2015-0301-SSD,2015,Moderate,LGBM_T2,1,Low,0.6816534900833322,0.27010871178385076,0.048237798132817054
2015-0288-PAK,2015,Moderate,LGBM_T2,1,Severe,0.15332840157615832,0.38635228562217633,0.4603193128016654
2015-0271-CHN,2015,Low,LGBM_T2,1,Severe,0.35601818142088654,0.11713820671124138,0.5268436118678721
2015-0264-RUS,2015,Moderate,LGBM_T2,1,Moderate,0.006159412144720462,0.9838647927459648,0.00997579510931466
2015-0260-EGY,2015,Moderate,LGBM_T2,1,Moderate,0.01762290488131652,0.6843519302830416,0.2980251648356419
2015-0255-CHN,2015,Moderate,LGBM_T2,1,Severe,0.054569083461091246,0.44525331390915923,0.5001776026297494
2015-0253-MMR,2015,Low,LGBM_T2,1,Low,0.4293209794199934,0.41721728575541406,0.15346173482459238
2015-0249-IND,2015,Moderate,LGBM_T2,1,Severe,0.1952535101955397,0.30415973204670865,0.5005867577577516
2015-0244-PHL,2015,Low,LGBM_T2,1,Low,0.8323733196900991,0.11046042440893612,0.05716625590096492
2015-0244-JPN,2015,Low,LGBM_T2,1,Low,0.824550364204716,0.12357155518171942,0.05187808061356452
2015-0238-TWN,2015,Low,LGBM_T2,1,Moderate,0.2643944427184407,0.6807796073440228,0.0548259499375366
2015-0235-RUS,2015,Low,LGBM_T2,1,Low,0.6537225696514937,0.2559726872975153,0.09030474305099091
2015-0232-PAK,2015,Severe,LGBM_T2,1,Severe,0.06656187652307986,0.13194896343746432,0.8014891600394558
2015-0226-NPL,2015,Moderate,LGBM_T2,1,Moderate,0.050498541391919304,0.5307404393790569,0.4187610192290238
2015-0225-NGA,2015,Moderate,LGBM_T2,1,Severe,0.04266423223233639,0.16559184890733716,0.7917439188603265
2015-0222-AZE,2015,Moderate,LGBM_T2,1,Moderate,0.09360189738247447,0.8933365893164102,0.013061513301115227
2015-0220-CHN,2015,Moderate,LGBM_T2,1,Moderate,0.19477427376479597,0.4695288991713973,0.3356968270638069
2015-0183-BFA,2015,Moderate,LGBM_T2,1,Moderate,0.015473996171970582,0.8472215139991387,0.13730448982889065
2015-0170-PHL,2015,Moderate,LGBM_T2,1,Moderate,0.1528902464742481,0.6642484061706547,0.18286134735509732
2015-0219-CHN,2015,Moderate,LGBM_T2,1,Moderate,0.19477427376479597,0.4695288991713973,0.3356968270638069
2015-0203-ROU,2015,Low,LGBM_T2,1,Low,0.7473774518212712,0.2238082984687513,0.028814249709977414
2015-0189-IND,2015,Severe,LGBM_T2,1,Severe,0.023412474310492745,0.05577275399260298,0.9208147716969043
2015-0186-USA,2015,Moderate,LGBM_T2,1,Low,0.9116605782776295,0.06807337975343417,0.020266041968936298
2015-0164-IND,2015,Severe,LGBM_T2,1,Moderate,0.19173871687549818,0.64364037962128,0.16462090350322187
2015-0163-CHN,2015,Low,LGBM_T2,1,Moderate,0.3643235028170573,0.5887300834126189,0.04694641377032385
2015-0154-KAZ,2015,Low,LGBM_T2,1,Low,0.9168512634990601,0.07954755256457044,0.0036011839363694685
2015-0148-AUS,2015,Low,LGBM_T2,1,Low,0.9412807022058381,0.04817846012948653,0.010540837664675482
2015-0141-MKD,2015,Moderate,LGBM_T2,1,Moderate,0.4793626913090016,0.5054988463775694,0.01513846231342896
2015-0139-KEN,2015,Low,LGBM_T2,1,Moderate,0.0857158507720027,0.5471377495813549,0.36714639964664236
2015-0136-MAR,2015,Moderate,LGBM_T2,1,Moderate,0.00306672595203785,0.995275835736736,0.0016574383112261072
2015-0127-IRN,2015,Low,LGBM_T2,1,Low,0.46751024500511845,0.3727054921394506,0.159784262855431
2015-0121-MEX,2015,Moderate,LGBM_T2,1,Low,0.6161095253503676,0.36163127631883735,0.022259198330795094
2015-0114-ECU,2015,Moderate,LGBM_T2,1,Low,0.6135020585298654,0.38072790141405066,0.005770040056083956
2015-0110-MMR,2015,Moderate,LGBM_T2,1,Moderate,0.020257779897939126,0.7857680271322308,0.1939741929698301
2015-0108-PER,2015,Moderate,LGBM_T2,1,Moderate,0.005464724232645643,0.9920582623035984,0.0024770134637558615
2015-0106-CHL,2015,Severe,LGBM_T2,1,Low,0.7677617895294058,0.19779970993431778,0.03443850053627658
2015-0100-URY,2015,Moderate,LGBM_T2,1,Moderate,0.007327766466478573,0.9791759685402928,0.013496264993228504
2015-0095-BRA,2015,Moderate,LGBM_T2,1,Moderate,0.008089767189665347,0.9853056544803274,0.006604578330007321
2015-0093-VUT,2015,Moderate,LGBM_T2,1,Low,0.7872468490315262,0.19085721911558762,0.021895931852886158
2015-0091-AGO,2015,Moderate,LGBM_T2,1,Low,0.6327810562325715,0.21627101038487795,0.1509479333825506
2015-0082-ARG,2015,Moderate,LGBM_T2,1,Moderate,0.04687300681813812,0.874247815005338,0.07887917817652382
2015-0074-MDG,2015,Low,LGBM_T2,1,Low,0.4466305033977229,0.22699277839827472,0.32637671820400244
2015-0069-TZA,2015,Moderate,LGBM_T2,1,Low,0.7947039719302061,0.1872078234649813,0.018088204604812436
2015-0068-BGD,2015,Moderate,LGBM_T2,1,Severe,0.015353800284168629,0.3818386186662063,0.6028075810496251
2015-0065-UKR,2015,Moderate,LGBM_T2,1,Moderate,0.08519815862086311,0.7576715738816344,0.15713026749750242
2015-0057-MDG,2015,Moderate,LGBM_T2,1,Low,0.4455353449017914,0.2651087376726676,0.28935591742554095
2015-0054-AFG,2015,Severe,LGBM_T2,1,Moderate,0.09646072695782626,0.5189640342991674,0.38457523874300636
2015-0048-ARE,2015,Moderate,LGBM_T2,1,Moderate,0.06560134798668206,0.9259100039245084,0.008488648088809631
2015-0047-ITA,2015,Severe,LGBM_T2,1,Severe,0.03569389731618901,0.3896588335671503,0.5746472691166606
2015-0041-MEX,2015,Moderate,LGBM_T2,1,Moderate,0.13935543412069326,0.7959643025387197,0.06468026334058694
2015-0038-TUR,2015,Low,LGBM_T2,1,Low,0.627605738073416,0.35847010979980315,0.01392415212678075
2015-0008-UKR,2015,Moderate,LGBM_T2,1,Moderate,0.009679449400197417,0.9835911153154971,0.006729435284305574
2015-0038-GRC,2015,Low,LGBM_T2,1,Low,0.8877727707222957,0.10462087095515561,0.007606358322548845
2015-0038-BGR,2015,Low,LGBM_T2,1,Low,0.9642736557043723,0.0346876176558111,0.0010387266398165101
2015-0030-MWI,2015,Low,LGBM_T2,1,Low,0.6439897790517384,0.3335429202061483,0.02246730074211346
2015-0026-USA,2015,Low,LGBM_T2,1,Low,0.6634266047347109,0.3049815416092405,0.031591853656048524
2015-0024-NGA,2015,Moderate,LGBM_T2,1,Moderate,0.007864673539558595,0.9797224490993408,0.012412877361100725
2015-0022-YEM,2015,Moderate,LGBM_T2,1,Moderate,0.009567708038142518,0.9793260737813735,0.01110621818048385
2015-0015-ZWE,2015,Moderate,LGBM_T2,1,Moderate,0.04438367497942716,0.9415037733454183,0.014112551675154404
2015-0014-SYR,2015,Moderate,LGBM_T2,1,Moderate,0.0067349107190891435,0.9795518592652948,0.01371323001561605
2015-0005-MOZ,2015,Moderate,LGBM_T2,1,Moderate,0.1411070600133568,0.6625265427036321,0.1963663972830111
2015-0004-PER,2015,Moderate,LGBM_T2,1,Moderate,0.0058942996174654585,0.9910628422673361,0.0030428581151985268
2015-0002-LBN,2015,Low,LGBM_T2,1,Low,0.8273329711797635,0.168170567014103,0.004496461806133437
2014-0572-CHN,2014,Moderate,LGBM_T2,1,Moderate,0.029742457450583827,0.6709795333924226,0.2992780091569936
2014-0567-PHL,2014,Low,LGBM_T2,1,Low,0.434800197874384,0.4166300543943912,0.14856974773122467
2014-0564-CHN,2014,Moderate,LGBM_T2,1,Moderate,0.03258212959556822,0.9175005788006522,0.04991729160377968
2014-0559-LBY,2014,Severe,LGBM_T2,1,Severe,0.0069290575766431505,0.1491342810496886,0.8439366613736683
2014-0556-USA,2014,Low,LGBM_T2,1,Low,0.5296904891770735,0.4008829092656665,0.06942660155725981
2014-0547-PER,2014,Severe,LGBM_T2,1,Severe,0.25366570959334883,0.2667197859754875,0.4796145044311637
2014-0540-USA,2014,Low,LGBM_T2,1,Low,0.9207962791795335,0.07204946113214294,0.007154259688323532
2014-0532-BOL,2014,Moderate,LGBM_T2,1,Moderate,0.24292109015470817,0.7110519969038209,0.04602691294147084
2014-0530-MWI,2015,Moderate,LGBM_T2,1,Severe,0.2887008014167674,0.17060873493243708,0.5406904636507955
2014-0530-MOZ,2014,Moderate,LGBM_T2,1,Moderate,0.2433069887195239,0.4059458055837156,0.35074720569676054
2014-0529-BOL,2015,Moderate,LGBM_T2,1,Moderate,0.3601362718772205,0.6327468979473349,0.0071168301754446365
2014-0522-THA,2014,Moderate,LGBM_T2,1,Low,0.5007579315968249,0.40475003722502445,0.09449203117815069
2014-0500-IDN,2014,Severe,LGBM_T2,1,Moderate,0.02339726959148754,0.7887411691972596,0.18786156121125291
2014-0499-COD,2014,Moderate,LGBM_T2,1,Moderate,0.05572544481521533,0.6577416313759393,0.28653292380884543
2014-0497-PHL,2014,Moderate,LGBM_T2,1,Severe,0.196243279327522,0.13451320025549698,0.669243520416981
2014-0494-MYS,2014,Moderate,LGBM_T2,1,Low,0.8427519537639013,0.15273229532112106,0.0045157509149776134
2014-0484-EGY,2014,Moderate,LGBM_T2,1,Moderate,0.010635690190736886,0.8495480659686673,0.13981624384059563
2014-0477-CHN,2014,Moderate,LGBM_T2,1,Moderate,0.040567614145865745,0.608161663614621,0.3512707222395133
2014-0476-EGY,2014,Moderate,LGBM_T2,1,Moderate,0.010567927211136634,0.9353780423876805,0.05405403040118275
2014-0474-PHL,2014,Moderate,LGBM_T2,1,Low,0.6143156151320529,0.18693314000592876,0.19875124486201845
2014-0463-MAR,2014,Moderate,LGBM_T2,1,Moderate,0.3412799260163004,0.6460558790780618,0.012664194905637723
2014-0462-FRA,2014,Low,LGBM_T2,1,Low,0.9319053902535206,0.054597759596551165,0.013496850149928394
2014-0458-CHE,2014,Low,LGBM_T2,1,Low,0.9460311364407393,0.05240580440708707,0.0015630591521736464
2014-0457-PAK,2014,Moderate,LGBM_T2,1,Moderate,0.0043199465194818975,0.9863375863256598,0.009342467154858277
2014-0360-NGA,2014,Severe,LGBM_T2,1,Moderate,0.05156497814662867,0.8272147532022037,0.12122026865116767
2014-0453-HTI,2014,Moderate,LGBM_T2,1,Moderate,0.424157463466021,0.46657065134147013,0.10927188519250879
2014-0453-DOM,2014,Low,LGBM_T2,1,Low,0.8357605401846349,0.07471156666238293,0.0895278931529821
2014-0447-GTM,2014,Low,LGBM_T2,1,Low,0.49783159574122193,0.45729615227648546,0.0448722519822926
2014-0355-CAF,2014,Moderate,LGBM_T2,1,Moderate,0.005565053049392986,0.988336231181877,0.00609871576872994
2014-0430-COL,2014,Moderate,LGBM_T2,1,Moderate,0.41173692335453366,0.42843681092695673,0.1598262657185097
2014-0427-BRA,2014,Moderate,LGBM_T2,1,Moderate,0.0065115806888196475,0.987121882853803,0.006366536457377359
2014-0408-IND,2014,Moderate,LGBM_T2,1,Severe,0.056019481332721825,0.3624346865687536,0.5815458320985246
2014-0398-EGY,2014,Moderate,LGBM_T2,1,Moderate,0.0027398748063070825,0.9947663141753249,0.0024938110183680496
2014-0397-JPN,2014,Low,LGBM_T2,1,Low,0.7379730973827293,0.224538016472631,0.03748888614463975
2014-0273-COD,2014,Moderate,LGBM_T2,1,Severe,0.01258248813550468,0.28703991112857546,0.7003776007359199
2014-0391-IND,2014,Moderate,LGBM_T2,1,Severe,0.07499230139915403,0.2638134452160258,0.6611942533848202
2014-0390-PHL,2014,Low,LGBM_T2,1,Low,0.4565491213146103,0.3452755955701003,0.19817528311528954
2014-0389-CHN,2014,Moderate,LGBM_T2,1,Severe,0.07760070231097084,0.41196914981381777,0.5104301478752115
2014-0379-ITA,2014,Moderate,LGBM_T2,1,Severe,0.026468009383840918,0.33735744937959744,0.6361745412365617
2014-0378-COL,2014,Moderate,LGBM_T2,1,Moderate,0.43826353911979815,0.5266610846173483,0.03507537626285351
2014-0370-SDN,2014,Moderate,LGBM_T2,1,Severe,0.009860431032870728,0.4748458934985821,0.5152936754685472
2014-0369-CAF,2014,Moderate,LGBM_T2,1,Moderate,0.005713569571376943,0.9877062261311798,0.0065802042974433235
2014-0364-BGR,2014,Moderate,LGBM_T2,1,Moderate,0.1568471863284082,0.8273014294658265,0.015851384205765165
2014-0363-BRA,2014,Low,LGBM_T2,1,Severe,0.1102951440519858,0.3831718091888631,0.506533046759151
2014-0343-IND,2014,Severe,LGBM_T2,1,Severe,0.04586038190177207,0.3450503657728356,0.6090892523253923
2014-0333-MEX,2014,Low,LGBM_T2,1,Low,0.4835512091669897,0.24329663980973948,0.27315215102327084
2014-0325-MEX,2014,Low,LGBM_T2,1,Low,0.5695468342619429,0.21307047369206766,0.21738269204598945
2014-0324-KOR,2014,Moderate,LGBM_T2,1,Low,0.7854120618194544,0.1839716381139317,0.0306163000666139
2014-0318-USA,2014,Low,LGBM_T2,1,Low,0.8969747714907842,0.048790803632461695,0.05423442487675407
2014-0317-USA,2014,Low,LGBM_T2,1,Low,0.9453916257101794,0.04665705928573037,0.00795131500409015
2014-0316-JPN,2014,Moderate,LGBM_T2,1,Low,0.8112012656697627,0.14116037022661582,0.04763836410362143
2014-0309-IRN,2014,Moderate,LGBM_T2,1,Moderate,0.016671159990472962,0.51198841475792,0.471340425251607
2014-0307-PER,2014,Moderate,LGBM_T2,1,Moderate,0.005277746778957046,0.9904223920185364,0.004299861202506625
2014-0304-GIN,2014,Moderate,LGBM_T2,1,Moderate,0.052659149719971605,0.8388527318125625,0.10848811846746598
2014-0302-TUR,2014,Moderate,LGBM_T2,1,Moderate,0.00712487160567091,0.9900347513919185,0.0028403770024106193
2014-0300-IDN,2014,Moderate,LGBM_T2,1,Moderate,0.019391277455727617,0.7015609309849717,0.27904779155930065
2014-0285-IND,2014,Moderate,LGBM_T2,1,Severe,0.04145726879401371,0.2372968484547934,0.721245882751193
2014-0279-EGY,2014,Moderate,LGBM_T2,1,Moderate,0.003142258380192864,0.9940133865329353,0.0028443550868718554
2014-0267-CHN,2014,Moderate,LGBM_T2,1,Severe,0.07643892290237371,0.3669800294921885,0.5565810476054378
2014-0266-CHN,2014,Moderate,LGBM_T2,1,Severe,0.07643892290237371,0.3669800294921885,0.5565810476054378
2014-0260-KHM,2014,Moderate,LGBM_T2,1,Severe,0.3289226294272919,0.13336340621964846,0.5377139643530596
2014-0255-MYS,2014,Moderate,LGBM_T2,1,Moderate,0.00847570151215639,0.982706341845815,0.008817956642028515
2014-0246-NPL,2014,Moderate,LGBM_T2,1,Severe,0.0792966740945749,0.41009910526402327,0.5106042206414018
2014-0234-MEX,2014,Low,LGBM_T2,1,Low,0.8264253400461959,0.08890886158462519,0.08466579836917894
2014-0233-SDN,2014,Moderate,LGBM_T2,1,Moderate,0.005624284137381355,0.9828248348480481,0.011550881014570712
2014-0229-DEU,2014,Moderate,LGBM_T2,1,Moderate,0.02542277640163682,0.972921691473705,0.0016555321246582361
2014-0218-IND,2014,Moderate,LGBM_T2,1,Severe,0.21321288759932872,0.2542951237897464,0.5324919886109248
2014-0212-CHN,2014,Moderate,LGBM_T2,1,Severe,0.050948841258132184,0.3905414361316633,0.5585097226102045
2014-0211-NGA,2014,Moderate,LGBM_T2,1,Severe,0.06115574825538975,0.2425679795230592,0.6962762722215511
2014-0209-DEU,2014,Low,LGBM_T2,1,Low,0.863488700464212,0.13432739476757133,0.0021839047682166526
2014-0206-IND,2014,Moderate,LGBM_T2,1,Moderate,0.048221600956421466,0.8393118806469089,0.1124665183966697
2014-0199-KOR,2014,Moderate,LGBM_T2,1,Moderate,0.2107463068316725,0.6414232377382346,0.14783045543009285
2014-0189-BRA,2014,Moderate,LGBM_T2,1,Moderate,0.008727630000516072,0.9828595394029394,0.008412830596544532
2014-0168-RUS,2014,Moderate,LGBM_T2,1,Moderate,0.011473511016410034,0.8179214430469164,0.1706050459366736
2014-0164-BIH,2014,Moderate,LGBM_T2,1,Low,0.9419320783074596,0.055144723441733705,0.002923198250806668
2014-0162-TUR,2014,Severe,LGBM_T2,1,Moderate,0.031165527226271573,0.9510969670575017,0.01773750571622673
2014-0159-THA,2014,Low,LGBM_T2,1,Low,0.6661590715073319,0.1402493540511602,0.19359157444150787
2014-0150-ARE,2014,Moderate,LGBM_T2,1,Moderate,0.00407025436918714,0.9950639308948918,0.0008658147359212379
2014-0149-THA,2014,Moderate,LGBM_T2,1,Moderate,0.008571394098970765,0.9886207491819327,0.0028078567190964665
2014-0144-NGA,2014,Moderate,LGBM_T2,1,Moderate,0.006004907552013468,0.9834335048640542,0.010561587583932204
2014-0132-CHN,2014,Low,LGBM_T2,1,Moderate,0.37333416368208405,0.5908038899250451,0.0358619463928709
2014-0123-KAZ,2014,Low,LGBM_T2,1,Low,0.7829702672046436,0.20203314085139656,0.014996591943959924
2014-0122-TJK,2014,Moderate,LGBM_T2,1,Low,0.8210556561790832,0.1725701992469782,0.006374144573938768
2014-0119-TZA,2014,Moderate,LGBM_T2,1,Low,0.6181342328546062,0.34280645446616786,0.03905931267922589
2014-0107-CHN,2014,Low,LGBM_T2,1,Low,0.5198550844880031,0.4119202008898221,0.06822471462217472
2014-0095-USA,2014,Moderate,LGBM_T2,1,Moderate,0.4476599740062148,0.510681164099716,0.04165886189406913
2014-0091-SLB,2014,Moderate,LGBM_T2,1,Low,0.7985716042685894,0.194278388825175,0.007150006906235486
2014-0090-NGA,2014,Low,LGBM_T2,1,Severe,0.040839098277423144,0.17898226566829406,0.7801786360542828
2014-0090-LBR,2014,Severe,LGBM_T2,1,Low,0.5758005967238955,0.3868613352332979,0.037338068042806545
2014-0087-YEM,2014,Moderate,LGBM_T2,1,Moderate,0.0069073152403348725,0.9848482352153182,0.008244449544346994
2014-0078-TGO,2014,Moderate,LGBM_T2,1,Moderate,0.005490472319047807,0.9907376105548134,0.003771917126138846
2014-0067-GBR,2014,Low,LGBM_T2,1,Low,0.9676350793543903,0.028050790562796225,0.004314130082813649
2014-0066-ZWE,2014,Low,LGBM_T2,1,Low,0.696898927587766,0.1830665893677559,0.12003448304447802
2014-0064-IDN,2014,Low,LGBM_T2,1,Low,0.8991007797179367,0.06818078243933254,0.03271843784273084
2014-0059-ARG,2014,Moderate,LGBM_T2,1,Moderate,0.009635321440588006,0.9880927276231308,0.0022719509362809157
2014-0057-IDN,2014,Moderate,LGBM_T2,1,Low,0.8101362598181252,0.17408445251468385,0.01577928766719097
2014-0039-GBR,2014,Low,LGBM_T2,1,Low,0.9161597013192382,0.08056689379315657,0.003273404887605264
2014-0030-POL,2014,Moderate,LGBM_T2,1,Severe,0.08855547429619363,0.432328345070759,0.47911618063304745
2014-0020-PHL,2014,Moderate,LGBM_T2,1,Low,0.8742038300732293,0.09044654055255805,0.0353496293742126
2014-0018-IDN,2014,Moderate,LGBM_T2,1,Low,0.8101362598181252,0.17408445251468385,0.01577928766719097
2014-0415-KOR,2014,Moderate,LGBM_T2,1,Moderate,0.3174466074049898,0.6669031854873146,0.015650207107695567
2014-0563-GRC,2014,Moderate,LGBM_T2,1,Moderate,0.012897536444193298,0.9427287892173009,0.04437367433850594
2014-0566-KOR,2014,Moderate,LGBM_T2,1,Moderate,0.3418380246161035,0.6386077387280262,0.019554236655870222
2015-0233-CAF,2015,Moderate,LGBM_T2,1,Moderate,0.005283741386093623,0.98993022727926,0.004786031334646347
2014-0005-NGA,2014,Moderate,LGBM_T2,1,Moderate,0.007302966732580507,0.9786272048945431,0.014069828372876528
2014-0006-CHN,2014,Moderate,LGBM_T2,1,Moderate,0.046085594491376156,0.6623868586435313,0.2915275468650926
2014-0008-FRA,2014,Low,LGBM_T2,1,Low,0.9430124142932803,0.051152905798941585,0.005834679907777959
2014-0017-PAK,2014,Moderate,LGBM_T2,1,Moderate,0.0063371516870380255,0.987592246377551,0.006070601935410874
2014-0021-ARG,2014,Moderate,LGBM_T2,1,Low,0.5009809774958737,0.4751343193586345,0.023884703145491792
2014-0024-IND,2014,Moderate,LGBM_T2,1,Severe,0.05463590150368521,0.18078588055387146,0.7645782179424434
2014-0306-SRB,2014,Low,LGBM_T2,1,Low,0.9587618392964492,0.03763793159201464,0.0036002291115360486
2014-0026-ITA,2014,Low,LGBM_T2,1,Low,0.8362272233790169,0.12127407800765545,0.04249869861332754
2014-0028-COD,2014,Moderate,LGBM_T2,1,Moderate,0.11264145729192153,0.6404966174763417,0.24686192523173678
2014-0029-BLR,2014,Low,LGBM_T2,1,Low,0.7288260723848723,0.23493322055717358,0.03624070705795408
2014-0031-CAN,2014,Moderate,LGBM_T2,1,Moderate,0.3605747920361603,0.6109135511465547,0.028511656817285083
2014-0033-IND,2014,Moderate,LGBM_T2,1,Moderate,0.014586754925357825,0.6342722153943625,0.3511410296802797
2014-0037-TUR,2014,Moderate,LGBM_T2,1,Moderate,0.009063555792861234,0.98847871351624,0.0024577306908988225
2014-0041-BGD,2014,Moderate,LGBM_T2,1,Severe,0.012391418854709135,0.2434860114925262,0.7441225696527647
2014-0053-USA,2014,Moderate,LGBM_T2,1,Low,0.7998180385179272,0.18450896683839998,0.01567299464367272
2014-0327-GNB,2014,Moderate,LGBM_T2,1,Moderate,0.0043644695749787635,0.9908183128797594,0.004817217545261737
2015-0241-RUS,2015,Moderate,LGBM_T2,1,Moderate,0.09709942507096847,0.8627046571354258,0.04019591779360578
2014-0067-IRL,2014,Low,LGBM_T2,1,Low,0.9834594733449601,0.015636789641633276,0.0009037370134066139
2014-0068-JPN,2014,Moderate,LGBM_T2,1,Low,0.7870816351957911,0.12364653080006323,0.08927183400414564
2014-0070-NPL,2014,Moderate,LGBM_T2,1,Moderate,0.01712481040542311,0.8357434612199282,0.1471317283746487
2014-0073-DZA,2014,Moderate,LGBM_T2,1,Moderate,0.014262622935556515,0.7449722821574234,0.24076509490702
2014-0074-QAT,2014,Moderate,LGBM_T2,1,Moderate,0.1115394144164568,0.8785196699938888,0.009940915589654329
2014-0077-KOR,2014,Moderate,LGBM_T2,1,Low,0.7626634242246433,0.20658321244804315,0.030753363327313654
2014-0089-THA,2014,Moderate,LGBM_T2,1,Severe,0.317013905634118,0.27994915558927547,0.4030369387766065
2014-0090-GIN,2014,Severe,LGBM_T2,1,Severe,0.061042477357220175,0.2945497988342567,0.6444077238085231
2014-0334-PER,2014,Low,LGBM_T2,1,Low,0.8650964261901947,0.08103465705366832,0.05386891675613708
2014-0094-CHL,2014,Low,LGBM_T2,1,Low,0.8272992495904254,0.08177569191236791,0.09092505849720664
2014-0096-VUT,2014,Moderate,LGBM_T2,1,Low,0.846516597878759,0.14120837796416363,0.012275024157077508
2014-0111-NIC,2014,Low,LGBM_T2,1,Low,0.6838425590904118,0.16603335094728341,0.1501240899623048
2014-0115-NGA,2014,Moderate,LGBM_T2,1,Moderate,0.026978257205404574,0.5087430622068211,0.4642786805877744
2014-0124-NPL,2014,Moderate,LGBM_T2,1,Moderate,0.1188368242885935,0.5652808104572853,0.3158823652541213
2014-0125-PAK,2014,Moderate,LGBM_T2,1,Moderate,0.006016174261460817,0.9871888611339967,0.006794964604542433
2014-0126-USA,2014,Moderate,LGBM_T2,1,Low,0.9201177894119607,0.0734100925687398,0.006472118019299442
2014-0136-COD,2014,Moderate,LGBM_T2,1,Moderate,0.08750498116301925,0.616285185947375,0.2962098328896059
2014-0145-NGA,2014,Moderate,LGBM_T2,1,Moderate,0.006004907552013468,0.9834335048640542,0.010561587583932204
2014-0147-PAK,2014,Moderate,LGBM_T2,1,Moderate,0.006257695148734472,0.9880595711177134,0.005682733733552282
2014-0153-HTI,2014,Moderate,LGBM_T2,1,Moderate,0.005282589968659913,0.9898951008861457,0.0048223091451943
2014-0154-BGD,2014,Moderate,LGBM_T2,1,Severe,0.007552922597156769,0.16347878099713722,0.8289682964057061
2014-0164-HRV,2014,Low,LGBM_T2,1,Low,0.9645447090642417,0.03388985533971368,0.001565435596044536
2014-0164-SRB,2014,Moderate,LGBM_T2,1,Low,0.9603949479624516,0.03720204121264298,0.002403010824905283
2014-0178-CHN,2014,Moderate,LGBM_T2,1,Moderate,0.2454729822963367,0.6803818777505724,0.07414513995309104
2014-0338-IND,2014,Moderate,LGBM_T2,1,Moderate,0.03079425271966813,0.7451359478098326,0.22406979947049915
2014-0182-IND,2014,Moderate,LGBM_T2,1,Moderate,0.17090350198364915,0.7644353964181085,0.06466110159824238
2014-0198-IND,2014,Moderate,LGBM_T2,1,Moderate,0.04941973466772934,0.7742789419615372,0.17630132337073337
2014-0202-POL,2014,Moderate,LGBM_T2,1,Moderate,0.011341654807473633,0.8234129924291574,0.1652453527633688
2014-0208-RUS,2014,Moderate,LGBM_T2,1,Moderate,0.0117658475239065,0.8212476237635422,0.16698652871255112
2014-0210-BGR,2014,Moderate,LGBM_T2,1,Low,0.9670893091794996,0.03201853495782415,0.0008921558626763025
2014-0217-CHN,2014,Moderate,LGBM_T2,1,Severe,0.16948024903952258,0.3982360604106487,0.4322836905498287
2014-0219-RUS,2014,Moderate,LGBM_T2,1,Moderate,0.11693262710325514,0.6782013791941062,0.20486599370263867
2014-0221-LBY,2014,Moderate,LGBM_T2,1,Severe,0.006210557370800166,0.12924557924656196,0.8645438633826378
2014-0222-HTI,2014,Moderate,LGBM_T2,1,Moderate,0.00574334137874937,0.9877177379277015,0.006538920693549199
2014-0226-EGY,2014,Moderate,LGBM_T2,1,Moderate,0.0033900921852643125,0.9936361615516012,0.002973746263134396
2014-0227-PHL,2014,Severe,LGBM_T2,1,Low,0.41680977008108716,0.3618602814661125,0.22132994845280035
2014-0230-ITA,2014,Moderate,LGBM_T2,1,Severe,0.02683895415841851,0.31473964530612447,0.658421400535457
2014-0354-PAK,2014,Moderate,LGBM_T2,1,Moderate,0.05255019907672406,0.8660516946607795,0.08139810626249647
2014-0234-GTM,2014,Low,LGBM_T2,1,Low,0.8440597654300158,0.0900433026975033,0.06589693187248077
2014-0240-PHL,2014,Low,LGBM_T2,1,Low,0.8492669099869675,0.0995383189875342,0.05119477102549845
2014-0245-BRA,2014,Moderate,LGBM_T2,1,Low,0.6601103506990064,0.20975770086683052,0.13013194843416306
2014-0256-EGY,2014,Moderate,LGBM_T2,1,Moderate,0.04831976632252229,0.8662537854385127,0.08542644823896504
2014-0257-TWN,2014,Moderate,LGBM_T2,1,Moderate,0.055467653346892215,0.6862736623671191,0.2582586842859887
2014-0259-IND,2014,Moderate,LGBM_T2,1,Moderate,0.04108641604163185,0.7598869512570945,0.1990266327012737
2014-0268-NPL,2014,Low,LGBM_T2,1,Severe,0.06852909918384938,0.3903106421077123,0.5411602587084383
2014-0358-PHL,2014,Moderate,LGBM_T2,1,Severe,0.02565311038536648,0.31967859701845247,0.654668292596181
2014-0272-NPL,2014,Severe,LGBM_T2,1,Severe,0.15875716634375792,0.3485720063369414,0.4926708273193007
2014-0274-NGA,2014,Moderate,LGBM_T2,1,Severe,0.014371623954637553,0.3201172543680035,0.665511121677359
2014-0280-BGR,2014,Low,LGBM_T2,1,Low,0.9713616888406483,0.027732817348921118,0.0009054938104307386
2014-0281-CHN,2014,Severe,LGBM_T2,1,Low,0.5636617947266405,0.15514317457275076,0.28119503070060875
2014-0289-NER,2014,Moderate,LGBM_T2,1,Low,0.6134128447792916,0.35243772746213164,0.034149427758576885
2014-0292-CHN,2014,Moderate,LGBM_T2,1,Moderate,0.41393924874369337,0.5336088505608605,0.052451900695446085
2014-0297-PAK,2014,Moderate,LGBM_T2,1,Severe,0.06859937696193985,0.3766670652634798,0.5547335577745803
2014-0467-NPL,2014,Moderate,LGBM_T2,1,Moderate,0.003563413108180918,0.9895384041677524,0.006898182724066638
2014-0359-SVN,2014,Low,LGBM_T2,1,Low,0.9809827113221049,0.01807444848274133,0.0009428401951539154
2014-0372-LBY,2014,Moderate,LGBM_T2,1,Severe,0.007170675040857975,0.28772439016072104,0.705104934798421
2014-0381-DEU,2014,Low,LGBM_T2,1,Low,0.8951774968224779,0.10294585981963611,0.0018766433578859389
2014-0396-JPN,2014,Low,LGBM_T2,1,Low,0.6408483544558212,0.23306937035703737,0.12608227518714143
2014-0399-HTI,2014,Moderate,LGBM_T2,1,Moderate,0.003880805998887252,0.9903376705593835,0.0057815234417292185
2014-0401-CMR,2014,Moderate,LGBM_T2,1,Severe,0.24023667485305622,0.2015469611160662,0.5582163640308775
2014-0404-BGR,2014,Low,LGBM_T2,1,Low,0.9579771608824292,0.041068304194363976,0.00095453492320688
2014-0432-COD,2014,Severe,LGBM_T2,1,Moderate,0.2604463122472914,0.4537556394904722,0.28579804826223637
2014-0433-TUR,2014,Moderate,LGBM_T2,1,Moderate,0.04136933192252531,0.9343282206963524,0.024302447381122298
2014-0439-NGA,2014,Severe,LGBM_T2,1,Severe,0.04496955832204474,0.22353502356757818,0.731495418110377
2014-0440-EGY,2014,Moderate,LGBM_T2,1,Moderate,0.003223993413727321,0.9936867499042367,0.003089256682035959
2014-0442-ARG,2014,Low,LGBM_T2,1,Low,0.9319244357536982,0.0603646477965649,0.0077109164497369004
2014-0447-HND,2014,Low,LGBM_T2,1,Low,0.5486005869537666,0.30261724576233784,0.14878216728389565
2014-0450-ECU,2014,Moderate,LGBM_T2,1,Moderate,0.006422590120350851,0.9922228572220795,0.0013545526575697122
2014-0451-ESP,2014,Moderate,LGBM_T2,1,Moderate,0.007707820966432229,0.9889170932895753,0.003375085743992395
2014-0453-PRI,2014,Low,LGBM_T2,1,Low,0.8939667640341435,0.10019360693222173,0.0058396290336347745
2014-0459-USA,2014,Moderate,LGBM_T2,1,Low,0.624438298384121,0.3528098385131478,0.022751863102731158
2014-0479-PHL,2014,Moderate,LGBM_T2,1,Severe,0.196243279327522,0.13451320025549698,0.669243520416981
2014-0482-USA,2014,Low,LGBM_T2,1,Low,0.6233853616754058,0.32066554385759355,0.05594909446700063
2014-0485-COD,2014,Severe,LGBM_T2,1,Severe,0.009534159646009453,0.21756170650695048,0.77290413384704
2014-0487-JPN,2014,Moderate,LGBM_T2,1,Low,0.6054006889737633,0.2609530771089388,0.13364623391729788
2014-0488-FRA,2014,Low,LGBM_T2,1,Low,0.9569800231446455,0.03846457773055432,0.004555399124800295
2014-0490-MAR,2014,Moderate,LGBM_T2,1,Moderate,0.23101381449892427,0.7499645733899488,0.019021612111127073
2014-0492-COL,2014,Moderate,LGBM_T2,1,Moderate,0.041738315636841154,0.8001967287731868,0.15806495558997208
2014-0493-THA,2014,Low,LGBM_T2,1,Low,0.44640418456644937,0.42485167536650253,0.12874414006704799
2014-0501-PAK,2014,Moderate,LGBM_T2,1,Moderate,0.08936150733735357,0.5927199009209823,0.31791859174166415
2014-0502-ITA,2014,Moderate,LGBM_T2,1,Severe,0.027424386133609632,0.33699691560302136,0.635578698263369
2014-0503-ECU,2014,Moderate,LGBM_T2,1,Moderate,0.006134930531501891,0.9921763328468273,0.0016887366216707888
2014-0514-ZWE,2014,Moderate,LGBM_T2,1,Moderate,0.3141068756517741,0.3614704532837819,0.32442267106444406
2014-0519-JPN,2014,Moderate,LGBM_T2,1,Low,0.6054006889737633,0.2609530771089388,0.13364623391729788
2014-0536-CIV,2014,Moderate,LGBM_T2,1,Low,0.871363191761131,0.11534258176605046,0.013294226472818423
2014-0548-LKA,2014,Severe,LGBM_T2,1,Moderate,0.06601296873766513,0.8761339897989306,0.05785304146340415
2014-0561-ITA,2014,Moderate,LGBM_T2,1,Severe,0.02857219617399178,0.35232488154909525,0.619102922276913
2015-0002-PSE,2015,Low,LGBM_T2,1,Low,0.8570049356464944,0.13940078468074363,0.0035942796727620355
2015-0011-MOZ,2015,Severe,LGBM_T2,1,Low,0.6246926129437952,0.22653382850079293,0.14877355855541186
2015-0011-MWI,2015,Severe,LGBM_T2,1,Low,0.7242129762271196,0.1318362583462281,0.1439507654266524
2015-0012-CAF,2015,Severe,LGBM_T2,1,Moderate,0.01354308750321471,0.8831353828851777,0.10332152961160775
2015-0019-ESP,2015,Moderate,LGBM_T2,1,Moderate,0.03304904889251249,0.7442945659635392,0.22265638514394828
2015-0021-MYS,2015,Low,LGBM_T2,1,Low,0.8378465659324612,0.15847989872490076,0.0036735353426379626
2015-0252-VNM,2015,Low,LGBM_T2,1,Low,0.6159799054038663,0.3016144059265741,0.08240568866955951
2015-0030-ZWE,2015,Moderate,LGBM_T2,1,Low,0.6048395555346977,0.35464516915101935,0.040515275314283006
2015-0045-HTI,2015,Moderate,LGBM_T2,1,Moderate,0.12045768438548612,0.6603611365260135,0.21918117908850054
2015-0046-USA,2015,Moderate,LGBM_T2,1,Low,0.8380656976549914,0.14866577504404044,0.013268527300968232
2015-0051-BGD,2015,Moderate,LGBM_T2,1,Severe,0.013850183441705076,0.2958878610434169,0.690261955514878
2015-0059-AFG,2015,Low,LGBM_T2,1,Moderate,0.09646072695782626,0.5189640342991674,0.38457523874300636
2015-0067-CHN,2015,Moderate,LGBM_T2,1,Moderate,0.0536173399368145,0.8667350859017368,0.07964757416144878
2015-0077-IDN,2015,Low,LGBM_T2,1,Low,0.8065301988274375,0.1776319001218068,0.015837901050755776
2015-0137-RUS,2015,Moderate,LGBM_T2,1,Low,0.8144960646363972,0.13995120983766096,0.04555272552594183
2015-0444-GTM,2015,Severe,LGBM_T2,1,Moderate,0.16716366020139695,0.7872631217324076,0.04557321806619534
2015-0081-ITA,2015,Low,LGBM_T2,1,Low,0.8192622900864777,0.15556490428333347,0.025172805630188852
2015-0090-AGO,2015,Low,LGBM_T2,1,Low,0.632811256068211,0.21482730074180414,0.15236144318998493
2015-0105-CHN,2015,Low,LGBM_T2,1,Low,0.6277910493606722,0.28453107943539535,0.0876778712039324
2015-0109-BDI,2015,Moderate,LGBM_T2,1,Moderate,0.17695790407779494,0.7135080218745545,0.10953407404765063
2015-0116-HTI,2015,Low,LGBM_T2,1,Low,0.5784725611579368,0.31235992335145335,0.10916751549060998
2015-0117-ZMB,2015,Moderate,LGBM_T2,1,Moderate,0.01992071003785148,0.9770010841989473,0.003078205763201185
2015-0122-USA,2015,Moderate,LGBM_T2,1,Low,0.8355590404992778,0.15177790855100184,0.012663050949720228
2015-0123-USA,2015,Low,LGBM_T2,1,Low,0.6781917160662414,0.25187819592001176,0.06993008801374671
2015-0131-CHN,2015,Moderate,LGBM_T2,1,Moderate,0.4106830980374427,0.5519361698148433,0.037380732147713924
2015-0229-EGY,2015,Moderate,LGBM_T2,1,Moderate,0.003753522111370737,0.9925895898691226,0.0036568880195066993
2015-0138-USA,2015,Low,LGBM_T2,1,Low,0.7831664376827246,0.13251086571248546,0.08432269660478987
2015-0145-PAK,2015,Moderate,LGBM_T2,1,Moderate,0.13304254169613752,0.48154808026413826,0.3854093780397242
2015-0146-MLI,2015,Moderate,LGBM_T2,1,Moderate,0.010681483581699099,0.9505801505130653,0.03873836590523572
2015-0525-IRL,2015,Low,LGBM_T2,1,Low,0.9717002268095187,0.026046106935357253,0.0022536662551239416
2015-0151-AFG,2015,Moderate,LGBM_T2,1,Moderate,0.03921973873941694,0.8618948862010001,0.09888537505958299
2015-0153-RWA,2015,Low,LGBM_T2,1,Low,0.7580743531929727,0.2369979656097013,0.004927681197325935
2015-0160-CHN,2015,Low,LGBM_T2,1,Moderate,0.38882982016036705,0.5641481463924006,0.047022033447232214
2015-0165-TZA,2015,Moderate,LGBM_T2,1,Moderate,0.04124266837079008,0.8337071405794652,0.12505019104974466
2015-0168-CUB,2015,Low,LGBM_T2,1,Low,0.9361634168807041,0.06063757019125453,0.003199012928041322
2015-0173-COL,2015,Moderate,LGBM_T2,1,Moderate,0.0392360888320625,0.8300491095754859,0.13071480159245155
2015-0178-IND,2015,Moderate,LGBM_T2,1,Moderate,0.007272325692400157,0.9860250120916483,0.006702662215951731
2015-0231-CIV,2015,Moderate,LGBM_T2,1,Low,0.8446225830503487,0.14053909304779247,0.014838323901858857
2015-0370-HTI,2015,Moderate,LGBM_T2,1,Moderate,0.0052151961484392636,0.988705986462082,0.00607881738947885
2015-0181-IDN,2015,Moderate,LGBM_T2,1,Moderate,0.056600075482140744,0.9121360571174414,0.031263867400417866
2015-0191-EGY,2015,Moderate,LGBM_T2,1,Moderate,0.0036766832676022984,0.9929981892199462,0.0033251275124515814
2015-0195-RUS,2015,Moderate,LGBM_T2,1,Moderate,0.012712652540051618,0.6310362149392579,0.3562511325206904
2015-0196-CHN,2015,Severe,LGBM_T2,1,Moderate,0.017175305679720622,0.8189503051570398,0.1638743891632395
2015-0197-IRN,2015,Moderate,LGBM_T2,1,Moderate,0.004887815829003083,0.9912263813662421,0.0038858028047549136
2015-0434-FRA,2015,Low,LGBM_T2,1,Low,0.9183026366478191,0.07175406681170395,0.009943296540476985
2015-0198-SLV,2015,Moderate,LGBM_T2,1,Low,0.750717557734366,0.1843887222019164,0.06489372006371757
2015-0206-NZL,2015,Low,LGBM_T2,1,Low,0.8889072536125694,0.06540288763967475,0.04568985874775599
2015-0215-PAK,2015,Moderate,LGBM_T2,1,Severe,0.04685184521564544,0.27526034093298624,0.6778878138513683
2015-0526-AZE,2015,Moderate,LGBM_T2,1,Moderate,0.037625154170376755,0.9548309343263651,0.007543911503257986
2015-0263-POL,2015,Low,LGBM_T2,1,Low,0.8468884288797222,0.13533394132715432,0.017777629793123587
2015-0266-RUS,2015,Moderate,LGBM_T2,1,Moderate,0.006096406288476342,0.9843966800181411,0.009506913693382586
2015-0279-PHL,2015,Low,LGBM_T2,1,Low,0.7010579992149601,0.2180605399930058,0.08088146079203398
2015-0283-PHL,2015,Moderate,LGBM_T2,1,Low,0.7057922307944143,0.21043101828090055,0.0837767509246851
2015-0289-LBY,2015,Moderate,LGBM_T2,1,Severe,0.009284937376518136,0.21877685558239418,0.7719382070410876
2015-0303-CHN,2015,Moderate,LGBM_T2,1,Moderate,0.2117241426486884,0.4016888450360754,0.38658701231523623
2015-0304-ITA,2015,Moderate,LGBM_T2,1,Moderate,0.20000312593861175,0.6139645536903199,0.18603232037106837
2015-0371-PHL,2015,Moderate,LGBM_T2,1,Severe,0.36923171588632764,0.18559552976098262,0.44517275435268966
2015-0306-NPL,2015,Moderate,LGBM_T2,1,Moderate,0.05141541047009984,0.5489504876892431,0.399634101840657
2015-0319-GNB,2015,Moderate,LGBM_T2,1,Moderate,0.37977975238093004,0.5951054121788838,0.02511483544018615
2015-0334-CHN,2015,Low,LGBM_T2,1,Moderate,0.4137886092061846,0.5393957148099244,0.04681567598389093
2015-0338-CHL,2015,Low,LGBM_T2,1,Low,0.9064553534900958,0.0907199235849983,0.002824722924905962
2015-0350-CHN,2015,Moderate,LGBM_T2,1,Moderate,0.021470734194615048,0.8778589440028703,0.10067032180251462
2015-0352-CAF,2015,Low,LGBM_T2,1,Low,0.8664036860832457,0.12084549720897088,0.012750816707783502
2015-0359-PHL,2015,Low,LGBM_T2,1,Low,0.6990416488435156,0.2159270928907605,0.08503125826572393
2015-0362-IDN,2015,Moderate,LGBM_T2,1,Moderate,0.0256118117640303,0.8053549091055056,0.1690332791304642
2015-0366-HTI,2015,Severe,LGBM_T2,1,Moderate,0.1905990256008778,0.4834005761145082,0.3260003982846141
2015-0375-HTI,2015,Low,LGBM_T2,1,Low,0.7437921051038655,0.1568949771614066,0.09931291773472792
2015-0377-LBY,2015,Severe,LGBM_T2,1,Severe,0.010042644475481435,0.26682354606143627,0.7231338094630823
2015-0525-GBR,2015,Low,LGBM_T2,1,Low,0.9551701637651745,0.03686310226706436,0.007966733967761236
2015-0385-COD,2015,Low,LGBM_T2,1,Low,0.638240656911041,0.23668713898565338,0.12507220410330558
2015-0393-SDN,2015,Moderate,LGBM_T2,1,Severe,0.049900798808508555,0.2600972363723218,0.6900019648191696
2015-0400-USA,2015,Low,LGBM_T2,1,Low,0.8683525105874809,0.12002917564839183,0.011618313764127261
2015-0401-USA,2015,Low,LGBM_T2,1,Low,0.9520099988630044,0.04239877688618364,0.005591224250811893
2015-0426-MYS,2015,Moderate,LGBM_T2,1,Moderate,0.006938773330273983,0.9859944912798914,0.007066735389834676
2015-0428-GIN,2015,Low,LGBM_T2,1,Moderate,0.056533153475309156,0.8817360811451891,0.061730765379501604
2015-0430-CIV,2015,Moderate,LGBM_T2,1,Moderate,0.005668328976250064,0.9900786382632527,0.004253032760497173
2015-0446-SLV,2015,Low,LGBM_T2,1,Low,0.6912430785246941,0.24708627874367067,0.0616706427316351
2015-0447-ESP,2015,Low,LGBM_T2,1,Low,0.8647282953159383,0.12195834546730133,0.013313359216760162
2015-0448-NGA,2015,Moderate,LGBM_T2,1,Severe,0.044989793020324895,0.278653117252862,0.6763570897268131
2015-0449-MMR,2015,Moderate,LGBM_T2,1,Moderate,0.049566463431138526,0.8679442599643793,0.08248927660448215
2015-0454-PAK,2015,Moderate,LGBM_T2,1,Moderate,0.08089717852103846,0.6081715585953772,0.3109312628835843
2015-0455-MMR,2015,Moderate,LGBM_T2,1,Moderate,0.04679419730686308,0.8744640552038309,0.07874174748930599
2015-0461-TUR,2015,Moderate,LGBM_T2,1,Moderate,0.005781030492097662,0.9916735851614005,0.0025453843465018315
2015-0463-FRA,2015,Moderate,LGBM_T2,1,Moderate,0.011112778177248464,0.9833505651309109,0.005536656691840613
2015-0465-ITA,2015,Low,LGBM_T2,1,Low,0.7481765227956866,0.16722809670400796,0.0845953805003054
2015-0475-AFG,2015,Moderate,LGBM_T2,1,Moderate,0.02103738791616025,0.8179997472924231,0.1609628647914168
2015-0480-GIN,2015,Low,LGBM_T2,1,Low,0.7464834627813711,0.22232697935113027,0.03118955786749849
2015-0604-IND,2015,Moderate,LGBM_T2,1,Moderate,0.08825553568600981,0.8387078173439623,0.0730366469700279
2015-0622-EGY,2015,Moderate,LGBM_T2,1,Moderate,0.060361895869806996,0.8030184462148177,0.13661965791537534
2015-0513-RUS,2015,Moderate,LGBM_T2,1,Moderate,0.006627314743090143,0.9126579448719907,0.0807147403849192
2015-0516-MMR,2015,Severe,LGBM_T2,1,Moderate,0.038089942546405624,0.8682519360859027,0.09365812136769171
2015-0534-CHN,2015,Low,LGBM_T2,1,Moderate,0.39114499281511794,0.519455084542278,0.08939992264260405
2015-0537-RUS,2015,Moderate,LGBM_T2,1,Moderate,0.043587237084746225,0.6016309592627438,0.35478180365250994
2015-0538-IDN,2015,Moderate,LGBM_T2,1,Severe,0.01978088712454089,0.4763018165554568,0.5039172963200024
2015-0551-URY,2015,Low,LGBM_T2,1,Low,0.9488275752847984,0.049052544829576175,0.0021198798856255025
2015-0555-TUR,2015,Moderate,LGBM_T2,1,Moderate,0.011044904195031421,0.9591601120954373,0.029794983709531205
2015-0559-AFG,2015,Moderate,LGBM_T2,1,Moderate,0.004150868501905731,0.9756171393554806,0.020231992142613647
2015-0563-UGA,2015,Moderate,LGBM_T2,1,Moderate,0.06504960449360347,0.7876415990448868,0.14730879646150957
2015-0565-USA,2015,Moderate,LGBM_T2,1,Low,0.8685023285416045,0.11495490684214567,0.01654276461624988
2015-0571-PAK,2015,Low,LGBM_T2,1,Severe,0.16818507560824517,0.14736290342654182,0.684452020965213
2015-0578-BDI,2015,Moderate,LGBM_T2,1,Low,0.709597676254473,0.2121670022954496,0.07823532145007737
2015-0591-VNM,2015,Moderate,LGBM_T2,1,Moderate,0.01974598960825935,0.940838245373969,0.03941576501777156
2015-0592-CHN,2015,Moderate,LGBM_T2,1,Moderate,0.018535881453621436,0.8871670743644658,0.09429704418191269
2015-0593-CHN,2015,Moderate,LGBM_T2,1,Moderate,0.024872206257138804,0.9086623030390331,0.06646549070382833
2015-9410-PNG,2015,Moderate,LGBM_T2,1,Low,0.4945405531581588,0.20438947167873586,0.30106997516310535
2014-0452-ECU,2014,Moderate,LGBM_T2,1,Moderate,0.008630956949687022,0.9900639107513155,0.0013051322989975954
2014-0293-PER,2014,Moderate,LGBM_T2,1,Moderate,0.005925642108482312,0.9895947256490926,0.004479632242425086
2014-0121-KOR,2014,Severe,LGBM_T2,1,Moderate,0.022579033579145057,0.8887124548213705,0.08870851159948445
2014-0185-AFG,2014,Moderate,LGBM_T2,1,Moderate,0.1065487965623165,0.6991306934827003,0.19432050995498315
2014-0299-IDN,2014,Moderate,LGBM_T2,1,Moderate,0.0195643266524721,0.7014371256865044,0.2789985476610235
2014-0356-PER,2014,Moderate,LGBM_T2,1,Moderate,0.004711139407568893,0.9912894826561045,0.00399937793632658
2014-0305-BGD,2014,Severe,LGBM_T2,1,Severe,0.00775606904058058,0.1915890564411823,0.8006548745182371
2014-0036-COL,2014,Moderate,LGBM_T2,1,Moderate,0.19022930977599636,0.6409707501231627,0.16879994010084085
2014-0361-IDN,2014,Moderate,LGBM_T2,1,Moderate,0.016735493212673588,0.7347077566391513,0.24855675014817522
2014-0002-BRA,2014,Moderate,LGBM_T2,1,Low,0.6532143858072036,0.21997944064744823,0.12680617354534812
2014-0008-ESP,2014,Low,LGBM_T2,1,Low,0.8550493658694711,0.13771089768982164,0.007239736440707209
2014-0010-AUS,2014,Severe,LGBM_T2,1,Severe,0.10075860318341828,0.05654269217700747,0.8426987046395742
2014-0013-DZA,2014,Moderate,LGBM_T2,1,Moderate,0.003461328449098631,0.9932535776963426,0.0032850938545587734
2014-0014-CHN,2014,Moderate,LGBM_T2,1,Moderate,0.07641502004558264,0.7661587609581885,0.15742621899622902
2014-0015-IND,2014,Moderate,LGBM_T2,1,Moderate,0.007580512511290458,0.9842122797913975,0.008207207697312006
2014-0027-FRA,2014,Low,LGBM_T2,1,Low,0.95828976561832,0.03775313650502779,0.003957097876652265
2014-0030-ROU,2014,Moderate,LGBM_T2,1,Moderate,0.25941815541316626,0.7253246246584582,0.015257219928375634
2014-0034-IDN,2014,Moderate,LGBM_T2,1,Moderate,0.0872515364804489,0.8712591163139998,0.04148934720555128
2014-0042-TZA,2014,Low,LGBM_T2,1,Low,0.7509972686677833,0.1625312088663688,0.08647152246584791
2014-0043-UKR,2014,Moderate,LGBM_T2,1,Moderate,0.19189214208565372,0.6900276633950383,0.11808019451930808
2014-0045-ITA,2014,Low,LGBM_T2,1,Low,0.8017030193247215,0.16878857647630882,0.029508404198969745
2014-0047-IND,2014,Moderate,LGBM_T2,1,Severe,0.06841374626697468,0.154969940673845,0.7766163130591804
2014-0056-IDN,2014,Moderate,LGBM_T2,1,Low,0.5338327287410919,0.42897452242728834,0.037192748831619805
2014-0076-TUN,2014,Moderate,LGBM_T2,1,Moderate,0.01436394045467552,0.6874798226611787,0.2981562368841459
2014-0079-THA,2014,Moderate,LGBM_T2,1,Moderate,0.008977150472267825,0.9875572833095666,0.0034655662181655496
2014-0084-AFG,2014,Moderate,LGBM_T2,1,Moderate,0.15551433056869546,0.7604356496995761,0.08405001973172857
2014-0085-CHN,2014,Moderate,LGBM_T2,1,Low,0.5677360717042347,0.3670603952796758,0.06520353301608947
2014-0088-MYS,2014,Severe,LGBM_T2,1,Moderate,0.012300692510372939,0.9669699028271499,0.020729404662477198
2014-0093-UGA,2014,Severe,LGBM_T2,1,Moderate,0.022031415142026185,0.9005985125229358,0.07737007233503786
2014-0098-THA,2014,Moderate,LGBM_T2,1,Moderate,0.008720341115546081,0.9884103048917946,0.0028693539926594297
2014-0099-ZAF,2014,Moderate,LGBM_T2,1,Low,0.5664604063140228,0.3566406104087309,0.07689898327724631
2014-0106-IND,2014,Moderate,LGBM_T2,1,Moderate,0.2718722782213288,0.6024774273264097,0.12565029445226147
2014-0114-EGY,2014,Moderate,LGBM_T2,1,Moderate,0.0034907666743498856,0.9944473568239196,0.002061876501730655
2014-0116-RUS,2014,Moderate,LGBM_T2,1,Moderate,0.07098170332669224,0.7382335798662873,0.19078471680702042
2014-0118-CHL,2014,Moderate,LGBM_T2,1,Low,0.9030945584413524,0.08897998988164287,0.007925451677004779
2014-0134-AFG,2014,Severe,LGBM_T2,1,Moderate,0.05789760815520352,0.786885530398887,0.15521686144590946
2014-0146-TUR,2014,Moderate,LGBM_T2,1,Moderate,0.15480922942107112,0.8129272844046046,0.032263486174324355
2014-0148-UGA,2014,Moderate,LGBM_T2,1,Moderate,0.022031415142026185,0.9005985125229358,0.07737007233503786
2014-0151-GRC,2014,Moderate,LGBM_T2,1,Moderate,0.01926462266605959,0.9506034496738053,0.030131927660135126
2014-0152-GRC,2014,Moderate,LGBM_T2,1,Moderate,0.0179527482793311,0.9429776572498643,0.039069594470804735
2014-0158-SLE,2014,Moderate,LGBM_T2,1,Moderate,0.006296158625591291,0.9772502572461659,0.01645358412824282
2014-0161-LBY,2014,Moderate,LGBM_T2,1,Severe,0.006294922790821214,0.13665364064253127,0.8570514365666475
2014-0163-TGO,2014,Moderate,LGBM_T2,1,Moderate,0.004870476771320035,0.9923089817374879,0.0028205414911920026
2014-0165-USA,2014,Low,LGBM_T2,1,Low,0.9436969284377312,0.05129605148569944,0.005007020076569396
2014-0169-YEM,2014,Moderate,LGBM_T2,1,Moderate,0.006452582942982668,0.9845621124276617,0.008985304629355812
2014-0170-RUS,2014,Moderate,LGBM_T2,1,Moderate,0.0061714439436363,0.9851198202808491,0.008708735775514589
2014-0171-IRN,2014,Moderate,LGBM_T2,1,Severe,0.31549449410140473,0.2933972107841038,0.3911082951144914
2014-0179-CHN,2014,Moderate,LGBM_T2,1,Moderate,0.023208833957617202,0.8876296232520944,0.08916154279028837
2014-0180-CHN,2014,Moderate,LGBM_T2,1,Moderate,0.0593300656717688,0.474956386326505,0.4657135480017263
2014-0186-IDN,2014,Moderate,LGBM_T2,1,Moderate,0.0215622223053913,0.9449642186456148,0.03347355904899393
2014-0188-BRA,2014,Moderate,LGBM_T2,1,Low,0.6831331912808482,0.19952032725005037,0.11734648146910155
2014-0193-RUS,2014,Low,LGBM_T2,1,Low,0.5424541454154892,0.23528793733596154,0.22225791724854932
2014-0194-PER,2014,Moderate,LGBM_T2,1,Moderate,0.011603743555274937,0.8488911096724525,0.13950514677227266
2014-0203-VNM,2014,Moderate,LGBM_T2,1,Moderate,0.041521618564041865,0.845910861928585,0.11256751950737301
2014-0238-MAR,2014,Moderate,LGBM_T2,1,Moderate,0.08185507772851147,0.9085830852395544,0.00956183703193406
2014-0252-ITA,2014,Low,LGBM_T2,1,Low,0.8060689458019841,0.14016074772033105,0.053770306477685055
2014-0207-IND,2014,Moderate,LGBM_T2,1,Moderate,0.01805272095421883,0.7686078468346272,0.21333943221115406
2014-0214-CHN,2014,Moderate,LGBM_T2,1,Moderate,0.32996144635407415,0.6292810994210013,0.04075745422492451
2014-0223-COD,2014,Moderate,LGBM_T2,1,Severe,0.013099955820336719,0.2611088194174547,0.7257912247622086
2014-0224-MYS,2014,Moderate,LGBM_T2,1,Moderate,0.00878222754411166,0.9821672071192474,0.009050565336641093
2014-0235-SSD,2014,Severe,LGBM_T2,1,Low,0.5255218295644302,0.41717971132754383,0.057298459108025994
2014-0237-CIV,2014,Moderate,LGBM_T2,1,Low,0.863605314497848,0.12309780307418605,0.013296882427965796
2014-0264-SDN,2014,Moderate,LGBM_T2,1,Moderate,0.33925866755102957,0.4997246659687313,0.161016666480239
2014-0270-IND,2014,Severe,LGBM_T2,1,Moderate,0.03148212085900962,0.7858928217213013,0.18262505741968912
2014-0271-JPN,2014,Moderate,LGBM_T2,1,Moderate,0.12130127086297586,0.8358546944542289,0.042844034682795344
2014-0280-ROU,2014,Low,LGBM_T2,1,Low,0.8503834040700394,0.1471428100388891,0.0024737858910715217
2014-0290-BGD,2014,Moderate,LGBM_T2,1,Severe,0.0867495464466317,0.19093077071997477,0.7223196828333935
2014-0306-BIH,2014,Low,LGBM_T2,1,Low,0.9395379358909678,0.05619280872182267,0.004269255387209632
2014-0310-USA,2014,Low,LGBM_T2,1,Low,0.7967556763193626,0.16758761115932563,0.03565671252131182
2014-0321-CHN,2014,Moderate,LGBM_T2,1,Severe,0.07754657781585401,0.22626591178599628,0.6961875103981497
2014-0323-CHN,2014,Moderate,LGBM_T2,1,Severe,0.07153018317350451,0.3783493045451457,0.5501205122813497
2014-0329-SRB,2014,Low,LGBM_T2,1,Low,0.9505068286113514,0.04606666484293815,0.003426506545710478
2014-0335-SSD,2014,Moderate,LGBM_T2,1,Moderate,0.0028805674146042443,0.9959945244835842,0.0011249081018113469
2014-0336-JPN,2014,Moderate,LGBM_T2,1,Low,0.563178005543272,0.39377396785192126,0.043048026604806555
2014-0395-GIN,2014,Moderate,LGBM_T2,1,Moderate,0.0044858573040681,0.8943640956581927,0.10115004703773921
2014-0337-CHN,2014,Moderate,LGBM_T2,1,Moderate,0.033562410743854826,0.651718363318618,0.3147192259375272
2014-0339-DZA,2014,Moderate,LGBM_T2,1,Moderate,0.0030746446305512237,0.9940540966191868,0.0028712587502619452
2014-0341-COL,2014,Moderate,LGBM_T2,1,Moderate,0.06869703232183907,0.8020888356318664,0.12921413204629437
2014-0344-CHN,2014,Moderate,LGBM_T2,1,Moderate,0.22556602232477868,0.43206181571497326,0.34237216196024817
2014-0353-HTI,2014,Moderate,LGBM_T2,1,Moderate,0.004829127725594333,0.9888225119920097,0.0063483602823960535
2014-0368-BGR,2014,Low,LGBM_T2,1,Low,0.9345920779081918,0.0629320452151024,0.0024758768767059
2014-0385-MEX,2014,Low,LGBM_T2,1,Low,0.4306786744231833,0.36469706836211835,0.20462425721469837
2014-0392-IND,2014,Moderate,LGBM_T2,1,Severe,0.07808680612880568,0.4032996362927341,0.5186135575784603
2014-0402-LKA,2014,Low,LGBM_T2,1,Moderate,0.0714106814437086,0.8687827939880788,0.0598065245682127
2014-0406-CHN,2014,Moderate,LGBM_T2,1,Severe,0.07643892290237371,0.3669800294921885,0.5565810476054378
2014-0551-IND,2014,Low,LGBM_T2,1,Moderate,0.23866753761826892,0.6960352959251772,0.06529716645655388
2014-0416-NPL,2014,Moderate,LGBM_T2,1,Moderate,0.12398140631312132,0.697598580943733,0.1784200127431457
2014-0434-LKA,2014,Moderate,LGBM_T2,1,Moderate,0.06955976710002507,0.8705144987393655,0.05992573416060955
2014-0435-COL,2014,Moderate,LGBM_T2,1,Moderate,0.07319038191196635,0.8057075098333323,0.1211021082547015
2014-0436-HND,2014,Moderate,LGBM_T2,1,Moderate,0.0037087391759648893,0.9880137177398747,0.008277543084160502
2014-0444-USA,2014,Low,LGBM_T2,1,Low,0.881847927486912,0.10917782749145136,0.008974245021636828
2014-0458-ITA,2014,Low,LGBM_T2,1,Low,0.8045734391127021,0.17416163566733034,0.021264925219967624
2014-0460-ZWE,2014,Moderate,LGBM_T2,1,Moderate,0.11628124710116786,0.7709927598425454,0.11272599305628665
2014-0466-NPL,2014,Moderate,LGBM_T2,1,Moderate,0.0035169578803964743,0.9897804775124524,0.006702564607151207
2014-0473-IDN,2014,Low,LGBM_T2,1,Low,0.6911418608029747,0.2670560153493555,0.041802123847669834
2014-0480-YEM,2014,Moderate,LGBM_T2,1,Moderate,0.0053429671744805035,0.9851714768479636,0.009485555977555819
2014-0486-ECU,2014,Moderate,LGBM_T2,1,Moderate,0.02261759548442667,0.9706296733921335,0.006752731123439769
2014-0489-RUS,2014,Moderate,LGBM_T2,1,Moderate,0.009436814699830582,0.4965742223866481,0.4939889629135211
2014-0498-COD,2014,Moderate,LGBM_T2,1,Severe,0.009534159646009453,0.21756170650695048,0.77290413384704
2014-0505-COL,2014,Moderate,LGBM_T2,1,Severe,0.08879030492262381,0.29749402450665574,0.6137156705707203
2014-0518-SWZ,2014,Moderate,LGBM_T2,1,Low,0.8776549559561857,0.11490082256762989,0.00744422147618445
2015-0351-CHN,2015,Moderate,LGBM_T2,1,Moderate,0.030095529594544954,0.8993741182400896,0.07053035216536549
2014-0520-IND,2014,Moderate,LGBM_T2,1,Severe,0.017794569958442627,0.10143886881123053,0.8807665612303267
2014-0527-COD,2014,Moderate,LGBM_T2,1,Moderate,0.015549015570212231,0.8560010751430601,0.12844990928672778
2014-0531-IND,2014,Moderate,LGBM_T2,1,Moderate,0.004659320887077988,0.9865535080849661,0.008787171027955865
2014-0552-CHN,2014,Severe,LGBM_T2,1,Moderate,0.43913099125187544,0.4698023255142431,0.09106668323388137
2014-0576-IDN,2014,Moderate,LGBM_T2,1,Moderate,0.02342414212458491,0.9414876083972997,0.03508824947811535
2014-0578-JPN,2014,Moderate,LGBM_T2,1,Severe,0.05505581893495046,0.1482634559161052,0.7966807251489443
2014-0582-KEN,2014,Moderate,LGBM_T2,1,Moderate,0.19337695299969496,0.5519770009914122,0.2546460460088928
2015-0356-ITA,2015,Moderate,LGBM_T2,1,Severe,0.03004491217050076,0.33961387017135675,0.6303412176581424
2015-0002-SYR,2015,Low,LGBM_T2,1,Low,0.7683746645247415,0.22407058053110265,0.007554754944155794
2015-0013-CHN,2015,Moderate,LGBM_T2,1,Moderate,0.016891220147339542,0.9125802451960322,0.07052853465662817
2015-0016-MDG,2015,Moderate,LGBM_T2,1,Low,0.47353632387977485,0.2566363965097241,0.269827279610501
2015-0018-MEX,2015,Moderate,LGBM_T2,1,Moderate,0.004828445888996388,0.9906119540092618,0.004559600101741631
2015-0020-PER,2015,Moderate,LGBM_T2,1,Moderate,0.00977346824785601,0.9347961632792212,0.055430368472922716
2015-0040-TWN,2015,Moderate,LGBM_T2,1,Moderate,0.048373509191955225,0.7023676634989684,0.24925882730907636
2015-0044-ARG,2015,Low,LGBM_T2,1,Low,0.8638960086126523,0.12860682852295965,0.007497162864388017
2015-0050-ZAF,2015,Moderate,LGBM_T2,1,Moderate,0.11620288108948926,0.8536846096963242,0.030112509214186362
2015-0112-IDN,2015,Moderate,LGBM_T2,1,Moderate,0.386568442256631,0.5866407018168429,0.026790855926525987
2015-0410-FRA,2015,Severe,LGBM_T2,1,Severe,0.125487993527748,0.1156500372068155,0.7588619692654365
2015-0416-CHN,2015,Moderate,LGBM_T2,1,Moderate,0.020088883693751263,0.9615343640243357,0.01837675228191316
2015-0060-DOM,2015,Low,LGBM_T2,1,Low,0.8411349210284005,0.06113687046506214,0.0977282085065375
2015-0064-ITA,2015,Moderate,LGBM_T2,1,Severe,0.03376030913199676,0.3587008155357946,0.6075388753322087
2015-0072-USA,2015,Moderate,LGBM_T2,1,Low,0.7987348959924785,0.1856133343002495,0.015651769707271997
2015-0075-AGO,2015,Low,LGBM_T2,1,Low,0.6824905084177584,0.15263653651395498,0.16487295506828656
2015-0076-IDN,2015,Low,LGBM_T2,1,Low,0.8273060912841258,0.1552472974244289,0.017446611291445303
2015-0208-BRA,2015,Low,LGBM_T2,1,Low,0.5565629365794836,0.20594673731143548,0.23749032610908105
2015-0079-AUS,2015,Low,LGBM_T2,1,Low,0.8938396936810942,0.047738602056670534,0.058421704262235356
2015-0084-TZA,2015,Moderate,LGBM_T2,1,Moderate,0.005178467939343707,0.9894127863607156,0.005408745699940757
2015-0089-RUS,2015,Moderate,LGBM_T2,1,Moderate,0.07989522886416726,0.8141666434925012,0.10593812764333137
2015-0094-MMR,2015,Moderate,LGBM_T2,1,Severe,0.012800685942958119,0.4578459116194536,0.5293534024375882
2015-0118-BGD,2015,Moderate,LGBM_T2,1,Low,0.4982871092528315,0.422488656508557,0.07922423423861152
2015-0118-MMR,2015,Low,LGBM_T2,1,Moderate,0.4105624332826846,0.5350983479725664,0.054339218744748945
2015-0130-SAU,2015,Moderate,LGBM_T2,1,Moderate,0.4163615396506688,0.5046675445855736,0.07897091576375756
2015-0147-LBY,2015,Severe,LGBM_T2,1,Severe,0.006042985271991124,0.14311099160242358,0.8508460231255852
2015-0149-ZAF,2015,Low,LGBM_T2,1,Low,0.5705742389720202,0.4053963051650386,0.02402945586294116
2015-0150-SAU,2015,Moderate,LGBM_T2,1,Moderate,0.02786152675930926,0.8693809305572228,0.10275754268346812
2015-0158-KEN,2015,Moderate,LGBM_T2,1,Low,0.5872886005860043,0.2950678950843706,0.11764350432962513
2015-0167-KAZ,2015,Moderate,LGBM_T2,1,Moderate,0.004739861069346917,0.9943785790635744,0.0008815598670785388
2015-0171-COL,2015,Moderate,LGBM_T2,1,Moderate,0.10034187974914502,0.7452462177195994,0.15441190253125558
2015-0174-USA,2015,Low,LGBM_T2,1,Low,0.6078902018068695,0.34781709866017385,0.04429269953295658
2015-0175-CHN,2015,Low,LGBM_T2,1,Severe,0.20985269709715254,0.12720417210822024,0.6629431307946272
2015-0175-IND,2015,Moderate,LGBM_T2,1,Severe,0.18611693755851091,0.10046493672037411,0.7134181257211151
2015-0205-TZA,2015,Moderate,LGBM_T2,1,Low,0.5020948392497415,0.3363353691892026,0.16156979156105594
2015-0177-USA,2015,Low,LGBM_T2,1,Low,0.7852737267987541,0.14792160458733228,0.06680466861391371
2015-0180-USA,2015,Low,LGBM_T2,1,Low,0.7852737267987541,0.14792160458733228,0.06680466861391371
2015-0184-PRY,2015,Low,LGBM_T2,1,Low,0.938751319170828,0.05475694814034479,0.006491732688827215
2015-0287-CMR,2015,Low,LGBM_T2,1,Low,0.7476476572627345,0.20757179176215113,0.044780550975114464
2015-0597-IND,2015,Moderate,LGBM_T2,1,Severe,0.04249309837685142,0.2731355541326322,0.6843713474905163
2015-0185-CHN,2015,Moderate,LGBM_T2,1,Moderate,0.06327031408513992,0.5291580200025955,0.40757166591226457
2015-0187-MEX,2015,Moderate,LGBM_T2,1,Low,0.6939847012450553,0.25562101289464445,0.0503942858603003
2015-0192-SYR,2015,Moderate,LGBM_T2,1,Moderate,0.1161046236440421,0.8616045815438952,0.022290794812062795
2015-0193-NGA,2015,Moderate,LGBM_T2,1,Moderate,0.004819377088408117,0.9771297362413811,0.018050886670210913
2015-0216-MYS,2015,Moderate,LGBM_T2,1,Low,0.8587695257210611,0.12993313818228014,0.011297336096658667
2015-0228-EGY,2015,Moderate,LGBM_T2,1,Moderate,0.003753522111370737,0.9925895898691226,0.0036568880195066993
2015-0230-TUN,2015,Moderate,LGBM_T2,1,Moderate,0.38049720793964115,0.4800330363179448,0.13946975574241402
2015-0234-RUS,2015,Moderate,LGBM_T2,1,Moderate,0.006107040194584622,0.9854276901509621,0.00846526965445352
2015-0242-NGA,2015,Moderate,LGBM_T2,1,Severe,0.014234103753193637,0.27794873594329383,0.7078171603035125
2015-0243-BGD,2015,Moderate,LGBM_T2,1,Severe,0.06582480183843832,0.34292296890797846,0.5912522292535832
2015-0248-CHN,2015,Moderate,LGBM_T2,1,Severe,0.054569083461091246,0.44525331390915923,0.5001776026297494
2015-0253-IND,2015,Moderate,LGBM_T2,1,Severe,0.06895485433711397,0.3235651773382406,0.6074799683246455
2015-0258-IRN,2015,Moderate,LGBM_T2,1,Severe,0.1642798282622712,0.23763610261479515,0.5980840691229337
2015-0267-IDN,2015,Severe,LGBM_T2,1,Moderate,0.024739415820313134,0.8109728090262531,0.16428777515343368
2015-0268-IND,2015,Moderate,LGBM_T2,1,Moderate,0.005869187606254119,0.9864753518122958,0.007655460581450183
2015-0269-PER,2015,Moderate,LGBM_T2,1,Moderate,0.0051751567240539715,0.9909497042413244,0.0038751390346214594
2015-0270-PHL,2015,Moderate,LGBM_T2,1,Severe,0.027169904917125162,0.29885331326758585,0.673976781815289
2015-0274-GRC,2015,Moderate,LGBM_T2,1,Moderate,0.016907348096635997,0.93844224380998,0.044650408093383914
2015-0285-BRA,2015,Low,LGBM_T2,1,Low,0.826573360429471,0.11237298384772286,0.06105365572280616
2015-0347-BGD,2015,Moderate,LGBM_T2,1,Severe,0.09896488103433496,0.4364052477598376,0.46462987120582755
2015-0291-PAK,2015,Severe,LGBM_T2,1,Severe,0.1058983738867627,0.17645279093847838,0.717648835174759
2015-0292-VNM,2015,Moderate,LGBM_T2,1,Moderate,0.326749442196483,0.5962967991637492,0.0769537586397678
2015-0295-EGY,2015,Moderate,LGBM_T2,1,Moderate,0.03429646003400027,0.8376805714591836,0.12802296850681616
2015-0305-MEX,2015,Moderate,LGBM_T2,1,Moderate,0.004236486031200348,0.9897498962234264,0.006013617745373265
2015-0312-USA,2015,Low,LGBM_T2,1,Low,0.9556367069178178,0.039196127668617305,0.005167165413564832
2015-0318-MKD,2015,Low,LGBM_T2,1,Low,0.9501693700117723,0.04574391670728226,0.004086713280945431
2015-0323-PHL,2015,Low,LGBM_T2,1,Low,0.49931227070885215,0.29448052004608544,0.2062072092450625
2015-0342-EGY,2015,Severe,LGBM_T2,1,Severe,0.09513181622309366,0.367139504198636,0.5377286795782703
2015-0369-LBY,2015,Moderate,LGBM_T2,1,Severe,0.009977355574902909,0.26508888184890284,0.7249337625761944
2015-0389-SAU,2015,Moderate,LGBM_T2,1,Moderate,0.06523439787956092,0.8708244480126439,0.06394115410779516
2015-0392-SDN,2015,Moderate,LGBM_T2,1,Moderate,0.2807665557052915,0.5629901799101563,0.15624326438455213
2015-0395-CHN,2015,Moderate,LGBM_T2,1,Moderate,0.2024465744987203,0.3994938865277278,0.39805953897355195
2015-0409-KOR,2015,Moderate,LGBM_T2,1,Low,0.5113708597883468,0.3413611266855517,0.14726801352610155
2015-0410-BEL,2015,Severe,LGBM_T2,1,Severe,0.19424345900160542,0.10464643327479184,0.7011101077236028
2015-0421-USA,2015,Low,LGBM_T2,1,Low,0.9103194564414187,0.0709316456755716,0.018748897883009766
2015-0425-IRN,2015,Moderate,LGBM_T2,1,Moderate,0.004676139191854718,0.99152244354682,0.0038014172613253317
2015-0437-DZA,2015,Moderate,LGBM_T2,1,Moderate,0.21438759481077269,0.7227595610427513,0.06285284414647609
2015-0438-IRN,2015,Moderate,LGBM_T2,1,Low,0.6002210456819012,0.296184627328856,0.10359432698924281
2015-0443-TUR,2015,Moderate,LGBM_T2,1,Moderate,0.009179053131946004,0.9699575698657599,0.020863377002294084
2015-0456-JPN,2015,Low,LGBM_T2,1,Low,0.8711796652640399,0.10755661885646924,0.021263715879490774
2015-0460-LAO,2015,Low,LGBM_T2,1,Low,0.7041375818615393,0.2819805633229757,0.013881854815484894
2015-0460-VNM,2015,Low,LGBM_T2,1,Moderate,0.3655804479611572,0.3919042077420866,0.2425153442967562
2015-0470-MEX,2015,Moderate,LGBM_T2,1,Severe,0.35887328916851585,0.24415791289627034,0.3969687979352139
2015-0483-GRC,2015,Moderate,LGBM_T2,1,Moderate,0.01261455744286291,0.950655602995878,0.03672983956125908
2015-0489-BRA,2015,Low,LGBM_T2,1,Low,0.585946138319499,0.3212283007812686,0.09282556089923223
2015-0490-CHN,2015,Moderate,LGBM_T2,1,Low,0.7064910737849942,0.23515762684412128,0.05835129937088447
2015-0491-CHN,2015,Moderate,LGBM_T2,1,Moderate,0.41130784379625673,0.5466971469873292,0.041995009216414005
2015-0493-PAK,2015,Moderate,LGBM_T2,1,Moderate,0.014149074781689955,0.7604611518448505,0.2253897733734595
2015-0499-IRN,2015,Low,LGBM_T2,1,Moderate,0.3613278257551799,0.43039090072943953,0.20828127351538053
2015-0613-USA,2015,Low,LGBM_T2,1,Low,0.9103194564414187,0.0709316456755716,0.018748897883009766
2015-0504-IND,2015,Severe,LGBM_T2,1,Severe,0.11467904355150627,0.4167493603463321,0.4685715961021615
2015-0505-PAK,2015,Moderate,LGBM_T2,1,Moderate,0.05230336345712758,0.6117504516723863,0.33594618487048616
2015-0510-CHN,2015,Moderate,LGBM_T2,1,Moderate,0.038780867881892105,0.7693064839963344,0.19191264812177355
2015-0519-ZAF,2015,Moderate,LGBM_T2,1,Moderate,0.008245157694731893,0.9891131357070048,0.0026417065982633904
2015-0520-ZAF,2015,Low,LGBM_T2,1,Moderate,0.34623142609851043,0.6127562098182648,0.0410123640832248
2015-0523-SEN,2015,Moderate,LGBM_T2,1,Moderate,0.009187967112855414,0.9807803963121817,0.010031636574962996
2015-0524-IDN,2015,Moderate,LGBM_T2,1,Moderate,0.08870644973359326,0.8006856314231822,0.11060791884322457
2015-0530-LKA,2015,Low,LGBM_T2,1,Low,0.4716477235360961,0.41412358018787704,0.11422869627602683
2015-0531-USA,2015,Moderate,LGBM_T2,1,Low,0.608925763855463,0.36920815188666445,0.02186608425787251
2015-0533-CHN,2015,Moderate,LGBM_T2,1,Moderate,0.11685205607639554,0.5209638655543094,0.362184078369295
2015-0540-TZA,2015,Severe,LGBM_T2,1,Low,0.6218494204511816,0.23692437791366594,0.14122620163515243
2015-0541-TZA,2015,Moderate,LGBM_T2,1,Low,0.6168811392494248,0.25505627464976766,0.12806258610080754
2015-0551-PRY,2015,Moderate,LGBM_T2,1,Low,0.6484791721046194,0.20095131348451997,0.1505695144108607
2015-0553-MEX,2015,Moderate,LGBM_T2,1,Moderate,0.0036137013849983027,0.9892025086748362,0.007183789940165575
2015-0564-KEN,2015,Severe,LGBM_T2,1,Moderate,0.13606180910118112,0.6243695799672158,0.23956861093160323
2015-0575-JPN,2015,Moderate,LGBM_T2,1,Severe,0.08721888098387869,0.2658259544816427,0.6469551645344785
2015-0576-AUS,2015,Low,LGBM_T2,1,Low,0.9469421495004609,0.033562323753532665,0.019495526746006644
2015-0577-POL,2015,Moderate,LGBM_T2,1,Severe,0.12123802639028404,0.3415394596674462,0.5372225139422697
2015-0583-BGD,2015,Low,LGBM_T2,1,Moderate,0.23355673535831964,0.4001371876534968,0.3663060769881835
2015-0584-SAU,2015,Severe,LGBM_T2,1,Moderate,0.07448745149459109,0.8978296075841667,0.027682940921242006
2015-0590-IND,2015,Low,LGBM_T2,1,Moderate,0.08374631923412088,0.7585695543415275,0.15768412642435156
2015-0594-IND,2015,Low,LGBM_T2,1,Moderate,0.05360488627928726,0.7758254418647216,0.17056967185599115
2015-0595-PAK,2015,Moderate,LGBM_T2,1,Severe,0.05973803732937114,0.3763105297466947,0.563951432923934
2015-0596-IND,2015,Low,LGBM_T2,1,Moderate,0.16247421762594294,0.6671236548854332,0.17040212748862385
2015-0620-THA,2015,Low,LGBM_T2,1,Low,0.5929687879694335,0.2972523021521372,0.10977890987842927
2015-9411-IDN,2015,Moderate,LGBM_T2,1,Low,0.5494598728371566,0.2694971895001115,0.18104293766273194
2015-0552-THA,2015,Moderate,LGBM_T2,1,Moderate,0.005754191196058537,0.9894787767542326,0.0047670320497088855
2014-0455-CIV,2014,Moderate,LGBM_T2,1,Moderate,0.04119991345712821,0.9234876449088668,0.03531244163400504
2014-0461-NER,2014,Moderate,LGBM_T2,1,Moderate,0.35432372559693254,0.6051141246362959,0.04056214976677162
2014-0032-COD,2014,Moderate,LGBM_T2,1,Moderate,0.10260621867610811,0.5845185335275934,0.3128752477962985
2015-0272-CHN,2015,Moderate,LGBM_T2,1,Moderate,0.022827583355893088,0.8798271821592952,0.09734523448481165
2014-0016-REU,2014,Low,LGBM_T2,1,Low,0.9438817769758787,0.04899929174191732,0.007118931282203797
2015-0273-TUR,2015,Moderate,LGBM_T2,1,Moderate,0.00757447890911075,0.9896126032724936,0.0028129178183955396
2014-0001-TON,2014,Low,LGBM_T2,1,Low,0.8711866796438927,0.12010333208537878,0.008709988270728476
2014-0004-AUS,2014,Low,LGBM_T2,1,Low,0.8943452598501879,0.03944053391843639,0.06621420623137571
2014-0009-USA,2014,Moderate,LGBM_T2,1,Low,0.5917451962545208,0.32132628570771354,0.08692851803776547
2015-0276-ITA,2015,Moderate,LGBM_T2,1,Severe,0.026856704680454112,0.2775583031100507,0.6955849922094952
2014-0035-BOL,2014,Moderate,LGBM_T2,1,Moderate,0.07852743882220152,0.9159297955702407,0.005542765607557817
2014-0044-IDN,2014,Moderate,LGBM_T2,1,Low,0.8991007797179367,0.06818078243933254,0.03271843784273084
2014-0046-SVN,2014,Low,LGBM_T2,1,Low,0.9184392169235542,0.07065106386457029,0.010909719211875304
2014-0048-USA,2014,Low,LGBM_T2,1,Low,0.8348092956978925,0.15197373341060888,0.013216970891498672
2014-0052-USA,2014,Moderate,LGBM_T2,1,Low,0.7998180385179272,0.18450896683839998,0.01567299464367272
2014-0054-IRN,2014,Low,LGBM_T2,1,Low,0.828510426940913,0.10244005421042474,0.06904951884866233
2014-0055-PHL,2014,Low,LGBM_T2,1,Low,0.8742038300732293,0.09044654055255805,0.0353496293742126
2014-0313-IND,2014,Moderate,LGBM_T2,1,Severe,0.05438938107925255,0.35188826842302395,0.5937223504977235
2014-0060-SAU,2014,Moderate,LGBM_T2,1,Moderate,0.09305611929658347,0.8212158509701188,0.08572802973329771
2014-0061-JPN,2014,Moderate,LGBM_T2,1,Low,0.7923337815309063,0.10642012411977646,0.10124609434931733
2014-0063-BDI,2014,Moderate,LGBM_T2,1,Low,0.7198857557387155,0.17268947506414714,0.10742476919713732
2014-0065-TLS,2014,Low,LGBM_T2,1,Low,0.7241798098020408,0.25384766107329565,0.021972529124663635
2014-0067-PRT,2014,Low,LGBM_T2,1,Low,0.9740952382888152,0.02430434273772884,0.001600418973455886
2014-0069-RUS,2014,Moderate,LGBM_T2,1,Moderate,0.00847758395650765,0.9850160389657616,0.006506377077730756
2014-0174-GRC,2014,Low,LGBM_T2,1,Low,0.9279426550127422,0.0477708063296439,0.024286538657614057
2014-0100-USA,2014,Moderate,LGBM_T2,1,Low,0.8348092956978925,0.15197373341060888,0.013216970891498672
2014-0104-COD,2014,Moderate,LGBM_T2,1,Moderate,0.09383311214123141,0.6764539942677007,0.2297128935910678
2014-0072-USA,2014,Moderate,LGBM_T2,1,Low,0.8348092956978925,0.15197373341060888,0.013216970891498672
2014-0075-THA,2014,Moderate,LGBM_T2,1,Moderate,0.03628043287825526,0.9188635675653507,0.04485599955639406
2014-0081-IDN,2014,Moderate,LGBM_T2,1,Low,0.7726235414690782,0.21154025126762133,0.01583620726330051
2014-0090-MLI,2014,Low,LGBM_T2,1,Moderate,0.13271415468957679,0.6670287820955302,0.2002570632148931
2014-0090-SLE,2014,Severe,LGBM_T2,1,Severe,0.025743230212903048,0.21941030247732177,0.7548464673097751
2014-0092-MDG,2014,Moderate,LGBM_T2,1,Moderate,0.22181087258837506,0.4071978739304369,0.370991253481188
2014-0110-CHN,2014,Moderate,LGBM_T2,1,Moderate,0.4740812059532393,0.4981002358892941,0.027818558157466675
2014-0112-PER,2014,Moderate,LGBM_T2,1,Moderate,0.005482131473674411,0.9915634649178282,0.0029544036084975253
2014-0113-EGY,2014,Moderate,LGBM_T2,1,Moderate,0.003490774552324129,0.9944496010961367,0.0020596243515392217
2014-0133-CHN,2014,Low,LGBM_T2,1,Moderate,0.38044198374587135,0.5704042368581963,0.04915377939593248
2014-0135-BGD,2014,Moderate,LGBM_T2,1,Low,0.4198605672323537,0.29355292355271834,0.286586509214928
2014-0143-COL,2014,Moderate,LGBM_T2,1,Moderate,0.03928004988826702,0.837879680003629,0.12284027010810401
2014-0155-IND,2014,Moderate,LGBM_T2,1,Moderate,0.04941973466772934,0.7742789419615372,0.17630132337073337
2014-0156-HKG,2014,Moderate,LGBM_T2,1,Moderate,0.023293140373606414,0.9638921221897082,0.012814737436685281
2014-0160-LBY,2014,Moderate,LGBM_T2,1,Severe,0.006722214760229644,0.14409634098865967,0.8491814442511108
2014-0167-USA,2014,Moderate,LGBM_T2,1,Moderate,0.057453311619533924,0.9353441464058497,0.007202541974616262
2014-0380-GRC,2014,Moderate,LGBM_T2,1,Moderate,0.018393400168580095,0.9318691735465796,0.04973742628484039
2014-0376-IDN,2014,Moderate,LGBM_T2,1,Moderate,0.014786746411227198,0.7238063083709533,0.2614069452178196
2014-0181-LKA,2014,Moderate,LGBM_T2,1,Moderate,0.40723117411329435,0.5455889856251812,0.04717984026152445
2014-0183-GTM,2014,Low,LGBM_T2,1,Low,0.6298428191708015,0.1289063024087353,0.24125087842046308
2014-0184-IND,2014,Moderate,LGBM_T2,1,Severe,0.043754667595289905,0.2041917483085368,0.7520535840961733
2014-0187-PER,2014,Moderate,LGBM_T2,1,Moderate,0.00524976579901753,0.9907408191890023,0.0040094150119803235
2014-0190-COL,2014,Moderate,LGBM_T2,1,Moderate,0.015278913813066725,0.9803099024689416,0.004411183717991563
2014-0191-SSD,2014,Moderate,LGBM_T2,1,Low,0.5326995481122812,0.4107479476848244,0.056552504202894475
2014-0195-IND,2014,Moderate,LGBM_T2,1,Moderate,0.02919292002735119,0.6761666873693172,0.2946403926033315
2014-0201-IND,2014,Moderate,LGBM_T2,1,Moderate,0.014086700610396696,0.7753750392748497,0.21053826011475357
2014-0244-BGD,2014,Low,LGBM_T2,1,Severe,0.22804825895064545,0.2596039481115349,0.5123477929378196
2014-0254-MLI,2014,Severe,LGBM_T2,1,Moderate,0.011948930007991495,0.9035059574653868,0.08454511252662192
2014-0215-CHN,2014,Moderate,LGBM_T2,1,Severe,0.050948841258132184,0.3905414361316633,0.5585097226102045
2014-0220-GIN,2014,Moderate,LGBM_T2,1,Moderate,0.004092473706197872,0.9912592931958009,0.0046482330980011834
2014-0225-MYS,2014,Moderate,LGBM_T2,1,Moderate,0.00878222754411166,0.9821672071192474,0.009050565336641093
2014-0227-CHN,2014,Moderate,LGBM_T2,1,Low,0.5765850347034959,0.30421988419484813,0.11919508110165605
2014-0227-VNM,2014,Moderate,LGBM_T2,1,Low,0.6574526264946174,0.2775092002348079,0.06503817327057472
2014-0228-CHN,2014,Moderate,LGBM_T2,1,Moderate,0.02580223520312886,0.9563090509502944,0.01788871384657667
2014-0232-PAK,2014,Moderate,LGBM_T2,1,Moderate,0.005468636664882995,0.9832497453696678,0.011281617965449143
2014-0236-JPN,2014,Low,LGBM_T2,1,Low,0.7610386284287741,0.16833519824791313,0.07062617332331277
2014-0239-MYS,2014,Moderate,LGBM_T2,1,Moderate,0.008905373826458658,0.9820177653796983,0.009076860793843025
2014-0240-CHN,2014,Moderate,LGBM_T2,1,Low,0.8595640186059401,0.11460000625765866,0.025835975136401092
2014-0268-IND,2014,Moderate,LGBM_T2,1,Severe,0.05774098603020439,0.3118888126993996,0.6303702012703961
2014-0269-CHN,2014,Low,LGBM_T2,1,Moderate,0.42440264451801246,0.5388058088118202,0.03679154667016744
2014-0275-LBY,2014,Moderate,LGBM_T2,1,Severe,0.007196146688701309,0.15485759665492574,0.8379462566563729
2014-0278-PAN,2014,Low,LGBM_T2,1,Low,0.8248387495462414,0.17026761438542215,0.004893636068336416
2014-0282-GHA,2014,Severe,LGBM_T2,1,Severe,0.11401170206688525,0.3541387775078033,0.5318495204253114
2014-0283-TGO,2014,Moderate,LGBM_T2,1,Moderate,0.003818243998033317,0.9934435249094755,0.002738231092491229
2014-0284-CAF,2014,Moderate,LGBM_T2,1,Moderate,0.034341496303657695,0.919268263385903,0.04639024031043929
2014-0286-EGY,2014,Moderate,LGBM_T2,1,Moderate,0.003142258380192864,0.9940133865329353,0.0028443550868718554
2014-0291-ARG,2014,Moderate,LGBM_T2,1,Moderate,0.008278049298307395,0.9894390818292553,0.002282868872437144
2014-0294-CHN,2014,Severe,LGBM_T2,1,Moderate,0.031428221783989164,0.8932305135245057,0.0753412646915051
2014-0296-NPL,2014,Severe,LGBM_T2,1,Moderate,0.05797141266449624,0.5314107699903762,0.4106178173451275
2014-0298-DZA,2014,Low,LGBM_T2,1,Low,0.7825669530643264,0.18125348310604159,0.03617956382963197
2014-0301-TWN,2014,Moderate,LGBM_T2,1,Moderate,0.23197497754960866,0.7111800284297695,0.056844994020621896
2014-0303-LBY,2014,Moderate,LGBM_T2,1,Severe,0.0073475162984887685,0.17714162117373036,0.8155108625277809
2014-0308-CHN,2014,Moderate,LGBM_T2,1,Moderate,0.02176138993406763,0.9604668260994313,0.017771783966501
2014-0311-ZAF,2014,Low,LGBM_T2,1,Low,0.8998875779960737,0.08350352197337563,0.01660890003055067
2014-0314-KOR,2014,Moderate,LGBM_T2,1,Low,0.8271547885855326,0.14149498075666334,0.0313502306578041
2014-0322-PAK,2014,Moderate,LGBM_T2,1,Moderate,0.1311003548442988,0.7030505783619388,0.16584906679376252
2014-0328-BRA,2014,Moderate,LGBM_T2,1,Moderate,0.019550742961021283,0.8289485617946625,0.15150069524431634
2014-0330-PHL,2014,Moderate,LGBM_T2,1,Low,0.5013869732421529,0.37047861620141886,0.12813441055642819
2014-0340-TUR,2014,Moderate,LGBM_T2,1,Moderate,0.047471902540414626,0.9252162431072728,0.027311854352312672
2014-0342-ZAF,2014,Moderate,LGBM_T2,1,Moderate,0.010110325602575255,0.9862613715890565,0.0036283028083681644
2014-0343-PAK,2014,Severe,LGBM_T2,1,Severe,0.018494647655633696,0.09481499169843005,0.8866903606459363
2014-0345-THA,2014,Moderate,LGBM_T2,1,Severe,0.20260377888185174,0.2984168927174283,0.4989793284007201
2014-0357-IND,2014,Moderate,LGBM_T2,1,Moderate,0.004659320887077988,0.9865535080849661,0.008787171027955865
2014-0362-PAK,2014,Moderate,LGBM_T2,1,Moderate,0.008568242889435437,0.5054787340902723,0.4859530230202922
2014-0366-LBY,2014,Moderate,LGBM_T2,1,Severe,0.007753935169647655,0.21019740493470218,0.7820486598956502
2014-0367-CAF,2014,Moderate,LGBM_T2,1,Moderate,0.01416614332484561,0.9029604987063236,0.08287335796883093
2014-0371-CMR,2014,Moderate,LGBM_T2,1,Severe,0.21976455559411928,0.18453258101760808,0.5957028633882726
2014-0373-IND,2014,Moderate,LGBM_T2,1,Severe,0.033785844756750956,0.24553024950385144,0.7206839057393976
2014-0374-IDN,2014,Moderate,LGBM_T2,1,Moderate,0.017680133883201367,0.9354730833933661,0.046846782723432616
2014-0386-MEX,2014,Low,LGBM_T2,1,Low,0.4905187606501673,0.2424786073681003,0.26700263198173235
2014-0388-FRA,2014,Low,LGBM_T2,1,Low,0.8897273971252995,0.10407134113718802,0.006201261737512569
2014-0390-CHN,2014,Low,LGBM_T2,1,Low,0.6403916345699551,0.2591587651815113,0.10044960024853357
2014-0390-VNM,2014,Moderate,LGBM_T2,1,Moderate,0.23603463770033478,0.6131002889018211,0.15086507339784413
2014-0394-AGO,2014,Moderate,LGBM_T2,1,Moderate,0.0034303832811062246,0.9914103902273554,0.005159226491538472
2014-0409-IND,2014,Moderate,LGBM_T2,1,Severe,0.056019481332721825,0.3624346865687536,0.5815458320985246
2014-0448-ITA,2014,Low,LGBM_T2,1,Low,0.7934980597959262,0.13619976255524482,0.07030217764882891
2014-0414-PHL,2014,Low,LGBM_T2,1,Low,0.7403761584621238,0.1271585353199139,0.1324653062179623
2014-0464-CHN,2014,Low,LGBM_T2,1,Low,0.7827000854681015,0.17846520817178874,0.03883470636010966
2014-0417-MEX,2014,Low,LGBM_T2,1,Low,0.36324271872879765,0.2946435398237804,0.3421137414474219
2014-0418-ZMB,2014,Moderate,LGBM_T2,1,Moderate,0.03785433054624721,0.903202575031532,0.05894309442222076
2014-0422-SLV,2014,Low,LGBM_T2,1,Low,0.7786989190789206,0.14188418684854417,0.07941689407253526
2014-0425-MOZ,2014,Moderate,LGBM_T2,1,Low,0.408297557871622,0.2870649176814994,0.3046375244468786
2014-0437-TUR,2014,Moderate,LGBM_T2,1,Moderate,0.00805046780711848,0.9735917547797158,0.018357777413165546
2014-0449-CHN,2014,Low,LGBM_T2,1,Low,0.7225067574599482,0.14640265472805417,0.13109058781199764
2014-0481-NIC,2014,Moderate,LGBM_T2,1,Moderate,0.008882602619165837,0.9286782379746936,0.06243915940614056
2014-0483-IDN,2014,Severe,LGBM_T2,1,Moderate,0.08450979570733382,0.7979174273923252,0.11757277690034099
2014-0495-LKA,2014,Moderate,LGBM_T2,1,Moderate,0.45403379509672065,0.4985794553145133,0.047386749588766076
2014-0515-NER,2014,Low,LGBM_T2,1,Moderate,0.13803030225300358,0.6185752757918345,0.24339442195516195
2014-0518-MOZ,2014,Low,LGBM_T2,1,Low,0.5469827248172173,0.2963267812357182,0.1566904939470645
2014-0523-IND,2014,Severe,LGBM_T2,1,Severe,0.04837117530478106,0.15815001409280705,0.793478810602412
2014-0526-COD,2014,Moderate,LGBM_T2,1,Severe,0.03996736495391641,0.35440975406957953,0.605622880976504
2014-0569-PAK,2014,Moderate,LGBM_T2,1,Severe,0.08015789732920468,0.3784404634433204,0.541401639227475
2014-0570-CHN,2014,Moderate,LGBM_T2,1,Moderate,0.05828266272287427,0.7768426987299756,0.16487463854715015
2014-0529-PER,2014,Moderate,LGBM_T2,1,Low,0.5181650107714485,0.39738035195650084,0.08445463727205053
2014-0534-PER,2014,Moderate,LGBM_T2,1,Low,0.7891423962472971,0.18955971857033552,0.021297885182367433
2014-0535-LKA,2014,Moderate,LGBM_T2,1,Low,0.4882245337089119,0.4463046700028386,0.06547079628824969
2014-0538-IND,2014,Moderate,LGBM_T2,1,Moderate,0.2935143864218902,0.5596952118435283,0.14679040173458138
2014-0544-CHN,2014,Low,LGBM_T2,1,Low,0.836805405428285,0.13380525093209067,0.029389343639624553
2014-0546-PAK,2014,Severe,LGBM_T2,1,Severe,0.02977634327508234,0.17138135390901352,0.7988423028159042
2014-0549-CHN,2014,Moderate,LGBM_T2,1,Moderate,0.0593300656717688,0.474956386326505,0.4657135480017263
2014-0550-CHN,2014,Moderate,LGBM_T2,1,Severe,0.050948841258132184,0.3905414361316633,0.5585097226102045
2014-0555-CHN,2014,Moderate,LGBM_T2,1,Moderate,0.40236870685306003,0.5583098661629787,0.039321426983961204
2014-0560-SDN,2014,Moderate,LGBM_T2,1,Severe,0.01152803870901852,0.4072647674076814,0.5812071938833
2014-0571-PHL,2014,Low,LGBM_T2,1,Low,0.6887645175020204,0.20012469935371668,0.11111078314426294
2014-0573-NER,2014,Severe,LGBM_T2,1,Severe,0.08400753447445619,0.39122651500745964,0.5247659505180842
2014-0580-COD,2014,Moderate,LGBM_T2,1,Severe,0.014381645873557952,0.3170747933824624,0.6685435607439797
2015-0088-IRN,2015,Low,LGBM_T2,1,Low,0.46751024500511845,0.3727054921394506,0.159784262855431
2015-0001-CPV,2015,Moderate,LGBM_T2,1,Moderate,0.006984655053049492,0.9842591969724943,0.008756147974456297
2015-0003-PAK,2015,Moderate,LGBM_T2,1,Moderate,0.0071026421296551635,0.9872736638015875,0.005623694068757245
2015-0017-PHL,2015,Low,LGBM_T2,1,Low,0.8564025052012763,0.10503743775565048,0.038560057043073304
2015-0025-USA,2015,Moderate,LGBM_T2,1,Low,0.7987348959924785,0.1856133343002495,0.015651769707271997
2015-0036-IDN,2015,Low,LGBM_T2,1,Low,0.7477623023821832,0.18681035662660528,0.06542734099121142
2015-0042-COD,2015,Severe,LGBM_T2,1,Severe,0.025556295924437995,0.39262574282353674,0.5818179612520252
2015-0049-MRT,2015,Moderate,LGBM_T2,1,Moderate,0.0032770137407639828,0.9955982407236748,0.0011247455355611643
2015-0058-AFG,2015,Moderate,LGBM_T2,1,Moderate,0.0922851697857031,0.5350220488677699,0.37269278134652695
2015-0066-RUS,2015,Moderate,LGBM_T2,1,Moderate,0.008272264989786867,0.9853789361558947,0.006348798854318413
2015-0070-ARG,2015,Low,LGBM_T2,1,Low,0.9284618116112284,0.06629489166540989,0.005243296723361738
2015-0071-UGA,2015,Moderate,LGBM_T2,1,Moderate,0.02707414221211329,0.8573658680279419,0.11555998975994487
2015-0073-USA,2015,Moderate,LGBM_T2,1,Low,0.8380656976549914,0.14866577504404044,0.013268527300968232
2015-0085-USA,2015,Moderate,LGBM_T2,1,Moderate,0.2042018284780298,0.663189273079418,0.13260889844255228
2015-0176-PHL,2015,Low,LGBM_T2,1,Low,0.48106122928343314,0.2707743493139601,0.24816442140260672
2015-0182-ITA,2015,Moderate,LGBM_T2,1,Severe,0.02858066096440502,0.27843103724613366,0.6929883017894612
2015-0092-CHL,2015,Low,LGBM_T2,1,Low,0.9431665836018794,0.05441855696586817,0.0024148594322523195
2015-0099-IND,2015,Moderate,LGBM_T2,1,Moderate,0.06170777861512098,0.7847201811278343,0.1535720402570447
2015-0101-GIN,2015,Moderate,LGBM_T2,1,Moderate,0.004118455743581344,0.9920702096699615,0.0038113345864571597
2015-0102-PER,2015,Moderate,LGBM_T2,1,Moderate,0.005571161863818392,0.991903579338491,0.002525258797690588
2015-0105-FSM,2015,Low,LGBM_T2,1,Low,0.7990606074130921,0.18626460585042054,0.014674786736487302
2015-0107-IND,2015,Moderate,LGBM_T2,1,Severe,0.11854289224370947,0.43657297143550755,0.44488413632078294
2015-0115-MEX,2015,Moderate,LGBM_T2,1,Moderate,0.004457570690992553,0.9918348784480768,0.003707550860930748
2015-0118-IND,2015,Low,LGBM_T2,1,Moderate,0.20293436463026182,0.7209164560127194,0.07614917935701872
2015-0119-TJK,2015,Moderate,LGBM_T2,1,Low,0.6370305616761995,0.35928116712222485,0.003688271201575672
2015-0188-CHN,2015,Moderate,LGBM_T2,1,Moderate,0.03626831065902077,0.8858254631357517,0.07790622620522743
2015-0124-PAK,2015,Moderate,LGBM_T2,1,Severe,0.15026305761958964,0.4227954732812432,0.42694146909916725
2015-0126-IND,2015,Moderate,LGBM_T2,1,Moderate,0.23505347651902725,0.7043566952474076,0.06058982823356506
2015-0140-TZA,2015,Moderate,LGBM_T2,1,Moderate,0.0046264513743603025,0.9896778945866904,0.005695654038949445
2015-0144-BGD,2015,Low,LGBM_T2,1,Severe,0.21611859051982973,0.09854214944064232,0.6853392600395279
2015-0144-CHN,2015,Moderate,LGBM_T2,1,Severe,0.14120119219240376,0.11283953004659493,0.7459592777610013
2015-0144-IND,2015,Moderate,LGBM_T2,1,Severe,0.11677736119639893,0.060654134947668574,0.8225685038559325
2015-0200-NER,2015,Low,LGBM_T2,1,Severe,0.07349514002096802,0.3764179992389426,0.5500868607400894
2015-0201-GHA,2015,Severe,LGBM_T2,1,Moderate,0.16073490501614784,0.7268663660034712,0.11239872898038104
2015-0144-NPL,2015,Severe,LGBM_T2,1,Severe,0.23544891912664792,0.14776531038045618,0.616785770492896
2015-0155-USA,2015,Low,LGBM_T2,1,Low,0.7831664376827246,0.13251086571248546,0.08432269660478987
2015-0156-BRA,2015,Low,LGBM_T2,1,Low,0.5722417738177351,0.31964093674065214,0.10811728944161282
2015-0157-BRA,2015,Moderate,LGBM_T2,1,Moderate,0.1485367903339742,0.7184797291470062,0.13298348051901948
2015-0159-KEN,2015,Moderate,LGBM_T2,1,Moderate,0.4495790720793482,0.47841682338013586,0.07200410454051583
2015-0162-CHN,2015,Low,LGBM_T2,1,Moderate,0.3656832752696971,0.5987031290817685,0.03561359564853443
2015-0169-PAK,2015,Moderate,LGBM_T2,1,Moderate,0.005734766177297314,0.9864375089845797,0.007827724838122876
2015-0172-CHN,2015,Moderate,LGBM_T2,1,Moderate,0.020905943637408952,0.9657780007366332,0.013316055625957763
2015-0175-NPL,2015,Severe,LGBM_T2,1,Severe,0.31653964383004085,0.18250655375689614,0.500953802413063
2015-0207-IND,2015,Low,LGBM_T2,1,Severe,0.11859554657000465,0.3946756422460211,0.48672881118397426
2015-0211-USA,2015,Low,LGBM_T2,1,Low,0.9200011622411074,0.07298832965692076,0.007010508101971723
2015-0212-USA,2015,Moderate,LGBM_T2,1,Low,0.7720036524243046,0.11236223571733318,0.11563411185836224
2015-0227-GEO,2015,Moderate,LGBM_T2,1,Low,0.8749584346272863,0.11806131885372585,0.006980246518987885
2015-0213-BGD,2015,Moderate,LGBM_T2,1,Moderate,0.39098914810542,0.49591444802146656,0.11309640387311348
2015-0214-CHN,2015,Low,LGBM_T2,1,Moderate,0.3128991612502548,0.6413479280971343,0.045752910652611084
2015-0293-BGD,2015,Moderate,LGBM_T2,1,Severe,0.15241495507469474,0.21036710705710696,0.6372179378681982
2015-0217-GHA,2015,Moderate,LGBM_T2,1,Low,0.5038037353210258,0.3393056686710027,0.15689059600797145
2015-0223-PER,2015,Moderate,LGBM_T2,1,Moderate,0.004355203939498087,0.9924411326889826,0.003203663371519336
2015-0226-IND,2015,Low,LGBM_T2,1,Moderate,0.02857318903139689,0.805453943855237,0.1659728671133659
2015-0240-CHN,2015,Moderate,LGBM_T2,1,Severe,0.17013245871805666,0.407200804848008,0.4226667364339354
2015-0300-LAO,2015,Moderate,LGBM_T2,1,Moderate,0.008750598872885986,0.9695782590521634,0.021671142074950488
2015-0556-SAU,2015,Moderate,LGBM_T2,1,Moderate,0.0543237613056473,0.8484712269410905,0.09720501175326238
2015-0247-CHN,2015,Low,LGBM_T2,1,Severe,0.054569083461091246,0.44525331390915923,0.5001776026297494
2015-0253-BGD,2015,Moderate,LGBM_T2,1,Severe,0.1394141020028086,0.19521276072333618,0.6653731372738553
2015-0261-JPN,2015,Low,LGBM_T2,1,Low,0.8619735286465023,0.10639375876258463,0.03163271259091284
2015-0265-RUS,2015,Moderate,LGBM_T2,1,Moderate,0.006159412144720462,0.9838647927459648,0.00997579510931466
2015-0281-SLB,2015,Low,LGBM_T2,1,Low,0.9083994489060999,0.08547345829103059,0.006127092802869524
2015-0284-PHL,2015,Low,LGBM_T2,1,Low,0.45150510395956184,0.3928136180186634,0.15568127802177473
2015-0367-COD,2015,Moderate,LGBM_T2,1,Severe,0.012733853735556511,0.2915706955832992,0.6956954506811444
2015-0308-MMR,2015,Severe,LGBM_T2,1,Low,0.3889243603008884,0.37841168098518824,0.23266395871392329
2015-0326-USA,2015,Low,LGBM_T2,1,Low,0.9291428339059342,0.06529557792897908,0.005561588165086637
2015-0336-COD,2015,Low,LGBM_T2,1,Low,0.671983686000843,0.23654949852466578,0.09146681547449137
2015-0339-TWN,2015,Low,LGBM_T2,1,Low,0.8825270519193642,0.08682438185613528,0.030648566224500642
2015-0346-BFA,2015,Low,LGBM_T2,1,Low,0.8412170134665605,0.1154167870159493,0.043366199517490295
2015-0353-GTM,2015,Low,LGBM_T2,1,Low,0.7520059939933288,0.2049417242340933,0.04305228177257782
2015-0360-ZAF,2015,Moderate,LGBM_T2,1,Moderate,0.01045524286043717,0.9862306241080033,0.003314133031559361
2015-0374-IND,2015,Low,LGBM_T2,1,Moderate,0.18940758716638426,0.4440366828017671,0.36655573003184855
2015-0376-AUT,2015,Moderate,LGBM_T2,1,Moderate,0.030791181374297403,0.9629892678224189,0.006219550803283625
2015-0386-SWZ,2015,Moderate,LGBM_T2,1,Moderate,0.0026235145402632248,0.9965227811216116,0.0008537043381250072
2015-0417-SSD,2015,Severe,LGBM_T2,1,Moderate,0.1941974094448013,0.7673267228145392,0.03847586774065948
2015-0419-IND,2015,Severe,LGBM_T2,1,Moderate,0.025777902559274878,0.7630814950550417,0.21114060238568347
2015-0562-ZAF,2015,Low,LGBM_T2,1,Moderate,0.3556615739952646,0.584685475932432,0.059652950072303396
2015-0429-IDN,2015,Moderate,LGBM_T2,1,Low,0.8302643039065343,0.1525053196377561,0.017230376455709566
2015-0432-TUR,2015,Moderate,LGBM_T2,1,Moderate,0.008829070568890159,0.9708611645813151,0.02030976484979469
2015-0435-CHL,2015,Moderate,LGBM_T2,1,Severe,0.2553003846251424,0.12050615634326012,0.6241934590315974
2015-0436-SLE,2015,Moderate,LGBM_T2,1,Low,0.6558871000717972,0.23315967040770433,0.11095322952049853
2015-0442-ZMB,2015,Moderate,LGBM_T2,1,Moderate,0.015802450360526014,0.980261666467114,0.0039358831723599625
2015-0446-GTM,2015,Low,LGBM_T2,1,Low,0.5120904967929898,0.44454348621101836,0.04336601699599173
2015-0446-NIC,2015,Low,LGBM_T2,1,Low,0.6501649870579383,0.3188134953736936,0.031021517568368084
2015-0464-ZAF,2015,Moderate,LGBM_T2,1,Moderate,0.02523052642338602,0.94046991825387,0.034299555322743785
2015-0468-UKR,2015,Moderate,LGBM_T2,1,Moderate,0.015603715075452503,0.8570526775047321,0.12734360741981543
2015-0485-IRQ,2015,Moderate,LGBM_T2,1,Low,0.7783064142931764,0.18492199198953915,0.036771593717284445
2015-0492-MMR,2015,Moderate,LGBM_T2,1,Severe,0.13544849033197978,0.2926252618424773,0.5719262478255429
2015-0495-ROU,2015,Moderate,LGBM_T2,1,Moderate,0.06843276784405922,0.9146321572511603,0.016935074904780547
2015-0496-TUR,2015,Moderate,LGBM_T2,1,Moderate,0.01021214663511457,0.9664227967182488,0.02336505664663654
2015-0515-CHN,2015,Moderate,LGBM_T2,1,Moderate,0.03836361903826103,0.6313072532139397,0.3303291277477992
2015-0521-COD,2015,Moderate,LGBM_T2,1,Severe,0.01057970494630125,0.307246438145638,0.6821738569080608
2015-0522-PER,2015,Low,LGBM_T2,1,Low,0.7656094447850513,0.20911405156554996,0.025276503649398874
2015-0527-IDN,2015,Moderate,LGBM_T2,1,Moderate,0.009747976473477657,0.9828470605716975,0.0074049629548248105
2015-0528-TJK,2015,Low,LGBM_T2,1,Low,0.8564874208305244,0.11877319918498797,0.024739379984487463
2015-0542-ALB,2015,Low,LGBM_T2,1,Low,0.9594779648402916,0.038978236949199205,0.0015437982105092713
2015-0543-PHL,2015,Moderate,LGBM_T2,1,Severe,0.1579116903167147,0.17659208563549394,0.6654962240477914
2015-0551-ARG,2015,Low,LGBM_T2,1,Low,0.9251405636052011,0.06426392538498359,0.01059551100981514
2015-0558-USA,2015,Moderate,LGBM_T2,1,Low,0.7022202900099199,0.22819432419396687,0.06958538579611322
2015-0579-AGO,2015,Severe,LGBM_T2,1,Severe,0.11801980185639435,0.2646895556249252,0.6172906425186804
2015-0580-GHA,2015,Moderate,LGBM_T2,1,Moderate,0.05670710927019807,0.5178755429154787,0.42541734781432333
2015-0581-AFG,2015,Low,LGBM_T2,1,Moderate,0.08190787065113923,0.7501202063871162,0.16797192296174454
2015-0586-UKR,2015,Low,LGBM_T2,1,Moderate,0.06039374132630113,0.8694266275203932,0.07017963115330564
2015-0610-JPN,2015,Low,LGBM_T2,1,Severe,0.06635186402297376,0.20956012508206062,0.7240880108949656
2015-0621-COL,2015,Moderate,LGBM_T2,1,Low,0.6077493447475611,0.33910588931879687,0.05314476593364209
2017-0534-USA,2017,Moderate,LGBM_T2,2,Moderate,0.3146162823515596,0.6025235727079492,0.08286014494049139
2017-0456-MAR,2017,Moderate,LGBM_T2,2,Moderate,0.039749837322313464,0.9285814641656156,0.031668698512070846
2017-0582-AGO,2017,Moderate,LGBM_T2,2,Moderate,0.14400892112681274,0.6229097545928679,0.23308132428031939
2017-0575-BRA,2017,Moderate,LGBM_T2,2,Moderate,0.01877248422614725,0.8538808756502562,0.12734664012359648
2017-0572-USA,2017,Low,LGBM_T2,2,Moderate,0.16280593452742517,0.7890666864853927,0.04812737898718206
2017-0537-PHL,2017,Moderate,LGBM_T2,2,Moderate,0.012393246770159466,0.9760746962682113,0.011532056961629155
2017-0454-TZA,2017,Moderate,LGBM_T2,2,Moderate,0.014239811101873412,0.5800975794360522,0.4056626094620744
2017-0524-PHL,2017,Moderate,LGBM_T2,2,Low,0.5841226000307517,0.3257341477600663,0.09014325220918201
2017-0523-MEX,2017,Moderate,LGBM_T2,2,Moderate,0.0035946625155601547,0.9922935801668492,0.004111757317590761
2017-0522-PHL,2017,Moderate,LGBM_T2,2,Moderate,0.027893800994350865,0.5895200967366094,0.38258610226903966
2017-0517-IND,2017,Severe,LGBM_T2,2,Low,0.4151353516863443,0.33852884391079924,0.24633580440285638
2017-0516-THA,2017,Moderate,LGBM_T2,2,Low,0.7837052240139613,0.19001559727387543,0.026279178712163166
2017-0516-MYS,2017,Low,LGBM_T2,2,Low,0.7981453982500495,0.19149146687829452,0.010363134871655966
2017-0491-SAU,2017,Low,LGBM_T2,2,Severe,0.19368521271612857,0.36333406459690365,0.4429807226869678
2017-0483-IND,2017,Moderate,LGBM_T2,2,Severe,0.21944534230741866,0.2861004896083937,0.49445416808418774
2017-0465-THA,2017,Low,LGBM_T2,2,Low,0.4966589441323193,0.30613129221684987,0.1972097636508309
2017-0455-COL,2017,Moderate,LGBM_T2,2,Moderate,0.009494283071837738,0.9877236313716556,0.002782085556506596
2017-0453-RUS,2017,Moderate,LGBM_T2,2,Moderate,0.003975096233542075,0.9912910698095926,0.004733833956865444
2017-0452-HTI,2017,Low,LGBM_T2,2,Low,0.45682835201756544,0.4496084820499979,0.09356316593243667
2017-0446-IRQ,2017,Moderate,LGBM_T2,2,Low,0.8015234769908379,0.10782197949163873,0.09065454351752333
2017-0437-HTI,2017,Moderate,LGBM_T2,2,Moderate,0.004809046311866248,0.9309455828395516,0.06424537084858221
2017-0444-GRC,2017,Moderate,LGBM_T2,2,Low,0.9555493904383042,0.03988787445422625,0.004562735107469425
2017-0442-CHN,2017,Moderate,LGBM_T2,2,Moderate,0.026747019673029223,0.9589184090100684,0.014334571316902448
2017-0440-TZA,2017,Moderate,LGBM_T2,2,Moderate,0.002815033784082136,0.9916182626475779,0.005566703568340043
2017-0432-PHL,2017,Low,LGBM_T2,2,Low,0.35246069597683993,0.3410172733153072,0.3065220307078528
2017-0426-MWI,2017,Moderate,LGBM_T2,2,Moderate,0.0029387671504454453,0.9896515342738951,0.007409698575659557
2017-0421-TCD,2017,Moderate,LGBM_T2,2,Severe,0.01991645862234204,0.0807565930025589,0.8993269483750992
2017-0417-PRT,2017,Moderate,LGBM_T2,2,Low,0.8554339283734775,0.14017293546596096,0.004393136160561516
2017-0414-JPN,2017,Moderate,LGBM_T2,2,Moderate,0.033032232759334895,0.9301657575940664,0.03680200964659863
2017-0411-MDG,2017,Severe,LGBM_T2,2,Severe,0.16911642442283906,0.1694842381439515,0.6613993374332094
2017-0400-NGA,2017,Moderate,LGBM_T2,2,Moderate,0.014473903872033423,0.5037725173871452,0.48175357874082136
2017-0397-IND,2017,Moderate,LGBM_T2,2,Severe,0.08533806175017197,0.45083490370134105,0.4638270345484871
2017-0383-VIR,2017,Low,LGBM_T2,2,Low,0.9492015485656409,0.0468235093550356,0.003974942079323514
2017-0383-PRI,2017,Moderate,LGBM_T2,2,Low,0.9175773605275684,0.07295225863180224,0.009470380840629357
2017-0383-GLP,2017,Low,LGBM_T2,2,Low,0.9548315411868367,0.04173522070914797,0.003433238104015292
2017-0320-FRA,2017,Low,LGBM_T2,2,Low,0.9309819189254976,0.05606633736565457,0.01295174370884776
2017-0382-MEX,2017,Moderate,LGBM_T2,2,Low,0.7650371200660783,0.09428289782218634,0.14067998211173527
2017-0381-VIR,2017,Low,LGBM_T2,2,Low,0.9458297677733175,0.04992981001615222,0.004240422210530273
2017-0381-ATG,2017,Low,LGBM_T2,2,Low,0.8283837752053463,0.1556538568632373,0.015962367931416276
2017-0317-MDG,2017,Moderate,LGBM_T2,2,Moderate,0.003078160125693679,0.9912524875375304,0.005669352336776055
2017-0380-MRT,2017,Moderate,LGBM_T2,2,Low,0.908403576077482,0.08830868013726446,0.0032877437852536144
2017-0376-MEX,2017,Moderate,LGBM_T2,2,Low,0.7538621262581383,0.16887712355492834,0.07726075018693326
2017-0368-BFA,2017,Low,LGBM_T2,2,Low,0.7888974908768528,0.15184099187691952,0.05926151724622765
2017-0367-CMR,2017,Low,LGBM_T2,2,Low,0.7291077971502702,0.218551152334863,0.052341050514866816
2017-0365-YEM,2017,Moderate,LGBM_T2,2,Low,0.7005712074438788,0.29136235130932364,0.008066441246797494
2017-0352-MAC,2017,Moderate,LGBM_T2,2,Low,0.9176796775703627,0.0768157243736799,0.005504598055957444
2017-0342-NPL,2017,Severe,LGBM_T2,2,Severe,0.08242946486328621,0.1306600786587758,0.7869104564779379
2017-0342-BGD,2017,Severe,LGBM_T2,2,Low,0.6031915316554272,0.2632170008733397,0.13359146747123318
2017-0340-COD,2017,Severe,LGBM_T2,2,Moderate,0.08994394007026274,0.6934468844683247,0.21660917546141265
2017-0327-JPN,2017,Low,LGBM_T2,2,Low,0.8705075613625063,0.10731142470120254,0.02218101393629129
2017-0311-MMR,2017,Low,LGBM_T2,2,Low,0.5003916370489909,0.2352371460412514,0.26437121690975757
2017-0310-DEU,2017,Low,LGBM_T2,2,Low,0.9509970543048764,0.04640980735868266,0.002593138336441119
2017-0287-CHN,2017,Moderate,LGBM_T2,2,Moderate,0.21938935337026713,0.7138733593767672,0.06673728725296568
2017-0284-CHN,2017,Moderate,LGBM_T2,2,Low,0.7707707284461502,0.21717810983807004,0.01205116171577978
2017-0278-IDN,2017,Moderate,LGBM_T2,2,Moderate,0.005538238287987748,0.9899575400799553,0.004504221632057041
2017-0272-NGA,2017,Moderate,LGBM_T2,2,Severe,0.294206216923959,0.34116695979846356,0.3646268232775774
2017-0266-IND,2017,Moderate,LGBM_T2,2,Severe,0.345042769136697,0.2628267836458063,0.3921304472174968
2017-0254-CHN,2017,Moderate,LGBM_T2,2,Moderate,0.21214745743664817,0.7242522475995047,0.06360029496384728
2017-0248-GHA,2017,Moderate,LGBM_T2,2,Moderate,0.012228420943144436,0.8043796877018645,0.18339189135499115
2017-0191-KEN,2017,Moderate,LGBM_T2,2,Severe,0.04366770212362388,0.40839323076936945,0.5479390671070067
2017-0227-HND,2017,Low,LGBM_T2,2,Low,0.7967936482218758,0.12061514611832087,0.08259120565980332
2017-0226-PHL,2017,Moderate,LGBM_T2,2,Low,0.7716523135165955,0.17147912027390647,0.056868566209498136
2017-0218-CHL,2017,Low,LGBM_T2,2,Severe,0.2624714385080053,0.1523378427176769,0.5851907187743178
2017-0217-ZAF,2017,Low,LGBM_T2,2,Low,0.7653183489026885,0.19368579578678244,0.04099585531052912
2017-0199-PAK,2017,Severe,LGBM_T2,2,Moderate,0.07336527090878353,0.6965470601024977,0.2300876689887188
2017-0196-HND,2017,Low,LGBM_T2,2,Low,0.7718013952303456,0.16353101510243645,0.0646675896672179
2017-0180-IND,2017,Low,LGBM_T2,2,Low,0.5752784768216276,0.2805750169924166,0.14414650618595573
2017-0178-ZAF,2017,Low,LGBM_T2,2,Low,0.8194143759893154,0.17690340478808583,0.003682219222598745
2017-0175-BRA,2017,Moderate,LGBM_T2,2,Moderate,0.007255893851813184,0.9868219164337829,0.005922189714403928
2017-0169-CHN,2017,Low,LGBM_T2,2,Moderate,0.302370533564027,0.615374575980643,0.08225489045533003
2017-0097-TUR,2017,Moderate,LGBM_T2,2,Moderate,0.02134095582609809,0.787173247182924,0.19148579699097784
2017-0168-MEX,2017,Low,LGBM_T2,2,Low,0.8404132876218073,0.130820600318563,0.02876611205962964
2017-0162-MMR,2017,Severe,LGBM_T2,2,Moderate,0.014470493839317082,0.5096200809607189,0.47590942519996393
2017-0157-IND,2017,Moderate,LGBM_T2,2,Moderate,0.016193382650366576,0.9788101928559754,0.004996424493657908
2017-0154-AFG,2017,Moderate,LGBM_T2,2,Moderate,0.005911638261975522,0.9859910928306403,0.008097268907384141
2017-0147-IDN,2017,Moderate,LGBM_T2,2,Low,0.7124254860675626,0.19020830124869217,0.09736621268374515
2017-0146-KGZ,2017,Moderate,LGBM_T2,2,Moderate,0.4831661096962807,0.506560942894177,0.010272947409542283
2017-0145-PAK,2017,Moderate,LGBM_T2,2,Moderate,0.40123477224944193,0.5735557700009714,0.025209457749586706
2017-0136-USA,2017,Moderate,LGBM_T2,2,Low,0.8737843693824923,0.11936627473273995,0.006849355884767821
2017-0109-AGO,2017,Moderate,LGBM_T2,2,Low,0.660165244446534,0.23689349540091034,0.10294126015255554
2017-0102-IDN,2017,Moderate,LGBM_T2,2,Moderate,0.11233447149036037,0.7097933754900054,0.17787215301963422
2017-0096-IRN,2017,Moderate,LGBM_T2,2,Low,0.6800163246248752,0.25453110555313735,0.06545256982198759
2017-0091-ZWE,2017,Severe,LGBM_T2,2,Low,0.6929095732361349,0.17113218176990097,0.13595824499396417
2017-0086-FRA,2017,Low,LGBM_T2,2,Low,0.9384914083530366,0.055474956097332294,0.006033635549631135
2017-0078-GTM,2017,Moderate,LGBM_T2,2,Low,0.4556594843988882,0.37321161630564076,0.17112889929547107
2017-0075-MDG,2017,Moderate,LGBM_T2,2,Severe,0.2806355855319173,0.31306616894800415,0.4062982455200785
2016-0464-PER,2016,Low,LGBM_T2,2,Low,0.8575748327813483,0.05732900767596147,0.0850961595426902
2017-0063-ARG,2017,Moderate,LGBM_T2,2,Moderate,0.010751621248379662,0.9864604015003355,0.0027879772512847656
2017-0055-CHL,2017,Low,LGBM_T2,2,Low,0.8953378214955885,0.08827938813730103,0.016382790367110402
2017-0052-PER,2017,Low,LGBM_T2,2,Low,0.6183963875450467,0.26783337606267354,0.1137702363922798
2017-0039-USA,2017,Low,LGBM_T2,2,Moderate,0.46228731007431134,0.5276086705275266,0.010104019398162046
2017-0036-PER,2017,Moderate,LGBM_T2,2,Low,0.7833991283282375,0.19985105363276554,0.01674981803899705
2017-0034-TJK,2017,Moderate,LGBM_T2,2,Moderate,0.30553945017452505,0.6785366601940813,0.015923889631393615
2017-0027-AFG,2017,Moderate,LGBM_T2,2,Severe,0.25315008089333046,0.2052348685309004,0.5416150505757691
2017-0026-AFG,2017,Moderate,LGBM_T2,2,Severe,0.25315008089333046,0.2052348685309004,0.5416150505757691
2017-0025-PAK,2017,Low,LGBM_T2,2,Severe,0.13081428415509533,0.4090917847680311,0.4600939310768734
2017-0015-ITA,2017,Moderate,LGBM_T2,2,Low,0.8444078046425783,0.06749281018092901,0.08809938517649278
2017-0012-IND,2017,Moderate,LGBM_T2,2,Moderate,0.03294311684954204,0.7213558361682698,0.2457010469821882
2017-0010-BLR,2017,Moderate,LGBM_T2,2,Low,0.8499755020852087,0.12019680916618972,0.029827688748601738
2017-0005-KEN,2017,Moderate,LGBM_T2,2,Moderate,0.017900522678571246,0.9556477075284555,0.026451769792973426
2016-0455-COL,2016,Moderate,LGBM_T2,2,Moderate,0.028701069192596743,0.9211703981820064,0.05012853262539681
2016-0447-NER,2016,Moderate,LGBM_T2,2,Severe,0.306464764887126,0.20658699020051802,0.486948244912356
2016-0578-BEN,2016,Moderate,LGBM_T2,2,Low,0.47246693602429213,0.36451742003462106,0.16301564394108692
2016-0575-SSD,2016,Moderate,LGBM_T2,2,Severe,0.0741488770029733,0.1717504805092345,0.7541006424877923
2016-0572-ETH,2016,Moderate,LGBM_T2,2,Moderate,0.05592428098132444,0.7633081857422378,0.1807675332764378
2016-0565-SOM,2016,Severe,LGBM_T2,2,Moderate,0.014448723226045417,0.6182264855743564,0.36732479119959816
2016-0556-PAK,2016,Moderate,LGBM_T2,2,Moderate,0.00973586741683036,0.6032098161354417,0.387054316447728
2016-0434-IND,2016,Severe,LGBM_T2,2,Moderate,0.18131018122128553,0.6621724288893875,0.15651738988932687
2016-0320-ETH,2016,Moderate,LGBM_T2,2,Moderate,0.2146822185102153,0.6432433758681155,0.1420744056216691
2016-0554-PAK,2016,Moderate,LGBM_T2,2,Moderate,0.18597030174634865,0.4744512263138447,0.33957847193980656
2016-0553-PAK,2016,Severe,LGBM_T2,2,Moderate,0.23032648753527596,0.5882722962526284,0.1814012162120956
2016-0531-PRK,2016,Moderate,LGBM_T2,2,Moderate,0.4202641359949393,0.45190961249117795,0.12782625151388274
2016-0529-MOZ,2016,Moderate,LGBM_T2,2,Low,0.4693414617693218,0.3679509588805703,0.16270757935010802
2016-0523-ZWE,2016,Moderate,LGBM_T2,2,Low,0.5300367253839198,0.44687809153535357,0.023085183080726775
2016-0522-BOL,2016,Low,LGBM_T2,2,Low,0.5623463686209195,0.4304653816860054,0.007188249693075082
2016-0518-BRA,2016,Severe,LGBM_T2,2,Severe,0.30234188264741974,0.3282171932442259,0.36944092410835444
2016-0501-MEX,2016,Moderate,LGBM_T2,2,Moderate,0.08605631017788035,0.8566956609366996,0.05724802888542014
2016-0500-PER,2016,Moderate,LGBM_T2,2,Moderate,0.003646031165690232,0.9923472305762145,0.0040067382580950585
2016-0496-ESP,2016,Low,LGBM_T2,2,Low,0.9251291559449087,0.06786058241246694,0.007010261642624277
2016-0484-KEN,2016,Moderate,LGBM_T2,2,Moderate,0.009963082800429051,0.9583389616461616,0.0316979555534092
2016-0475-IDN,2016,Severe,LGBM_T2,2,Low,0.7109590226022393,0.056682783987297175,0.23235819341046363
2016-0433-PAN,2016,Low,LGBM_T2,2,Low,0.8395157009279469,0.15536467741270174,0.0051196216593515035
2016-0424-MEX,2016,Low,LGBM_T2,2,Moderate,0.30284810993246636,0.5710278191196481,0.12612407094788566
2016-0416-PAK,2016,Moderate,LGBM_T2,2,Moderate,0.06003050156678527,0.7639072277749405,0.17606227065827426
2016-0415-IDN,2016,Moderate,LGBM_T2,2,Moderate,0.015735939653392646,0.7828878479082964,0.20137621243831114
2016-0414-VNM,2016,Moderate,LGBM_T2,2,Moderate,0.15561678552285368,0.8205150153478586,0.02386819912928764
2016-0412-CHN,2016,Moderate,LGBM_T2,2,Moderate,0.052485706734045054,0.49116075147387656,0.45635354179207854
2016-0410-LBY,2016,Moderate,LGBM_T2,2,Severe,0.0064892666438629235,0.4184467723305824,0.5750639610255547
2016-0399-IND,2016,Moderate,LGBM_T2,2,Moderate,0.031455168662091866,0.6212953886693187,0.34724944266858937
2016-0397-LBY,2016,Moderate,LGBM_T2,2,Severe,0.006281337624913052,0.43708089521884314,0.5566377671562439
2016-0396-CHN,2016,Moderate,LGBM_T2,2,Moderate,0.18282947443894787,0.7608757909808695,0.05629473458018262
2016-0390-JPN,2016,Low,LGBM_T2,2,Low,0.8654007710763433,0.11302461075118864,0.02157461817246803
2016-0387-PAK,2016,Moderate,LGBM_T2,2,Moderate,0.18597030174634865,0.4744512263138447,0.33957847193980656
2016-0379-VNM,2016,Moderate,LGBM_T2,2,Low,0.5969673317629527,0.35710868235793225,0.045923985879115066
2016-0375-PAK,2016,Moderate,LGBM_T2,2,Moderate,0.08320695436172912,0.6440887068012396,0.2727043388370313
2016-0368-LBY,2016,Moderate,LGBM_T2,2,Severe,0.0062829366210300115,0.4403662885747374,0.5533507748042326
2016-0364-PHL,2016,Low,LGBM_T2,2,Moderate,0.36001722961156396,0.3624713734090816,0.2775113969793545
2016-0362-VNM,2016,Moderate,LGBM_T2,2,Moderate,0.4012095381309985,0.5524670879084679,0.04632337396053366
2016-0359-EGY,2016,Moderate,LGBM_T2,2,Moderate,0.33139475857144435,0.6519211678106229,0.016684073617932723
2016-0355-VCT,2016,Low,LGBM_T2,2,Low,0.9260711343174325,0.07135509791938006,0.0025737677631875277
2016-0355-USA,2016,Moderate,LGBM_T2,2,Low,0.7091547664005345,0.27662653102556917,0.014218702573896295
2016-0321-PRK,2016,Severe,LGBM_T2,2,Moderate,0.15280581183016495,0.7321517129424185,0.11504247522741662
2016-0334-GRC,2016,Low,LGBM_T2,2,Low,0.9256635684728749,0.0684410834884644,0.005895348038660771
2016-0333-MEX,2016,Low,LGBM_T2,2,Low,0.4946347175700821,0.47002760093803414,0.035337681491883835
2016-0332-MEX,2016,Moderate,LGBM_T2,2,Low,0.6413520031445981,0.24379084804681464,0.11485714880858731
2016-0329-UGA,2016,Low,LGBM_T2,2,Low,0.8586215560782632,0.08067512242079818,0.060703321500938705
2016-0329-TZA,2016,Moderate,LGBM_T2,2,Low,0.779823091972805,0.13067227574425483,0.0895046322829403
2016-0328-BGD,2016,Moderate,LGBM_T2,2,Moderate,0.13772072524240803,0.5273294005011633,0.3349498742564288
2016-0324-JPN,2016,Moderate,LGBM_T2,2,Low,0.8911548759206591,0.09523861583102355,0.013606508248317143
2016-0314-RUS,2016,Moderate,LGBM_T2,2,Moderate,0.04363727087015797,0.8945481948398749,0.0618145342899672
2016-0309-AFG,2016,Moderate,LGBM_T2,2,Moderate,0.2721190480013624,0.5624170565835926,0.16546389541504491
2016-0294-SDN,2016,Moderate,LGBM_T2,2,Moderate,0.0035596899108056245,0.9910986420495027,0.005341668039691835
2016-0290-CHN,2016,Moderate,LGBM_T2,2,Severe,0.04671674025994648,0.2718799101866744,0.6814033495533791
2016-0282-MKD,2016,Moderate,LGBM_T2,2,Low,0.9510927314653245,0.046124477903244886,0.0027827906314307743
2016-0279-FRA,2016,Moderate,LGBM_T2,2,Moderate,0.3387942571505203,0.588231914385666,0.07297382846381364
2016-0277-USA,2016,Moderate,LGBM_T2,2,Moderate,0.18462799289546886,0.6927216205395412,0.12265038656498993
2016-0275-NPL,2016,Moderate,LGBM_T2,2,Severe,0.13449977106266237,0.15289305885330398,0.7126071700840336
2016-0272-MLI,2016,Moderate,LGBM_T2,2,Low,0.8733547509403754,0.1026526557714547,0.02399259328816989
2016-0271-IND,2016,Severe,LGBM_T2,2,Low,0.4825295225813406,0.3025865731622042,0.2148839042564553
2016-0264-USA,2016,Low,LGBM_T2,2,Low,0.9477595521063404,0.04939171343671778,0.0028487344569416762
2016-0256-TWN,2016,Low,LGBM_T2,2,Low,0.930107061872258,0.046918841636642665,0.022974096491099258
2016-0253-RUS,2016,Moderate,LGBM_T2,2,Moderate,0.009237407023305045,0.8701877268285207,0.1205748661481741
2016-0250-CHN,2016,Moderate,LGBM_T2,2,Moderate,0.11372229871357979,0.7298275204225992,0.15645018086382095
2016-0248-MOZ,2016,Moderate,LGBM_T2,2,Low,0.3961948753272777,0.28031316873178935,0.32349195594093283
2016-0239-IND,2016,Moderate,LGBM_T2,2,Severe,0.06345392889719997,0.11084488394888178,0.8257011871539183
2016-0235-CHN,2016,Moderate,LGBM_T2,2,Low,0.6337899706865489,0.32650396713994245,0.03970606217350872
2016-0233-CHN,2016,Moderate,LGBM_T2,2,Moderate,0.21443524272980477,0.7277533215999663,0.05781143567022892
2016-0217-RUS,2016,Moderate,LGBM_T2,2,Moderate,0.01099230684468969,0.7288007436091397,0.26020694954617046
2016-0216-IDN,2016,Moderate,LGBM_T2,2,Moderate,0.14231999941794438,0.6620259320884736,0.19565406849358208
2016-0195-IND,2016,Moderate,LGBM_T2,2,Low,0.4257389263556592,0.31234514606298447,0.2619159275813564
2016-0191-TJK,2016,Low,LGBM_T2,2,Low,0.8259867086541753,0.16925784226782084,0.004755449078003785
2016-0189-MMR,2016,Moderate,LGBM_T2,2,Low,0.7503770821934692,0.21247607911669703,0.03714683868983367
2016-0180-UKR,2016,Moderate,LGBM_T2,2,Moderate,0.26480507960946764,0.6569604104446243,0.07823450994590798
2016-0177-IND,2016,Moderate,LGBM_T2,2,Severe,0.2048357849156415,0.3309129696666996,0.46425124541765894
2016-0173-IND,2016,Moderate,LGBM_T2,2,Moderate,0.01627779902917042,0.9790290223773825,0.004693178593447122
2016-0170-USA,2016,Moderate,LGBM_T2,2,Low,0.8835702123156447,0.10964211257475022,0.006787675109605036
2016-0165-HTI,2016,Moderate,LGBM_T2,2,Low,0.6680021792742116,0.26757565854045257,0.06442216218533585
2016-0163-AFG,2016,Moderate,LGBM_T2,2,Moderate,0.006336837119721198,0.9841520347149776,0.00951112816530131
2016-0156-IDN,2016,Moderate,LGBM_T2,2,Moderate,0.1292402607712101,0.7212374016983448,0.14952233753044505
2016-0154-BGD,2016,Moderate,LGBM_T2,2,Low,0.6818531136278442,0.3048110642376048,0.013335822134550947
2016-0146-MMR,2016,Moderate,LGBM_T2,2,Severe,0.009419393842009441,0.36745154605066876,0.6231290601073218
2016-0142-BDI,2016,Moderate,LGBM_T2,2,Moderate,0.006404551911796398,0.9866156893147806,0.006979758773422977
2016-0141-FJI,2016,Low,LGBM_T2,2,Low,0.9285957489925981,0.06818307884908968,0.003221172158312312
2016-0131-AGO,2016,Moderate,LGBM_T2,2,Low,0.7505760141240995,0.16159257225636667,0.08783141361953385
2016-0120-YEM,2016,Moderate,LGBM_T2,2,Low,0.6286387317340388,0.362867917921847,0.00849335034411418
2016-0118-CHL,2016,Moderate,LGBM_T2,2,Low,0.8828295154143316,0.09662420201713029,0.020546282568538066
2016-0114-SAU,2016,Moderate,LGBM_T2,2,Moderate,0.07926325955620848,0.7158547558150234,0.20488198462876808
2016-0109-FRA,2016,Moderate,LGBM_T2,2,Moderate,0.009982159055468122,0.9868671156394181,0.003150725305113749
2016-0105-SAU,2016,Moderate,LGBM_T2,2,Low,0.528977635887226,0.3185327297148332,0.15248963439794086
2016-0103-CHN,2016,Moderate,LGBM_T2,2,Moderate,0.032577199485844956,0.81661957751537,0.15080322299878496
2016-0097-PER,2016,Moderate,LGBM_T2,2,Moderate,0.003197587756911622,0.9940398015500378,0.0027626106930505926
2016-0095-CHN,2016,Low,LGBM_T2,2,Moderate,0.23597478803372499,0.3906305921389068,0.37339461982736816
2016-0092-IDN,2016,Low,LGBM_T2,2,Low,0.8303213794068012,0.15651177240133715,0.013166848191861659
2016-0089-KEN,2016,Low,LGBM_T2,2,Low,0.4519986180276655,0.4255146525316355,0.12248672944069897
2016-0086-USA,2016,Low,LGBM_T2,2,Low,0.8864756373334732,0.10786565405990602,0.005658708606620844
2016-0084-ECU,2016,Moderate,LGBM_T2,2,Moderate,0.012110184061219697,0.9675559148790666,0.020333901059713836
2016-0077-BRA,2016,Moderate,LGBM_T2,2,Low,0.6336688460562638,0.31660040541497375,0.049730748528762345
2016-0064-RUS,2016,Moderate,LGBM_T2,2,Moderate,0.05054084199198804,0.7245033555584782,0.22495580244953378
2016-0051-USA,2016,Moderate,LGBM_T2,2,Low,0.4985909046438019,0.4916983303459147,0.009710765010283407
2016-0046-GIN,2016,Moderate,LGBM_T2,2,Moderate,0.005781180450295646,0.9892253672871215,0.004993452262582747
2016-0043-TWN,2016,Severe,LGBM_T2,2,Low,0.8170194331374612,0.04545360276608138,0.13752696409645737
2016-0032-ECU,2016,Low,LGBM_T2,2,Low,0.5008220257801433,0.48746937938451385,0.01170859483534276
2016-0024-TUR,2016,Moderate,LGBM_T2,2,Moderate,0.015486440436911969,0.9305376080780914,0.05397595148499661
2016-0023-TWN,2016,Moderate,LGBM_T2,2,Low,0.6790348098706558,0.19329091462809192,0.12767427550125238
2016-0023-CHN,2016,Low,LGBM_T2,2,Moderate,0.30718691234305473,0.49025851788567243,0.20255456977127279
2016-0020-PER,2016,Moderate,LGBM_T2,2,Moderate,0.0033618565885621863,0.9943219370598843,0.0023162063515535128
2016-0019-IDN,2016,Low,LGBM_T2,2,Low,0.9520589232727383,0.03785160882244963,0.010089467904812148
2016-0017-JPN,2016,Moderate,LGBM_T2,2,Moderate,0.031475262392381936,0.9623240474730547,0.006200690134563325
2016-0009-MYS,2016,Moderate,LGBM_T2,2,Moderate,0.017404933695411302,0.9111067880970384,0.07148827820755028
2016-0008-GRC,2016,Moderate,LGBM_T2,2,Moderate,0.009411453217733488,0.9582459653115283,0.03234258147073833
2016-0110-DZA,2016,Moderate,LGBM_T2,2,Moderate,0.012322578452722383,0.6860439997525226,0.30163342179475494
2016-0204-COL,2016,Moderate,LGBM_T2,2,Moderate,0.044560620374372716,0.8394242526613478,0.11601512696427944
2016-0208-IDN,2016,Moderate,LGBM_T2,2,Moderate,0.017802396471603383,0.7696841434932062,0.21251346003519053
2017-0560-CIV,2017,Low,LGBM_T2,2,Moderate,0.3397605022046287,0.37127394194363667,0.2889655558517346
2016-0048-IND,2016,Moderate,LGBM_T2,2,Moderate,0.16759100937875954,0.6018832732330567,0.23052571738818373
2016-0001-POL,2016,Moderate,LGBM_T2,2,Moderate,0.10721302541099874,0.5087391549312281,0.3840478196577732
2017-0201-CHN,2017,Moderate,LGBM_T2,2,Moderate,0.25616068619173227,0.6536645080508564,0.09017480575741124
2016-0001-UKR,2016,Moderate,LGBM_T2,2,Low,0.4653369084190224,0.23272701506153515,0.3019360765194425
2016-0002-BGD,2016,Low,LGBM_T2,2,Low,0.7229440799877356,0.08673339049185946,0.19032252952040507
2016-0003-PAK,2016,Moderate,LGBM_T2,2,Moderate,0.004694390018308921,0.9911345539857214,0.004171055995969804
2016-0049-IND,2016,Moderate,LGBM_T2,2,Severe,0.23016378674821594,0.3621687774191522,0.4076674358326319
2016-0005-EGY,2016,Moderate,LGBM_T2,2,Moderate,0.012583343134800386,0.7882218513110024,0.19919480555419722
2016-0007-RUS,2016,Moderate,LGBM_T2,2,Moderate,0.10133591562584088,0.8377692855873303,0.06089479878682877
2016-0022-USA,2016,Moderate,LGBM_T2,2,Moderate,0.10619779628389092,0.8153686211142325,0.07843358260187658
2016-0325-MEX,2016,Low,LGBM_T2,2,Low,0.6792365788273399,0.252259756270113,0.06850366490254717
2016-0033-BRA,2016,Low,LGBM_T2,2,Low,0.7890426872103581,0.13987907566719052,0.07107823712245147
2016-0040-IDN,2016,Low,LGBM_T2,2,Low,0.6992231490565155,0.17757229918492778,0.12320455175855669
2016-0053-HTI,2016,Low,LGBM_T2,2,Low,0.6812810416031814,0.26422437019661377,0.054494588200204884
2016-0073-NGA,2016,Moderate,LGBM_T2,2,Moderate,0.026068095470997928,0.8108454761638416,0.16308642836516055
2016-0075-EGY,2016,Moderate,LGBM_T2,2,Moderate,0.005127232775412849,0.9912012377704292,0.003671529454157737
2016-0082-ESP,2016,Moderate,LGBM_T2,2,Moderate,0.00785425465456381,0.9891022548794592,0.003043490465976791
2016-0083-JOR,2016,Moderate,LGBM_T2,2,Moderate,0.003258790287479961,0.9960121996916976,0.0007290100208222685
2016-0101-ETH,2016,Moderate,LGBM_T2,2,Severe,0.12711915817861344,0.133415682284175,0.7394651595372117
2016-0115-URY,2016,Low,LGBM_T2,2,Low,0.9194861686791942,0.07314859624021375,0.007365235080592182
2016-0116-IND,2016,Moderate,LGBM_T2,2,Moderate,0.01789963431973046,0.9759390871512112,0.006161278529058378
2016-0330-THA,2016,Moderate,LGBM_T2,2,Moderate,0.010240836127581655,0.9486410356085034,0.041118128263914915
2016-0120-SAU,2016,Low,LGBM_T2,2,Moderate,0.34166915255532543,0.3765188287633967,0.28181201868127786
2016-0121-JPN,2016,Moderate,LGBM_T2,2,Low,0.9214744363844821,0.035575211053548834,0.04295035256196906
2016-0123-USA,2016,Low,LGBM_T2,2,Low,0.9423411997867494,0.054297786184061655,0.0033610140291888808
2016-0129-MWI,2016,Moderate,LGBM_T2,2,Low,0.8072698053501911,0.11245367638381991,0.08027651826598893
2016-0268-VNM,2016,Low,LGBM_T2,2,Low,0.5697324478769303,0.37893218638174814,0.05133536574132162
2016-0133-IND,2016,Severe,LGBM_T2,2,Severe,0.015690006858597987,0.026565608861551498,0.9577443842798504
2016-0139-IND,2016,Moderate,LGBM_T2,2,Low,0.4003004962499604,0.3615084505522171,0.23819105319782255
2016-0144-MEX,2016,Moderate,LGBM_T2,2,Moderate,0.01900615069228091,0.924708450837194,0.05628539847052505
2016-0149-RWA,2016,Moderate,LGBM_T2,2,Low,0.6986708231183825,0.28928174700946435,0.012047429872153145
2016-0150-USA,2016,Low,LGBM_T2,2,Low,0.8746933581727039,0.09950439231966947,0.025802249507626815
2016-0153-LKA,2016,Severe,LGBM_T2,2,Low,0.8489282893943482,0.12943325193165275,0.02163845867399912
2016-0155-IND,2016,Moderate,LGBM_T2,2,Moderate,0.01627779902917042,0.9790290223773825,0.004693178593447122
2016-0166-NOR,2016,Moderate,LGBM_T2,2,Moderate,0.027237590706774978,0.9360604190176731,0.03670199027555188
2016-0175-BGD,2016,Moderate,LGBM_T2,2,Low,0.6923256614311741,0.21929118742365392,0.08838315114517185
2016-0179-POL,2016,Low,LGBM_T2,2,Low,0.822526251095541,0.15405409265058373,0.023419656253875234
2016-0183-USA,2016,Moderate,LGBM_T2,2,Low,0.884149696624582,0.10998022482198548,0.005870078553432595
2016-0185-HTI,2016,Low,LGBM_T2,2,Low,0.7543577642486358,0.19252593146242827,0.053116304288935996
2016-0194-CHN,2016,Moderate,LGBM_T2,2,Moderate,0.30204601055242375,0.6196238975628988,0.07833009188467753
2016-0199-DZA,2016,Moderate,LGBM_T2,2,Moderate,0.0032041443661477128,0.993836382530195,0.00295947310365707
2016-0202-GRC,2016,Severe,LGBM_T2,2,Moderate,0.00840513021323959,0.9547925371911525,0.03680233259560788
2016-0209-CHN,2016,Severe,LGBM_T2,2,Low,0.8007090158107093,0.16847515661986204,0.030815827569428775
2016-0336-NGA,2016,Moderate,LGBM_T2,2,Moderate,0.2637927289420995,0.6444198279056759,0.09178744315222451
2016-0211-BEL,2016,Low,LGBM_T2,2,Low,0.9651128721299541,0.032235049943986904,0.002652077926058935
2016-0221-JPN,2016,Low,LGBM_T2,2,Low,0.877050828029357,0.102692017542828,0.02025715442781518
2016-0224-MMR,2016,Moderate,LGBM_T2,2,Moderate,0.09646050184122869,0.6697294038172336,0.23381009434153782
2016-0234-IND,2016,Moderate,LGBM_T2,2,Low,0.48878122743296487,0.4846670712329113,0.026551701334123958
2016-0263-IRN,2016,Moderate,LGBM_T2,2,Moderate,0.00466941374826497,0.992325922570598,0.0030046636811369943
2016-0267-NPL,2016,Severe,LGBM_T2,2,Severe,0.10586481709708945,0.1778492913790057,0.716285891523905
2016-0270-PAK,2016,Moderate,LGBM_T2,2,Moderate,0.2128377014077187,0.4599535943412731,0.3272087042510082
2016-0313-ITA,2016,Severe,LGBM_T2,2,Low,0.7214142590487002,0.07960392843085133,0.1989818125204486
2016-0276-IND,2016,Severe,LGBM_T2,2,Low,0.4825295225813406,0.3025865731622042,0.2148839042564553
2016-0285-PRT,2016,Low,LGBM_T2,2,Low,0.8708546642286494,0.12668779093959803,0.0024575448317524988
2016-0286-IRQ,2016,Moderate,LGBM_T2,2,Moderate,0.147892496403917,0.7772096335298226,0.0748978700662604
2016-0300-CAF,2016,Moderate,LGBM_T2,2,Severe,0.2976956063695816,0.16382213161370332,0.5384822620167151
2016-0304-IND,2016,Moderate,LGBM_T2,2,Low,0.4166934342793574,0.3361114848538693,0.2471950808667734
2016-0305-ZAF,2016,Low,LGBM_T2,2,Low,0.8746417342444212,0.11756926417888569,0.007789001576693193
2016-0354-VEN,2016,Moderate,LGBM_T2,2,Moderate,0.0035560144810858948,0.9943283222557141,0.00211566326320003
2016-0347-EGY,2016,Severe,LGBM_T2,2,Moderate,0.007644907730690134,0.8242166086234437,0.16813848364586625
2016-0350-TWN,2016,Low,LGBM_T2,2,Low,0.9091399611461728,0.0598746117221422,0.030985427131684954
2016-0352-CIV,2016,Moderate,LGBM_T2,2,Low,0.7934640148610055,0.18427062917653445,0.022265355962460095
2016-0361-KOR,2016,Low,LGBM_T2,2,Low,0.6895005526473145,0.2605810656427805,0.04991838170990506
2017-0295-IND,2017,Moderate,LGBM_T2,2,Moderate,0.14868699504909183,0.7114873416469052,0.1398256633040031
2016-0369-MMR,2016,Low,LGBM_T2,2,Low,0.41965504092715916,0.31170649969451014,0.2686384593783307
2016-0376-CHN,2016,Moderate,LGBM_T2,2,Moderate,0.17985937098505048,0.7470531825349577,0.07308744647999187
2016-0377-PHL,2016,Moderate,LGBM_T2,2,Low,0.8961539236437278,0.08253368790336911,0.021312388452903123
2016-0383-MMR,2016,Low,LGBM_T2,2,Low,0.5161147248548037,0.1253422511847377,0.3585430239604587
2016-0391-IND,2016,Moderate,LGBM_T2,2,Severe,0.0898112021501914,0.1158199654516916,0.794368832398117
2016-0392-SLB,2016,Moderate,LGBM_T2,2,Low,0.5918863659711258,0.3633261820527855,0.04478745197608862
2016-0393-CMR,2016,Moderate,LGBM_T2,2,Moderate,0.346501500550867,0.5479999609452304,0.10549853850390262
2016-0395-NZL,2016,Low,LGBM_T2,2,Severe,0.2779687028554883,0.10376247062255278,0.6182688265219589
2016-0400-VNM,2016,Moderate,LGBM_T2,2,Moderate,0.20602331733962187,0.7500595899197525,0.043917092740625524
2016-0401-MMR,2016,Moderate,LGBM_T2,2,Moderate,0.008915814151313445,0.6066063091554604,0.38447787669322614
2016-0402-PAK,2016,Moderate,LGBM_T2,2,Moderate,0.002260328556432398,0.9933448801802588,0.004394791263308835
2016-0403-IND,2016,Moderate,LGBM_T2,2,Moderate,0.3987587633197362,0.49291274807435687,0.10832848860590692
2016-0411-IDN,2016,Moderate,LGBM_T2,2,Moderate,0.06363213460171663,0.8294454216416516,0.10692244375663187
2016-0413-PAK,2016,Moderate,LGBM_T2,2,Moderate,0.023053073494708354,0.7350820851727148,0.24186484133257682
2016-0417-LBY,2016,Severe,LGBM_T2,2,Severe,0.007144783654107785,0.4588940531958804,0.5339611631500117
2016-0418-HTI,2016,Moderate,LGBM_T2,2,Low,0.48271955329635907,0.43834908856211163,0.07893135814152939
2016-0421-IRN,2016,Moderate,LGBM_T2,2,Moderate,0.004098619685221064,0.9929151839362264,0.002986196378552541
2016-0438-THA,2016,Moderate,LGBM_T2,2,Moderate,0.00537204145128836,0.9922497762184893,0.0023781823302223993
2016-0439-COD,2016,Moderate,LGBM_T2,2,Severe,0.06673101141025839,0.4582131385080911,0.47505585008165035
2016-0445-PHL,2016,Moderate,LGBM_T2,2,Low,0.8961539236437278,0.08253368790336911,0.021312388452903123
2016-0448-BEN,2016,Moderate,LGBM_T2,2,Low,0.8164224069235749,0.059399822054667845,0.12417777102175737
2016-0449-SEN,2016,Low,LGBM_T2,2,Low,0.839850393739197,0.11602837855097616,0.04412122770982677
2016-0450-IRN,2016,Moderate,LGBM_T2,2,Moderate,0.2528970727577691,0.528949201110732,0.21815372613149886
2016-0453-ITA,2016,Low,LGBM_T2,2,Low,0.8843594660939987,0.0995786194023997,0.016061914503601532
2016-0466-USA,2016,Moderate,LGBM_T2,2,Moderate,0.30761417088338183,0.6085471927529629,0.08383863636365549
2016-0472-THA,2016,Moderate,LGBM_T2,2,Low,0.5899027823907279,0.29066358662628317,0.1194336309829888
2016-0478-ZAF,2016,Low,LGBM_T2,2,Low,0.8251852331944172,0.16241982238651442,0.012394944419068285
2016-0480-CHN,2016,Low,LGBM_T2,2,Low,0.6550176160830851,0.10285553186916421,0.2421268520477507
2016-0481-SAU,2016,Low,LGBM_T2,2,Moderate,0.37362938280054675,0.4499096235217838,0.1764609936776694
2016-0498-COD,2016,Moderate,LGBM_T2,2,Moderate,0.01045049849709314,0.7961773430500123,0.19337215845289452
2016-0507-COD,2016,Moderate,LGBM_T2,2,Severe,0.13778106313972335,0.2237302198805143,0.6384887169797623
2016-0521-USA,2016,Moderate,LGBM_T2,2,Moderate,0.32965699448842517,0.6585779370977801,0.011765068413794828
2016-0525-IDN,2016,Moderate,LGBM_T2,2,Low,0.7668802660649418,0.18042469484648307,0.05269503908857517
2016-0538-JPN,2016,Low,LGBM_T2,2,Low,0.49246921205316524,0.27666992756829145,0.2308608603785433
2016-0546-MOZ,2016,Moderate,LGBM_T2,2,Low,0.5936606832100902,0.3746250726372248,0.031714244152685055
2016-0552-USA,2016,Low,LGBM_T2,2,Low,0.8789864225914332,0.11539485678975575,0.005618720618811134
2016-0554-IND,2016,Moderate,LGBM_T2,2,Low,0.4825295225813406,0.3025865731622042,0.2148839042564553
2016-0563-PHL,2016,Low,LGBM_T2,2,Low,0.5123368155321834,0.4102625997921543,0.07740058467566227
2016-0566-TUR,2016,Moderate,LGBM_T2,2,Moderate,0.015008496971576829,0.9300641509552339,0.05492735207318929
2016-0567-LBY,2016,Moderate,LGBM_T2,2,Severe,0.006018512965983044,0.2263987694773656,0.7675827175566514
2016-0576-NGA,2016,Severe,LGBM_T2,2,Severe,0.043820066654160585,0.1347190676040321,0.8214608657418073
2017-0351-RUS,2017,Moderate,LGBM_T2,2,Moderate,0.004069568285378168,0.9915465826073584,0.004383849107263409
2017-0016-IRN,2017,Moderate,LGBM_T2,2,Moderate,0.32856767828310074,0.5665342480323267,0.10489807368457262
2017-0022-USA,2017,Moderate,LGBM_T2,2,Low,0.859729296071756,0.1341406160022842,0.006130087925959769
2017-0024-ITA,2017,Moderate,LGBM_T2,2,Moderate,0.013663136058381943,0.9804320437266102,0.005904820215007872
2017-0083-GHA,2017,Moderate,LGBM_T2,2,Low,0.6064953151175826,0.30289340653649854,0.09061127834591888
2017-0038-AFG,2017,Moderate,LGBM_T2,2,Moderate,0.284848926718608,0.5772739284014617,0.13787714487993027
2017-0406-PHL,2017,Moderate,LGBM_T2,2,Low,0.8704388157337547,0.0890651494700869,0.040496034796158285
2017-0045-PAK,2017,Moderate,LGBM_T2,2,Moderate,0.3463718371028933,0.49354362875541113,0.1600845341416954
2017-0059-IDN,2017,Low,LGBM_T2,2,Low,0.6600462776889616,0.2579370661343271,0.08201665617671137
2017-0070-USA,2017,Low,LGBM_T2,2,Low,0.8495613071521184,0.12449131464002901,0.025947378207852537
2017-0076-CHN,2017,Moderate,LGBM_T2,2,Moderate,0.06276938143303838,0.8150051649696884,0.12222545359727315
2017-0081-NPL,2017,Moderate,LGBM_T2,2,Moderate,0.006020587642545081,0.9869709317837797,0.007008480573675143
2017-0150-LBY,2017,Moderate,LGBM_T2,2,Severe,0.006647087883751376,0.26887639517733336,0.7244765169389152
2017-0300-CMR,2017,Moderate,LGBM_T2,2,Moderate,0.017385521174335238,0.5762702720359759,0.40634420678968874
2017-0084-PER,2017,Severe,LGBM_T2,2,Low,0.618667177555039,0.2604759125164524,0.12085690992850859
2017-0085-PAN,2017,Moderate,LGBM_T2,2,Moderate,0.005566739228162534,0.9934561439484086,0.0009771168234287387
2017-0088-MMR,2017,Moderate,LGBM_T2,2,Severe,0.011673970633574303,0.35951968772219034,0.6288063416442353
2017-0093-SOM,2017,Severe,LGBM_T2,2,Severe,0.06927719470716426,0.18049986501765278,0.750222940275183
2017-0103-MMR,2017,Moderate,LGBM_T2,2,Moderate,0.17494802549882504,0.6138070699032737,0.2112449045979013
2017-0105-AUS,2017,Moderate,LGBM_T2,2,Low,0.9187248556840198,0.030477352900998476,0.05079779141498157
2017-0108-USA,2017,Moderate,LGBM_T2,2,Low,0.5073518986043977,0.4826596938900258,0.00998840750557651
2017-0110-CHN,2017,Low,LGBM_T2,2,Low,0.8018947120321467,0.18503015762166408,0.013075130346189281
2017-0149-COL,2017,Moderate,LGBM_T2,2,Moderate,0.026737279274373124,0.9348798470579545,0.038382873667672526
2017-0151-RUS,2017,Moderate,LGBM_T2,2,Low,0.8479762522104431,0.132247664977014,0.019776082812542988
2017-0159-IND,2017,Moderate,LGBM_T2,2,Moderate,0.09113044280395459,0.7059995577957705,0.2028699994002749
2017-0160-IND,2017,Moderate,LGBM_T2,2,Moderate,0.09276941476192589,0.7991304469666026,0.10810013827147145
2017-0161-ZWE,2017,Moderate,LGBM_T2,2,Moderate,0.049887885368310785,0.9412516274448227,0.008860487186866526
2017-0176-PRT,2017,Moderate,LGBM_T2,2,Low,0.8664341851666445,0.13011733544721277,0.003448479386142785
2017-0184-CIV,2017,Moderate,LGBM_T2,2,Low,0.6353641615268436,0.3421299745006147,0.022505863972541718
2017-0186-NER,2017,Moderate,LGBM_T2,2,Low,0.6937274384434496,0.29082062927730273,0.015451932279247623
2017-0196-GTM,2017,Low,LGBM_T2,2,Low,0.8602485438368201,0.11055480185885533,0.029196654304324592
2017-0200-COL,2017,Moderate,LGBM_T2,2,Moderate,0.05241574245829879,0.8058078628202342,0.1417763947214669
2017-0202-BRA,2017,Moderate,LGBM_T2,2,Low,0.7697141711232246,0.15199919853012,0.07828663034665531
2017-0211-LBY,2017,Moderate,LGBM_T2,2,Severe,0.006298773153762524,0.26520756331126605,0.7284936635349714
2017-0212-TUR,2017,Moderate,LGBM_T2,2,Moderate,0.023753259393215917,0.7413416693777811,0.23490507122900298
2017-0214-CHN,2017,Low,LGBM_T2,2,Low,0.7777730146434458,0.2119377096614397,0.010289275695114411
2017-0223-COL,2017,Low,LGBM_T2,2,Moderate,0.36733812323294146,0.368069420331021,0.2645924564360375
2017-0234-USA,2017,Low,LGBM_T2,2,Low,0.9408063908767305,0.054587153481842135,0.004606455641427322
2017-0243-PAK,2017,Severe,LGBM_T2,2,Moderate,0.12655524178597546,0.6333539133651045,0.24009084484891993
2017-0308-SAU,2017,Moderate,LGBM_T2,2,Moderate,0.07185965951761412,0.8065930764413201,0.12154726404106579
2017-0246-JPN,2017,Moderate,LGBM_T2,2,Low,0.8097569222570231,0.17756001342367045,0.012683064319306433
2017-0250-BGD,2017,Moderate,LGBM_T2,2,Moderate,0.11871114100413016,0.529538304098731,0.35175055489713886
2017-0261-CHN,2017,Low,LGBM_T2,2,Moderate,0.3434195257077152,0.5326886674289164,0.1238918068633683
2017-0265-IND,2017,Moderate,LGBM_T2,2,Moderate,0.41357494478358153,0.5521824824030409,0.03424257281337758
2017-0270-VNM,2017,Moderate,LGBM_T2,2,Low,0.7624903885770042,0.2250158702800959,0.012493741142899802
2017-0277-IDN,2017,Moderate,LGBM_T2,2,Moderate,0.005280969620098109,0.9899217376917498,0.004797292688151911
2017-0280-GRC,2017,Low,LGBM_T2,2,Low,0.9499471852441261,0.03687561653418884,0.013177198221684982
2017-0331-CHN,2017,Moderate,LGBM_T2,2,Low,0.6467065714223018,0.06312235792904683,0.2901710706486513
2017-0335-CHN,2017,Moderate,LGBM_T2,2,Moderate,0.020780801157890577,0.964153343815319,0.015065855026790385
2017-0342-IND,2017,Severe,LGBM_T2,2,Low,0.4151353516863443,0.33852884391079924,0.24633580440285638
2017-0343-SLE,2017,Severe,LGBM_T2,2,Moderate,0.22671392491970815,0.537473090310409,0.2358129847698829
2017-0348-CAF,2017,Moderate,LGBM_T2,2,Moderate,0.00657042903789867,0.9868356189947295,0.006593951967371945
2017-0352-CHN,2017,Low,LGBM_T2,2,Low,0.6894803510501425,0.23622520992840199,0.0742944390214555
2017-0361-CMR,2017,Moderate,LGBM_T2,2,Moderate,0.004569726197768841,0.9908562424653046,0.004574031336926613
2017-0362-USA,2017,Moderate,LGBM_T2,2,Low,0.8110012284672743,0.1605534540894686,0.028445317443257158
2017-0370-NER,2017,Moderate,LGBM_T2,2,Low,0.7806305322791459,0.13593571096912233,0.08343375675173173
2017-0379-SDN,2017,Severe,LGBM_T2,2,Severe,0.07382595014978499,0.2686508465918724,0.6575232032583427
2017-0381-AIA,2017,Low,LGBM_T2,2,Low,0.9476073482057655,0.04693435621085994,0.005458295583374427
2017-0381-CUB,2017,Moderate,LGBM_T2,2,Low,0.9434562866626317,0.053540820611454494,0.003002892725913964
2017-0381-SXM,2017,Low,LGBM_T2,2,Low,0.9476073482057655,0.04693435621085994,0.005458295583374427
2017-0383-DOM,2017,Low,LGBM_T2,2,Low,0.930142913836063,0.028689492271907823,0.041167593892029175
2017-0386-UGA,2017,Moderate,LGBM_T2,2,Moderate,0.004458917352544219,0.9898896373563756,0.005651445291080218
2017-0387-MEX,2017,Severe,LGBM_T2,2,Low,0.8773160397963607,0.06060553518049568,0.06207842502314351
2017-0389-DZA,2017,Moderate,LGBM_T2,2,Moderate,0.002347418883513954,0.9946050534514567,0.003047527665029589
2017-0390-TUR,2017,Moderate,LGBM_T2,2,Moderate,0.01107189375285571,0.9471534999564768,0.04177460629066736
2017-0391-COD,2017,Severe,LGBM_T2,2,Low,0.38346212846856886,0.37763997804305915,0.23889789348837195
2017-0392-MEX,2017,Low,LGBM_T2,2,Low,0.7177182046082111,0.1804806205008393,0.1018011748909497
2017-0395-UGA,2017,Moderate,LGBM_T2,2,Low,0.5134268334547574,0.4015540737399627,0.08501909280527986
2017-0399-COD,2017,Moderate,LGBM_T2,2,Moderate,0.009513528705529885,0.7003051078717071,0.2901813634227631
2017-0403-MYS,2017,Moderate,LGBM_T2,2,Moderate,0.21581078365797352,0.7397603909888067,0.04442882535321978
2017-0404-IND,2017,Moderate,LGBM_T2,2,Moderate,0.020305893364236757,0.6615272072921206,0.31816689934364273
2017-0410-GTM,2017,Low,LGBM_T2,2,Low,0.6764822424932564,0.07078206110898155,0.252735696397762
2017-0410-HND,2017,Low,LGBM_T2,2,Low,0.8132242094898027,0.13343773539346218,0.05333805511673516
2017-0420-NER,2017,Moderate,LGBM_T2,2,Moderate,0.00440711470039433,0.9924868419827558,0.0031060433168497406
2017-0430-BGR,2017,Low,LGBM_T2,2,Low,0.9530868196195904,0.04440697711558229,0.002506203264827305
2017-0435-TUN,2017,Moderate,LGBM_T2,2,Moderate,0.0077143730585842755,0.585878449289697,0.4064071776517187
2017-0459-IND,2017,Moderate,LGBM_T2,2,Moderate,0.01835267112089666,0.6905255778773595,0.29112175100174387
2017-0460-IND,2017,Moderate,LGBM_T2,2,Severe,0.06509521567720933,0.3169468699044665,0.617957914418324
2017-0461-SEN,2017,Moderate,LGBM_T2,2,Moderate,0.005429563664535127,0.9907661724327832,0.003804263902681617
2017-0488-ARG,2017,Moderate,LGBM_T2,2,Moderate,0.023708901192186105,0.9352086463198171,0.04108245248799672
2017-0551-BRA,2017,Severe,LGBM_T2,2,Low,0.41108624327586524,0.257485653201638,0.3314281035224968
2017-0553-MOZ,2017,Low,LGBM_T2,2,Low,0.4008100861988201,0.24901980949527372,0.35017010430590617
2017-0558-ZMB,2017,Moderate,LGBM_T2,2,Low,0.4547179360283452,0.1299440519697984,0.41533801200185655
2017-0492-VNM,2017,Low,LGBM_T2,2,Low,0.6095449962969275,0.3434917241830613,0.04696327952001118
2017-0494-IDN,2017,Low,LGBM_T2,2,Low,0.6265569194558142,0.20050961022933658,0.17293347031484918
2017-0495-IND,2017,Moderate,LGBM_T2,2,Severe,0.1664167777743974,0.3668729686018808,0.4667102536237219
2017-0500-LBY,2017,Moderate,LGBM_T2,2,Severe,0.006874519073200336,0.43021916139001143,0.5629063195367883
2017-0505-ZWE,2017,Moderate,LGBM_T2,2,Moderate,0.02787652585612444,0.9646482580304853,0.007475216113390245
2017-0506-TUR,2017,Moderate,LGBM_T2,2,Moderate,0.006318065038473678,0.9887146904597116,0.00496724450181482
2017-0508-IND,2017,Severe,LGBM_T2,2,Low,0.386820230844087,0.3865071653810942,0.22667260377481882
2017-0510-PAK,2017,Moderate,LGBM_T2,2,Moderate,0.00785822522225204,0.8346494596447337,0.15749231513301423
2017-0527-BGD,2017,Moderate,LGBM_T2,2,Moderate,0.09328218124752187,0.6873945163302622,0.21932330242221595
2017-0531-COD,2017,Moderate,LGBM_T2,2,Moderate,0.007296895920073101,0.932225262889632,0.06047784119029484
2017-0533-KEN,2017,Moderate,LGBM_T2,2,Moderate,0.009855983766573546,0.9572950344507601,0.03284898178266625
2017-0543-COD,2017,Moderate,LGBM_T2,2,Severe,0.05364424448943998,0.327292215678867,0.6190635398316929
2017-0565-DEU,2017,Low,LGBM_T2,2,Low,0.9404026213088881,0.05780607887917164,0.0017912998119402122
2017-0570-IND,2017,Low,LGBM_T2,2,Low,0.6299001447255248,0.35574125984974614,0.01435859542472899
2017-0579-ITA,2017,Low,LGBM_T2,2,Moderate,0.15935236047541856,0.719010523116359,0.12163711640822249
2016-0465-CHN,2016,Moderate,LGBM_T2,2,Moderate,0.021793217331877945,0.9624404105222897,0.01576637214583231
2016-0470-CHN,2016,Moderate,LGBM_T2,2,Severe,0.06402482082163317,0.4071017381766383,0.5288734410017285
2016-0010-USA,2016,Moderate,LGBM_T2,2,Moderate,0.4621006721449538,0.5280788978050847,0.009820430049961398
2016-0014-AUS,2016,Low,LGBM_T2,2,Low,0.9317990142938198,0.03233074553155709,0.03587024017462297
2016-0025-GRC,2016,Moderate,LGBM_T2,2,Moderate,0.009360640891822931,0.9584713948567416,0.03216796425143545
2016-0256-CHN,2016,Moderate,LGBM_T2,2,Low,0.783109231353762,0.1630979705751145,0.053792798071123665
2016-0028-TZA,2016,Low,LGBM_T2,2,Low,0.39044642817242103,0.39035696525350483,0.2191966065740742
2016-0036-ZAF,2016,Moderate,LGBM_T2,2,Low,0.42552193435534547,0.2941450067224769,0.28033305892217764
2016-0042-GHA,2016,Moderate,LGBM_T2,2,Moderate,0.004211248050906612,0.9842004071490443,0.011588344800049093
2016-0070-ZWE,2016,Moderate,LGBM_T2,2,Moderate,0.05002431627079996,0.9398074919523898,0.010168191776810307
2016-0071-TUR,2016,Moderate,LGBM_T2,2,Moderate,0.017041177250018486,0.9156047417265485,0.06735408102343306
2016-0079-RUS,2016,Moderate,LGBM_T2,2,Moderate,0.09959901991826924,0.8342951000579403,0.06610588002379046
2016-0085-USA,2016,Low,LGBM_T2,2,Low,0.8864756373334732,0.10786565405990602,0.005658708606620844
2016-0094-IDN,2016,Low,LGBM_T2,2,Low,0.7721479161827917,0.21041702054176117,0.0174350632754472
2016-0100-PAK,2016,Low,LGBM_T2,2,Severe,0.3586115984087773,0.09601465946468271,0.54537374212654
2016-0102-IND,2016,Moderate,LGBM_T2,2,Moderate,0.19194482768960974,0.74098256739115,0.06707260491924039
2016-0108-CHN,2016,Moderate,LGBM_T2,2,Moderate,0.0658621513856049,0.8118483835499395,0.12228946506445569
2016-0112-AFG,2016,Moderate,LGBM_T2,2,Low,0.5017103092920246,0.3058666378209243,0.19242305288705105
2016-0117-ECU,2016,Severe,LGBM_T2,2,Low,0.8493947729918182,0.11729805217768421,0.03330717483049775
2016-0120-OMN,2016,Low,LGBM_T2,2,Low,0.9099613290889615,0.08627224222265667,0.0037664286883818264
2016-0145-LBY,2016,Severe,LGBM_T2,2,Severe,0.0054292599079044015,0.19448383968731806,0.8000869004047775
2016-0148-UGA,2016,Moderate,LGBM_T2,2,Moderate,0.2446407170221447,0.5124343453706179,0.24292493760723735
2016-0158-IND,2016,Moderate,LGBM_T2,2,Moderate,0.01571106257337083,0.9789488462897532,0.0053400911368760035
2016-0159-IND,2016,Moderate,LGBM_T2,2,Moderate,0.01627779902917042,0.9790290223773825,0.004693178593447122
2016-0160-MMR,2016,Moderate,LGBM_T2,2,Severe,0.04670952910166272,0.2718476209083532,0.6814428499899842
2016-0164-RWA,2016,Moderate,LGBM_T2,2,Moderate,0.4675402118331674,0.5169800541787998,0.015479733988032826
2016-0167-PAK,2016,Moderate,LGBM_T2,2,Moderate,0.14297202153372823,0.6981764052406986,0.15885157322557336
2016-0168-LBY,2016,Moderate,LGBM_T2,2,Severe,0.005411613357376977,0.19358074785425955,0.8010076387883636
2016-0171-BFA,2016,Moderate,LGBM_T2,2,Moderate,0.0044084476559109135,0.9876931394048285,0.007898412939260578
2016-0176-COD,2016,Moderate,LGBM_T2,2,Moderate,0.011174983376311001,0.9429543293011545,0.04587068732253445
2016-0179-BEL,2016,Low,LGBM_T2,2,Low,0.9698924122999559,0.02603719050586112,0.004070397194182895
2016-0179-FRA,2016,Low,LGBM_T2,2,Low,0.9700352359120465,0.02602414127805485,0.003940622809898544
2016-0179-ROU,2016,Low,LGBM_T2,2,Low,0.8849759544124076,0.11342395588833609,0.001600089699256342
2016-0181-USA,2016,Low,LGBM_T2,2,Low,0.8700138144550776,0.1263309035272043,0.0036552820177182745
2016-0182-QAT,2016,Moderate,LGBM_T2,2,Moderate,0.13684498774098441,0.847278795869634,0.015876216389381637
2016-0186-ETH,2016,Severe,LGBM_T2,2,Low,0.41811113404643824,0.23570727694807883,0.3461815890054829
2016-0191-AFG,2016,Low,LGBM_T2,2,Moderate,0.3677878127374932,0.5232009255264547,0.10901126173605208
2016-0196-YEM,2016,Moderate,LGBM_T2,2,Moderate,0.20600161337368916,0.7804717313966739,0.013526655229636976
2016-0201-AUS,2016,Low,LGBM_T2,2,Low,0.8610644659016112,0.10781620087192859,0.031119333226460228
2016-0212-GHA,2016,Moderate,LGBM_T2,2,Low,0.6375849738906348,0.22393930103673332,0.1384757250726319
2016-0214-BRA,2016,Moderate,LGBM_T2,2,Moderate,0.006257594002747405,0.9883193414330941,0.005423064564158552
2016-0225-THA,2016,Moderate,LGBM_T2,2,Moderate,0.28140431006259425,0.6473351360535321,0.07126055388387362
2016-0232-MMR,2016,Moderate,LGBM_T2,2,Severe,0.36990788027789784,0.22043691582406832,0.40965520389803395
2016-0238-CHN,2016,Moderate,LGBM_T2,2,Moderate,0.21443524272980477,0.7277533215999663,0.05781143567022892
2016-0252-UGA,2016,Moderate,LGBM_T2,2,Moderate,0.006271344373187827,0.9863642894647634,0.007364366162048878
2016-0471-CHN,2016,Moderate,LGBM_T2,2,Severe,0.06402482082163317,0.4071017381766383,0.5288734410017285
2016-0284-HND,2016,Low,LGBM_T2,2,Low,0.8790623087492032,0.0811256003276555,0.039812090923141405
2016-0256-PHL,2016,Low,LGBM_T2,2,Low,0.8972680873693697,0.0765997217911006,0.026132190839529737
2016-0261-TWN,2016,Moderate,LGBM_T2,2,Moderate,0.01768810235002877,0.9773849313204354,0.0049269663295356675
2016-0262-IND,2016,Moderate,LGBM_T2,2,Moderate,0.04523542789490529,0.5161188060756665,0.43864576602942823
2016-0265-MYS,2016,Moderate,LGBM_T2,2,Moderate,0.013621380828181486,0.9295252425003512,0.05685337667146751
2016-0267-IND,2016,Moderate,LGBM_T2,2,Severe,0.2805957474712769,0.3570541543624484,0.3623500981662746
2016-0274-SDN,2016,Severe,LGBM_T2,2,Moderate,0.2578237156649658,0.5246944020453556,0.21748188228967866
2016-0278-IND,2016,Moderate,LGBM_T2,2,Moderate,0.11078732480737918,0.7432851020996063,0.14592757309301452
2016-0281-GAB,2016,Moderate,LGBM_T2,2,Moderate,0.0026508934063983075,0.9965407812818755,0.000808325311726097
2016-0284-MEX,2016,Moderate,LGBM_T2,2,Low,0.7603350213955535,0.16757624937773646,0.07208872922671009
2016-0287-BFA,2016,Moderate,LGBM_T2,2,Low,0.8144425384650489,0.1399442844400798,0.04561317709487136
2016-0289-SSD,2016,Moderate,LGBM_T2,2,Severe,0.06509138229004752,0.15715457271407604,0.7777540449958764
2016-0292-USA,2016,Moderate,LGBM_T2,2,Low,0.8980068920875466,0.09300154960794675,0.008991558304506684
2016-0293-BGD,2016,Moderate,LGBM_T2,2,Severe,0.020767211119966378,0.4175480769629336,0.5616847119171
2016-0296-NPL,2016,Moderate,LGBM_T2,2,Moderate,0.00449910206847883,0.9848050209222021,0.010695877009318936
2016-0298-PER,2016,Low,LGBM_T2,2,Low,0.9385848165296464,0.0401331481001333,0.0212820353702201
2016-0473-YEM,2016,Moderate,LGBM_T2,2,Moderate,0.0074371167700740745,0.9745060709156942,0.018056812314231806
2017-0356-SGP,2017,Moderate,LGBM_T2,2,Moderate,0.027161256203030643,0.9533899529190315,0.01944879087793786
2016-0316-LAO,2016,Low,LGBM_T2,2,Low,0.812156904733202,0.17824904861820742,0.009594046648590664
2016-0322-USA,2016,Low,LGBM_T2,2,Low,0.8215017734287091,0.15900559771457348,0.01949262885671756
2016-0323-AFG,2016,Moderate,LGBM_T2,2,Moderate,0.003984509327898716,0.9853883567474158,0.01062713392468566
2016-0331-USA,2016,Low,LGBM_T2,2,Low,0.9031340538112513,0.0917954220510657,0.005070524137683039
2016-0343-PAK,2016,Low,LGBM_T2,2,Moderate,0.06501875174326514,0.6744168763850257,0.2605643718717091
2016-0345-IDN,2016,Moderate,LGBM_T2,2,Low,0.6475696765915357,0.2227500271760781,0.12968029623238617
2016-0350-CHN,2016,Moderate,LGBM_T2,2,Low,0.8482833882901907,0.12999482231373566,0.021721789396073724
2016-0355-HTI,2016,Severe,LGBM_T2,2,Low,0.6646979405473284,0.15673267137051455,0.17856938808215705
2016-0382-JPN,2016,Low,LGBM_T2,2,Low,0.913596488162975,0.07671850381939904,0.00968500801762597
2016-0389-CHN,2016,Moderate,LGBM_T2,2,Moderate,0.18640944250658448,0.7454669771338838,0.0681235803595317
2016-0406-RUS,2016,Moderate,LGBM_T2,2,Moderate,0.004982908127042286,0.9341260803890794,0.060891011483878335
2016-0408-USA,2016,Moderate,LGBM_T2,2,Moderate,0.02660321827821481,0.9705276658926959,0.0028691158290892953
2016-0420-ALB,2016,Low,LGBM_T2,2,Low,0.9134279243231032,0.08289989320468222,0.003672182472214689
2016-0431-MOZ,2016,Moderate,LGBM_T2,2,Moderate,0.007596381671333575,0.9808051508264195,0.011598467502247077
2016-0433-CRI,2016,Low,LGBM_T2,2,Low,0.8863535948537067,0.10893648282195448,0.004709922324338977
2016-0436-CHN,2016,Moderate,LGBM_T2,2,Moderate,0.026446602742890707,0.9592832772903285,0.014270119966780804
2016-0440-YEM,2016,Moderate,LGBM_T2,2,Moderate,0.2809869755353384,0.6901835200406256,0.02882950442403605
2016-0441-CHN,2016,Moderate,LGBM_T2,2,Moderate,0.030216458595068225,0.8857743898323146,0.08400915157261728
2016-0444-MMR,2016,Moderate,LGBM_T2,2,Severe,0.14161847948274023,0.3492990124369963,0.5090825080802636
2016-0460-BDI,2016,Low,LGBM_T2,2,Low,0.41046069159696086,0.26934298576385285,0.3201963226391864
2016-0463-USA,2016,Moderate,LGBM_T2,2,Low,0.851169629279018,0.1426411041529039,0.006189266568078186
2016-0477-USA,2016,Low,LGBM_T2,2,Moderate,0.3275914261868775,0.6623533607425354,0.010055213070587175
2016-0485-IND,2016,Moderate,LGBM_T2,2,Severe,0.2644691044474117,0.3548694513833873,0.38066144416920106
2016-0497-VNM,2016,Moderate,LGBM_T2,2,Low,0.6217618675168929,0.33230827235245397,0.04592986013065305
2016-0504-RUS,2016,Moderate,LGBM_T2,2,Moderate,0.006568357525365705,0.8912365945414916,0.10219504793314259
2016-0505-UGA,2016,Moderate,LGBM_T2,2,Moderate,0.013604049036733623,0.7538772688723285,0.23251868209093796
2017-0029-CHN,2017,Moderate,LGBM_T2,2,Moderate,0.1307142633374867,0.7823543817356368,0.08693135492687647
2017-0350-CHE,2017,Low,LGBM_T2,2,Low,0.8804640699415804,0.11498977089250263,0.004546159165916705
2016-0514-VNM,2016,Moderate,LGBM_T2,2,Moderate,0.2984620899536213,0.6137452247785566,0.087792685267822
2016-0522-COL,2016,Low,LGBM_T2,2,Moderate,0.3775771590768457,0.5684877938314106,0.053935047091743765
2016-0532-MEX,2016,Low,LGBM_T2,2,Low,0.5564893462684092,0.409612441364823,0.03389821236676796
2016-0536-CHN,2016,Low,LGBM_T2,2,Low,0.9184087401127566,0.05333452352093522,0.02825673636630807
2016-0548-SOM,2016,Severe,LGBM_T2,2,Severe,0.07183736648408005,0.1974064345837174,0.7307561989322024
2016-0550-USA,2016,Low,LGBM_T2,2,Low,0.9423411997867494,0.054297786184061655,0.0033610140291888808
2016-0555-PER,2016,Moderate,LGBM_T2,2,Moderate,0.00851581257034221,0.8827428757170587,0.10874131171259911
2016-0557-NGA,2016,Severe,LGBM_T2,2,Severe,0.051793243454013,0.37493600692519485,0.5732707496207922
2016-0568-LBY,2016,Moderate,LGBM_T2,2,Severe,0.0065375600366162235,0.27645036927859057,0.7170120706847932
2016-0574-KEN,2016,Moderate,LGBM_T2,2,Moderate,0.36636790762750615,0.5368307157884943,0.09680137658399962
2017-0082-SEN,2017,Moderate,LGBM_T2,2,Moderate,0.007849809236340292,0.9869593794206135,0.005190811343046208
2017-0001-IDN,2017,Moderate,LGBM_T2,2,Moderate,0.021158316501854423,0.7734690524243502,0.20537263107379547
2017-0002-CHL,2017,Moderate,LGBM_T2,2,Low,0.7637928372240124,0.1709983025758149,0.06520886020017276
2017-0098-PHL,2017,Moderate,LGBM_T2,2,Moderate,0.01735279210147284,0.9752482124211277,0.007398995477399366
2017-0101-IND,2017,Moderate,LGBM_T2,2,Moderate,0.018873645104012425,0.9749668457108609,0.0061595091851266515
2017-0352-VNM,2017,Low,LGBM_T2,2,Low,0.5895761233722909,0.3630561302933418,0.04736774633436726
2017-0239-LBY,2017,Moderate,LGBM_T2,2,Severe,0.00561087791668367,0.22575574356830164,0.7686333785150147
2017-0006-THA,2017,Moderate,LGBM_T2,2,Low,0.6609639376010429,0.24723655824164184,0.09179950415731533
2017-0008-MAR,2017,Moderate,LGBM_T2,2,Moderate,0.0032450329184815388,0.9954554954884068,0.0012994715931115126
2017-0010-ALB,2017,Low,LGBM_T2,2,Low,0.9257775120915825,0.06247357686073495,0.011748911047682326
2017-0010-SRB,2017,Low,LGBM_T2,2,Low,0.9043614827319276,0.08063928862452303,0.01499922864354935
2017-0010-UKR,2017,Moderate,LGBM_T2,2,Low,0.43989276722899456,0.12778075481880713,0.4323264779521983
2017-0011-KGZ,2017,Moderate,LGBM_T2,2,Moderate,0.0098275494608368,0.9717226071596726,0.018449843379490512
2017-0013-ECU,2017,Moderate,LGBM_T2,2,Moderate,0.004998243004748568,0.9942258151585696,0.0007759418366819806
2017-0017-IND,2017,Moderate,LGBM_T2,2,Moderate,0.01708610027506686,0.977135653335436,0.005778246389497316
2017-0019-MYS,2017,Moderate,LGBM_T2,2,Moderate,0.020830067970138182,0.8924920578101218,0.08667787421974008
2017-0023-IND,2017,Moderate,LGBM_T2,2,Moderate,0.3153717657524003,0.6157739100651413,0.06885432418245843
2017-0241-DEU,2017,Moderate,LGBM_T2,2,Moderate,0.025669962628196444,0.9726786152448524,0.0016514221269509418
2017-0037-SEN,2017,Moderate,LGBM_T2,2,Moderate,0.007742583669470121,0.9863803801052673,0.005877036225262521
2017-0044-CHN,2017,Moderate,LGBM_T2,2,Moderate,0.11006758023209445,0.814309880459268,0.07562253930863738
2017-0046-IND,2017,Moderate,LGBM_T2,2,Moderate,0.25924393872866525,0.37254045853015305,0.3682156027411818
2017-0051-MOZ,2017,Low,LGBM_T2,2,Low,0.6283226029306858,0.30165208627937623,0.07002531078993805
2017-0056-ARG,2017,Moderate,LGBM_T2,2,Moderate,0.010623523230120656,0.9866578784532115,0.002718598316667905
2017-0067-TWN,2017,Moderate,LGBM_T2,2,Moderate,0.018631212673907736,0.9744738477416591,0.006894939584433175
2017-0077-HTI,2017,Moderate,LGBM_T2,2,Moderate,0.005487719825443918,0.9899097944994196,0.004602485675136407
2017-0249-CAF,2017,Moderate,LGBM_T2,2,Moderate,0.008003931018417608,0.982896421489301,0.009099647492281301
2017-0116-KEN,2017,Moderate,LGBM_T2,2,Moderate,0.018895988057801693,0.953475999628186,0.027628012314012334
2017-0118-NER,2017,Moderate,LGBM_T2,2,Severe,0.24597965945610223,0.1126448805989285,0.6413754599449693
2017-0119-COL,2017,Moderate,LGBM_T2,2,Moderate,0.09719962324572717,0.7815157750801998,0.12128460167407316
2017-0125-IND,2017,Moderate,LGBM_T2,2,Moderate,0.19647802784334595,0.7232749646067129,0.08024700754994114
2017-0126-CAN,2017,Low,LGBM_T2,2,Low,0.9643663949410081,0.032543194696866014,0.003090410362125984
2017-0127-MEX,2017,Moderate,LGBM_T2,2,Moderate,0.14095966396310022,0.8094442600088773,0.04959607602802254
2017-0129-IRN,2017,Moderate,LGBM_T2,2,Moderate,0.0808818624970469,0.7709418608998123,0.14817627660314073
2017-0345-IND,2017,Moderate,LGBM_T2,2,Moderate,0.09537676759455031,0.5319846230059488,0.37263860939950083
2017-0139-BGD,2017,Moderate,LGBM_T2,2,Low,0.6708061642745137,0.3161422273476685,0.013051608377817707
2017-0142-PHL,2017,Moderate,LGBM_T2,2,Low,0.9090198125530882,0.0718033376220764,0.019176849824835376
2017-0152-BGD,2017,Low,LGBM_T2,2,Low,0.5363879420171204,0.2587755440940669,0.20483651388881266
2017-0158-MAR,2017,Moderate,LGBM_T2,2,Moderate,0.002786949606550864,0.9958891712023686,0.0013238791910804874
2017-0174-BGD,2017,Severe,LGBM_T2,2,Low,0.5671275622105989,0.36112276023592765,0.07174967755347343
2017-0185-CHL,2017,Low,LGBM_T2,2,Low,0.8905392355371876,0.09679583526976085,0.012664929193051445
2017-0192-LBY,2017,Severe,LGBM_T2,2,Severe,0.006060639057984118,0.2558288112425263,0.7381105496994896
2017-0204-IRN,2017,Low,LGBM_T2,2,Low,0.9307581756280054,0.045253963410264796,0.02398786096172976
2017-0318-NGA,2017,Moderate,LGBM_T2,2,Severe,0.059820196380487065,0.16616658992276742,0.7740132136967456
2017-0354-BRA,2017,Moderate,LGBM_T2,2,Moderate,0.01865481188162182,0.8485284586034362,0.13281672951494197
2017-0205-KEN,2017,Moderate,LGBM_T2,2,Moderate,0.3778476214516844,0.4539944402855948,0.16815793826272085
2017-0206-IDN,2017,Low,LGBM_T2,2,Low,0.7261857585979659,0.1799996560049479,0.09381458539708622
2017-0209-HTI,2017,Moderate,LGBM_T2,2,Low,0.7279206194966759,0.21947765241750491,0.05260172808581921
2017-0215-COL,2017,Moderate,LGBM_T2,2,Moderate,0.38455800870885176,0.5594792269842199,0.05596276430692842
2017-0229-PAK,2017,Moderate,LGBM_T2,2,Moderate,0.11182928062483685,0.7364412665904623,0.15172945278470099
2017-0256-NPL,2017,Moderate,LGBM_T2,2,Severe,0.06923058547625768,0.3135308988143782,0.617238515709364
2017-0264-CHN,2017,Moderate,LGBM_T2,2,Moderate,0.21938935337026713,0.7138733593767672,0.06673728725296568
2017-0281-VNM,2017,Low,LGBM_T2,2,Low,0.5699771953760794,0.3831305061224324,0.04689229850148835
2017-0282-USA,2017,Moderate,LGBM_T2,2,Low,0.7632006672617261,0.2247050454902321,0.0120942872480418
2017-0286-CHN,2017,Moderate,LGBM_T2,2,Low,0.7707707284461502,0.21717810983807004,0.01205116171577978
2017-0296-ECU,2017,Moderate,LGBM_T2,2,Moderate,0.005647789219197971,0.9935487817310142,0.0008034290497879063
2017-0305-NER,2017,Moderate,LGBM_T2,2,Severe,0.3388030410022498,0.16187977271766937,0.499317186280081
2017-0307-LKA,2017,Severe,LGBM_T2,2,Severe,0.21133527542031952,0.11101185008942992,0.6776528744902506
2017-0321-NPL,2017,Moderate,LGBM_T2,2,Severe,0.13608416491443392,0.17488579724647152,0.6890300378390946
2017-0326-TWN,2017,Low,LGBM_T2,2,Low,0.6141736553875013,0.11170610982547433,0.27412023478702435
2017-0337-VNM,2017,Moderate,LGBM_T2,2,Moderate,0.4199900356886959,0.5513592171403192,0.02865074717098483
2017-0341-POL,2017,Low,LGBM_T2,2,Low,0.6761024522784107,0.27077893310595086,0.05311861461563844
2017-0360-DEU,2017,Low,LGBM_T2,2,Low,0.9369110899387458,0.06033125620931027,0.002757653851943885
2017-0363-CHN,2017,Moderate,LGBM_T2,2,Moderate,0.0823503148282005,0.6599005808502939,0.2577491043215056
2017-0364-IND,2017,Moderate,LGBM_T2,2,Moderate,0.2158448392247983,0.3924647252774863,0.39169043549771543
2017-0381-BLM,2017,Low,LGBM_T2,2,Low,0.9476073482057655,0.04693435621085994,0.005458295583374427
2017-0381-BRB,2017,Low,LGBM_T2,2,Low,0.9279848186125235,0.06910201339657907,0.0029131679908974612
2017-0381-HTI,2017,Low,LGBM_T2,2,Low,0.6600365937302339,0.15616152957804563,0.18380187669172046
2017-0381-PRI,2017,Low,LGBM_T2,2,Low,0.946949351164267,0.048939368704822864,0.004111280130909906
2017-0381-VGB,2017,Low,LGBM_T2,2,Low,0.9476073482057655,0.04693435621085994,0.005458295583374427
2017-0383-DMA,2017,Moderate,LGBM_T2,2,Low,0.8256430322321123,0.16636770731066833,0.007989260457219299
2017-0383-HTI,2017,Low,LGBM_T2,2,Low,0.646835667262244,0.15506669052652017,0.19809764221123574
2017-0385-PAK,2017,Moderate,LGBM_T2,2,Severe,0.0649899425515048,0.31820873843624325,0.616801319012252
2017-0396-BGD,2017,Moderate,LGBM_T2,2,Severe,0.0212262857862342,0.42913346319085105,0.5496402510229148
2017-0398-CHN,2017,Moderate,LGBM_T2,2,Moderate,0.19338680809587167,0.4525167438084155,0.3540964480957127
2017-0401-NGA,2017,Moderate,LGBM_T2,2,Severe,0.01653807650532292,0.38857632732123687,0.5948855961734402
2017-0406-VNM,2017,Moderate,LGBM_T2,2,Moderate,0.3154193877976149,0.5326543471649605,0.1519262650374245
2017-0408-ITA,2017,Low,LGBM_T2,2,Low,0.9219422664315852,0.0708650328248686,0.007192700743546118
2017-0410-PAN,2017,Low,LGBM_T2,2,Low,0.9130331020947255,0.08243518020502337,0.004531717700251129
2017-0410-SLV,2017,Moderate,LGBM_T2,2,Low,0.6721218808724707,0.15231061613399757,0.17556750299353172
2017-0422-VNM,2017,Severe,LGBM_T2,2,Moderate,0.3598240427288272,0.5518749043630902,0.08830105290808267
2017-0425-IND,2017,Moderate,LGBM_T2,2,Moderate,0.05661491857475121,0.5487707240520976,0.3946143573731513
2017-0432-JPN,2017,Low,LGBM_T2,2,Low,0.803651062535628,0.15282719062934294,0.04352174683502902
2017-0434-USA,2017,Moderate,LGBM_T2,2,Low,0.9352265905950811,0.05898034838661282,0.005793061018306302
2017-0439-SAU,2017,Moderate,LGBM_T2,2,Moderate,0.04568503409496994,0.7696726627753612,0.18464230312966887
2017-0446-IRN,2017,Severe,LGBM_T2,2,Low,0.5650612567152522,0.09534079286348084,0.3395979504212669
2017-0458-COD,2017,Moderate,LGBM_T2,2,Moderate,0.06551483350554,0.6481487297752965,0.2863364367191636
2017-0462-ZAF,2017,Moderate,LGBM_T2,2,Low,0.8154748183272648,0.18006595394973116,0.0044592277230040426
2017-0468-JPN,2017,Low,LGBM_T2,2,Low,0.8296955304675498,0.1395796896504388,0.03072477988201138
2017-0472-IRN,2017,Moderate,LGBM_T2,2,Low,0.7901027649987608,0.17007562939259735,0.03982160560864189
2017-0476-CHN,2017,Moderate,LGBM_T2,2,Moderate,0.18034388594427128,0.7389033898879459,0.08075272416778276
2017-0489-COL,2017,Moderate,LGBM_T2,2,Moderate,0.024678107892358227,0.8845623012242718,0.09075959088337014
2017-0493-LKA,2017,Low,LGBM_T2,2,Low,0.8200736133487682,0.1396374458355701,0.04028894081566168
2017-0504-ALB,2017,Low,LGBM_T2,2,Low,0.8621442461016877,0.13190759613499028,0.005948157763322159
2017-0507-KOR,2017,Moderate,LGBM_T2,2,Moderate,0.05936598274140903,0.6679321195918689,0.27270189766672204
2017-0508-LKA,2017,Moderate,LGBM_T2,2,Low,0.8234105385938995,0.12770898387258978,0.04888047753351067
2017-0509-CHN,2017,Moderate,LGBM_T2,2,Moderate,0.1186232339108428,0.7519285957040255,0.12944817038513173
2017-0520-KOR,2017,Moderate,LGBM_T2,2,Moderate,0.413988967962816,0.4216366007599248,0.16437443127725915
2017-0525-PHL,2017,Moderate,LGBM_T2,2,Low,0.7431066382073571,0.20803087293762712,0.04886248885501578
2017-0535-IND,2017,Moderate,LGBM_T2,2,Low,0.45129342168110115,0.41749379196088965,0.1312127863580091
2017-0538-TZA,2017,Moderate,LGBM_T2,2,Moderate,0.013080979603412694,0.5603313744162681,0.4265876459803191
2017-0541-IND,2017,Moderate,LGBM_T2,2,Moderate,0.010506539247273131,0.980593091254616,0.008900369498110811
2017-0542-USA,2017,Moderate,LGBM_T2,2,Moderate,0.3267322161606831,0.6618491558024504,0.01141862803686636
2017-0547-ZAF,2017,Low,LGBM_T2,2,Low,0.8670119095241872,0.12768262420438004,0.005305466271432643
2017-0548-OMN,2017,Low,LGBM_T2,2,Low,0.8978658840777743,0.09780983484492511,0.004324281077300516
2017-0549-MWI,2017,Low,LGBM_T2,2,Severe,0.19059841229202576,0.17064303286622562,0.6387585548417486
2017-0557-KEN,2017,Moderate,LGBM_T2,2,Low,0.3704846634446796,0.30089985424829285,0.32861548230702753
2017-0563-USA,2017,Low,LGBM_T2,2,Low,0.8966289046803723,0.09877437122037298,0.0045967240992545845
2017-0569-IND,2017,Moderate,LGBM_T2,2,Low,0.5666921535373005,0.4166596334892453,0.016648212973454226
2017-0578-CHN,2017,Moderate,LGBM_T2,2,Moderate,0.46656598689579476,0.49715487804484415,0.0362791350593611
2017-0369-IND,2017,Moderate,LGBM_T2,2,Moderate,0.11224484092465864,0.7332045346809806,0.15455062439436082
2017-0412-BGD,2017,Moderate,LGBM_T2,2,Severe,0.018874212849686132,0.48290304072233864,0.49822274642797526
2016-0126-HTI,2016,Low,LGBM_T2,2,Low,0.8253139855318472,0.13522810381355566,0.03945791065459709
2016-0056-AGO,2016,Moderate,LGBM_T2,2,Low,0.8120586231803644,0.1087442326795163,0.07919714414011943
2016-0063-TUR,2016,Moderate,LGBM_T2,2,Moderate,0.01595900446041135,0.9190879722911014,0.06495302324848719
2016-0066-NPL,2016,Moderate,LGBM_T2,2,Moderate,0.01225519303460644,0.7499525070665752,0.2377922998988184
2016-0002-IND,2016,Low,LGBM_T2,2,Severe,0.4061054333771228,0.11654077325605525,0.47735379336682193
2016-0006-GRC,2016,Moderate,LGBM_T2,2,Moderate,0.00915312174782221,0.9590590701966865,0.03178780805549134
2016-0015-MEX,2016,Moderate,LGBM_T2,2,Moderate,0.0030579761717922306,0.9941886928945973,0.0027533309336104455
2016-0016-COL,2016,Moderate,LGBM_T2,2,Moderate,0.023239714319740683,0.8446914890382614,0.13206879664199792
2016-0023-JPN,2016,Low,LGBM_T2,2,Low,0.729616187460661,0.22221047108561226,0.04817334145372661
2016-0067-MEX,2016,Moderate,LGBM_T2,2,Moderate,0.00313175923250496,0.9940492696420691,0.002818971125425956
2016-0068-OMN,2016,Moderate,LGBM_T2,2,Moderate,0.0034126171289219245,0.9958125167110758,0.0007748661600023802
2016-0072-NGA,2016,Moderate,LGBM_T2,2,Moderate,0.0067948351605358285,0.9846505063812928,0.008554658458171494
2016-0570-CHN,2016,Moderate,LGBM_T2,2,Severe,0.05328107586741783,0.3791709510535333,0.5675479730790489
2016-0023-KOR,2016,Low,LGBM_T2,2,Low,0.45558153614748054,0.3686661966329289,0.17575226721959047
2016-0129-SOM,2016,Low,LGBM_T2,2,Low,0.7190430152142714,0.16166388765633738,0.11929309712939123
2016-0023-THA,2016,Moderate,LGBM_T2,2,Moderate,0.2647607716526566,0.47447565599243796,0.2607635723549055
2016-0026-NIC,2016,Moderate,LGBM_T2,2,Moderate,0.006987104621064524,0.9511611110596389,0.04185178431929662
2016-0038-CHN,2016,Moderate,LGBM_T2,2,Moderate,0.34674039602957407,0.5949287688049957,0.05833083516543033
2016-0041-FJI,2016,Moderate,LGBM_T2,2,Low,0.9264174803821577,0.07064203063058107,0.002940488987261295
2016-0044-DEU,2016,Moderate,LGBM_T2,2,Low,0.5431286343795451,0.44014408085064793,0.016727284769806908
2016-0045-DZA,2016,Moderate,LGBM_T2,2,Moderate,0.003105368686226804,0.994237089947609,0.002657541366164206
2016-0047-COL,2016,Moderate,LGBM_T2,2,Moderate,0.15805019527718903,0.7584327405002446,0.08351706422256656
2016-0054-PER,2016,Low,LGBM_T2,2,Low,0.7918904765974082,0.19307844347479558,0.015031079927796233
2016-0080-RUS,2016,Moderate,LGBM_T2,2,Moderate,0.008306916677108152,0.9304688935794151,0.06122418974347686
2016-0147-BFA,2016,Moderate,LGBM_T2,2,Moderate,0.004503473616916959,0.9869953552256964,0.008501171157386588
2016-0088-AGO,2016,Low,LGBM_T2,2,Low,0.8153626840454858,0.11149547812634605,0.07314183782816817
2016-0098-ZMB,2016,Moderate,LGBM_T2,2,Moderate,0.01671710652146425,0.9807474092489717,0.0025354842295639514
2016-0099-IND,2016,Severe,LGBM_T2,2,Low,0.6418029679926232,0.28507117003312443,0.0731258619742525
2016-0104-PNG,2016,Moderate,LGBM_T2,2,Severe,0.012742807414957823,0.429404971414566,0.5578522211704763
2016-0107-JPN,2016,Low,LGBM_T2,2,Low,0.903245866414908,0.04723848765086358,0.04951564593422828
2016-0112-PAK,2016,Moderate,LGBM_T2,2,Severe,0.05363274684985218,0.28016269691102996,0.6662045562391178
2016-0124-USA,2016,Low,LGBM_T2,2,Low,0.7703801312622585,0.21518421037500124,0.014435658362740363
2016-0174-IND,2016,Moderate,LGBM_T2,2,Moderate,0.01627779902917042,0.9790290223773825,0.004693178593447122
2016-0571-IND,2016,Moderate,LGBM_T2,2,Moderate,0.06298401097795042,0.6508245304377205,0.2861914585843292
2016-0125-USA,2016,Low,LGBM_T2,2,Low,0.9423411997867494,0.054297786184061655,0.0033610140291888808
2016-0135-AFG,2016,Moderate,LGBM_T2,2,Low,0.4934094709894738,0.3085280725751436,0.19806245643538248
2016-0137-CHN,2016,Moderate,LGBM_T2,2,Moderate,0.3539144105976914,0.547812015866845,0.09827357353546351
2016-0138-MMR,2016,Moderate,LGBM_T2,2,Low,0.7547997659572274,0.20778279331097066,0.03741744073180194
2016-0179-DEU,2016,Low,LGBM_T2,2,Low,0.9527409708515757,0.04487483902209133,0.002384190126332996
2016-0143-BDI,2016,Moderate,LGBM_T2,2,Moderate,0.005831902047964278,0.9877630787791992,0.006405019172836528
2016-0151-ECU,2016,Low,LGBM_T2,2,Low,0.9292653179305684,0.060414631213868066,0.010320050855563534
2016-0157-RUS,2016,Moderate,LGBM_T2,2,Moderate,0.053768374994648205,0.6049947056368403,0.3412369193685115
2016-0161-KEN,2016,Moderate,LGBM_T2,2,Low,0.7558185948695848,0.17539171890155744,0.0687896862288577
2016-0162-CHN,2016,Moderate,LGBM_T2,2,Moderate,0.28758223197388794,0.6679221564749387,0.04449561155117335
2016-0169-LBY,2016,Moderate,LGBM_T2,2,Severe,0.005411613357376977,0.19358074785425955,0.8010076387883636
2016-0547-NGA,2016,Severe,LGBM_T2,2,Severe,0.06232299736703828,0.23359880261999233,0.7040782000129694
2016-0184-HTI,2016,Low,LGBM_T2,2,Low,0.7543070873330598,0.19256565028498776,0.053127262381952554
2016-0187-IND,2016,Low,LGBM_T2,2,Low,0.6786139863577176,0.2810677281881672,0.04031828545411506
2016-0187-NPL,2016,Moderate,LGBM_T2,2,Low,0.4622278281393148,0.41176426068735245,0.12600791117333282
2017-0060-LKA,2017,Moderate,LGBM_T2,2,Moderate,0.013707625315263624,0.6576242404839211,0.32866813420081525
2016-0198-CHN,2016,Moderate,LGBM_T2,2,Moderate,0.22379397498894574,0.7300775298488676,0.04612849516218654
2016-0200-TUR,2016,Moderate,LGBM_T2,2,Moderate,0.009770969718570421,0.98385317000747,0.006375860273959561
2016-0203-USA,2016,Moderate,LGBM_T2,2,Low,0.8870954079791209,0.10698997568496886,0.0059146163359103015
2016-0207-CHN,2016,Moderate,LGBM_T2,2,Moderate,0.025938966535702695,0.9594262009443583,0.01463483251993921
2016-0219-NER,2016,Moderate,LGBM_T2,2,Low,0.8770466546680379,0.11210358911943769,0.010849756212524398
2016-0229-PAK,2016,Moderate,LGBM_T2,2,Moderate,0.28409482530169883,0.6735901659743443,0.042315008723956916
2017-0062-USA,2017,Low,LGBM_T2,2,Low,0.8551715063810594,0.13764520733319704,0.007183286285743568
2016-0230-CHN,2016,Moderate,LGBM_T2,2,Low,0.6337899706865489,0.32650396713994245,0.03970606217350872
2016-0236-CHN,2016,Moderate,LGBM_T2,2,Moderate,0.2306638810571347,0.4912422502628403,0.2780938686800249
2016-0237-IND,2016,Moderate,LGBM_T2,2,Low,0.48878122743296487,0.4846670712329113,0.026551701334123958
2016-0240-PAK,2016,Moderate,LGBM_T2,2,Moderate,0.08583745814925839,0.5299746530269408,0.3841878888238009
2016-0337-NGA,2016,Moderate,LGBM_T2,2,Severe,0.08001691250128043,0.38495149865847317,0.5350315888402465
2017-0066-MOZ,2017,Moderate,LGBM_T2,2,Moderate,0.022401764383096535,0.5200441997150725,0.4575540359018309
2016-0241-CHN,2016,Severe,LGBM_T2,2,Moderate,0.2228559321682781,0.47249410221008065,0.3046499656216412
2016-0244-TZA,2016,Moderate,LGBM_T2,2,Low,0.5682457060368867,0.34835423423088047,0.08340005973223276
2016-0247-AGO,2016,Moderate,LGBM_T2,2,Low,0.7663258955837554,0.10140985241578616,0.13226425200045847
2016-0254-MDG,2016,Low,LGBM_T2,2,Moderate,0.172043431975217,0.5895170169123567,0.23843955111242632
2016-0255-CHN,2016,Moderate,LGBM_T2,2,Moderate,0.11372229871357979,0.7298275204225992,0.15645018086382095
2016-0257-CHN,2016,Severe,LGBM_T2,2,Moderate,0.2218123743669053,0.7175090937878624,0.060678531845232406
2016-0258-ITA,2016,Moderate,LGBM_T2,2,Moderate,0.44834280053924064,0.4698619068242577,0.08179529263650169
2016-0266-MDG,2016,Moderate,LGBM_T2,2,Moderate,0.18499409133012013,0.5827626652097041,0.23224324346017572
2016-0269-NER,2016,Moderate,LGBM_T2,2,Low,0.8186513052919486,0.15705863179506224,0.024290062912989088
2016-0564-TUR,2016,Moderate,LGBM_T2,2,Moderate,0.015486440436911969,0.9305376080780914,0.05397595148499661
2017-0117-GRC,2017,Moderate,LGBM_T2,2,Moderate,0.011291873883152953,0.9435273091783658,0.04518081693848131
2016-0288-BGD,2016,Severe,LGBM_T2,2,Low,0.4066008514841989,0.36984325705048127,0.22355589146531993
2016-0299-EGY,2016,Moderate,LGBM_T2,2,Moderate,0.0030767871534619112,0.993349387134688,0.003573825711850014
2016-0315-NPL,2016,Moderate,LGBM_T2,2,Moderate,0.00430938860248517,0.9856397487239058,0.010050862673608944
2016-0317-EGY,2016,Moderate,LGBM_T2,2,Moderate,0.002646996449840174,0.9944170827078976,0.0029359208422620416
2016-0318-GTM,2016,Moderate,LGBM_T2,2,Severe,0.19316317014185555,0.210870075489141,0.5959667543690035
2016-0319-MEX,2016,Moderate,LGBM_T2,2,Low,0.7146373362767215,0.17899186040516468,0.1063708033181137
2016-0425-IDN,2016,Low,LGBM_T2,2,Low,0.776897712880529,0.15333056959705926,0.06977171752241185
2017-0120-ZAF,2017,Moderate,LGBM_T2,2,Moderate,0.006664720047070911,0.9917023498661983,0.001632930086730676
2016-0344-SDN,2016,Moderate,LGBM_T2,2,Severe,0.07532420610129058,0.3104914749218181,0.6141843189768913
2016-0346-BGD,2016,Moderate,LGBM_T2,2,Severe,0.020999061935257073,0.433330645283337,0.545670292781406
2016-0349-PAK,2016,Moderate,LGBM_T2,2,Moderate,0.002591194581975505,0.9925162760359039,0.004892529382120573
2016-0351-CHN,2016,Moderate,LGBM_T2,2,Severe,0.05061202268903193,0.418717396780359,0.530670580530609
2016-0353-USA,2016,Low,LGBM_T2,2,Low,0.7077775887079184,0.265786810641421,0.026435600650660685
2016-0355-DOM,2016,Low,LGBM_T2,2,Low,0.8735347761122085,0.04536351098079991,0.08110171290699153
2016-0356-HND,2016,Low,LGBM_T2,2,Low,0.8539339601511691,0.10406091981204978,0.04200512003678102
2016-0357-ITA,2016,Low,LGBM_T2,2,Low,0.7876644775797813,0.07984083206660908,0.13249469035360964
2016-0360-THA,2016,Low,LGBM_T2,2,Low,0.6502287496242384,0.2772820639060168,0.0724891864697449
2017-0121-IND,2017,Moderate,LGBM_T2,2,Moderate,0.018873645104012425,0.9749668457108609,0.0061595091851266515
2016-0371-VNM,2016,Moderate,LGBM_T2,2,Low,0.7406460885360356,0.24513738628999973,0.014216525173964592
2016-0373-CHN,2016,Moderate,LGBM_T2,2,Low,0.7078195315257718,0.2642680744237747,0.027912394050453537
2016-0378-THA,2016,Low,LGBM_T2,2,Low,0.6532252128373996,0.22537235922880872,0.12140242793379165
2016-0398-IND,2016,Moderate,LGBM_T2,2,Moderate,0.0674770626173605,0.4988194837272724,0.43370345365536705
2016-0409-CHN,2016,Moderate,LGBM_T2,2,Moderate,0.07330760721883316,0.8384813842712431,0.08821100850992367
2016-0422-IND,2016,Moderate,LGBM_T2,2,Moderate,0.04830047149304184,0.8319007304032291,0.11979879810372891
2016-0423-DOM,2016,Moderate,LGBM_T2,2,Low,0.8638937006038245,0.07501477684507658,0.06109152255109883
2016-0426-ROU,2016,Low,LGBM_T2,2,Low,0.889469284486847,0.10858632627495951,0.0019443892381933775
2016-0427-UKR,2016,Low,LGBM_T2,2,Low,0.9118121732269822,0.0688416268660714,0.01934619990694653
2016-0428-AUS,2016,Low,LGBM_T2,2,Low,0.8399179556629698,0.0779200697871777,0.08216197454985247
2016-0430-LBY,2016,Severe,LGBM_T2,2,Severe,0.007319894400430361,0.46500038002605004,0.5276797255735196
2016-0446-SRB,2016,Low,LGBM_T2,2,Low,0.9409214746330066,0.05607472522826428,0.003003800138729022
2016-0462-TUR,2016,Moderate,LGBM_T2,2,Moderate,0.12418917798610114,0.7543874687390703,0.12142335327482846
2016-0467-RUS,2016,Moderate,LGBM_T2,2,Moderate,0.004058518490340948,0.9897434937318036,0.006197987777855498
2016-0469-PAK,2016,Moderate,LGBM_T2,2,Moderate,0.16534346462245827,0.6752883547692751,0.15936818060826655
2016-0544-IRN,2016,Low,LGBM_T2,2,Low,0.7026109487831326,0.2888302354816284,0.008558815735239072
2016-0479-IDN,2016,Low,LGBM_T2,2,Low,0.7778930484959649,0.1722928526330044,0.04981409887103077
2016-0499-IDN,2016,Moderate,LGBM_T2,2,Severe,0.01587430487127331,0.18884034285971876,0.795285352269008
2016-0502-NGA,2016,Moderate,LGBM_T2,2,Moderate,0.004016164244983932,0.9763288349923744,0.01965500076264162
2016-0503-PHL,2016,Moderate,LGBM_T2,2,Severe,0.25128507345458184,0.343730675033628,0.40498425151179024
2016-0506-PAK,2016,Moderate,LGBM_T2,2,Moderate,0.05339236037766375,0.8029611130930034,0.14364652652933282
2016-0517-VNM,2016,Moderate,LGBM_T2,2,Low,0.6583029937096535,0.3248385207338403,0.01685848555650618
2016-0518-PER,2016,Moderate,LGBM_T2,2,Moderate,0.20083267130905458,0.5042290603551332,0.29493826833581227
2016-0533-COL,2016,Low,LGBM_T2,2,Moderate,0.28824149454640424,0.6610683936964985,0.050690111757097145
2016-0537-PHL,2016,Low,LGBM_T2,2,Severe,0.39397425516531426,0.07576799536697659,0.5302577494677091
2016-0569-THA,2016,Moderate,LGBM_T2,2,Moderate,0.010019928752689096,0.9504398207813907,0.03954025046592009
2016-0573-VNM,2016,Low,LGBM_T2,2,Low,0.776954103692704,0.20902163401117568,0.014024262296120252
2017-0124-CHN,2017,Low,LGBM_T2,2,Low,0.9214361563780449,0.052169230881021586,0.02639461274093345
2017-0128-CHN,2017,Moderate,LGBM_T2,2,Moderate,0.024170115662183477,0.9641082125427338,0.011721671795082557
2017-0010-MKD,2017,Low,LGBM_T2,2,Low,0.801575160222605,0.17452685361622827,0.023897986161166826
2017-0018-LBY,2017,Severe,LGBM_T2,2,Severe,0.00739870802657946,0.3806264387503492,0.6119748532230714
2017-0028-PHL,2017,Low,LGBM_T2,2,Low,0.9011571247258825,0.08687825080318579,0.011964624470931691
2017-0035-MDG,2017,Moderate,LGBM_T2,2,Moderate,0.0031982449227459064,0.9916775716796821,0.005124183397572143
2017-0050-PHL,2017,Low,LGBM_T2,2,Severe,0.3841413499177108,0.06755371814560925,0.54830493193668
2017-0068-IDN,2017,Moderate,LGBM_T2,2,Moderate,0.12781576748241827,0.6769762051459992,0.19520802737158266
2017-0071-AFG,2017,Moderate,LGBM_T2,2,Moderate,0.29321074079746506,0.5754021770280142,0.1313870821745206
2017-0080-BDI,2017,Low,LGBM_T2,2,Moderate,0.24765124107888875,0.6187484187087632,0.1336003402123481
2017-0089-YEM,2017,Moderate,LGBM_T2,2,Moderate,0.07068735884465693,0.9090338261785477,0.020278814976795328
2017-0090-COL,2017,Severe,LGBM_T2,2,Moderate,0.15648081640718634,0.8204757606971422,0.02304342289567157
2017-0092-SEN,2017,Moderate,LGBM_T2,2,Low,0.5198750919074643,0.34063433026185824,0.1394905778306776
2017-0099-LKA,2017,Moderate,LGBM_T2,2,Moderate,0.3274028970153208,0.6263396914861655,0.04625741149851363
2017-0100-MEX,2017,Moderate,LGBM_T2,2,Moderate,0.0033293663797852075,0.993598142970041,0.0030724906501738074
2017-0111-IDN,2017,Low,LGBM_T2,2,Low,0.7344356765422607,0.23725435269430295,0.028309970763436287
2017-0114-TUR,2017,Moderate,LGBM_T2,2,Moderate,0.016232794985382232,0.9177885740269643,0.06597863098765344
2017-0115-SEN,2017,Moderate,LGBM_T2,2,Moderate,0.019937134952637502,0.49157918298764247,0.4884836820597199
2017-0144-IND,2017,Severe,LGBM_T2,2,Severe,0.01807390146156213,0.03282091974927862,0.9491051787891592
2017-0153-LKA,2017,Severe,LGBM_T2,2,Low,0.8662943343770514,0.11408619660452068,0.019619469018427888
2017-0165-BGR,2017,Moderate,LGBM_T2,2,Moderate,0.007193466528154045,0.9921485234611013,0.000658010010744743
2017-0167-RUS,2017,Moderate,LGBM_T2,2,Moderate,0.00471753044921214,0.991670432493276,0.0036120370575117937
2017-0169-TWN,2017,Low,LGBM_T2,2,Low,0.8522300676099293,0.10864158500339569,0.039128347386675144
2017-0173-GBR,2017,Moderate,LGBM_T2,2,Moderate,0.3875676433796242,0.579401161339099,0.03303119528127675
2017-0377-IRN,2017,Moderate,LGBM_T2,2,Moderate,0.003585599686270505,0.9935470577949913,0.0028673425187381997
2017-0177-IDN,2017,Low,LGBM_T2,2,Low,0.7432754335198676,0.20766830929362984,0.04905625718650269
2017-0181-PAK,2017,Moderate,LGBM_T2,2,Moderate,0.2791816687313797,0.6848869459003281,0.035931385368292074
2017-0182-GRC,2017,Low,LGBM_T2,2,Low,0.9346958310400387,0.04786450022869733,0.017439668731264034
2017-0187-CHN,2017,Moderate,LGBM_T2,2,Moderate,0.2777519678914478,0.618795644532426,0.10345238757612626
2017-0190-GTM,2017,Moderate,LGBM_T2,2,Severe,0.31230383681865953,0.2625110812900065,0.425185081891334
2017-0194-BRA,2017,Moderate,LGBM_T2,2,Moderate,0.007255893851813184,0.9868219164337829,0.005922189714403928
2017-0205-TZA,2017,Low,LGBM_T2,2,Low,0.5395134041761891,0.39231070589603156,0.06817588992777933
2017-0210-MEX,2017,Moderate,LGBM_T2,2,Moderate,0.0034968562174518083,0.9933039005974583,0.003199243185089819
2017-0221-ARG,2017,Low,LGBM_T2,2,Low,0.9324065426543463,0.06155571463180842,0.0060377427138452655
2017-0240-RUS,2017,Moderate,LGBM_T2,2,Moderate,0.004842341159300121,0.9903599259525298,0.0047977328881701415
2017-0245-CHN,2017,Moderate,LGBM_T2,2,Moderate,0.21214745743664817,0.7242522475995047,0.06360029496384728
2017-0247-PHL,2017,Low,LGBM_T2,2,Severe,0.39553617756868087,0.06942815469056329,0.5350356677407558
2017-0294-IND,2017,Severe,LGBM_T2,2,Low,0.5173342672504989,0.28791263012781787,0.19475310262168322
2017-0301-COD,2017,Moderate,LGBM_T2,2,Severe,0.011583076105677926,0.4667772472236174,0.5216396766707047
2017-0257-IND,2017,Moderate,LGBM_T2,2,Low,0.5752784768216276,0.2805750169924166,0.14414650618595573
2017-0388-LBY,2017,Severe,LGBM_T2,2,Severe,0.006414806039436208,0.2891116715439465,0.7044735224166172
2017-0259-VNM,2017,Low,LGBM_T2,2,Low,0.779779885257573,0.2084330350508548,0.011787079691572123
2017-0274-IND,2017,Moderate,LGBM_T2,2,Moderate,0.014139537136484815,0.9795479203866937,0.006312542476821638
2017-0275-IND,2017,Moderate,LGBM_T2,2,Moderate,0.014139537136484815,0.9795479203866937,0.006312542476821638
2017-0288-AFG,2017,Moderate,LGBM_T2,2,Moderate,0.255010717758479,0.5845353944718132,0.16045388776970787
2017-0289-IND,2017,Moderate,LGBM_T2,2,Moderate,0.30452143355892186,0.4251738752391611,0.2703046912019171
2017-0366-EGY,2017,Moderate,LGBM_T2,2,Moderate,0.002949095849619682,0.994097937512001,0.0029529666383792206
2017-0309-USA,2017,Moderate,LGBM_T2,2,Moderate,0.17362929255444137,0.7001024988297093,0.12626820861584914
2017-0316-THA,2017,Moderate,LGBM_T2,2,Low,0.8214049521696434,0.1573885771706792,0.0212064706596775
2017-0328-AUT,2017,Low,LGBM_T2,2,Low,0.9774126451983554,0.01650870491085937,0.006078649890785197
2017-0328-ITA,2017,Low,LGBM_T2,2,Low,0.9296362416846781,0.06243546481844896,0.007928293496873035
2017-0332-CHN,2017,Moderate,LGBM_T2,2,Moderate,0.0823503148282005,0.6599005808502939,0.2577491043215056
2017-0333-EGY,2017,Moderate,LGBM_T2,2,Moderate,0.11126279755530401,0.6494278916600597,0.2393093107846363
2017-0349-ITA,2017,Low,LGBM_T2,2,Low,0.8698778485991508,0.07217627283215715,0.05794587856869216
2017-0355-IRQ,2017,Moderate,LGBM_T2,2,Moderate,0.007878655662349483,0.9226074692465519,0.06951387509109853
2017-0358-NGA,2017,Moderate,LGBM_T2,2,Severe,0.01695071640221818,0.4460848213305396,0.5369644622672423
2017-0359-IND,2017,Moderate,LGBM_T2,2,Moderate,0.2055233895002093,0.6580912212160889,0.1363853892837018
2017-0360-AUT,2017,Low,LGBM_T2,2,Low,0.9673814752406324,0.02166711414159433,0.010951410617773123
2017-0372-CHN,2017,Moderate,LGBM_T2,2,Moderate,0.18034388594427128,0.7389033898879459,0.08075272416778276
2017-0381-MAF,2017,Moderate,LGBM_T2,2,Low,0.9476073482057655,0.04693435621085994,0.005458295583374427
2017-0381-USA,2017,Moderate,LGBM_T2,2,Low,0.6025076177413532,0.26470849780669375,0.13278388445195308
2017-0383-USA,2017,Low,LGBM_T2,2,Low,0.7926507383000394,0.1921958373407535,0.01515342435920721
2017-0407-ROU,2017,Low,LGBM_T2,2,Low,0.8282441419201165,0.16855564119992458,0.0032002168799589526
2017-0409-RUS,2017,Moderate,LGBM_T2,2,Moderate,0.10570289400271954,0.7772692909961436,0.11702781500113688
2017-0410-CRI,2017,Moderate,LGBM_T2,2,Low,0.9583966360868886,0.03872955432601951,0.0028738095870917235
2017-0410-NIC,2017,Moderate,LGBM_T2,2,Low,0.8369546799594959,0.10740823034330226,0.05563708969720186
2017-0449-HND,2017,Low,LGBM_T2,2,Low,0.8629502198133123,0.10230759061951927,0.03474218956716837
2017-0415-RWA,2017,Low,LGBM_T2,2,Low,0.8173597249075814,0.1773078173236743,0.0053324577687442675
2017-0417-ESP,2017,Low,LGBM_T2,2,Low,0.9134027153032711,0.08318957145832012,0.00340771323840887
2017-0419-NPL,2017,Moderate,LGBM_T2,2,Moderate,0.0028314783475700002,0.9910107617286429,0.006157759923787215
2017-0422-PHL,2017,Low,LGBM_T2,2,Low,0.5517852951042711,0.37808519056815726,0.07012951432757172
2017-0423-ITA,2017,Moderate,LGBM_T2,2,Moderate,0.018980737247365674,0.750186476952843,0.23083278579979116
2017-0427-PRK,2017,Severe,LGBM_T2,2,Moderate,0.013799408018853774,0.872812646054186,0.11338794592696015
2017-0530-IDN,2017,Low,LGBM_T2,2,Low,0.7033811154394976,0.05577453330462658,0.24084435125587592
2017-0428-VNM,2017,Moderate,LGBM_T2,2,Low,0.6446894571617856,0.33770881731745633,0.01760172552075815
2017-0429-IDN,2017,Moderate,LGBM_T2,2,Moderate,0.047949923715080535,0.8761296041989728,0.0759204720859466
2017-0433-MYS,2017,Moderate,LGBM_T2,2,Moderate,0.022743913754260686,0.9563559485735817,0.020900137672157645
2017-0438-BGD,2017,Moderate,LGBM_T2,2,Moderate,0.01836552730707217,0.4920489773813016,0.4895854953116262
2017-0441-COD,2017,Moderate,LGBM_T2,2,Moderate,0.009059742147591842,0.5028507068017398,0.4880895510506683
2017-0445-COD,2017,Moderate,LGBM_T2,2,Moderate,0.006796487309825444,0.9348882090728893,0.05831530361728528
2017-0449-NIC,2017,Low,LGBM_T2,2,Low,0.8621002321307809,0.12220518769152046,0.015694580177698723
2017-0532-CRI,2017,Moderate,LGBM_T2,2,Moderate,0.01176822479908087,0.9536701584058697,0.034561616795049335
2017-0536-PHL,2017,Moderate,LGBM_T2,2,Low,0.46570370535835787,0.3996165441532983,0.1346797504883438
2017-0539-EGY,2017,Moderate,LGBM_T2,2,Moderate,0.002889357977330833,0.9937202734779087,0.003390368544760394
2017-0540-EGY,2017,Moderate,LGBM_T2,2,Moderate,0.002889357977330833,0.9937202734779087,0.003390368544760394
2017-0457-CHN,2017,Moderate,LGBM_T2,2,Moderate,0.11320388955535911,0.7893074399426908,0.0974886705019501
2017-0463-CHN,2017,Moderate,LGBM_T2,2,Moderate,0.2065630279945466,0.7355101596795982,0.05792681232585528
2017-0466-MNG,2017,Moderate,LGBM_T2,2,Moderate,0.25815389809018885,0.7200149973461262,0.021831104563685054
2017-0477-MYS,2017,Low,LGBM_T2,2,Low,0.8259763894896172,0.1595319033858933,0.014491707124489632
2017-0478-COL,2017,Moderate,LGBM_T2,2,Moderate,0.4334240809279464,0.5142224158069645,0.05235350326508922
2017-0480-BFA,2017,Moderate,LGBM_T2,2,Severe,0.07995627932956303,0.09952491945268627,0.8205188012177508
2017-0485-CHN,2017,Moderate,LGBM_T2,2,Low,0.6894803510501425,0.23622520992840199,0.0742944390214555
2017-0485-HKG,2017,Low,LGBM_T2,2,Low,0.9028381350563008,0.09001447643238017,0.007147388511319019
2017-0498-MEX,2017,Low,LGBM_T2,2,Low,0.7074878502955426,0.2641816979944424,0.028330451710014963
2017-0501-GEO,2017,Moderate,LGBM_T2,2,Moderate,0.11156531944952909,0.8717262051320382,0.01670847541843252
2017-0511-USA,2017,Low,LGBM_T2,2,Low,0.9030358519123244,0.0890916290415053,0.0078725190461704
2017-0515-IDN,2017,Moderate,LGBM_T2,2,Low,0.7293356622207028,0.2075852011506646,0.06307913662863268
2017-0518-MEX,2017,Moderate,LGBM_T2,2,Moderate,0.0035946625155601547,0.9922935801668492,0.004111757317590761
2017-0521-IRN,2017,Low,LGBM_T2,2,Low,0.9389095702490434,0.03487485879074713,0.02621557096020945
2017-0529-CHL,2017,Moderate,LGBM_T2,2,Moderate,0.2935647551535169,0.5923447727625354,0.11409047208394772
2017-0544-ITA,2017,Low,LGBM_T2,2,Low,0.8963502489048298,0.08529673921204618,0.018353011883123972
2017-0555-YEM,2017,Moderate,LGBM_T2,2,Moderate,0.2799130314357396,0.6879087606303508,0.032178207933909714
2017-0556-BGD,2017,Moderate,LGBM_T2,2,Severe,0.19082579582246031,0.3861584945400751,0.4230157096374647
2017-0564-USA,2017,Low,LGBM_T2,2,Low,0.8516291823343325,0.126060541633571,0.02231027603209642
2017-0568-CHN,2017,Low,LGBM_T2,2,Moderate,0.28247374239790496,0.6570508223583894,0.06047543524370568
2017-0573-SDN,2017,Moderate,LGBM_T2,2,Moderate,0.30684926257982675,0.542018867482051,0.15113186993812233
2017-0574-BRA,2017,Moderate,LGBM_T2,2,Moderate,0.01877248422614725,0.8538808756502562,0.12734664012359648
2017-0576-IDN,2017,Low,LGBM_T2,2,Low,0.6294960363161473,0.1885074916151168,0.181996472068736
2017-0581-GMB,2017,Low,LGBM_T2,2,Low,0.9126111224180977,0.06977461218061003,0.01761426540129214
2017-0583-SEN,2017,Low,LGBM_T2,2,Moderate,0.3270286945808111,0.6444252165405212,0.028546088878667785
2019-0660-CAF,2019,Moderate,LGBM_T2,3,Severe,0.2626554323849553,0.16967205808871968,0.567672509526325
2019-0650-BEL,2019,Severe,LGBM_T2,3,Severe,0.10629667693543239,0.05202761180641036,0.8416757112581573
2019-0642-FJI,2019,Low,LGBM_T2,3,Low,0.7854494042699359,0.2056595700356574,0.008891025694406609
2019-0627-GTM,2019,Moderate,LGBM_T2,3,Moderate,0.0034437659922795993,0.992398373471571,0.004157860536149404
2019-0626-ESP,2019,Low,LGBM_T2,3,Low,0.9444859807028942,0.05046038187776486,0.005053637419341081
2019-0625-UGA,2019,Moderate,LGBM_T2,3,Low,0.6057786771503096,0.3462479493867978,0.04797337346289257
2019-0624-USA,2019,Moderate,LGBM_T2,3,Low,0.6887091812211308,0.2833861933381808,0.02790462544068836
2019-0621-FRA,2019,Low,LGBM_T2,3,Low,0.9126016370587159,0.07901436518529012,0.008383997755993931
2019-0618-PAK,2019,Moderate,LGBM_T2,3,Moderate,0.003028566480622768,0.9899490462782353,0.007022387241142067
2019-0614-COD,2019,Severe,LGBM_T2,3,Severe,0.04812711080840137,0.38425925571311476,0.5676136334784839
2019-0609-VEN,2019,Low,LGBM_T2,3,Low,0.9116412315002925,0.08035748539078233,0.008001283108925011
2019-0590-RUS,2019,Moderate,LGBM_T2,3,Moderate,0.003987146220475257,0.9893918820265102,0.006620971753014492
2019-0587-TUN,2019,Moderate,LGBM_T2,3,Moderate,0.002482024154611159,0.9944351369786634,0.003082838866725377
2019-0584-MRT,2019,Moderate,LGBM_T2,3,Moderate,0.0017489873935758499,0.993114776513634,0.00513623609279026
2019-0569-BGD,2019,Moderate,LGBM_T2,3,Moderate,0.1989341599241436,0.49106774437376854,0.30999809570208775
2019-0562-TZA,2019,Moderate,LGBM_T2,3,Low,0.5920775713606307,0.36308551373815307,0.04483691490121619
2019-0549-VNM,2019,Low,LGBM_T2,3,Moderate,0.3096954619294066,0.5152135253883582,0.1750910126822352
2019-0549-PHL,2019,Moderate,LGBM_T2,3,Low,0.6874326188852058,0.2639961462281722,0.04857123488662212
2019-0543-ITA,2019,Low,LGBM_T2,3,Low,0.8978884378824443,0.0944901556020591,0.0076214065154966495
2019-0540-UGA,2019,Low,LGBM_T2,3,Low,0.6321582747499424,0.3346023396155091,0.03323938563454845
2019-0535-NPL,2019,Moderate,LGBM_T2,3,Moderate,0.0019209597446188174,0.9931830491071613,0.004895991148220081
2019-0533-FRA,2019,Low,LGBM_T2,3,Low,0.9353334446664768,0.058408988862888145,0.006257566470635193
2019-0532-CAN,2019,Low,LGBM_T2,3,Low,0.9498664718860852,0.04705112657794579,0.003082401535969077
2019-0525-SDN,2019,Moderate,LGBM_T2,3,Severe,0.03507475289542145,0.2169224354355515,0.7480028116690269
2019-0518-SAU,2019,Low,LGBM_T2,3,Low,0.6042237716768933,0.31295981981932963,0.08281640850377693
2019-0513-USA,2019,Low,LGBM_T2,3,Low,0.8311984215341018,0.16549640038859853,0.00330517807729963
2019-0511-ROU,2019,Moderate,LGBM_T2,3,Moderate,0.004634425225473374,0.9943540904531999,0.0010114843213266124
2019-0508-COD,2019,Moderate,LGBM_T2,3,Moderate,0.005050871688008211,0.8728570051480699,0.12209212316392196
2019-0505-FRA,2019,Low,LGBM_T2,3,Low,0.8995709407923388,0.09008174578370537,0.010347313423955833
2019-0172-MAR,2019,Moderate,LGBM_T2,3,Moderate,0.0017800181606166638,0.997190425105861,0.0010295567335223542
2019-0498-COD,2019,Moderate,LGBM_T2,3,Moderate,0.0036880845634796565,0.9589311803817724,0.037380735054747885
2019-0495-IRN,2019,Low,LGBM_T2,3,Moderate,0.42109125885873766,0.5116937763928797,0.06721496474838265
2019-0484-USA,2019,Low,LGBM_T2,3,Low,0.7833615275660457,0.20402071335197275,0.01261775908198155
2019-0464-PAK,2019,Moderate,LGBM_T2,3,Severe,0.07927094160248731,0.43491100308545844,0.48581805531205424
2019-0462-TUR,2019,Low,LGBM_T2,3,Low,0.7858886440741101,0.18794412419125828,0.026167231734631525
2019-0459-MAR,2019,Moderate,LGBM_T2,3,Moderate,0.005188228769752965,0.9528701706536662,0.04194160057658088
2019-0458-CHN,2019,Moderate,LGBM_T2,3,Moderate,0.01035228901838151,0.980887948646322,0.00875976233529658
2019-0441-CMR,2019,Moderate,LGBM_T2,3,Moderate,0.01170027818019952,0.7111785147882378,0.2771212070315627
2019-0440-BRA,2019,Moderate,LGBM_T2,3,Moderate,0.2935300410730798,0.41205526258272596,0.29441469634419426
2019-0439-COD,2019,Moderate,LGBM_T2,3,Moderate,0.0070334769318947995,0.5931116315048383,0.39985489156326687
2019-0437-LBR,2019,Moderate,LGBM_T2,3,Moderate,0.2617784309444765,0.7019709627734388,0.03625060628208478
2019-0433-MRT,2019,Low,LGBM_T2,3,Low,0.8614891378933474,0.1345683228258374,0.00394253928081517
2019-0430-UGA,2019,Moderate,LGBM_T2,3,Moderate,0.1298466948299329,0.6251749285015463,0.2449783766685207
2019-0419-THA,2019,Moderate,LGBM_T2,3,Low,0.7812644810119483,0.19855061921433376,0.020184899773717898
2019-0412-BHS,2019,Severe,LGBM_T2,3,Low,0.7838551270754021,0.19836260260152733,0.01778227032307053
2019-0406-COD,2019,Moderate,LGBM_T2,3,Moderate,0.007160236066891751,0.6392875533306068,0.3535522106025014
2019-0404-COD,2019,Moderate,LGBM_T2,3,Moderate,0.007160236066891751,0.6392875533306068,0.3535522106025014
2019-0402-UGA,2019,Moderate,LGBM_T2,3,Moderate,0.0034639625124235555,0.9928051703385877,0.003730867148988718
2019-0396-SVK,2019,Low,LGBM_T2,3,Low,0.9444404445405647,0.04869996264571539,0.006859592813719938
2019-0395-GTM,2019,Low,LGBM_T2,3,Low,0.8111638407056638,0.16568245720382202,0.023153702090514053
2019-0393-VNM,2019,Moderate,LGBM_T2,3,Low,0.7009479087804051,0.2748078846882854,0.024244206531309508
2019-0392-SDN,2019,Moderate,LGBM_T2,3,Severe,0.026434300311557715,0.12866478818735166,0.8449009115010906
2019-0379-SYR,2019,Moderate,LGBM_T2,3,Moderate,0.1234368799241655,0.860200943143251,0.016362176932583627
2019-0377-IDN,2019,Low,LGBM_T2,3,Low,0.6494479787382909,0.07967097940226932,0.27088104185943973
2019-0374-PER,2019,Moderate,LGBM_T2,3,Moderate,0.003255862818163621,0.9922157130973515,0.004528424084484953
2019-0370-MAR,2019,Moderate,LGBM_T2,3,Moderate,0.08209259175950397,0.8854253892218293,0.03248201901866661
2019-0366-FRA,2019,Severe,LGBM_T2,3,Severe,0.16497632847379962,0.06684964390924954,0.7681740276169509
2019-0354-IRN,2019,Moderate,LGBM_T2,3,Moderate,0.002634802944592315,0.9951286702993768,0.002236526756031042
2019-0344-IND,2019,Moderate,LGBM_T2,3,Moderate,0.0035855635703584284,0.9904042968096244,0.006010139620017164
2019-0342-COD,2019,Low,LGBM_T2,3,Moderate,0.1078511789179533,0.5163002818704898,0.3758485392115569
2019-0341-USA,2019,Moderate,LGBM_T2,3,Moderate,0.10951352316486626,0.8252875943895971,0.06519888244553666
2019-0340-NGA,2019,Moderate,LGBM_T2,3,Severe,0.016633501584194545,0.37798375933372313,0.6053827390820823
2019-0338-SLV,2019,Low,LGBM_T2,3,Low,0.7047560081829337,0.15166834575259075,0.1435756460644756
2019-0331-IND,2019,Severe,LGBM_T2,3,Severe,0.055882928079319744,0.12436130591400657,0.8197557660066738
2019-0330-PAK,2019,Moderate,LGBM_T2,3,Moderate,0.008269840354982969,0.8195683257808568,0.1721618338641603
2019-0329-HND,2019,Moderate,LGBM_T2,3,Moderate,0.014305686616275796,0.8674096090465432,0.11828470433718102
2019-0328-TUN,2019,Moderate,LGBM_T2,3,Moderate,0.006115006843664193,0.596155051698142,0.39772994145819396
2019-0278-USA,2019,Moderate,LGBM_T2,3,Moderate,0.11678154517086808,0.8127493076926496,0.07046914713648217
2019-0277-BGD,2019,Low,LGBM_T2,3,Moderate,0.2514089042683952,0.47421461478380783,0.2743764809477971
2019-0326-NGA,2019,Moderate,LGBM_T2,3,Severe,0.016633501584194545,0.37798375933372313,0.6053827390820823
2019-0325-PAK,2019,Moderate,LGBM_T2,3,Moderate,0.1558144054059388,0.5372020736254914,0.3069835209685698
2019-0309-BRA,2019,Low,LGBM_T2,3,Low,0.6637001067485931,0.2266309597741094,0.10966893347729757
2019-0304-BGD,2019,Low,LGBM_T2,3,Moderate,0.20280013835880537,0.525129122315976,0.27207073932521864
2019-0297-MEX,2019,Low,LGBM_T2,3,Low,0.7054981868388053,0.2076927390715129,0.08680907408968189
2019-0296-ITA,2019,Low,LGBM_T2,3,Severe,0.1287982058026899,0.15006653993290398,0.7211352542644062
2019-0291-CHN,2019,Low,LGBM_T2,3,Low,0.49330165529977316,0.3419735918275717,0.1647247528726552
2019-0289-JPN,2019,Low,LGBM_T2,3,Low,0.9112468725116577,0.07408412230071824,0.01466900518762417
2019-0285-SSD,2019,Low,LGBM_T2,3,Low,0.48902769768699716,0.376562076598195,0.13441022571480768
2019-0261-VEN,2019,Moderate,LGBM_T2,3,Moderate,0.002017241081493532,0.9965557727265917,0.0014269861919149025
2019-0257-PHL,2019,Moderate,LGBM_T2,3,Moderate,0.01211393396834327,0.9832433027926825,0.0046427632389742755
2019-0252-YEM,2019,Low,LGBM_T2,3,Low,0.5581160979392392,0.433191707596545,0.008692194464215779
2019-0245-PRY,2019,Moderate,LGBM_T2,3,Low,0.8130048051173517,0.1407539911797675,0.046241203702880755
2019-0241-MLI,2019,Moderate,LGBM_T2,3,Moderate,0.0038799446283845464,0.9920351742160675,0.004084881155547812
2019-0237-IDN,2019,Moderate,LGBM_T2,3,Moderate,0.005906771856856304,0.9904105680809544,0.003682660062189119
2019-0235-EGY,2019,Moderate,LGBM_T2,3,Moderate,0.0022058570374561912,0.9949194721688919,0.0028746707936519564
2019-0223-IND,2019,Moderate,LGBM_T2,3,Severe,0.022382004608917656,0.06959972726501094,0.9080182681260714
2019-0221-LKA,2019,Moderate,LGBM_T2,3,Severe,0.0547627064558287,0.07659877464862909,0.8686385188955421
2019-0216-TJK,2019,Low,LGBM_T2,3,Moderate,0.45345952705214326,0.52168487340833,0.024855599539526728
2019-0216-AFG,2019,Low,LGBM_T2,3,Moderate,0.16333437011577556,0.550791774676055,0.28587385520816927
2019-0215-HTI,2019,Low,LGBM_T2,3,Low,0.8165852169008472,0.1439581488521135,0.03945663424703924
2019-0213-YEM,2019,Low,LGBM_T2,3,Moderate,0.33061021775136884,0.6570001178694199,0.012389664379211148
2019-0185-ARG,2019,Low,LGBM_T2,3,Low,0.9539693161797262,0.03997118468418021,0.006059499136093743
2019-0175-COL,2019,Moderate,LGBM_T2,3,Moderate,0.05436736464509779,0.7923094210513898,0.15332321430351237
2019-0173-UKR,2019,Moderate,LGBM_T2,3,Moderate,0.08822112047263796,0.7022318527292055,0.20954702679815662
2019-0170-COD,2019,Moderate,LGBM_T2,3,Moderate,0.059241027351639886,0.5007193976540373,0.4400395749943228
2019-0169-COD,2019,Moderate,LGBM_T2,3,Moderate,0.008764212036505261,0.6669760282904319,0.3242597596730629
2019-0165-COM,2019,Low,LGBM_T2,3,Low,0.8009097323614351,0.1325808151172207,0.0665094525213442
2019-0164-IND,2019,Moderate,LGBM_T2,3,Low,0.4449757262713414,0.2797270749875212,0.27529719874113734
2019-0163-NER,2019,Moderate,LGBM_T2,3,Moderate,0.0019138341831780364,0.9962131937725458,0.001872972044276245
2019-0161-CHN,2019,Moderate,LGBM_T2,3,Moderate,0.3930285805679821,0.4476946156701834,0.15927680376183448
2019-0155-IND,2019,Moderate,LGBM_T2,3,Moderate,0.3092459289050363,0.5943798653716981,0.09637420572326565
2019-0149-KOR,2019,Low,LGBM_T2,3,Low,0.8534192183161403,0.1347305965275858,0.011850185156273934
2019-0135-NPL,2019,Moderate,LGBM_T2,3,Moderate,0.17913571548753343,0.7277322311857616,0.09313205332670509
2019-0129-KAZ,2019,Moderate,LGBM_T2,3,Moderate,0.0052861364033682185,0.9775456620925481,0.017168201504083647
2019-0128-GTM,2019,Moderate,LGBM_T2,3,Moderate,0.0036548792135736165,0.9932251274347985,0.003119993351627799
2019-0127-BGD,2019,Moderate,LGBM_T2,3,Moderate,0.3781291139993564,0.479567502625025,0.14230338337561863
2019-0125-AFG,2019,Moderate,LGBM_T2,3,Moderate,0.38471813487418854,0.5017021853146079,0.11357967981120355
2018-0035-MEX,2018,Moderate,LGBM_T2,3,Moderate,0.006253682887194084,0.944802152928388,0.04894416418441776
2019-0121-COL,2019,Moderate,LGBM_T2,3,Moderate,0.06077232819926648,0.8219407627984774,0.11728690900225608
2019-0120-IRQ,2019,Severe,LGBM_T2,3,Moderate,0.004671129678011063,0.9630452219812368,0.03228364834075221
2019-0119-CHN,2019,Moderate,LGBM_T2,3,Moderate,0.052002585000260775,0.8334241688525935,0.11457324614714565
2019-0118-GHA,2019,Moderate,LGBM_T2,3,Moderate,0.002564460291844134,0.9927199329938923,0.004715606714263677
2019-0113-NGA,2019,Moderate,LGBM_T2,3,Moderate,0.06862105354025054,0.6382912132463864,0.29308773321336307
2019-0110-ZWE,2019,Severe,LGBM_T2,3,Low,0.5371025179184887,0.12062562958353958,0.3422718524979716
2019-0098-PNG,2019,Low,LGBM_T2,3,Low,0.6068476108283519,0.2788386422298471,0.11431374694180099
2018-0033-IRN,2018,Moderate,LGBM_T2,3,Moderate,0.012462560590622142,0.632325376854161,0.3552120625552168
2019-0094-ZWE,2019,Moderate,LGBM_T2,3,Low,0.40107432040674323,0.2518902474977781,0.3470354320954786
2019-0092-BOL,2019,Moderate,LGBM_T2,3,Moderate,0.2024901708740896,0.7666217540651492,0.030888075060761244
2019-0089-USA,2019,Low,LGBM_T2,3,Low,0.9385588412224932,0.05955131543876369,0.0018898433387431496
2019-0072-PER,2019,Moderate,LGBM_T2,3,Low,0.7645968189117581,0.16435353591341467,0.07104964517482733
2019-0063-BGD,2019,Moderate,LGBM_T2,3,Moderate,0.3810475321504847,0.4823461077482796,0.13660636010123559
2019-0061-ZAF,2019,Moderate,LGBM_T2,3,Moderate,0.08192951174954373,0.8873819724906633,0.030688515759792947
2019-0060-IND,2019,Moderate,LGBM_T2,3,Moderate,0.0241566712915539,0.9034587759377297,0.07238455277071655
2019-0050-AFG,2019,Moderate,LGBM_T2,3,Moderate,0.2349851951786794,0.5593176576743096,0.205697147147011
2019-0048-MOZ,2019,Moderate,LGBM_T2,3,Low,0.5084468621317756,0.34024515155822754,0.15130798630999692
2019-0043-SYR,2019,Moderate,LGBM_T2,3,Moderate,0.17328177777733964,0.8223121851463054,0.0044060370763549786
2019-0042-DJI,2019,Moderate,LGBM_T2,3,Moderate,0.03928186010089909,0.724800030034872,0.2359181098642289
2019-0028-AUS,2019,Low,LGBM_T2,3,Low,0.9545748949196723,0.037153160561330924,0.008271944518996741
2019-0024-LBY,2019,Moderate,LGBM_T2,3,Severe,0.005789411637250734,0.33794296293768994,0.6562676254250593
2019-0011-CHN,2019,Moderate,LGBM_T2,3,Moderate,0.01589353323130611,0.8661367210330712,0.11796974573562272
2018-0484-VNM,2018,Moderate,LGBM_T2,3,Moderate,0.3142827057517309,0.5107835542719084,0.17493373997636086
2018-0472-IDN,2018,Low,LGBM_T2,3,Low,0.7565711686686221,0.17964483071095655,0.06378400062042137
2018-0460-IRN,2018,Moderate,LGBM_T2,3,Moderate,0.0028117235108598678,0.9942127851830469,0.0029754913060931
2018-0458-IDN,2018,Severe,LGBM_T2,3,Low,0.5012524079612151,0.392400457410324,0.10634713462846088
2018-0451-IND,2018,Moderate,LGBM_T2,3,Moderate,0.11544822263655491,0.581325935393553,0.3032258419698921
2018-0446-GIN,2018,Moderate,LGBM_T2,3,Moderate,0.003167555699693316,0.9926416041061237,0.004190840194182829
2018-0435-CMR,2018,Moderate,LGBM_T2,3,Severe,0.2421778361901135,0.344772292588261,0.41304987122162556
2018-0003-ZAF,2018,Moderate,LGBM_T2,3,Low,0.6741822065990788,0.3078965140945164,0.017921279306404747
2018-0427-IRQ,2018,Moderate,LGBM_T2,3,Low,0.6368355055318403,0.33897880281177517,0.02418569165638463
2018-0423-UGA,2018,Moderate,LGBM_T2,3,Moderate,0.17485618938974726,0.6346724332332938,0.19047137737695893
2018-0419-USA,2018,Low,LGBM_T2,3,Low,0.8414845281976477,0.15445310868238699,0.004062363119965351
2018-0417-ZWE,2018,Moderate,LGBM_T2,3,Moderate,0.018001812521713508,0.9736175148041202,0.008380672674166202
2018-0240-MMR,2018,Moderate,LGBM_T2,3,Moderate,0.0818761836144437,0.7478156893968784,0.170308126988678
2018-0414-JOR,2018,Moderate,LGBM_T2,3,Low,0.8894864150799778,0.10776830085851949,0.0027452840615027328
2018-0411-MRT,2018,Moderate,LGBM_T2,3,Moderate,0.001214737134688408,0.9981284942108017,0.0006567686545098192
2018-0402-ETH,2018,Moderate,LGBM_T2,3,Moderate,0.002180676411950221,0.9932703538426578,0.004548969745391996
2018-0399-PHL,2018,Moderate,LGBM_T2,3,Low,0.5977077509186604,0.3203281303724848,0.08196411870885496
2018-0394-YEM,2018,Moderate,LGBM_T2,3,Moderate,0.4044571860607663,0.5777644667737338,0.01777834716549974
2018-0391-IND,2018,Moderate,LGBM_T2,3,Moderate,0.04816862930268197,0.4943799360609917,0.4574514346363263
2018-0389-TWN,2018,Moderate,LGBM_T2,3,Moderate,0.34724825391548186,0.5555024358468127,0.09724931023770547
2018-0385-IND,2018,Moderate,LGBM_T2,3,Severe,0.13552209696154094,0.2686496322516353,0.5958282707868238
2018-0383-IRN,2018,Low,LGBM_T2,3,Moderate,0.26228439344028026,0.43188343545312236,0.3058321711065974
2018-0379-AFG,2018,Moderate,LGBM_T2,3,Moderate,0.002221650631822924,0.9924006637014773,0.005377685666699951
2018-0375-FRA,2018,Moderate,LGBM_T2,3,Low,0.9341696814507157,0.05965891937806354,0.006171399171220778
2018-0372-IND,2018,Moderate,LGBM_T2,3,Severe,0.046422087668893046,0.13221855202617067,0.8213593603049363
2018-0364-TUN,2018,Low,LGBM_T2,3,Low,0.6931550563809753,0.26295604071865547,0.04388890290036917
2018-0362-KEN,2018,Moderate,LGBM_T2,3,Moderate,0.0059849817205919675,0.9672038336521265,0.02681118462728161
2018-0361-ESP,2018,Moderate,LGBM_T2,3,Low,0.9415362418662014,0.05263915723366192,0.005824600900136599
2018-0352-IDN,2018,Severe,LGBM_T2,3,Severe,0.40037571354043267,0.13142952793859203,0.46819475852097525
2018-0347-PHL,2018,Low,LGBM_T2,3,Low,0.8084463260607841,0.16395937877180866,0.027594295167407266
2018-0336-NGA,2018,Moderate,LGBM_T2,3,Severe,0.01647750286754347,0.20455438519141383,0.7789681119410428
2018-0334-TZA,2018,Moderate,LGBM_T2,3,Moderate,0.002470089672264557,0.9928180485157769,0.004711861811958466
2018-0332-SSD,2018,Moderate,LGBM_T2,3,Moderate,0.0055269130332383405,0.779026690148326,0.21544639681843578
2018-0316-PNG,2018,Moderate,LGBM_T2,3,Low,0.7521995493483433,0.11729588097807259,0.13050456967358415
2018-0314-MMR,2018,Low,LGBM_T2,3,Low,0.6914090269015724,0.18527720626455205,0.12331376683387563
2018-0313-TWN,2018,Low,LGBM_T2,3,Low,0.9209168449151008,0.056394037698737305,0.022689117386161854
2018-0312-CHN,2018,Moderate,LGBM_T2,3,Moderate,0.034178592470803876,0.8866665685740706,0.07915483895512575
2018-0309-PRK,2018,Moderate,LGBM_T2,3,Severe,0.23109506432860552,0.3259927410073723,0.44291219466402226
2018-0304-PAK,2018,Moderate,LGBM_T2,3,Moderate,0.018907298190913635,0.7938769807072403,0.18721572110184603
2018-0233-IND,2018,Moderate,LGBM_T2,3,Moderate,0.003563880005735168,0.9903619327340093,0.006074187260255593
2018-0298-NER,2018,Moderate,LGBM_T2,3,Moderate,0.2421781088366809,0.6577662747679213,0.10005561639539783
2018-0294-PER,2018,Moderate,LGBM_T2,3,Moderate,0.003186240324847956,0.9926590159915,0.004154743683651963
2018-0292-SDN,2018,Moderate,LGBM_T2,3,Severe,0.25004196732108785,0.3417808806675736,0.40817715201133853
2018-0286-IND,2018,Moderate,LGBM_T2,3,Severe,0.0539940309750779,0.12495405319701937,0.8210519158279027
2018-0275-IDN,2018,Moderate,LGBM_T2,3,Moderate,0.00911839008325763,0.876605825753182,0.11427578416356042
2018-0266-TGO,2018,Moderate,LGBM_T2,3,Moderate,0.002297503257663133,0.9959753611726321,0.0017271355697046184
2018-0262-PAK,2018,Moderate,LGBM_T2,3,Moderate,0.003487845364743128,0.9898049955057857,0.0067071591294710535
2018-0250-CHN,2018,Low,LGBM_T2,3,Moderate,0.1786948671828046,0.5321067876355461,0.28919834518164933
2018-0232-NER,2018,Moderate,LGBM_T2,3,Moderate,0.4278787809598528,0.5469126208445733,0.025208598195573993
2018-0229-USA,2018,Moderate,LGBM_T2,3,Moderate,0.06081795601089841,0.9164225705567383,0.02275947343236315
2018-0226-JPN,2018,Severe,LGBM_T2,3,Low,0.5132057810627495,0.1376979491477536,0.349096269789497
2018-0216-IND,2018,Moderate,LGBM_T2,3,Severe,0.23346382633239135,0.21936594987163108,0.5471702237959776
2018-0212-PAK,2018,Moderate,LGBM_T2,3,Moderate,0.17241777840193842,0.5048515397887443,0.3227306818093172
2018-0203-MMR,2018,Moderate,LGBM_T2,3,Low,0.7124190002103636,0.17305099248973008,0.1145300072999063
2018-0191-GNB,2018,Low,LGBM_T2,3,Low,0.8032606045445742,0.1575642389959783,0.039175156459447615
2018-0106-DZA,2018,Severe,LGBM_T2,3,Moderate,0.006061478984661779,0.7759906368561441,0.2179478841591942
2018-0190-JPN,2018,Severe,LGBM_T2,3,Low,0.8631454663472616,0.10242132726831002,0.034433206384428316
2018-0183-JPN,2018,Low,LGBM_T2,3,Low,0.9067149219588435,0.06339633348383006,0.02988874455732658
2018-0179-UGA,2018,Moderate,LGBM_T2,3,Moderate,0.0033102898443402163,0.9936648907251556,0.003024819430504079
2018-0176-LBY,2018,Moderate,LGBM_T2,3,Severe,0.0046248300122757316,0.2608861955829802,0.734488974404744
2018-0170-USA,2018,Low,LGBM_T2,3,Low,0.8095586694252057,0.18024934601866074,0.010191984556133515
2018-0169-TUN,2018,Moderate,LGBM_T2,3,Severe,0.005830807187329253,0.4711956223396865,0.5229735704729843
2018-0168-GTM,2018,Severe,LGBM_T2,3,Low,0.7012822894893662,0.2638084840563756,0.03490922645425809
2018-0099-THA,2018,Moderate,LGBM_T2,3,Moderate,0.00487800412370611,0.9930082716779315,0.002113724198362313
2018-0164-MWI,2018,Low,LGBM_T2,3,Low,0.8311975331075782,0.11021798503138086,0.05858448186104081
2018-0157-GTM,2018,Low,LGBM_T2,3,Low,0.7106281346938507,0.23186745394101593,0.05750441136513325
2018-0156-AFG,2018,Moderate,LGBM_T2,3,Severe,0.1831075862642464,0.34440489066264757,0.47248752307310604
2018-0150-IND,2018,Severe,LGBM_T2,3,Moderate,0.26650031895687576,0.5179233741318726,0.21557630691125154
2018-0143-PAK,2018,Severe,LGBM_T2,3,Severe,0.06616240326274628,0.09032918300985221,0.8435084137274016
2018-0142-IND,2018,Moderate,LGBM_T2,3,Moderate,0.004430001603552258,0.9912995865927096,0.004270411803738017
2018-0133-SOM,2018,Low,LGBM_T2,3,Low,0.688337882980036,0.15842393698543628,0.15323818003452777
2018-0127-PRK,2018,Moderate,LGBM_T2,3,Moderate,0.0075673991092479265,0.9745905077472954,0.017842093143456715
2018-0125-TZA,2018,Moderate,LGBM_T2,3,Low,0.648903806431413,0.3248701822738933,0.026226011294693652
2018-0119-IND,2018,Moderate,LGBM_T2,3,Low,0.7332838578934135,0.22109125605020058,0.04562488605638591
2018-0118-CHN,2018,Moderate,LGBM_T2,3,Low,0.7932053206637989,0.1974171458085704,0.009377533527630738
2018-0110-CAN,2018,Moderate,LGBM_T2,3,Moderate,0.026512314170369148,0.9719149785457168,0.0015727072839138575
2018-0071-EGY,2018,Moderate,LGBM_T2,3,Moderate,0.08685819746981806,0.7106052528764538,0.20253654965372825
2018-0061-EST,2018,Low,LGBM_T2,3,Low,0.8559803378432799,0.13820841665726297,0.005811245499457083
2018-0061-CZE,2018,Low,LGBM_T2,3,Low,0.5885419457400712,0.3853610598102806,0.02609699444964819
2018-0050-CHN,2018,Moderate,LGBM_T2,3,Low,0.6377174742852113,0.2681264336842804,0.09415609203050825
2018-0047-LBN,2018,Moderate,LGBM_T2,3,Low,0.8898082717451772,0.10659556636705012,0.0035961618877726398
2018-0041-LBY,2018,Moderate,LGBM_T2,3,Moderate,0.004348670380985704,0.986362254038218,0.009289075580796323
2018-0031-IDN,2018,Low,LGBM_T2,3,Low,0.8663428368550914,0.09696265906392149,0.03669450408098694
2018-0028-RUS,2018,Moderate,LGBM_T2,3,Moderate,0.005095957531311748,0.9312691443285366,0.06363489814015162
2018-0026-KOR,2018,Moderate,LGBM_T2,3,Moderate,0.4138037397021874,0.4678034199620079,0.11839284033580479
2018-0024-TUR,2018,Moderate,LGBM_T2,3,Moderate,0.004651871927552891,0.9925991069057947,0.002749021166652372
2018-0023-IND,2018,Moderate,LGBM_T2,3,Moderate,0.023730060104341668,0.9302802185281142,0.045989721367544215
2018-0008-MDG,2018,Moderate,LGBM_T2,3,Low,0.48416536542453975,0.39653756222649217,0.11929707234896818
2018-0007-LBY,2018,Moderate,LGBM_T2,3,Severe,0.004922513808584738,0.21760358897483364,0.7774738972165817
2019-0087-EGY,2019,Moderate,LGBM_T2,3,Moderate,0.08005565539308906,0.7363552156513781,0.18358912895553298
2019-0153-PRT,2019,Moderate,LGBM_T2,3,Moderate,0.0031445009656009618,0.9955587582948534,0.0012967407395457515
2018-0308-ITA,2018,Moderate,LGBM_T2,3,Low,0.9030627231604443,0.0821628920033355,0.014774384836220105
2018-0311-BGR,2018,Moderate,LGBM_T2,3,Moderate,0.00737223552091454,0.9918902924825563,0.0007374719965292029
2018-0401-IDN,2018,Severe,LGBM_T2,3,Moderate,0.01393842120155101,0.5872615316478146,0.39880004715063444
2018-0405-NGA,2018,Moderate,LGBM_T2,3,Moderate,0.008537946308154463,0.7797937422709084,0.21166831142093728
2019-0026-BRA,2019,Severe,LGBM_T2,3,Moderate,0.011395735383205638,0.9410743259503797,0.04752993866641475
2019-0041-BHS,2019,Moderate,LGBM_T2,3,Moderate,0.0028416170690140946,0.9917227989076932,0.005435584023292724
2018-0193-NGA,2018,Moderate,LGBM_T2,3,Moderate,0.011819834890909072,0.7741411472062247,0.21403901790286617
2018-0159-CHN,2018,Low,LGBM_T2,3,Moderate,0.30363822646946265,0.49531384904113296,0.20104792448940426
2019-0408-BOL,2019,Moderate,LGBM_T2,3,Moderate,0.0034695101341037167,0.9955833430453935,0.0009471468205025784
2019-0512-ITA,2019,Moderate,LGBM_T2,3,Moderate,0.014980614078013125,0.825163900767271,0.15985548515471593
2019-0157-BRA,2019,Moderate,LGBM_T2,3,Moderate,0.2811943171438484,0.6809104633188949,0.0378952195372567
2018-0032-PRT,2018,Moderate,LGBM_T2,3,Moderate,0.11493648018616576,0.8615529855390388,0.0235105342747954
2018-0039-MOZ,2018,Moderate,LGBM_T2,3,Moderate,0.3210203561664532,0.4468914236172436,0.2320882202163032
2018-0040-BRA,2018,Low,LGBM_T2,3,Low,0.879879118696445,0.08700369706684795,0.03311718423670712
2018-0043-NGA,2018,Moderate,LGBM_T2,3,Moderate,0.004575441800708024,0.9862604418478306,0.009164116351461448
2018-0058-HKG,2018,Moderate,LGBM_T2,3,Moderate,0.010059840251795685,0.9888463821277496,0.00109377762045486
2018-0061-FRA,2018,Low,LGBM_T2,3,Low,0.8739068020637852,0.08652668532024126,0.039566512615973604
2018-0061-ITA,2018,Low,LGBM_T2,3,Low,0.7375324750311135,0.16049445745968072,0.10197306750920565
2018-0061-LTU,2018,Low,LGBM_T2,3,Low,0.8367737809860215,0.15736753973848583,0.005858679275492688
2018-0061-POL,2018,Low,LGBM_T2,3,Moderate,0.13946775901796885,0.5332026427436651,0.3273295982383661
2018-0061-ROU,2018,Low,LGBM_T2,3,Moderate,0.2761872831377214,0.7085959223286555,0.015216794533623094
2019-0345-IND,2019,Moderate,LGBM_T2,3,Moderate,0.004443862974819286,0.9907835555028628,0.004772581522317839
2018-0001-PER,2018,Moderate,LGBM_T2,3,Moderate,0.003280113029801884,0.9937760470857895,0.0029438398844084715
2018-0002-ESP,2018,Low,LGBM_T2,3,Low,0.9055659904556622,0.08736235251635241,0.0070716570279855265
2018-0006-GNB,2018,Moderate,LGBM_T2,3,Moderate,0.0036945933960473706,0.9897042060998311,0.0066012005041214215
2018-0012-CHN,2018,Moderate,LGBM_T2,3,Moderate,0.016165803917580376,0.8635596556975735,0.12027454038484602
2018-0068-MYS,2018,Low,LGBM_T2,3,Low,0.867222391811833,0.10805999050078603,0.02471761768738099
2018-0076-UGA,2018,Moderate,LGBM_T2,3,Low,0.38856359951082914,0.34801586266796314,0.2634205378212078
2018-0083-NPL,2018,Moderate,LGBM_T2,3,Moderate,0.0058125742600319205,0.8305922046659042,0.163595221074064
2018-0088-GRC,2018,Moderate,LGBM_T2,3,Moderate,0.012792213463511793,0.6775008496096592,0.30970693692682894
2018-0089-PHL,2018,Moderate,LGBM_T2,3,Moderate,0.030048745585568266,0.7461221715637362,0.22382908285069547
2018-0091-MOZ,2018,Moderate,LGBM_T2,3,Moderate,0.007754550135559993,0.9831314414579095,0.009114008406530448
2018-0093-TZA,2018,Moderate,LGBM_T2,3,Moderate,0.0032984141432622583,0.9935932009788205,0.0031083848779173045
2018-0100-PAK,2018,Moderate,LGBM_T2,3,Moderate,0.06662371796263236,0.8807975211067911,0.05257876093057659
2018-0104-AGO,2018,Low,LGBM_T2,3,Low,0.3873884853847568,0.31061247140336806,0.30199904321187504
2018-0105-TZA,2018,Moderate,LGBM_T2,3,Moderate,0.0029602207809785916,0.9940371819044961,0.0030025973145251274
2018-0141-IDN,2018,Moderate,LGBM_T2,3,Moderate,0.03619539701320825,0.9261928680316466,0.03761173495514528
2018-0145-DJI,2018,Low,LGBM_T2,3,Low,0.9250205942638554,0.05158294966911853,0.02339645606702614
2018-0145-SOM,2018,Moderate,LGBM_T2,3,Severe,0.4519109960914019,0.0951382637847712,0.4529507401238268
2018-0148-KEN,2018,Moderate,LGBM_T2,3,Low,0.561603361971683,0.3711087974224732,0.06728784060584381
2018-0161-ARG,2018,Low,LGBM_T2,3,Low,0.8392115980534369,0.1510630850260332,0.009725316920529829
2018-0170-CUB,2018,Low,LGBM_T2,3,Low,0.8885141221340217,0.10804698458708292,0.0034388932788953163
2018-0172-KEN,2018,Moderate,LGBM_T2,3,Moderate,0.01925588042313171,0.5711733931569798,0.40957072641988845
2018-0180-ETH,2018,Moderate,LGBM_T2,3,Moderate,0.10077834803544798,0.6741336147094106,0.22508803725514134
2018-0184-IDN,2018,Severe,LGBM_T2,3,Moderate,0.009713297243040984,0.8709339781882165,0.11935272456874246
2018-0188-LBY,2018,Severe,LGBM_T2,3,Severe,0.004746204987913937,0.26519516317668973,0.7300586318353963
2018-0189-AFG,2018,Moderate,LGBM_T2,3,Moderate,0.08824963051606942,0.5352241456619881,0.3765262238219425
2018-0195-CAN,2018,Moderate,LGBM_T2,3,Low,0.4085682986639469,0.20486249000622958,0.3865692113298235
2018-0198-CHN,2018,Severe,LGBM_T2,3,Moderate,0.3023042377228989,0.5472546378862243,0.15044112439087676
2018-0206-USA,2018,Low,LGBM_T2,3,Low,0.8725961287573667,0.12039988419716574,0.007003987045467609
2018-0219-NPL,2018,Moderate,LGBM_T2,3,Severe,0.014165194275998496,0.13999466583700307,0.8458401398869985
2018-0227-PHL,2018,Moderate,LGBM_T2,3,Low,0.8617546233158755,0.120585584895401,0.01765979178872356
2018-0227-VNM,2018,Moderate,LGBM_T2,3,Low,0.6416652301209622,0.2712406802370738,0.08709408964196394
2018-0231-COD,2018,Moderate,LGBM_T2,3,Moderate,0.005681436803243361,0.928769608383183,0.06554895481357363
2018-0235-GBR,2018,Severe,LGBM_T2,3,Severe,0.12967511732857162,0.09928985057628546,0.771035032095143
2018-0253-COD,2018,Moderate,LGBM_T2,3,Severe,0.0352372862968467,0.3597421009068048,0.6050206127963484
2018-0257-IDN,2018,Severe,LGBM_T2,3,Low,0.6548202018384911,0.07956829986615144,0.2656114982953575
2018-0267-IND,2018,Moderate,LGBM_T2,3,Severe,0.0539940309750779,0.12495405319701937,0.8210519158279027
2018-0329-PRK,2018,Severe,LGBM_T2,3,Severe,0.15329602807736795,0.16015379347775177,0.6865501784448804
2018-0282-CHN,2018,Moderate,LGBM_T2,3,Moderate,0.34384213881252346,0.5463243895905023,0.1098334715969742
2018-0287-CHN,2018,Low,LGBM_T2,3,Low,0.6988132738893519,0.24969770290239718,0.05148902320825095
2018-0293-ECU,2018,Moderate,LGBM_T2,3,Moderate,0.005782259143012736,0.9918883303058386,0.002329410551148699
2018-0296-ITA,2018,Moderate,LGBM_T2,3,Moderate,0.3795211839842331,0.5958871722660897,0.024591643749677254
2018-0297-ECU,2018,Moderate,LGBM_T2,3,Moderate,0.005545081098152896,0.9922027440103864,0.0022521748914605968
2018-0305-CHN,2018,Low,LGBM_T2,3,Low,0.6288830380783248,0.3263561443055558,0.044760817616119546
2018-0326-JPN,2018,Moderate,LGBM_T2,3,Low,0.8942589705034313,0.08951859071412434,0.01622243878244435
2018-0463-NPL,2018,Moderate,LGBM_T2,3,Moderate,0.001806905405683008,0.9932180488867425,0.004975045707574338
2018-0330-JPN,2018,Moderate,LGBM_T2,3,Low,0.8815670826223977,0.07318795930856785,0.04524495806903434
2018-0331-USA,2018,Low,LGBM_T2,3,Low,0.7003906611011577,0.2889207752628378,0.01068856363600443
2018-0338-IND,2018,Moderate,LGBM_T2,3,Moderate,0.0031755297774830557,0.9906950772027389,0.0061293930197780155
2018-0343-IDN,2018,Moderate,LGBM_T2,3,Moderate,0.009072924465398454,0.8708771221321915,0.12004995340240994
2018-0345-IND,2018,Low,LGBM_T2,3,Severe,0.04559936733476205,0.13721420498702297,0.8171864276782149
2018-0358-COD,2018,Moderate,LGBM_T2,3,Moderate,0.003799244446673229,0.955085880118559,0.041114875434767696
2018-0359-USA,2018,Moderate,LGBM_T2,3,Moderate,0.024991320682051173,0.9723317674732734,0.002676911844675496
2018-0368-GHA,2018,Moderate,LGBM_T2,3,Moderate,0.31236892184906007,0.5297627092486717,0.1578683689022681
2018-0370-IND,2018,Moderate,LGBM_T2,3,Severe,0.0464732051154209,0.1312629988834285,0.8222637960011505
2018-0374-CRI,2018,Low,LGBM_T2,3,Low,0.9307017158108568,0.0664312677230668,0.0028670164660764747
2018-0374-HND,2018,Low,LGBM_T2,3,Low,0.9330474071691011,0.047579426937399395,0.019373165893499623
2018-0374-NIC,2018,Low,LGBM_T2,3,Low,0.8607699109380902,0.12242373211486576,0.016806356947044025
2018-0377-TUR,2018,Moderate,LGBM_T2,3,Moderate,0.004106098541858041,0.9929841223188796,0.002909779139262573
2018-0378-GBR,2018,Low,LGBM_T2,3,Low,0.9586707558262176,0.036734545620874505,0.004594698552907917
2019-0147-MLI,2019,Moderate,LGBM_T2,3,Moderate,0.009044586380608354,0.9131377619841797,0.07781765163521186
2019-0158-PNG,2019,Moderate,LGBM_T2,3,Moderate,0.12746184901265697,0.7693170367206993,0.10322111426664367
2018-0397-ITA,2018,Moderate,LGBM_T2,3,Low,0.9082300656020472,0.08082126725566388,0.01094866714228898
2018-0398-AFG,2018,Moderate,LGBM_T2,3,Moderate,0.006816945386120627,0.82567143837611,0.16751161623776936
2018-0409-USA,2018,Moderate,LGBM_T2,3,Low,0.8766303510385384,0.12007993844898568,0.003289710512475777
2018-0412-UGA,2018,Moderate,LGBM_T2,3,Moderate,0.18984762895101692,0.7421659392117511,0.06798643183723195
2018-0414-KWT,2018,Low,LGBM_T2,3,Low,0.9200386814712359,0.07666887274732666,0.003292445781437497
2018-0416-COD,2018,Moderate,LGBM_T2,3,Moderate,0.046481740467086925,0.7200056095564191,0.23351264997649396
2018-0424-JPN,2018,Low,LGBM_T2,3,Low,0.8334352969280246,0.1552060900265582,0.011358613045417248
2018-0436-AGO,2018,Low,LGBM_T2,3,Severe,0.13114919009816225,0.373753007263355,0.49509780263848285
2018-0438-TCD,2018,Moderate,LGBM_T2,3,Severe,0.01733661539265436,0.23377732743525728,0.7488860571720883
2018-0444-BOL,2018,Moderate,LGBM_T2,3,Moderate,0.003366315227889871,0.9956163318141994,0.001017352957910928
2018-0450-UGA,2018,Moderate,LGBM_T2,3,Moderate,0.0026595377410643197,0.9930253741950152,0.004315088063920445
2018-0454-IDN,2018,Moderate,LGBM_T2,3,Moderate,0.06657784160889126,0.5392202473636323,0.39420191102747654
2018-0462-COD,2018,Moderate,LGBM_T2,3,Moderate,0.0039564680732058445,0.9550682555145845,0.04097527641220966
2018-0477-RWA,2018,Moderate,LGBM_T2,3,Low,0.7240397869612493,0.27064634397492854,0.005313869063822353
2018-0483-IDN,2018,Moderate,LGBM_T2,3,Low,0.8866598626747717,0.10090203810721377,0.012438099218014562
2018-0488-ZWE,2018,Moderate,LGBM_T2,3,Low,0.40033108239120974,0.370170058032856,0.22949885957593433
2019-0004-ECU,2019,Moderate,LGBM_T2,3,Moderate,0.14456045206216853,0.8072034431459382,0.04823610479189327
2019-0007-USA,2019,Moderate,LGBM_T2,3,Low,0.5219683949656276,0.4696726818504816,0.008358923183890752
2019-0012-IND,2019,Moderate,LGBM_T2,3,Moderate,0.007430554929047445,0.892890480800869,0.0996789642700836
2019-0019-MEX,2019,Severe,LGBM_T2,3,Moderate,0.01751152333338478,0.9425313759686804,0.03995710069793484
2019-0667-SDN,2019,Moderate,LGBM_T2,3,Moderate,0.05330464765734112,0.7055188962188241,0.2411764561238346
2019-0049-BDI,2019,Moderate,LGBM_T2,3,Low,0.8060966140492526,0.1672535738638315,0.026649812086915862
2019-0059-CHN,2019,Moderate,LGBM_T2,3,Moderate,0.02774982103407948,0.9132288957492692,0.05902128321665129
2019-0062-COG,2019,Moderate,LGBM_T2,3,Moderate,0.0038664551409917486,0.990581877218691,0.0055516676403173084
2019-0066-NER,2019,Moderate,LGBM_T2,3,Moderate,0.006748742116175991,0.8687940535828689,0.1244572043009551
2019-0073-BOL,2019,Moderate,LGBM_T2,3,Low,0.7959787112548751,0.19823250696567732,0.005788781779447628
2019-0078-ECU,2019,Moderate,LGBM_T2,3,Low,0.7663183673369328,0.21079764316592656,0.02288398949714064
2019-0081-USA,2019,Moderate,LGBM_T2,3,Low,0.8928330890360074,0.08760389655134665,0.01956301441264583
2019-0082-AFG,2019,Moderate,LGBM_T2,3,Severe,0.1643451781136348,0.25689465895272673,0.5787601629336384
2019-0093-PER,2019,Moderate,LGBM_T2,3,Low,0.7695742727987727,0.16158901729490122,0.0688367099063261
2019-0100-BRA,2019,Moderate,LGBM_T2,3,Low,0.8848538425509733,0.08266528174710525,0.032480875701921576
2019-0103-MEX,2019,Moderate,LGBM_T2,3,Moderate,0.0028829672762241674,0.9943865511172052,0.0027304816065705706
2019-0104-COL,2019,Moderate,LGBM_T2,3,Moderate,0.028122262049032086,0.8269310483720829,0.1449466895788849
2019-0106-ZAF,2019,Moderate,LGBM_T2,3,Low,0.9183512538660441,0.07535129487398677,0.006297451259969121
2019-0111-IDN,2019,Severe,LGBM_T2,3,Low,0.812159240440178,0.16057218415605304,0.027268575403769077
2019-0112-COD,2019,Moderate,LGBM_T2,3,Moderate,0.08284177284041702,0.766394640395271,0.150763586764312
2019-0116-USA,2019,Low,LGBM_T2,3,Low,0.9079047221004481,0.08860843184635243,0.003486846053199439
2019-0123-AGO,2019,Moderate,LGBM_T2,3,Low,0.799805686798901,0.1498421113051078,0.05035220189599123
2019-0138-HTI,2019,Moderate,LGBM_T2,3,Moderate,0.005678627715952231,0.9281901477502427,0.06613122453380507
2019-0143-AFG,2019,Moderate,LGBM_T2,3,Moderate,0.38471813487418854,0.5017021853146079,0.11357967981120355
2019-0144-BGD,2019,Moderate,LGBM_T2,3,Moderate,0.48714228039136953,0.5012712405691454,0.011586479039485101
2019-0167-IDN,2019,Low,LGBM_T2,3,Low,0.8538202704505276,0.1287381264830976,0.017441603066374784
2019-0168-IDN,2019,Moderate,LGBM_T2,3,Low,0.8538202704505276,0.1287381264830976,0.017441603066374784
2019-0171-CAN,2019,Low,LGBM_T2,3,Low,0.9602500467636031,0.03786996360107509,0.0018799896353219017
2019-0174-VEN,2019,Moderate,LGBM_T2,3,Moderate,0.005197982675000125,0.9574893331194076,0.0373126842055922
2019-0184-USA,2019,Low,LGBM_T2,3,Low,0.9398704941660512,0.05774972384766442,0.002379781986284429
2019-0188-SSD,2019,Low,LGBM_T2,3,Severe,0.07311756583058153,0.3662331943997267,0.5606492397696917
2019-0192-KEN,2019,Moderate,LGBM_T2,3,Moderate,0.2627616001249305,0.47673507127379916,0.26050332860127035
2019-0396-POL,2019,Low,LGBM_T2,3,Low,0.8426213995978898,0.14508170753361288,0.012296892868497316
2019-0397-NGA,2019,Low,LGBM_T2,3,Severe,0.02833371370952449,0.27166921910453895,0.6999970671859366
2019-0194-BIH,2019,Low,LGBM_T2,3,Low,0.9606643385813389,0.03823985808116222,0.0010958033374988336
2019-0197-PRY,2019,Moderate,LGBM_T2,3,Low,0.9034590729737451,0.0750947210227384,0.021446206003516474
2019-0200-MLI,2019,Moderate,LGBM_T2,3,Low,0.8018887363726297,0.18518646526609833,0.012924798361272017
2019-0201-PAK,2019,Moderate,LGBM_T2,3,Moderate,0.09577634216185428,0.4626127022890463,0.44161095554909935
2019-0204-CHN,2019,Moderate,LGBM_T2,3,Moderate,0.016154740423396013,0.9151349553407648,0.06871030423583926
2019-0207-UGA,2019,Moderate,LGBM_T2,3,Moderate,0.007881883637403065,0.8711503351946673,0.12096778116792961
2019-0210-IDN,2019,Low,LGBM_T2,3,Low,0.8312882654283678,0.14012259986228545,0.028589134709346913
2019-0212-COG,2019,Severe,LGBM_T2,3,Severe,0.1421635396791954,0.3752470897250622,0.48258937059574225
2019-0217-IND,2019,Moderate,LGBM_T2,3,Severe,0.05881219609548072,0.06576007811775482,0.8754277257867644
2019-0225-MEX,2019,Low,LGBM_T2,3,Low,0.8075256066152865,0.13039196308908524,0.06208243029562823
2019-0234-BRA,2019,Moderate,LGBM_T2,3,Moderate,0.005260991079452871,0.9889641351542643,0.0057748737662829935
2019-0238-LBY,2019,Moderate,LGBM_T2,3,Severe,0.005863616660954351,0.3451357087611416,0.6490006745779041
2019-0248-IND,2019,Moderate,LGBM_T2,3,Moderate,0.1336420553423565,0.6090344081323243,0.2573235365253191
2019-0255-AFG,2019,Moderate,LGBM_T2,3,Severe,0.10369256228309086,0.3174600021240026,0.5788474355929066
2019-0258-IDN,2019,Moderate,LGBM_T2,3,Moderate,0.010624984470790882,0.856692562633864,0.13268245289534525
2019-0262-VEN,2019,Moderate,LGBM_T2,3,Moderate,0.0061540022760551896,0.9472743654490227,0.04657163227492213
2019-0398-IDN,2019,Moderate,LGBM_T2,3,Moderate,0.009692028789014498,0.8650445719064349,0.12526339930455047
2019-0399-NGA,2019,Moderate,LGBM_T2,3,Moderate,0.002530686043192259,0.9857663725379769,0.011702941418830689
2019-0407-COD,2019,Moderate,LGBM_T2,3,Moderate,0.00847724977379879,0.6626348121169882,0.32888793810921313
2019-0282-NGA,2019,Moderate,LGBM_T2,3,Severe,0.018325536208516263,0.4021309415747167,0.5795435222167671
2019-0296-GBR,2019,Low,LGBM_T2,3,Severe,0.16249989750242566,0.12063697624021022,0.7168631262573641
2019-0299-IRN,2019,Low,LGBM_T2,3,Low,0.93162133212281,0.038975119669590066,0.029403548207599987
2019-0321-IND,2019,Moderate,LGBM_T2,3,Moderate,0.20662850207849823,0.7562123862762206,0.03715911164528112
2019-0334-IDN,2019,Low,LGBM_T2,3,Low,0.6457330571887553,0.08819609005237772,0.26607085275886705
2019-0339-RUS,2019,Moderate,LGBM_T2,3,Moderate,0.0054689545777151785,0.8344720248848252,0.16005902053745957
2019-0346-PAK,2019,Moderate,LGBM_T2,3,Severe,0.04187899129602693,0.3776137300520654,0.5805072786519077
2019-0349-PHL,2019,Low,LGBM_T2,3,Low,0.8493733945427385,0.13079293755808105,0.019833667899180583
2019-0362-PHL,2019,Low,LGBM_T2,3,Low,0.8579350168504319,0.08109318382269307,0.06097179932687499
2019-0366-AUT,2019,Low,LGBM_T2,3,Severe,0.37722538554657775,0.06007977256076668,0.5626948418926555
2019-0369-MMR,2019,Moderate,LGBM_T2,3,Moderate,0.07694521460554675,0.7754145438646046,0.14764024152984875
2019-0372-PAK,2019,Moderate,LGBM_T2,3,Severe,0.0954843275759499,0.3929289996592751,0.511586672764775
2019-0373-PAK,2019,Moderate,LGBM_T2,3,Severe,0.01333272240003211,0.47688620523159336,0.5097810723683746
2019-0375-NOR,2019,Low,LGBM_T2,3,Moderate,0.4746745695309938,0.5182900226609336,0.007035407808072486
2019-0380-VNM,2019,Moderate,LGBM_T2,3,Moderate,0.4646728096297045,0.5033576517087306,0.031969538661564906
2019-0415-NER,2019,Moderate,LGBM_T2,3,Low,0.6179118147870023,0.3600755176835984,0.02201266752939933
2019-0419-KHM,2019,Moderate,LGBM_T2,3,Low,0.4829420516257857,0.20760523419263252,0.3094527141815818
2019-0419-VNM,2019,Moderate,LGBM_T2,3,Low,0.6661748028968582,0.3100600433373694,0.023765153765772255
2019-0434-PHL,2019,Low,LGBM_T2,3,Low,0.8086165527990394,0.1682696475102578,0.023113799690702742
2019-0438-IND,2019,Moderate,LGBM_T2,3,Moderate,0.003974806685618465,0.897395865304169,0.09862932801021251
2019-0442-LBY,2019,Moderate,LGBM_T2,3,Severe,0.0058353399824961774,0.3091590269979338,0.6850056330195701
2019-0443-KOR,2019,Low,LGBM_T2,3,Low,0.8371954264140893,0.12681069649857662,0.035993877087333995
2019-0445-HTI,2019,Low,LGBM_T2,3,Moderate,0.37537494969057184,0.5005970417600986,0.12402800854932956
2019-0450-MEX,2019,Low,LGBM_T2,3,Low,0.8556407071801078,0.10165508312646611,0.0427042096934261
2019-0514-CIV,2019,Moderate,LGBM_T2,3,Low,0.6372989210512642,0.346889228053976,0.015811850894759658
2019-0451-IDN,2019,Moderate,LGBM_T2,3,Low,0.5910975491511608,0.08298597777823902,0.3259164730706003
2019-0471-PAK,2019,Moderate,LGBM_T2,3,Severe,0.07992818503538542,0.44204258961137544,0.4780292253532391
2019-0479-TUR,2019,Low,LGBM_T2,3,Low,0.8198028553148113,0.10679651144275311,0.07340063324243552
2019-0482-VNM,2019,Low,LGBM_T2,3,Low,0.5851484221123591,0.3934362625544762,0.02141531533316469
2019-0489-PHL,2019,Low,LGBM_T2,3,Low,0.6572436499575478,0.0682754792892223,0.2744808707532298
2019-0490-GTM,2019,Low,LGBM_T2,3,Low,0.7560607120818322,0.211329187682477,0.03261010023569084
2019-0492-JPN,2019,Moderate,LGBM_T2,3,Low,0.8877110323034513,0.09910771512860594,0.013181252567942744
2019-0497-ESP,2019,Low,LGBM_T2,3,Low,0.9147619399112472,0.07495534109760575,0.010282718991147213
2019-0506-SAU,2019,Moderate,LGBM_T2,3,Moderate,0.020500716757020972,0.9636485913933547,0.01585069184962423
2019-0507-BRA,2019,Moderate,LGBM_T2,3,Moderate,0.3116893391470352,0.6419736419457817,0.046337018907183065
2019-0522-PHL,2019,Moderate,LGBM_T2,3,Low,0.6878906277361546,0.0671126682846111,0.2449967039792342
2019-0527-CMR,2019,Moderate,LGBM_T2,3,Moderate,0.17445299864952,0.6375944361684152,0.1879525651820648
2019-0531-WSM,2019,Moderate,LGBM_T2,3,Low,0.6175642570040797,0.3347417142522276,0.04769402874369255
2019-0537-COD,2019,Moderate,LGBM_T2,3,Moderate,0.003862309444393059,0.9589199996233688,0.037217690932238166
2019-0539-PAK,2019,Moderate,LGBM_T2,3,Moderate,0.10353094270684342,0.6547496602309993,0.24171939706215717
2019-0595-COL,2019,Moderate,LGBM_T2,3,Low,0.7059090781582175,0.23140549545315453,0.06268542638862791
2019-0598-NZL,2019,Moderate,LGBM_T2,3,Low,0.9190263833913973,0.053019333635426914,0.027954282973175697
2019-0542-BRA,2019,Low,LGBM_T2,3,Low,0.8554622689898713,0.10035427529599675,0.04418345571413187
2019-0553-IRN,2019,Low,LGBM_T2,3,Low,0.8841075576068346,0.06471743196098333,0.05117501043218226
2019-0557-KEN,2019,Moderate,LGBM_T2,3,Moderate,0.20093999246420058,0.5585455010206996,0.2405145065150999
2019-0561-COD,2019,Moderate,LGBM_T2,3,Moderate,0.1486053927163097,0.6057985267814897,0.2455960805022006
2019-0565-KOR,2019,Moderate,LGBM_T2,3,Moderate,0.03898652114521194,0.8618688974833435,0.09914458137144468
2019-0568-GBR,2019,Low,LGBM_T2,3,Low,0.9748011010882222,0.022939508175174154,0.0022593907366036665
2019-0572-ALB,2019,Moderate,LGBM_T2,3,Low,0.9478351403605288,0.03624427613307074,0.015920583506400476
2019-0573-PHL,2019,Low,LGBM_T2,3,Low,0.40627291614203864,0.3917594351441689,0.20196764871379244
2019-0577-LKA,2019,Moderate,LGBM_T2,3,Severe,0.4161288547610363,0.14391664711904917,0.43995449811991455
2019-0578-MYS,2019,Low,LGBM_T2,3,Low,0.9254658837883757,0.06524607712666994,0.009288039084954387
2019-0604-SVK,2019,Moderate,LGBM_T2,3,Moderate,0.24458441575154938,0.6668553392135076,0.08856024503494297
2019-0611-CHN,2019,Moderate,LGBM_T2,3,Moderate,0.18277185175558558,0.7203366342110412,0.09689151403337323
2019-0615-COD,2019,Severe,LGBM_T2,3,Severe,0.06804617510078738,0.4333812833388509,0.49857254156036174
2019-0617-NGA,2019,Moderate,LGBM_T2,3,Moderate,0.0032666632566846925,0.97044091807124,0.026292418672075327
2019-0619-PHL,2019,Moderate,LGBM_T2,3,Low,0.6166497054304675,0.08072435395257856,0.30262594061695397
2019-0620-IDN,2019,Moderate,LGBM_T2,3,Low,0.7107916402653137,0.16567105985843394,0.12353729987625234
2019-0632-IDN,2019,Moderate,LGBM_T2,3,Low,0.545496647714323,0.2696162734889119,0.18488707879676503
2019-0639-KAZ,2019,Moderate,LGBM_T2,3,Moderate,0.005229752705426498,0.9735818919198808,0.02118835537469281
2019-0644-YEM,2019,Severe,LGBM_T2,3,Moderate,0.28119389702604236,0.6900054355925865,0.0288006673813712
2019-0659-PAK,2019,Moderate,LGBM_T2,3,Severe,0.07798680443076685,0.24725133492865342,0.6747618606405797
2019-0665-GMB,2019,Low,LGBM_T2,3,Low,0.9184808850820475,0.05864066396564765,0.022878450952304945
2019-0666-AGO,2019,Moderate,LGBM_T2,3,Low,0.5442725739789146,0.292382794317284,0.16334463170380137
2019-9666-ARG,2019,Low,LGBM_T2,3,Low,0.7367685276395503,0.20764076628429123,0.05559070607615847
2018-0108-IND,2018,Moderate,LGBM_T2,3,Moderate,0.0051619611081616616,0.9889457714856208,0.00589226740621757
2018-0111-USA,2018,Low,LGBM_T2,3,Low,0.738399929343639,0.24834773907336546,0.013252331582995646
2019-0645-BDI,2019,Moderate,LGBM_T2,3,Low,0.8486431788690696,0.1349189717580537,0.016437849372876633
2019-0080-PHL,2019,Severe,LGBM_T2,3,Low,0.4087048186429658,0.29616742798027634,0.2951277533767578
2019-0247-CHN,2019,Moderate,LGBM_T2,3,Moderate,0.4017676749592933,0.5672701941499264,0.030962130890780273
2019-0254-UGA,2019,Low,LGBM_T2,3,Moderate,0.45706862461201175,0.49165897998356173,0.05127239540442643
2018-0241-CHN,2018,Moderate,LGBM_T2,3,Moderate,0.055992547266287544,0.6846116040384699,0.25939584869524257
2018-0015-KAZ,2018,Moderate,LGBM_T2,3,Moderate,0.0033739941329709836,0.9960118843626831,0.0006141215043460387
2018-0098-TUR,2018,Moderate,LGBM_T2,3,Moderate,0.004926322565376765,0.9916820987375049,0.0033915786971183107
2018-0060-LBY,2018,Moderate,LGBM_T2,3,Severe,0.004579000313292293,0.21392909132905044,0.7814919083576573
2018-0445-IND,2018,Moderate,LGBM_T2,3,Moderate,0.0033786350634893523,0.9889480357212687,0.007673329215242002
2018-0101-FJI,2018,Low,LGBM_T2,3,Low,0.8447812880916375,0.15048374231253825,0.004734969595824089
2018-0102-KWT,2018,Moderate,LGBM_T2,3,Moderate,0.003556971561782031,0.9953493564609903,0.0010936719772276394
2018-0107-KEN,2018,Moderate,LGBM_T2,3,Moderate,0.00818477436837934,0.9681002893818114,0.023714936249809276
2018-0025-NLD,2018,Low,LGBM_T2,3,Low,0.9754702038631482,0.02160795123381568,0.002921844903036137
2018-0027-DZA,2018,Moderate,LGBM_T2,3,Moderate,0.001780226208077604,0.9961876919402841,0.0020320818516381426
2018-0002-IRL,2018,Low,LGBM_T2,3,Low,0.9404056746938078,0.05794998604844214,0.0016443392577502054
2018-0005-COD,2018,Moderate,LGBM_T2,3,Low,0.4411520856041568,0.29374056200236187,0.26510735239348143
2018-0009-BRA,2018,Moderate,LGBM_T2,3,Moderate,0.004738807474005691,0.9901748714662395,0.005086321059754777
2018-0011-PER,2018,Low,LGBM_T2,3,Low,0.5952990138306407,0.09152323040202426,0.31317775576733503
2018-0046-USA,2018,Moderate,LGBM_T2,3,Low,0.5075641242430178,0.4843951831014014,0.008040692655580876
2018-0048-MOZ,2018,Moderate,LGBM_T2,3,Low,0.5048018970993731,0.34136542755722704,0.15383267534340006
2018-0049-IND,2018,Moderate,LGBM_T2,3,Severe,0.06927030027263495,0.31825527268589054,0.6124744270414746
2018-0053-CHN,2018,Low,LGBM_T2,3,Low,0.6377174742852113,0.2681264336842804,0.09415609203050825
2018-0055-PNG,2018,Severe,LGBM_T2,3,Low,0.5224919646958348,0.09638125554311669,0.3811267797610485
2018-0057-RUS,2018,Moderate,LGBM_T2,3,Moderate,0.004730427965673494,0.9581844789976708,0.03708509303665555
2018-0059-TWN,2018,Moderate,LGBM_T2,3,Severe,0.2648874365687461,0.03185839353594499,0.7032541698953089
2018-0064-MWI,2018,Low,LGBM_T2,3,Low,0.8496078238087224,0.09391919036274952,0.05647298582852822
2018-0069-KIR,2018,Moderate,LGBM_T2,3,Moderate,0.004308462327377747,0.9884764438480509,0.007215093824571193
2018-0070-JPN,2018,Moderate,LGBM_T2,3,Moderate,0.2554796982734636,0.702460077419749,0.04206022430678728
2018-0072-COD,2018,Moderate,LGBM_T2,3,Moderate,0.012377189627552028,0.5131559216917302,0.47446688868071774
2018-0077-NGA,2018,Moderate,LGBM_T2,3,Severe,0.08178325148177806,0.16549135415322946,0.7527253943649924
2018-0078-IND,2018,Moderate,LGBM_T2,3,Moderate,0.00590064597507276,0.9893331430929674,0.0047662109319598035
2018-0081-GNB,2018,Moderate,LGBM_T2,3,Moderate,0.003645975269586558,0.9890931528900101,0.007260871840403322
2018-0084-IRN,2018,Moderate,LGBM_T2,3,Moderate,0.012007752080449517,0.6397554719791371,0.3482367759404133
2018-0086-MDG,2018,Moderate,LGBM_T2,3,Low,0.6515228401729156,0.28048488750208317,0.06799227232500114
2018-0094-ECU,2018,Moderate,LGBM_T2,3,Moderate,0.005974057068508172,0.9917443041064989,0.002281638824992868
2018-0095-VNM,2018,Moderate,LGBM_T2,3,Moderate,0.14128309716476148,0.822798940104791,0.03591796273044742
2018-0113-RUS,2018,Low,LGBM_T2,3,Low,0.6381761384352952,0.16760809214719252,0.19421576941751234
2018-0116-KEN,2018,Moderate,LGBM_T2,3,Low,0.6492488447712672,0.2962099934086438,0.05454116182008891
2018-0121-IDN,2018,Low,LGBM_T2,3,Low,0.8852499553392847,0.1026908852657357,0.012059159394979589
2018-0126-CHN,2018,Moderate,LGBM_T2,3,Moderate,0.014836961706685243,0.7409193118371992,0.2442437264561157
2018-0137-IND,2018,Moderate,LGBM_T2,3,Moderate,0.47382425305822834,0.49002198236747335,0.036153764574298274
2018-0138-IND,2018,Moderate,LGBM_T2,3,Moderate,0.47417054753503435,0.49038011495547856,0.03544933750948709
2018-0140-BGD,2018,Moderate,LGBM_T2,3,Moderate,0.4621520018242487,0.5242991299332964,0.013548868242454826
2018-0144-CUB,2018,Severe,LGBM_T2,3,Moderate,0.007154829425307389,0.9680741502477433,0.024771020326949424
2018-0154-MMR,2018,Moderate,LGBM_T2,3,Moderate,0.31159859936243733,0.5041914362400535,0.18420996439750928
2018-0155-BRA,2018,Moderate,LGBM_T2,3,Moderate,0.3211699608980091,0.6452582527013485,0.0335717864006424
2018-0171-CHN,2018,Moderate,LGBM_T2,3,Moderate,0.052467114132534784,0.670258598022733,0.2772742878447323
2018-0173-YEM,2018,Moderate,LGBM_T2,3,Moderate,0.004992270341781537,0.9852392788041082,0.009768450854110107
2018-0175-TZA,2018,Moderate,LGBM_T2,3,Moderate,0.0028131438241405992,0.9927400265339296,0.004446829641929866
2018-0177-OMN,2018,Low,LGBM_T2,3,Low,0.9105814028492325,0.08631624007716568,0.0031023570736018607
2018-0177-YEM,2018,Moderate,LGBM_T2,3,Low,0.5689379876492557,0.41539578585727677,0.015666226493467494
2018-0178-COD,2018,Moderate,LGBM_T2,3,Moderate,0.007308187219574974,0.6622622176005908,0.3304295951798341
2018-0182-VEN,2018,Moderate,LGBM_T2,3,Moderate,0.08231592060346156,0.8870891975763446,0.03059488182019367
2018-0186-ZMB,2018,Moderate,LGBM_T2,3,Moderate,0.052394833783202185,0.9228437509349151,0.024761415281882738
2018-0199-IND,2018,Moderate,LGBM_T2,3,Moderate,0.3247796529498893,0.614835151882258,0.060385195167852686
2018-0202-IND,2018,Moderate,LGBM_T2,3,Moderate,0.18007019654933,0.6862855474148342,0.1336442560358357
2018-0203-BGD,2018,Moderate,LGBM_T2,3,Severe,0.15902061476353627,0.17190816773434844,0.6690712175021153
2018-0204-VNM,2018,Moderate,LGBM_T2,3,Low,0.5671624387990797,0.4033303734116112,0.029507187789309147
2018-0205-IND,2018,Moderate,LGBM_T2,3,Severe,0.10622985470862822,0.1563760976764296,0.7373940476149422
2018-0207-TJK,2018,Low,LGBM_T2,3,Low,0.8335470583797063,0.16268345729680359,0.003769484323490206
2018-0208-RWA,2018,Moderate,LGBM_T2,3,Moderate,0.31455652088148245,0.6735231548675995,0.011920324250918112
2018-0211-CHN,2018,Low,LGBM_T2,3,Moderate,0.3023042377228989,0.5472546378862243,0.15044112439087676
2018-0212-AFG,2018,Moderate,LGBM_T2,3,Moderate,0.2844145241398976,0.6200745147964072,0.09551096106369517
2018-0213-IND,2018,Moderate,LGBM_T2,3,Moderate,0.1797510140543673,0.5579486001222972,0.2623003858233354
2018-0222-LAO,2018,Severe,LGBM_T2,3,Low,0.8046899295348788,0.18787972641086464,0.007430344054256439
2018-0230-UKR,2018,Moderate,LGBM_T2,3,Moderate,0.006178156055999618,0.9900080283720882,0.0038138155719119895
2018-0238-NGA,2018,Severe,LGBM_T2,3,Moderate,0.1908430337803945,0.41575952195071086,0.3933974442688947
2018-0254-IDN,2018,Moderate,LGBM_T2,3,Low,0.6342224143811751,0.08012947286124676,0.285648112757578
2018-0261-CHE,2018,Moderate,LGBM_T2,3,Moderate,0.03972479110268459,0.9031188046192825,0.05715640427803285
2018-0263-RUS,2018,Moderate,LGBM_T2,3,Moderate,0.004402746009229237,0.9330374688392339,0.0625597851515369
2018-0276-LBY,2018,Low,LGBM_T2,3,Severe,0.005100700916928772,0.30716729408634386,0.6877320049967274
2018-0278-LKA,2018,Moderate,LGBM_T2,3,Severe,0.16100104470618934,0.07602966778137403,0.7629692875124366
2018-0295-IND,2018,Severe,LGBM_T2,3,Moderate,0.04837547714198966,0.575472794861295,0.3761517279967153
2018-0302-IDN,2018,Moderate,LGBM_T2,3,Low,0.6548202018384911,0.07956829986615144,0.2656114982953575
2018-0310-IRN,2018,Low,LGBM_T2,3,Low,0.7525635990349272,0.09961714479821984,0.147819256166853
2018-0317-PNG,2018,Moderate,LGBM_T2,3,Low,0.7788787626718099,0.07237711401234231,0.14874412331584774
2018-0333-IDN,2018,Moderate,LGBM_T2,3,Moderate,0.004749325899489024,0.9908291683457607,0.00442150575475004
2018-0335-AFG,2018,Moderate,LGBM_T2,3,Moderate,0.002322592202436264,0.9923448114786467,0.005332596318917089
2018-0347-CHN,2018,Low,LGBM_T2,3,Low,0.6288830380783248,0.3263561443055558,0.044760817616119546
2018-0348-CHN,2018,Moderate,LGBM_T2,3,Low,0.6288830380783248,0.3263561443055558,0.044760817616119546
2018-0353-JPN,2018,Low,LGBM_T2,3,Low,0.8880163737872807,0.09439366361587408,0.017589962596845227
2018-0355-SLE,2018,Moderate,LGBM_T2,3,Moderate,0.002458355232392394,0.9857030430572397,0.011838601710367968
2019-0001-DEU,2019,Low,LGBM_T2,3,Low,0.8762539455463297,0.11792078098556355,0.005825273468106737
2019-0130-COD,2019,Moderate,LGBM_T2,3,Moderate,0.007619442692216796,0.8942318467363043,0.09814871057147895
2018-0360-HTI,2018,Moderate,LGBM_T2,3,Low,0.8085163049404156,0.10396019582102436,0.08752349923856013
2018-0365-NGA,2018,Severe,LGBM_T2,3,Severe,0.08442436950599033,0.3142502803438034,0.6013253501502063
2018-0369-VNM,2018,Moderate,LGBM_T2,3,Low,0.7130277482540338,0.26443015248332286,0.02254209926264334
2018-0376-PRT,2018,Low,LGBM_T2,3,Low,0.8104754882416587,0.17609304035594,0.013431471402401163
2018-0381-MLI,2018,Moderate,LGBM_T2,3,Moderate,0.00901346979686208,0.9409644579045826,0.05002207229855547
2018-0386-VEN,2018,Low,LGBM_T2,3,Low,0.7551856494038837,0.21948253199806544,0.02533181859805098
2018-0392-ZAF,2018,Moderate,LGBM_T2,3,Moderate,0.00454228974692995,0.9940260800328765,0.001431630220193637
2018-0399-MNP,2018,Low,LGBM_T2,3,Low,0.8766053778859743,0.11186992552083593,0.011524696593189727
2019-0427-MAR,2019,Low,LGBM_T2,3,Low,0.5219600243334171,0.45879743806301704,0.019242537603565726
2018-0403-JOR,2018,Moderate,LGBM_T2,3,Low,0.762263272121635,0.23359617460063498,0.004140553277729927
2018-0408-CHN,2018,Moderate,LGBM_T2,3,Moderate,0.011496464180730413,0.9815662988291827,0.006937236990087043
2018-0410-ZWE,2018,Moderate,LGBM_T2,3,Moderate,0.018001812521713508,0.9736175148041202,0.008380672674166202
2018-0413-TUR,2018,Moderate,LGBM_T2,3,Moderate,0.005529772305651367,0.9725622245523654,0.02190800314198334
2018-0415-BRA,2018,Moderate,LGBM_T2,3,Moderate,0.18983261170976443,0.5940135743812491,0.21615381390898641
2018-0421-MEX,2018,Moderate,LGBM_T2,3,Low,0.6630130606327481,0.2543706394776689,0.08261629988958294
2018-0429-IND,2018,Moderate,LGBM_T2,3,Moderate,0.003644365303016324,0.9885498642128994,0.007805770484084177
2018-0431-IND,2018,Moderate,LGBM_T2,3,Severe,0.18078846452337377,0.2856851718659513,0.5335263636106748
2018-0432-CHN,2018,Moderate,LGBM_T2,3,Moderate,0.04892886932454357,0.7752841138128812,0.1757870168625753
2018-0434-ZWE,2018,Moderate,LGBM_T2,3,Low,0.38932219420244746,0.3079835667035586,0.302694239093994
2019-0472-CHN,2019,Low,LGBM_T2,3,Low,0.6522882017568088,0.32367561007767226,0.024036188165518904
2018-0448-VNM,2018,Moderate,LGBM_T2,3,Moderate,0.33160683096378196,0.6137205932490698,0.05467257578714829
2018-0453-RUS,2018,Moderate,LGBM_T2,3,Moderate,0.036472782223569235,0.8517254582875854,0.11180175948884534
2018-0455-PHL,2018,Severe,LGBM_T2,3,Low,0.607565365771234,0.3184523786188065,0.07398225560995951
2018-0457-USA,2018,Low,LGBM_T2,3,Moderate,0.41052939685349366,0.5798448367527491,0.009625766393757286
2018-0465-CZE,2018,Moderate,LGBM_T2,3,Moderate,0.0722093226673028,0.8922165040090538,0.035574173323643384
2018-0467-LKA,2018,Low,LGBM_T2,3,Low,0.5852011136604336,0.19160161671150155,0.2231972696280649
2019-0136-PER,2019,Moderate,LGBM_T2,3,Moderate,0.0031077071110841375,0.9932872621699539,0.0036050307189620973
2018-0468-USA,2018,Low,LGBM_T2,3,Low,0.8930237392769662,0.10371483079611885,0.0032614299269150245
2018-0471-IDN,2018,Moderate,LGBM_T2,3,Low,0.7614143429685716,0.16333737213133653,0.07524828490009194
2018-0478-BOL,2018,Moderate,LGBM_T2,3,Moderate,0.32780294455923653,0.6438751018422249,0.028321953598538594
2018-0486-PHL,2018,Severe,LGBM_T2,3,Low,0.4821838545551767,0.2632381678333541,0.25457797761146916
2018-0490-HUN,2018,Severe,LGBM_T2,3,Low,0.4860848639985993,0.4465289087544792,0.06738622724692152
2019-0001-AUT,2019,Moderate,LGBM_T2,3,Low,0.9389485452385626,0.046650662262947465,0.014400792498489861
2019-0008-ARG,2019,Low,LGBM_T2,3,Low,0.9439896492583346,0.04954525787542024,0.006465092866245079
2019-0008-BRA,2019,Low,LGBM_T2,3,Low,0.8447908274114359,0.10515992026217397,0.05004925232639019
2019-0013-IDN,2019,Moderate,LGBM_T2,3,Moderate,0.09205013689316757,0.8319384616791129,0.07601140142771945
2019-0018-RWA,2019,Moderate,LGBM_T2,3,Moderate,0.0066522555301816305,0.988816027857307,0.004531716612511467
2019-0022-IDN,2019,Low,LGBM_T2,3,Low,0.8820538038001531,0.10416908010168115,0.013777116098165733
2019-0025-CUB,2019,Low,LGBM_T2,3,Low,0.8075622770459723,0.16350876683696705,0.028928956117060707
2019-0031-COL,2019,Moderate,LGBM_T2,3,Moderate,0.014680684053770798,0.8648415860216806,0.12047772992454867
2019-0032-DJI,2019,Moderate,LGBM_T2,3,Moderate,0.03877905138450403,0.7291563391669453,0.23206460944855062
2019-0044-DZA,2019,Low,LGBM_T2,3,Moderate,0.25249086390911024,0.5941146263881432,0.1533945097027466
2019-0051-BRA,2019,Moderate,LGBM_T2,3,Moderate,0.20277853655964756,0.4332434567759824,0.3639780066643699
2019-0068-IND,2019,Moderate,LGBM_T2,3,Moderate,0.1614566201883832,0.5894114998477479,0.24913187996386885
2019-0069-MKD,2019,Moderate,LGBM_T2,3,Moderate,0.003396701094022548,0.9959067347664562,0.0006965641395213082
2019-0082-IRN,2019,Low,LGBM_T2,3,Low,0.6125149552848685,0.33443337679107815,0.053051667924053365
2019-0086-USA,2019,Low,LGBM_T2,3,Low,0.7709466694245543,0.22125563159157624,0.007797698983869593
2019-0091-CHL,2019,Low,LGBM_T2,3,Low,0.8365080555980378,0.09583241066105361,0.06765953374090868
2019-0101-MWI,2019,Moderate,LGBM_T2,3,Low,0.7265374200316619,0.16488540685664824,0.1085771731116899
2019-0107-IDN,2019,Low,LGBM_T2,3,Low,0.8809516770790623,0.10618169904694093,0.012866623873996796
2019-0110-MOZ,2019,Severe,LGBM_T2,3,Low,0.7010054555592393,0.18546797992462827,0.11352656451613244
2019-0115-NGA,2019,Moderate,LGBM_T2,3,Severe,0.0865729218408157,0.15817469400197995,0.7552523841572043
2019-0125-IRN,2019,Moderate,LGBM_T2,3,Low,0.6125149552848685,0.33443337679107815,0.053051667924053365
2019-0148-NGA,2019,Moderate,LGBM_T2,3,Moderate,0.0033980169333020786,0.9864861523635673,0.01011583070313064
2019-0150-PRY,2019,Low,LGBM_T2,3,Low,0.8891127705156497,0.09084476392368995,0.020042465560660406
2019-0155-PAK,2019,Moderate,LGBM_T2,3,Moderate,0.1678466382491411,0.7409362132010728,0.09121714854978596
2019-0159-COL,2019,Moderate,LGBM_T2,3,Low,0.7484494243955171,0.18146302597450642,0.0700875496299764
2019-0162-PHL,2019,Moderate,LGBM_T2,3,Low,0.8720349226241577,0.05585044470397706,0.0721146326718652
2019-0176-ZAF,2019,Moderate,LGBM_T2,3,Low,0.910867612003448,0.08164044708686326,0.007491940909688689
2019-0177-MMR,2019,Moderate,LGBM_T2,3,Moderate,0.008641723886194863,0.8531987327777951,0.13815954333601002
2019-0178-NGA,2019,Moderate,LGBM_T2,3,Moderate,0.0033980169333020786,0.9864861523635673,0.01011583070313064
2019-0279-IDN,2019,Moderate,LGBM_T2,3,Moderate,0.044529374511927476,0.9193273948424536,0.03614323064561893
2019-0187-MWI,2019,Low,LGBM_T2,3,Moderate,0.18428989824851488,0.6169371662563625,0.19877293549512268
2019-0189-SSD,2019,Moderate,LGBM_T2,3,Low,0.6718745709631858,0.2852599891392219,0.042865439897592304
2019-0193-TZA,2019,Low,LGBM_T2,3,Moderate,0.3270651008479097,0.37407072893425986,0.2988641702178305
2019-0203-TZA,2019,Low,LGBM_T2,3,Low,0.6811123525534298,0.2878222921251212,0.031065355321448874
2019-0211-COG,2019,Severe,LGBM_T2,3,Moderate,0.1569487124518412,0.5313495432118145,0.3117017443363443
2019-0222-ROU,2019,Low,LGBM_T2,3,Low,0.9371217151558091,0.06016520897078918,0.002713075873401542
2019-0228-GHA,2019,Moderate,LGBM_T2,3,Moderate,0.3389351647720149,0.5037956415928836,0.1572691936351015
2019-0236-HUN,2019,Moderate,LGBM_T2,3,Moderate,0.003037207561681746,0.9848062259358925,0.012156566502425765
2019-0239-CHE,2019,Low,LGBM_T2,3,Low,0.9664722077002667,0.032295537873843885,0.0012322544258894417
2019-0239-FRA,2019,Low,LGBM_T2,3,Low,0.9304401636345206,0.0639883847303837,0.005571451635095592
2019-0240-MEX,2019,Moderate,LGBM_T2,3,Moderate,0.0026940589414188457,0.9944480640363479,0.002857877022233248
2019-0244-COD,2019,Moderate,LGBM_T2,3,Moderate,0.007530934403658396,0.6780191001791177,0.3144499654172238
2019-0288-IND,2019,Moderate,LGBM_T2,3,Severe,0.11128688405623136,0.15508440480041913,0.7336287111433495
2019-0296-BEL,2019,Severe,LGBM_T2,3,Severe,0.10050449151367602,0.05115723442741728,0.8483382740589067
2019-0296-DEU,2019,Low,LGBM_T2,3,Low,0.40524311760720183,0.19221665902739238,0.40254022336540585
2019-0307-USA,2019,Low,LGBM_T2,3,Low,0.7145340793010961,0.2740876131728628,0.011378307526040974
2019-0333-CHN,2019,Moderate,LGBM_T2,3,Moderate,0.17789106635200763,0.5256887700580665,0.29642016358992596
2019-0335-USA,2019,Low,LGBM_T2,3,Low,0.8077515829822665,0.18098167808094248,0.011266738936791164
2019-0338-NIC,2019,Moderate,LGBM_T2,3,Low,0.6759556129227857,0.25689830159125515,0.067146085485959
2019-0343-COD,2019,Moderate,LGBM_T2,3,Moderate,0.06579077224931378,0.6535999103398616,0.28060931741082457
2019-0351-CHN,2019,Moderate,LGBM_T2,3,Moderate,0.05586224035782838,0.6787982341062329,0.2653395255359388
2019-0352-ETH,2019,Moderate,LGBM_T2,3,Severe,0.06150189585448822,0.31693971523082715,0.6215583889146847
2019-0355-PHL,2019,Severe,LGBM_T2,3,Low,0.4087048186429658,0.29616742798027634,0.2951277533767578
2019-0357-TUR,2019,Low,LGBM_T2,3,Low,0.7901627650094399,0.1798471259913454,0.02999010899921479
2019-0366-NLD,2019,Severe,LGBM_T2,3,Severe,0.17735283362180349,0.0654502421685457,0.7571969242096508
2019-0367-CHN,2019,Moderate,LGBM_T2,3,Moderate,0.03700773159820389,0.8871470131902903,0.07584525521150583
2019-0371-LBY,2019,Severe,LGBM_T2,3,Severe,0.005839580808827314,0.3974687099984753,0.5966917091926974
2019-0382-SLE,2019,Low,LGBM_T2,3,Severe,0.19081205827489842,0.2516586082838698,0.5575293334412318
2019-0386-PAK,2019,Moderate,LGBM_T2,3,Severe,0.07927094160248731,0.43491100308545844,0.48581805531205424
2019-0426-MAR,2019,Moderate,LGBM_T2,3,Low,0.6576130177884664,0.32035423392732193,0.02203274828421168
2019-0387-CHN,2019,Moderate,LGBM_T2,3,Low,0.6027949856169834,0.33785253243829017,0.059352481944726566
2019-0387-TWN,2019,Low,LGBM_T2,3,Low,0.8604033046480772,0.06940736053242222,0.07018933481950054
2019-0400-CHN,2019,Moderate,LGBM_T2,3,Moderate,0.08425620018837454,0.7326742498901601,0.1830695499214654
2019-0415-NGA,2019,Moderate,LGBM_T2,3,Severe,0.13991676077298415,0.4033594323407943,0.4567238068862215
2019-0419-LAO,2019,Moderate,LGBM_T2,3,Low,0.7965425600194141,0.19661188926783943,0.006845550712746428
2019-0424-KOR,2019,Low,LGBM_T2,3,Low,0.8323009472473766,0.13191560596146032,0.03578344679116317
2019-0424-PRK,2019,Low,LGBM_T2,3,Severe,0.20772059250610744,0.30714497579438405,0.4851344316995085
2019-0435-NGA,2019,Moderate,LGBM_T2,3,Moderate,0.18125851719585065,0.42184580551001505,0.3968956772941342
2019-0447-USA,2019,Moderate,LGBM_T2,3,Moderate,0.04494456405528054,0.9391727584576203,0.015882677487099157
2019-0448-IND,2019,Moderate,LGBM_T2,3,Moderate,0.010411540938421997,0.8924798710981768,0.09710858796340109
2019-0461-YEM,2019,Moderate,LGBM_T2,3,Low,0.6289004830086882,0.3602095032803313,0.01089001371098055
2019-0488-GHA,2019,Moderate,LGBM_T2,3,Moderate,0.3771837336102023,0.5479812185023777,0.07483504788742
2019-0496-TZA,2019,Moderate,LGBM_T2,3,Low,0.6149457177761812,0.3424643190003238,0.042589963223495036
2019-0499-IND,2019,Moderate,LGBM_T2,3,Severe,0.06272705667318146,0.2159881797730731,0.7212847635537455
2019-0509-MAR,2019,Moderate,LGBM_T2,3,Moderate,0.004149115192047347,0.9710521897344616,0.02479869507349088
2019-0516-JPN,2019,Moderate,LGBM_T2,3,Low,0.9084176807556904,0.07747015087157699,0.014112168372732574
2019-0519-MEX,2019,Low,LGBM_T2,3,Low,0.6837696735920622,0.21284797093040894,0.10338235547752898
2019-0533-ESP,2019,Low,LGBM_T2,3,Low,0.9445502947115317,0.05090171528955616,0.004547989998912103
2019-0607-ZAF,2019,Low,LGBM_T2,3,Low,0.8818258208217666,0.10694572881870373,0.011228450359529588
2019-0534-VNM,2019,Low,LGBM_T2,3,Moderate,0.3077370299319613,0.5145894172898011,0.17767355277823765
2019-0536-PHL,2019,Moderate,LGBM_T2,3,Moderate,0.010094343940984025,0.9844659277444943,0.005439728314521645
2019-0550-BGD,2019,Moderate,LGBM_T2,3,Severe,0.21803854359071778,0.22139077204909774,0.5605706843601845
2019-0558-FRA,2019,Low,LGBM_T2,3,Low,0.9307527130481696,0.0639687786885135,0.005278508263316962
2019-0564-CHN,2019,Moderate,LGBM_T2,3,Moderate,0.048960146196482875,0.7674762786178592,0.1835635751856579
2019-0571-GIN,2019,Moderate,LGBM_T2,3,Moderate,0.007342287551333363,0.9574206077530152,0.03523710469565141
2019-0574-IND,2019,Moderate,LGBM_T2,3,Severe,0.061943784759843856,0.17672842201550512,0.761327793224651
2019-0583-CHL,2019,Moderate,LGBM_T2,3,Moderate,0.0054338415467639276,0.9916361807394366,0.0029299777137995545
2019-0593-USA,2019,Moderate,LGBM_T2,3,Moderate,0.47003310373806567,0.5215015233402865,0.008465372921647818
2019-0603-IND,2019,Moderate,LGBM_T2,3,Moderate,0.012458291059713205,0.87730754175007,0.11023416719021685
2019-0622-BGD,2019,Moderate,LGBM_T2,3,Moderate,0.030213783183683857,0.7101017028872233,0.2596845139290929
2019-0623-UGA,2019,Low,LGBM_T2,3,Moderate,0.10106658112303982,0.6718959558647738,0.2270374630121865
2019-0628-MEX,2019,Moderate,LGBM_T2,3,Moderate,0.0033012621827863946,0.9924387380339732,0.004259999783240448
2019-0633-MOZ,2019,Moderate,LGBM_T2,3,Moderate,0.3044901281836825,0.3828092663671045,0.31270060544921296
2019-0634-PHL,2019,Moderate,LGBM_T2,3,Low,0.37758288936001705,0.31206536055476214,0.3103517500852208
2019-0638-COD,2019,Moderate,LGBM_T2,3,Moderate,0.00711920556557943,0.6157696138835567,0.37711118055086396
2019-0641-IDN,2019,Moderate,LGBM_T2,3,Moderate,0.0061600563693551495,0.984835109832777,0.009004833797867845
2019-0643-RWA,2019,Moderate,LGBM_T2,3,Low,0.5232174943217236,0.4675440872999531,0.009238418378323251
2019-0653-COL,2019,Moderate,LGBM_T2,3,Low,0.6518464186182427,0.25158645591140594,0.09656712547035147
2019-0654-RWA,2019,Moderate,LGBM_T2,3,Low,0.6527394938142506,0.34120212120557225,0.006058384980177157
2019-0655-BGD,2019,Moderate,LGBM_T2,3,Severe,0.11709952842547154,0.28093179178284794,0.6019686797916806
2019-0657-IDN,2019,Low,LGBM_T2,3,Low,0.7489294156164015,0.18331775212585302,0.06775283225774552
2019-0658-ETH,2019,Moderate,LGBM_T2,3,Severe,0.04067915937468846,0.38687425038292,0.5724465902423916
2019-0663-BEN,2019,Moderate,LGBM_T2,3,Low,0.5434277197982857,0.2396767064544425,0.21689557374727172
2019-9023-PAK,2019,Moderate,LGBM_T2,3,Severe,0.19410093386569968,0.3405674813941518,0.4653315847401486
2019-0602-CHL,2019,Moderate,LGBM_T2,3,Moderate,0.009858302605855003,0.9456088491996034,0.04453284819454166
2019-0613-AFG,2019,Moderate,LGBM_T2,3,Moderate,0.05854116130505995,0.6878059691478149,0.2536528695471253
2019-0585-BDI,2019,Moderate,LGBM_T2,3,Low,0.5522916431804749,0.35512102064399126,0.09258733617553389
2019-0586-UKR,2019,Moderate,LGBM_T2,3,Moderate,0.09846200696306795,0.819809724638356,0.0817282683985761
2019-0588-MAR,2019,Moderate,LGBM_T2,3,Moderate,0.002201985092178278,0.9961014759220512,0.0016965389857704568
2019-0589-SDN,2019,Moderate,LGBM_T2,3,Moderate,0.012860908536207988,0.7235315462719115,0.2636075451918805
2019-0592-MLI,2019,Moderate,LGBM_T2,3,Moderate,0.014367683854281839,0.7053820386787276,0.28025027746699066
2019-0596-MEX,2019,Low,LGBM_T2,3,Low,0.5417039649103098,0.2497024353521053,0.2085935997375848
2019-0599-UGA,2019,Moderate,LGBM_T2,3,Moderate,0.36233589706340275,0.5728394459888074,0.06482465694778973
2019-0600-SOM,2019,Low,LGBM_T2,3,Severe,0.18737273554822045,0.09838633354431432,0.7142409309074652
2019-0601-MDG,2019,Low,LGBM_T2,3,Moderate,0.3663840045194728,0.4025872613381954,0.23102873414233183
2019-0623-COD,2019,Moderate,LGBM_T2,3,Severe,0.03540004308317799,0.31931528032146883,0.6452846765953532
2019-0626-PRT,2019,Low,LGBM_T2,3,Low,0.931245557175698,0.06555812834039863,0.0031963144839033016
2019-0629-LKA,2019,Low,LGBM_T2,3,Low,0.6286949412746534,0.12317321847384266,0.2481318402515039
2019-0637-EGY,2019,Moderate,LGBM_T2,3,Moderate,0.0020665529929866475,0.9936717490217384,0.004261697985275003
2019-0650-GBR,2019,Severe,LGBM_T2,3,Severe,0.1578751026976276,0.09939782677447122,0.7427270705279012
2019-0656-LKA,2019,Low,LGBM_T2,3,Severe,0.37775951272736896,0.15333383483686464,0.4689066524357664
2018-0109-IND,2018,Moderate,LGBM_T2,3,Moderate,0.0051619611081616616,0.9889457714856208,0.00589226740621757
2018-0428-UGA,2018,Moderate,LGBM_T2,3,Moderate,0.006291528889900968,0.9314684985984538,0.06223997251164521
2018-0363-COD,2018,Severe,LGBM_T2,3,Severe,0.02418856028898148,0.2915345252038978,0.6842769145071207
2019-0090-USA,2019,Low,LGBM_T2,3,Low,0.7709466694245543,0.22125563159157624,0.007797698983869593
2019-0296-FRA,2019,Severe,LGBM_T2,3,Severe,0.09271467494026213,0.07962014341867173,0.8276651816410661
2018-0112-BRA,2018,Low,LGBM_T2,3,Low,0.8565568618211282,0.08015335923640021,0.0632897789424715
2018-0128-ISR,2018,Moderate,LGBM_T2,3,Low,0.913579328054755,0.08307653699762871,0.0033441349476161343
2018-0129-USA,2018,Low,LGBM_T2,3,Low,0.7952889441944543,0.1983268217752597,0.0063842340302860245
2018-0274-MEX,2018,Moderate,LGBM_T2,3,Moderate,0.05667914645426255,0.8931300865895562,0.05019076695618129
2018-0096-THA,2018,Moderate,LGBM_T2,3,Moderate,0.004691403246424578,0.9932757299673316,0.002032866786243944
2018-0080-LBY,2018,Moderate,LGBM_T2,3,Severe,0.004580563169448171,0.21455047246453401,0.7808689643660178
2018-0264-NGA,2018,Moderate,LGBM_T2,3,Moderate,0.011426525389577818,0.7519190082190663,0.23665446639135587
2018-0002-FRA,2018,Low,LGBM_T2,3,Low,0.9343288192340194,0.058173669957132815,0.007497510808847701
2018-0004-PHL,2018,Low,LGBM_T2,3,Low,0.8811942017754266,0.10730310450693643,0.011502693717636871
2018-0010-USA,2018,Moderate,LGBM_T2,3,Low,0.5046399771941081,0.4658796030982664,0.02948041970762558
2018-0013-COL,2018,Moderate,LGBM_T2,3,Moderate,0.024486240923904785,0.858234179582429,0.11727957949366621
2018-0018-BGD,2018,Moderate,LGBM_T2,3,Moderate,0.23118531313169227,0.38632712400507363,0.382487562863234
2018-0019-COL,2018,Moderate,LGBM_T2,3,Moderate,0.012859272989400853,0.9380085892224449,0.049132137788154256
2018-0020-CUW,2018,Moderate,LGBM_T2,3,Moderate,0.007028019511910534,0.9819186119738166,0.011053368514272988
2018-0021-LBY,2018,Severe,LGBM_T2,3,Severe,0.00475996527572363,0.23100643163480103,0.7642336030894753
2018-0025-BEL,2018,Low,LGBM_T2,3,Low,0.9650653513667848,0.030133905366511303,0.00480074326670396
2018-0025-DEU,2018,Low,LGBM_T2,3,Low,0.9112521176055538,0.0846904996622133,0.004057382732233013
2018-0036-IND,2018,Moderate,LGBM_T2,3,Moderate,0.05981651409091982,0.6779683995726289,0.2622150863364513
2018-0104-RWA,2018,Moderate,LGBM_T2,3,Low,0.713309110382204,0.2768552336756882,0.009835655942107844
2018-0092-RUS,2018,Moderate,LGBM_T2,3,Moderate,0.0331862469832941,0.9235145124849913,0.04329924053171476
2019-0096-CHN,2019,Low,LGBM_T2,3,Low,0.9227291189497436,0.058099246191842854,0.01917163485841356
2018-0045-USA,2018,Moderate,LGBM_T2,3,Low,0.5075641242430178,0.4843951831014014,0.008040692655580876
2018-0049-NPL,2018,Moderate,LGBM_T2,3,Moderate,0.07400538908848747,0.6482672254453372,0.2777273854661754
2018-0051-PHL,2018,Moderate,LGBM_T2,3,Low,0.8266699171932514,0.1611673524546392,0.012162730352109382
2018-0054-PER,2018,Moderate,LGBM_T2,3,Moderate,0.003146161195420956,0.9935375712419137,0.0033162675626653136
2018-0056-IDN,2018,Moderate,LGBM_T2,3,Moderate,0.08243146230428965,0.8346056686517221,0.08296286904398817
2018-0062-BOL,2018,Low,LGBM_T2,3,Moderate,0.39296707622859917,0.5783412095762742,0.028691714195126627
2018-0079-AZE,2018,Moderate,LGBM_T2,3,Moderate,0.06067284676725818,0.9306343283418518,0.00869282489089019
2018-0131-COL,2018,Moderate,LGBM_T2,3,Low,0.7669577104833609,0.17001935472922225,0.06302293478741681
2018-0132-KEN,2018,Moderate,LGBM_T2,3,Low,0.6492488447712672,0.2962099934086438,0.05454116182008891
2018-0135-RWA,2018,Moderate,LGBM_T2,3,Low,0.743476227727392,0.25047652274228427,0.006047249530323734
2018-0149-IND,2018,Moderate,LGBM_T2,3,Moderate,0.4191296234215429,0.5399973415175877,0.04087303506086935
2018-0151-PAK,2018,Moderate,LGBM_T2,3,Moderate,0.048473460852871325,0.8893284545343181,0.06219808461281063
2018-0152-PAK,2018,Moderate,LGBM_T2,3,Moderate,0.020649238181262537,0.825988203959667,0.15336255785907044
2018-0158-BGD,2018,Moderate,LGBM_T2,3,Low,0.4404988669258267,0.16330481558250584,0.39619631749166756
2018-0162-DZA,2018,Low,LGBM_T2,3,Moderate,0.17615919155946566,0.6472832799894812,0.17655752845105302
2018-0174-RUS,2018,Moderate,LGBM_T2,3,Moderate,0.005494446519539154,0.8500381457877644,0.14446740769269648
2018-0185-CIV,2018,Moderate,LGBM_T2,3,Low,0.6540481700403368,0.3279225824226012,0.01802924753706211
2018-0187-KEN,2018,Moderate,LGBM_T2,3,Low,0.43539583725310715,0.4007414740782238,0.16386268866866896
2018-0192-IRN,2018,Moderate,LGBM_T2,3,Moderate,0.0027325567340083365,0.9949053875588953,0.002362055707096336
2018-0201-CHN,2018,Moderate,LGBM_T2,3,Low,0.6988132738893519,0.24969770290239718,0.05148902320825095
2018-0201-VNM,2018,Low,LGBM_T2,3,Low,0.6749948460728512,0.2386088613420494,0.08639629258509934
2018-0209-IND,2018,Moderate,LGBM_T2,3,Moderate,0.3109362960845986,0.6644125428462901,0.024651161069111333
2018-0210-CHN,2018,Moderate,LGBM_T2,3,Moderate,0.3023042377228989,0.5472546378862243,0.15044112439087676
2018-0214-IND,2018,Moderate,LGBM_T2,3,Moderate,0.3109362960845986,0.6644125428462901,0.024651161069111333
2018-0223-GRC,2018,Severe,LGBM_T2,3,Low,0.927151841655489,0.06871113668339549,0.004137021661115531
2018-0228-MEX,2018,Moderate,LGBM_T2,3,Moderate,0.002387070795434877,0.9944304232058128,0.003182505998752365
2018-0235-ESP,2018,Low,LGBM_T2,3,Severe,0.17690407446069414,0.2539841176439537,0.5691118078953522
2018-0235-NLD,2018,Severe,LGBM_T2,3,Severe,0.17862318019895465,0.057166529462053334,0.764210290338992
2018-0236-CYP,2018,Moderate,LGBM_T2,3,Moderate,0.016383357992105985,0.9755056872619005,0.008110954745993564
2018-0237-COG,2018,Moderate,LGBM_T2,3,Moderate,0.003672903880940282,0.8956207585925277,0.10070633752653205
2018-0272-TUR,2018,Moderate,LGBM_T2,3,Moderate,0.1341791892648636,0.819707427295871,0.04611338343926537
2018-0273-THA,2018,Moderate,LGBM_T2,3,Moderate,0.007427330357026472,0.9596319497279476,0.03294071991502598
2018-0252-CHN,2018,Moderate,LGBM_T2,3,Moderate,0.1786948671828046,0.5321067876355461,0.28919834518164933
2018-0255-MMR,2018,Moderate,LGBM_T2,3,Low,0.6128473333816755,0.1996665364095243,0.18748613020880023
2018-0258-USA,2018,Moderate,LGBM_T2,3,Low,0.8831867629200107,0.113663591723157,0.0031496453568323414
2018-0260-ITA,2018,Moderate,LGBM_T2,3,Moderate,0.010375202947793656,0.9844721593900398,0.005152637662166359
2018-0300-SDN,2018,Moderate,LGBM_T2,3,Moderate,0.007173718450408689,0.6600694432772856,0.3327568382723058
2018-0357-TZA,2018,Severe,LGBM_T2,3,Moderate,0.008144103863487863,0.7023804792957006,0.28947541684081163
2018-0305-VNM,2018,Moderate,LGBM_T2,3,Low,0.570875282577636,0.3287608273218613,0.10036389010050278
2018-0307-COD,2018,Moderate,LGBM_T2,3,Moderate,0.004350212784839279,0.9469873113913063,0.04866247582385442
2018-0325-AFG,2018,Moderate,LGBM_T2,3,Moderate,0.007306099304711569,0.7990210200299506,0.1936728806653379
2018-0327-AGO,2018,Moderate,LGBM_T2,3,Moderate,0.12096821033620166,0.6945374651489762,0.18449432451482212
2018-0328-ETH,2018,Moderate,LGBM_T2,3,Moderate,0.09919817592432865,0.588089029904242,0.31271279417142933
2018-0337-MLI,2018,Moderate,LGBM_T2,3,Moderate,0.0040979596868118565,0.991223395635148,0.004678644678040174
2018-0340-IRN,2018,Moderate,LGBM_T2,3,Moderate,0.002731544402049134,0.9948018378553379,0.0024666177426129173
2018-0341-PHL,2018,Moderate,LGBM_T2,3,Low,0.7050078411245037,0.2153599746038946,0.07963218427160174
2018-0342-USA,2018,Moderate,LGBM_T2,3,Low,0.7732200431657807,0.21529014010022743,0.011489816733991794
2018-0350-AFG,2018,Moderate,LGBM_T2,3,Moderate,0.1004705135226406,0.7308751687936168,0.16865431768374262
2018-0356-MAR,2018,Moderate,LGBM_T2,3,Moderate,0.0036134561688600663,0.9699742894980438,0.026412254333096206
2018-0367-MEX,2018,Moderate,LGBM_T2,3,Low,0.6848843126681249,0.26198125754810486,0.053134429783770226
2018-0369-CHN,2018,Moderate,LGBM_T2,3,Moderate,0.14093970383030455,0.6502418012355322,0.20881849493416324
2018-0373-USA,2018,Moderate,LGBM_T2,3,Low,0.5860518282086868,0.3838431915588614,0.030104980232451756
2018-0374-SLV,2018,Low,LGBM_T2,3,Low,0.7792489344891174,0.16313905830438005,0.05761200720650255
2018-0380-COD,2018,Moderate,LGBM_T2,3,Moderate,0.006308392964267127,0.5769057025782758,0.41678590445745717
2018-0384-LKA,2018,Moderate,LGBM_T2,3,Low,0.6920060146306041,0.09183677249934159,0.2161572128700543
2018-0387-SDN,2018,Moderate,LGBM_T2,3,Severe,0.028233440209734544,0.16893590207067954,0.8028306577195858
2018-0393-COD,2018,Moderate,LGBM_T2,3,Moderate,0.005500195877394437,0.7354045394229494,0.25909526469965616
2018-0396-COL,2018,Moderate,LGBM_T2,3,Low,0.7052305472215389,0.2396321905408403,0.055137262237620735
2018-0400-CHN,2018,Moderate,LGBM_T2,3,Moderate,0.011402000572755921,0.9552449410490057,0.0333530583782384
2018-0406-MEX,2018,Low,LGBM_T2,3,Low,0.6723511368324022,0.23853942456968555,0.08910943859791214
2018-0407-RUS,2018,Low,LGBM_T2,3,Low,0.6274496072750362,0.28947225759875117,0.08307813512621252
2018-0425-IDN,2018,Moderate,LGBM_T2,3,Low,0.7255821772833069,0.19383411898636418,0.08058370373032893
2018-0437-CAF,2018,Low,LGBM_T2,3,Severe,0.3512626171580482,0.2478375720770927,0.40089981076485914
2018-0452-IND,2018,Low,LGBM_T2,3,Moderate,0.11544822263655491,0.581325935393553,0.3032258419698921
2018-0473-IND,2018,Low,LGBM_T2,3,Severe,0.18588923497192464,0.3445502459034708,0.4695605191246045
2018-0489-PHL,2018,Severe,LGBM_T2,3,Low,0.43239145127409323,0.28498322624130673,0.2826253224846001
2019-0001-CHE,2019,Low,LGBM_T2,3,Low,0.9314661577358422,0.06548427377205675,0.0030495684921009766
2019-0002-IRN,2019,Moderate,LGBM_T2,3,Moderate,0.012324967709833524,0.7125055270517165,0.27516950523844996
2019-0003-CHN,2019,Moderate,LGBM_T2,3,Moderate,0.01440743316584245,0.9445863623292161,0.04100620450494151
2019-0005-LBN,2019,Low,LGBM_T2,3,Low,0.8494011157376063,0.14816206147665256,0.0024368227857409865
2019-0009-THA,2019,Low,LGBM_T2,3,Low,0.7826235139123436,0.19056530296998717,0.02681118311766908
2019-0014-RUS,2019,Moderate,LGBM_T2,3,Moderate,0.005332914204065344,0.9287229506896505,0.06594413510628425
2019-0016-GHA,2019,Moderate,LGBM_T2,3,Moderate,0.032782273778666916,0.7915777145058898,0.17564001171544316
2019-0017-PAK,2019,Moderate,LGBM_T2,3,Moderate,0.005639910366039633,0.9892166432874477,0.005143446346512692
2019-0020-MDG,2019,Low,LGBM_T2,3,Low,0.48941311015608663,0.34254101941530934,0.16804587042860408
2019-0023-CHL,2019,Low,LGBM_T2,3,Low,0.9063450471316009,0.04996113480484584,0.04369381806355324
2019-0027-PER,2019,Moderate,LGBM_T2,3,Moderate,0.1775429341352627,0.6335588835085891,0.18889818235614828
2019-0033-SAU,2019,Moderate,LGBM_T2,3,Low,0.4062806203889384,0.26296257813621127,0.3307568014748503
2019-0083-IDN,2019,Moderate,LGBM_T2,3,Moderate,0.008663654177329672,0.972044920230108,0.019291425592562188
2019-0045-USA,2019,Moderate,LGBM_T2,3,Low,0.8134195109981404,0.18153661704631668,0.00504387195554293
2019-0046-USA,2019,Moderate,LGBM_T2,3,Low,0.5219683949656276,0.4696726818504816,0.008358923183890752
2019-0048-ZMB,2019,Low,LGBM_T2,3,Low,0.8373943528993933,0.1370820270253643,0.02552362007524248
2019-0053-TUR,2019,Moderate,LGBM_T2,3,Moderate,0.11265276486417157,0.8724463050399086,0.014900930095919718
2019-0054-GIN,2019,Moderate,LGBM_T2,3,Moderate,0.009303192588326232,0.9328624473208109,0.05783436009086295
2019-0064-BGD,2019,Low,LGBM_T2,3,Moderate,0.3810475321504847,0.4823461077482796,0.13660636010123559
2019-0065-ZWE,2019,Moderate,LGBM_T2,3,Moderate,0.17509351342594598,0.6650233261222752,0.15988316045177872
2019-0067-ZMB,2019,Moderate,LGBM_T2,3,Moderate,0.049359421294543196,0.8716319649687024,0.07900861373675434
2019-0070-AGO,2019,Moderate,LGBM_T2,3,Low,0.7282935274169676,0.19829880668015706,0.0734076659028753
2019-0082-PAK,2019,Moderate,LGBM_T2,3,Moderate,0.26098165308657495,0.5269771916515436,0.21204115526188147
2019-0099-MOZ,2019,Moderate,LGBM_T2,3,Low,0.6673328683171782,0.252195659171809,0.08047147251101285
2019-0102-ETH,2019,Severe,LGBM_T2,3,Moderate,0.007034193832076653,0.6935064131719083,0.299459392996015
2019-0109-IDN,2019,Low,LGBM_T2,3,Low,0.9394752635739536,0.04816816670751967,0.01235656971852653
2019-0110-MDG,2019,Low,LGBM_T2,3,Low,0.4284432247063977,0.2321976277288904,0.33935914756471197
2019-0117-IDN,2019,Low,LGBM_T2,3,Moderate,0.07357092599854631,0.8528589984408864,0.07357007556056736
2019-0122-YEM,2019,Severe,LGBM_T2,3,Moderate,0.18813006738325644,0.7870180484036348,0.024851884213108907
2019-0126-CHN,2019,Moderate,LGBM_T2,3,Moderate,0.016819192900937103,0.9741238317577128,0.009056975341350072
2019-0134-CHN,2019,Moderate,LGBM_T2,3,Low,0.6970082362167996,0.27963832350352086,0.02335344027967958
2019-0137-SYR,2019,Low,LGBM_T2,3,Low,0.8784612542648516,0.11897206507584647,0.002566680659301934
2019-0141-IRQ,2019,Moderate,LGBM_T2,3,Low,0.7903602845439175,0.19720586553522473,0.012433849920857862
2019-0146-BRA,2019,Moderate,LGBM_T2,3,Low,0.8465076231846855,0.09697860179260974,0.05651377502270477
2019-0156-CHN,2019,Moderate,LGBM_T2,3,Moderate,0.04796825538835157,0.8426965951256186,0.10933514948602986
2019-0160-USA,2019,Low,LGBM_T2,3,Low,0.8755441856004456,0.09853475789032808,0.025921056509226516
2019-0164-BGD,2019,Moderate,LGBM_T2,3,Low,0.40553808866895896,0.39946248701771087,0.19499942431333006
2019-0165-MOZ,2019,Moderate,LGBM_T2,3,Low,0.3836039547968308,0.27310824573017217,0.34328779947299704
2019-0166-RUS,2019,Moderate,LGBM_T2,3,Moderate,0.0056019860192007,0.9150292155970964,0.07936879838370295
2019-0179-UGA,2019,Moderate,LGBM_T2,3,Moderate,0.46727796549448086,0.4833748510382967,0.04934718346722238
2019-0182-ZAF,2019,Moderate,LGBM_T2,3,Low,0.9170090306073119,0.07552304796029315,0.007467921432395011
2019-0190-MEX,2019,Moderate,LGBM_T2,3,Moderate,0.007079620991941049,0.9153581620870944,0.0775622169209646
2019-0194-HRV,2019,Low,LGBM_T2,3,Low,0.9654887417911182,0.03335072610858769,0.0011605321002940458
2019-0209-CHN,2019,Severe,LGBM_T2,3,Moderate,0.18401234288035698,0.5546645312754831,0.26132312584416
2019-0218-IND,2019,Severe,LGBM_T2,3,Severe,0.06824481180669832,0.2504581943430766,0.6812969938502251
2019-0219-MNG,2019,Moderate,LGBM_T2,3,Low,0.7472366935148899,0.2348566122920377,0.01790669419307242
2019-0224-LBY,2019,Low,LGBM_T2,3,Low,0.537383149587758,0.14491628622920574,0.3177005641830361
2019-0227-UGA,2019,Moderate,LGBM_T2,3,Moderate,0.12230960315474212,0.7083823960934902,0.16930800075176772
2019-0233-SLV,2019,Low,LGBM_T2,3,Low,0.527967121422656,0.07775359367349179,0.39427928490385233
2019-0381-CHN,2019,Moderate,LGBM_T2,3,Low,0.5453147126596107,0.38463432584481116,0.07005096149557823
2019-0243-PER,2019,Low,LGBM_T2,3,Severe,0.26938039639975536,0.0686791847958867,0.6619404188043579
2019-0250-USA,2019,Low,LGBM_T2,3,Low,0.8785675186589508,0.09515545454518139,0.02627702679586776
2019-0252-OMN,2019,Low,LGBM_T2,3,Low,0.9446410177873961,0.05317339483239014,0.0021855873802137955
2019-0252-SAU,2019,Low,LGBM_T2,3,Low,0.4948080650774493,0.25534316057591067,0.24984877434664005
2019-0259-CHN,2019,Moderate,LGBM_T2,3,Low,0.9099204324263503,0.06459186103627734,0.02548770653737228
2019-0260-SEN,2019,Moderate,LGBM_T2,3,Moderate,0.005147294160828192,0.992651136843894,0.002201568995277854
2019-0265-VNM,2019,Low,LGBM_T2,3,Low,0.7675524857265638,0.2145184045626293,0.01792910971080691
2019-0274-TUR,2019,Moderate,LGBM_T2,3,Low,0.7349658635535794,0.21796391807626558,0.047070218370155036
2019-0276-KHM,2019,Moderate,LGBM_T2,3,Moderate,0.006958451120448552,0.7457332369495455,0.2473083119300058
2019-0463-JPN,2019,Severe,LGBM_T2,3,Low,0.4239385792687597,0.20657843365395606,0.3694829870772842
2019-0281-IDN,2019,Low,LGBM_T2,3,Low,0.8312882654283678,0.14012259986228545,0.028589134709346913
2019-0283-ECU,2019,Low,LGBM_T2,3,Moderate,0.22379173383880915,0.7394111021006154,0.03679716406057546
2019-0294-RUS,2019,Moderate,LGBM_T2,3,Low,0.4771946521506388,0.17691426173644584,0.34589108611291547
2019-0296-ESP,2019,Low,LGBM_T2,3,Severe,0.0949734218127735,0.2010527799408868,0.7039737982463398
2019-0311-IND,2019,Moderate,LGBM_T2,3,Moderate,0.2096825409912051,0.7533013892716535,0.03701606973714147
2019-0315-GRC,2019,Low,LGBM_T2,3,Low,0.9499217005305253,0.040101624407933814,0.009976675061540902
2019-0320-NER,2019,Moderate,LGBM_T2,3,Moderate,0.004717827751275247,0.936683969590062,0.05859820265866298
2019-0324-RUS,2019,Moderate,LGBM_T2,3,Moderate,0.003588418899566836,0.9916073450723688,0.004804236028064334
2019-0327-IND,2019,Moderate,LGBM_T2,3,Moderate,0.0035855635703584284,0.9904042968096244,0.006010139620017164
2019-0332-NPL,2019,Severe,LGBM_T2,3,Severe,0.05432894145095986,0.22489962153737778,0.7207714370116625
2019-0467-JPN,2019,Moderate,LGBM_T2,3,Low,0.6023531837022841,0.22221696415884828,0.17542985213886766
2019-0337-BGD,2019,Severe,LGBM_T2,3,Severe,0.16103999068405994,0.1778026488821878,0.6611573604337523
2019-0338-HND,2019,Severe,LGBM_T2,3,Low,0.7048446970000687,0.18808534249456818,0.1070699605053631
2019-0353-TUR,2019,Moderate,LGBM_T2,3,Moderate,0.004972716862381949,0.9909375121287576,0.0040897710088603195
2019-0360-GTM,2019,Moderate,LGBM_T2,3,Low,0.5739753746261606,0.22332263418273207,0.20270199119110746
2019-0366-BEL,2019,Severe,LGBM_T2,3,Severe,0.10368246261051285,0.055113544220387715,0.8412039931690993
2019-0368-BRA,2019,Moderate,LGBM_T2,3,Low,0.8437965483213982,0.09555269914729374,0.060650752531308236
2019-0376-EGY,2019,Moderate,LGBM_T2,3,Moderate,0.002191881207172596,0.994328983799506,0.0034791349933212777
2019-0383-IND,2019,Moderate,LGBM_T2,3,Severe,0.047210912466456485,0.13661052941421023,0.8161785581193334
2019-0385-MMR,2019,Severe,LGBM_T2,3,Low,0.6506128186870833,0.2203867503028701,0.12900043101004657
2019-0401-TZA,2019,Severe,LGBM_T2,3,Moderate,0.002977690936347817,0.991853904303726,0.0051684047599262675
2019-0409-JPN,2019,Low,LGBM_T2,3,Low,0.9130394055722202,0.06789329571352333,0.019067298714256435
2019-0412-USA,2019,Moderate,LGBM_T2,3,Low,0.8213844009151948,0.160340813172307,0.018274785912498075
2019-0413-ESP,2019,Low,LGBM_T2,3,Low,0.9373610505292903,0.05556283036547281,0.007076119105236909
2019-0417-USA,2019,Low,LGBM_T2,3,Low,0.8505318271298614,0.1377888960921241,0.011679276778014502
2019-0418-MEX,2019,Low,LGBM_T2,3,Low,0.8024070069002667,0.12690035805722216,0.07069263504251105
2019-0520-CHN,2019,Low,LGBM_T2,3,Low,0.9012240625533319,0.0792846131786661,0.019491324268001993
2019-0446-MLI,2019,Moderate,LGBM_T2,3,Moderate,0.011802537547809615,0.9665431245780007,0.02165433787418954
2019-0452-LKA,2019,Low,LGBM_T2,3,Low,0.5409677669927306,0.21363588263537653,0.2453963503718929
2019-0453-TCD,2019,Moderate,LGBM_T2,3,Moderate,0.06560888998635626,0.7253849319557681,0.2090061780578757
2019-0454-NGA,2019,Moderate,LGBM_T2,3,Severe,0.0865729218408157,0.15817469400197995,0.7552523841572043
2019-0455-COL,2019,Severe,LGBM_T2,3,Moderate,0.12264904378897226,0.4783145605286268,0.39903639568240085
2019-0456-DOM,2019,Moderate,LGBM_T2,3,Severe,0.41817937591022153,0.11976906713998038,0.46205155694979816
2019-0457-CHN,2019,Moderate,LGBM_T2,3,Moderate,0.030723886265971487,0.8813758456639741,0.08790026807005438
2019-0460-PAK,2019,Moderate,LGBM_T2,3,Low,0.6760821223214,0.1463296035061298,0.17758827417247014
2019-0470-PAK,2019,Moderate,LGBM_T2,3,Severe,0.04278582669292463,0.37725632895799166,0.5799578443490836
2019-0472-KOR,2019,Moderate,LGBM_T2,3,Low,0.8590399410658556,0.10316658910166879,0.03779346983247552
2019-0485-ITA,2019,Low,LGBM_T2,3,Low,0.8997798554027436,0.09281267599102117,0.0074074686062352065
2019-0521-JPN,2019,Low,LGBM_T2,3,Low,0.8850253775187372,0.10283340508168576,0.012141217399577131
2019-0487-RUS,2019,Moderate,LGBM_T2,3,Low,0.634055378526281,0.2827735345948265,0.08317108687889263
2019-0494-ETH,2019,Moderate,LGBM_T2,3,Moderate,0.07394987905504116,0.6059438576045632,0.32010626334039577
2019-0499-LKA,2019,Low,LGBM_T2,3,Severe,0.4079580244201099,0.14091634509374132,0.45112563048614884
2019-0500-KEN,2019,Moderate,LGBM_T2,3,Severe,0.20687793246828376,0.268589808368383,0.5245322591633332
2019-0548-ZAF,2019,Low,LGBM_T2,3,Low,0.8201191382942526,0.17460678162016335,0.005274080085583969
2019-0500-SOM,2019,Moderate,LGBM_T2,3,Low,0.41731564080351424,0.2314144361484198,0.3512699230480659
2019-0515-TZA,2019,Moderate,LGBM_T2,3,Low,0.6111196395073784,0.3464462032030763,0.04243415728954529
2019-0526-SEN,2019,Low,LGBM_T2,3,Low,0.8649468252580319,0.11902501355642664,0.01602816118554144
2019-0529-PHL,2019,Moderate,LGBM_T2,3,Low,0.7322974899281761,0.06343641463959472,0.20426609543222907
2019-0545-AUS,2019,Moderate,LGBM_T2,3,Low,0.6749234272293524,0.12338574256973488,0.2016908302009127
2019-0550-IND,2019,Moderate,LGBM_T2,3,Severe,0.11028218211156743,0.2988606929770231,0.5908571249114095
2019-0558-ITA,2019,Low,LGBM_T2,3,Low,0.8978884378824443,0.0944901556020591,0.0076214065154966495
2019-0560-COD,2019,Moderate,LGBM_T2,3,Moderate,0.006829441434518683,0.7977618692295854,0.19540868933589595
2019-0563-MAR,2019,Moderate,LGBM_T2,3,Moderate,0.0045809351567725086,0.9680485140404648,0.027370550802762846
2019-0566-IRN,2019,Moderate,LGBM_T2,3,Moderate,0.0029001853509840526,0.9945817390274052,0.0025180756216108295
2019-0567-SVK,2019,Moderate,LGBM_T2,3,Moderate,0.007029088503724587,0.9882028359425982,0.00476807555367711
2019-0576-FRA,2019,Low,LGBM_T2,3,Low,0.9403336536051917,0.05436051244594614,0.005305833948861991
2019-0579-DJI,2019,Moderate,LGBM_T2,3,Low,0.9012282526011386,0.07387284696843072,0.024898900430430606
2020-0074-MAR,2020,Moderate,LGBM_T2,4,Moderate,0.00495969237034591,0.9648699197517897,0.03017038787786425
2020-0343-VNM,2020,Moderate,LGBM_T2,4,Moderate,0.007951775502936456,0.9879650016831909,0.004083222813872839
2020-0345-TUR,2020,Moderate,LGBM_T2,4,Moderate,0.007527455596248142,0.9635244135466312,0.028948130857120544
2020-0282-CHN,2020,Low,LGBM_T2,4,Severe,0.17218757167620372,0.2889668918383684,0.5388455364854279
2020-0393-GEO,2020,Moderate,LGBM_T2,4,Moderate,0.0032174205739583447,0.9955657786308028,0.0012168007952388998
2021-0221-NGA,2021,Moderate,LGBM_T2,4,Moderate,0.003867549784436809,0.9868917992723915,0.009240650943171645
2020-0311-AFG,2020,Moderate,LGBM_T2,4,Moderate,0.26414229301146874,0.629846843836414,0.10601086315211733
2020-0312-PRI,2020,Low,LGBM_T2,4,Low,0.9636913688079992,0.03326600350008596,0.003042627691914917
2020-0322-CHN,2020,Severe,LGBM_T2,4,Severe,0.2491603112684223,0.26972216803902466,0.48111752069255304
2020-0335-IND,2020,Moderate,LGBM_T2,4,Moderate,0.00947105804931729,0.8285572663314059,0.16197167561927672
2020-0462-VNM,2020,Low,LGBM_T2,4,Low,0.7533936129725793,0.17825078040809758,0.06835560661932308
2020-0468-SEN,2020,Severe,LGBM_T2,4,Moderate,0.016662249785404634,0.9115425523953079,0.07179519781928753
2020-0336-NER,2020,Moderate,LGBM_T2,4,Moderate,0.4186980208933927,0.5621985059957438,0.01910347311086352
2020-0337-MRT,2020,Moderate,LGBM_T2,4,Moderate,0.002860244794796654,0.990210781252066,0.006928973953137523
2020-0342-MLI,2020,Moderate,LGBM_T2,4,Moderate,0.0059310920504452086,0.9876509759608859,0.00641793198866887
2020-0344-COL,2020,Moderate,LGBM_T2,4,Moderate,0.028291973668017285,0.8214350470349128,0.15027297929707
2020-0353-MEX,2020,Low,LGBM_T2,4,Low,0.71208171823884,0.2214756080584747,0.06644267370268517
2020-0376-DOM,2020,Low,LGBM_T2,4,Low,0.9341542164312966,0.032671999695544775,0.033173783873158405
2020-0377-AFG,2020,Severe,LGBM_T2,4,Moderate,0.2464888750594774,0.6480387702919711,0.10547235464855143
2020-0384-THA,2020,Low,LGBM_T2,4,Low,0.7433708566672903,0.1926469672526913,0.06398217608001835
2020-0385-UGA,2020,Low,LGBM_T2,4,Low,0.6324266007166108,0.3320862645430201,0.03548713474036917
2020-0388-UGA,2020,Low,LGBM_T2,4,Low,0.6876775222905123,0.28720219563427435,0.0251202820752134
2020-0395-LBY,2020,Moderate,LGBM_T2,4,Severe,0.03145421355582464,0.4369076586545965,0.5316381277895789
2020-0397-SEN,2020,Moderate,LGBM_T2,4,Low,0.8815034339364343,0.10560249409224012,0.01289407197132563
2020-0411-LAO,2020,Low,LGBM_T2,4,Moderate,0.439523573866259,0.458608940020852,0.10186748611288896
2020-0418-FRA,2020,Moderate,LGBM_T2,4,Low,0.917342636542287,0.07549600001186896,0.007161363445844106
2020-0418-ITA,2020,Low,LGBM_T2,4,Low,0.9314047985997874,0.060788533949147704,0.007806667451065069
2020-0474-MEX,2020,Moderate,LGBM_T2,4,Low,0.7859086958788308,0.1675707426611356,0.046520561460033576
2020-0458-TZA,2020,Moderate,LGBM_T2,4,Low,0.539484416920339,0.39188295582134675,0.0686326272583143
2020-0461-LKA,2020,Low,LGBM_T2,4,Low,0.7024587917199774,0.15462323891867313,0.1429179693613494
2021-0253-LKA,2021,Low,LGBM_T2,4,Severe,0.4054521321112254,0.1825792235229354,0.41196864436583924
2020-0474-NIC,2020,Low,LGBM_T2,4,Low,0.5925131717142675,0.2155042274035439,0.19198260088218858
2020-0474-USA,2020,Moderate,LGBM_T2,4,Low,0.8880354101802707,0.10180069694023913,0.010163892879490207
2020-0483-USA,2020,Low,LGBM_T2,4,Low,0.7900927687384087,0.19935185260173982,0.010555378659851424
2020-0489-ZAF,2020,Moderate,LGBM_T2,4,Low,0.883334566473577,0.11012071138679207,0.006544722139630922
2020-0495-COL,2020,Moderate,LGBM_T2,4,Low,0.49804554645159654,0.3929339120541045,0.10902054149429896
2020-0495-GTM,2020,Low,LGBM_T2,4,Low,0.6957398501958298,0.083482860592643,0.22077728921152706
2020-0497-COD,2020,Moderate,LGBM_T2,4,Severe,0.035925017004516654,0.14527327655599184,0.8188017064394916
2020-0501-PHL,2020,Severe,LGBM_T2,4,Moderate,0.38412041679902675,0.4047775975246661,0.21110198567630714
2020-0511-BRA,2020,Moderate,LGBM_T2,4,Moderate,0.007906216703024627,0.9831832194049926,0.008910563891982881
2020-0529-THA,2020,Moderate,LGBM_T2,4,Low,0.6490807107159319,0.29212167545590256,0.05879761382816555
2021-0369-CAN,2021,Severe,LGBM_T2,4,Low,0.5981882794602019,0.1502349728850106,0.2515767476547876
2020-0530-BEL,2020,Severe,LGBM_T2,4,Severe,0.058801492598313146,0.028281711493343905,0.912916795908343
2020-0530-FRA,2020,Severe,LGBM_T2,4,Severe,0.08447781511904341,0.05796080460630891,0.8575613802746478
2020-0530-GBR,2020,Severe,LGBM_T2,4,Severe,0.4080999643862648,0.07257811965863185,0.5193219159551034
2020-0531-COD,2020,Moderate,LGBM_T2,4,Moderate,0.13477763083532232,0.5912330823571543,0.27398928680752327
2020-0532-IDN,2020,Low,LGBM_T2,4,Low,0.8053373947288691,0.125389594910653,0.06927301036047785
2021-0200-IDN,2021,Low,LGBM_T2,4,Low,0.8477406004164827,0.10928459074998198,0.04297480883353528
2020-0535-IRN,2020,Low,LGBM_T2,4,Low,0.6673136046915383,0.296641991485554,0.036044403822907696
2020-0538-USA,2020,Moderate,LGBM_T2,4,Low,0.9372105239725531,0.059073501195564614,0.0037159748318822653
2020-0542-VNM,2020,Low,LGBM_T2,4,Low,0.7406230507726334,0.180274271924216,0.07910267730315064
2020-0544-IDN,2020,Low,LGBM_T2,4,Low,0.7515637340098745,0.1400791510594578,0.10835711493066755
2020-0549-VEN,2020,Moderate,LGBM_T2,4,Moderate,0.004587505306912574,0.9785772937845775,0.016835200908509772
2020-0554-FJI,2020,Low,LGBM_T2,4,Low,0.9208576190561005,0.07276251824576574,0.006379862698133758
2020-0568-PHL,2020,Moderate,LGBM_T2,4,Moderate,0.3377259024680844,0.3419277972941922,0.3203463002377234
2020-0572-HRV,2020,Low,LGBM_T2,4,Low,0.9006722999638225,0.08300532008424052,0.016322379951936975
2020-0578-TUN,2020,Moderate,LGBM_T2,4,Moderate,0.008773289415293541,0.7825720161428532,0.2086546944418531
2020-0608-IRN,2020,Moderate,LGBM_T2,4,Moderate,0.07489847497596576,0.8818124065281718,0.0432891184958625
2021-0001-BOL,2021,Low,LGBM_T2,4,Low,0.5087250040068134,0.4836406195555452,0.007634376437641504
2021-0130-IDN,2021,Moderate,LGBM_T2,4,Moderate,0.006312656925876563,0.9844259856305189,0.009261357443604566
2021-0003-IDN,2021,Severe,LGBM_T2,4,Low,0.7545335096969764,0.12138857964249944,0.12407791066052418
2021-0005-IDN,2021,Moderate,LGBM_T2,4,Low,0.8616763173924853,0.11163590663538314,0.02668777597213171
2021-0022-PHL,2021,Low,LGBM_T2,4,Low,0.7223249794313189,0.2006325198792404,0.07704250068944062
2021-0031-COG,2021,Moderate,LGBM_T2,4,Moderate,0.00579406968828778,0.7735982088849715,0.22060772142674073
2021-0043-USA,2021,Low,LGBM_T2,4,Low,0.8165602696728118,0.1774135714105101,0.006026158916677962
2021-0052-CMR,2021,Moderate,LGBM_T2,4,Moderate,0.003792551314472118,0.9877275906373326,0.008479858048195281
2021-0055-UKR,2021,Moderate,LGBM_T2,4,Moderate,0.1309776371821641,0.775814403303771,0.09320795951406494
2021-0072-IND,2021,Severe,LGBM_T2,4,Moderate,0.0902557628240743,0.798131728484882,0.11161250869104361
2021-0075-ZAF,2021,Moderate,LGBM_T2,4,Low,0.6622562968227832,0.32799845339765477,0.009745249779561857
2021-0135-TUR,2021,Moderate,LGBM_T2,4,Moderate,0.0086851124212325,0.8958738589525403,0.0954410286262271
2021-0086-IDN,2021,Moderate,LGBM_T2,4,Moderate,0.17777784396502377,0.6928063142706713,0.1294158417643049
2021-0095-IRN,2021,Low,LGBM_T2,4,Low,0.9410991738871952,0.04304420166904986,0.01585662444375488
2021-0096-USA,2021,Severe,LGBM_T2,4,Moderate,0.4465618613100482,0.5417209116335316,0.011717227056419978
2021-0115-IND,2021,Moderate,LGBM_T2,4,Moderate,0.01759643145301388,0.9215892203587563,0.06081434818822978
2021-0173-TLS,2021,Moderate,LGBM_T2,4,Low,0.8338072020812471,0.15992247339793722,0.006270324520815482
2021-0178-USA,2021,Low,LGBM_T2,4,Low,0.8344930040637397,0.12907598762488684,0.03643100831137343
2021-0193-USA,2021,Low,LGBM_T2,4,Low,0.8368037411192991,0.15446854953321493,0.008727709347485863
2021-0227-KEN,2021,Low,LGBM_T2,4,Moderate,0.25370641947162365,0.7030084319512746,0.04328514857710178
2021-0234-IND,2021,Moderate,LGBM_T2,4,Moderate,0.08634389002513272,0.7708974990252321,0.14275861094963513
2021-0246-BGD,2021,Moderate,LGBM_T2,4,Moderate,0.01110891319277392,0.8380966872998196,0.15079439950740664
2021-0267-IDN,2021,Moderate,LGBM_T2,4,Moderate,0.16907314593496015,0.7386031918736041,0.09232366219143581
2021-0273-USA,2021,Low,LGBM_T2,4,Low,0.8796846185295192,0.11515777203884196,0.0051576094316387365
2021-0284-COD,2021,Moderate,LGBM_T2,4,Moderate,0.1321356246052349,0.6272137814956443,0.24065059389912075
2021-0293-CHN,2021,Low,LGBM_T2,4,Low,0.7658704055645705,0.10988564700545966,0.12424394742996978
2021-0306-PER,2021,Moderate,LGBM_T2,4,Moderate,0.0034183900994009917,0.9922558855870218,0.004325724313577123
2021-0308-BTN,2021,Moderate,LGBM_T2,4,Low,0.60975766949731,0.35598400401943675,0.03425832648325308
2021-0311-MMR,2021,Moderate,LGBM_T2,4,Severe,0.010068396853941867,0.2702436553740137,0.7196879477720444
2021-0312-PAK,2021,Moderate,LGBM_T2,4,Moderate,0.12324043862107704,0.7627013827409606,0.11405817863796239
2021-0313-IND,2021,Moderate,LGBM_T2,4,Moderate,0.0167292894071041,0.9405355685699462,0.04273514202294976
2021-0320-UKR,2021,Low,LGBM_T2,4,Low,0.9289844502678185,0.06080247474901653,0.01021307498316502
2021-0371-PHL,2021,Moderate,LGBM_T2,4,Severe,0.02860940575039474,0.42823625673783366,0.5431543375117716
2021-0325-MEX,2021,Low,LGBM_T2,4,Low,0.8229266390842205,0.1288019870878328,0.04827137382794685
2021-0334-AUS,2021,Low,LGBM_T2,4,Low,0.9540287121741416,0.03600302600129547,0.009968261824562856
2021-0349-ROU,2021,Low,LGBM_T2,4,Low,0.9402550350703142,0.057793127342776834,0.0019518375869090623
2021-0356-CAN,2021,Low,LGBM_T2,4,Low,0.9715030450142901,0.02505466122774519,0.003442293757964691
2021-0373-DOM,2021,Low,LGBM_T2,4,Low,0.9288680031743467,0.03458013974868475,0.036551857076968494
2021-0374-TUN,2021,Moderate,LGBM_T2,4,Moderate,0.0118237322068424,0.5764408301519862,0.41173543764117126
2021-0382-TCD,2021,Moderate,LGBM_T2,4,Moderate,0.42953385986438763,0.4620977046768791,0.10836843545873319
2021-0402-DZA,2021,Moderate,LGBM_T2,4,Moderate,0.005693794497040199,0.9868796690551843,0.007426536447775357
2021-0407-BOL,2021,Moderate,LGBM_T2,4,Moderate,0.003817826396307943,0.9945896375670435,0.0015925360366485172
2021-0423-OMN,2021,Low,LGBM_T2,4,Low,0.8889403573996449,0.10958038395554334,0.0014792586448117361
2021-0411-BEL,2021,Moderate,LGBM_T2,4,Low,0.9629605818119594,0.02621721480509692,0.010822203382943677
2021-0417-IDN,2021,Moderate,LGBM_T2,4,Moderate,0.016445680611317296,0.7803076305184483,0.20324668887023428
2021-0419-IND,2021,Moderate,LGBM_T2,4,Moderate,0.08902765200963282,0.6620336395814134,0.24893870840895374
2021-0429-PAK,2021,Moderate,LGBM_T2,4,Moderate,0.11302575040507692,0.8178238612372872,0.06915038835763598
2021-0430-IRN,2021,Moderate,LGBM_T2,4,Low,0.7155923443026028,0.2670086503044533,0.017399005392943853
2021-0431-MLI,2021,Moderate,LGBM_T2,4,Moderate,0.012509204743004716,0.9410605536265245,0.046430241630470825
2021-0437-HRV,2021,Moderate,LGBM_T2,4,Moderate,0.004355580385255602,0.9940553486779476,0.001589070936796857
2021-0442-USA,2021,Low,LGBM_T2,4,Low,0.8556673631711063,0.13428873565393576,0.010043901174957988
2021-0445-PAN,2021,Low,LGBM_T2,4,Low,0.9572568469874971,0.039807809084800805,0.0029353439277021126
2021-0448-LBY,2021,Moderate,LGBM_T2,4,Severe,0.03435306821235826,0.3135545039658373,0.6520924278218045
2021-0461-NER,2021,Moderate,LGBM_T2,4,Moderate,0.45875531710156264,0.5239193722422663,0.017325310656171145
2021-0500-IND,2021,Moderate,LGBM_T2,4,Moderate,0.08881198082904866,0.6674607719865902,0.24372724718436117
2021-0501-TUR,2021,Moderate,LGBM_T2,4,Low,0.8091111597968199,0.17235422409429021,0.018534616108889863
2021-0514-NGA,2021,Moderate,LGBM_T2,4,Moderate,0.0045630311810945755,0.9795926108597494,0.0158443579591562
2021-0517-BGD,2021,Moderate,LGBM_T2,4,Moderate,0.010180956382115268,0.8263635631433507,0.16345548047453393
2021-0518-GIN,2021,Low,LGBM_T2,4,Severe,0.14921113315911194,0.23558271487002055,0.6152061519708676
2021-0524-MYS,2021,Low,LGBM_T2,4,Low,0.9236733834412317,0.06855521867256474,0.007771397886203596
2021-0532-USA,2021,Low,LGBM_T2,4,Low,0.8373365606876649,0.15162979309092184,0.01103364622141323
2021-0536-NGA,2021,Severe,LGBM_T2,4,Severe,0.16517968017625198,0.39250060311657636,0.4423197167071716
2021-0552-MEX,2021,Low,LGBM_T2,4,Low,0.8846581881362677,0.09202102061081106,0.02332079125292118
2021-0561-ESP,2021,Low,LGBM_T2,4,Low,0.9591490897553155,0.036704100797956905,0.004146809446727727
2021-0591-MYS,2021,Low,LGBM_T2,4,Low,0.9154681842511012,0.07698460486422053,0.007547210884678398
2021-0595-VNM,2021,Low,LGBM_T2,4,Low,0.6405769800981261,0.2894294749851849,0.069993544916689
2021-0599-COD,2021,Severe,LGBM_T2,4,Severe,0.03661134313995248,0.2212503622591753,0.7421382946008722
2021-0602-MEX,2021,Low,LGBM_T2,4,Low,0.6217821468254734,0.13956313979419405,0.2386547133803326
2021-0617-NER,2021,Severe,LGBM_T2,4,Moderate,0.33496410951431427,0.5657451590578843,0.09929073142780151
2021-0622-CHN,2021,Moderate,LGBM_T2,4,Moderate,0.009651292281925225,0.9354075408474036,0.054941166870671056
2021-0627-GRC,2021,Low,LGBM_T2,4,Low,0.9054088429279027,0.054139493301906004,0.040451663770191326
2021-0630-IND,2021,Moderate,LGBM_T2,4,Moderate,0.31847785042591187,0.5341684426279715,0.1473537069461166
2021-0637-UGA,2021,Low,LGBM_T2,4,Low,0.6038723828782235,0.363283727471412,0.03284388965036445
2021-0645-IRN,2021,Low,LGBM_T2,4,Low,0.7153576701425358,0.26403054847088,0.020611781386584163
2021-0664-PHL,2021,Low,LGBM_T2,4,Low,0.689292510303909,0.2364227114242497,0.07428477827184125
2021-0669-CHN,2021,Moderate,LGBM_T2,4,Moderate,0.4378043999835381,0.50843944027723,0.05375615973923186
2021-0677-IND,2021,Moderate,LGBM_T2,4,Moderate,0.09635848971579225,0.5806364435743097,0.3230050667098981
2021-0678-ESP,2021,Moderate,LGBM_T2,4,Moderate,0.03492542326442319,0.9465099535109631,0.018564623224613813
2021-0684-EGY,2021,Moderate,LGBM_T2,4,Moderate,0.003046469008114075,0.9919412986312581,0.005012232360627783
2021-0687-GBR,2021,Low,LGBM_T2,4,Low,0.9772128699392689,0.020208855528353196,0.0025782745323778378
2021-0687-POL,2021,Low,LGBM_T2,4,Low,0.9150251299223549,0.0764116658792559,0.008563204198389282
2021-0712-PER,2021,Low,LGBM_T2,4,Low,0.634382626181984,0.3092043953257292,0.05641297849228675
2021-0713-PAK,2021,Moderate,LGBM_T2,4,Moderate,0.003430405110241137,0.9901210447142476,0.006448550175511469
2021-0719-IDN,2021,Low,LGBM_T2,4,Low,0.48101281332388285,0.2607037688894785,0.2582834177866386
2021-0720-IDN,2021,Low,LGBM_T2,4,Low,0.891225112400249,0.07684169221886344,0.03193319538088753
2021-0722-LKA,2021,Moderate,LGBM_T2,4,Low,0.7418764391731196,0.17111119735345523,0.08701236347342514
2021-0726-IND,2021,Moderate,LGBM_T2,4,Moderate,0.25644203882720945,0.62422076345264,0.11933719772015051
2021-0731-NER,2021,Moderate,LGBM_T2,4,Moderate,0.008351255665577085,0.9704237257148186,0.02122501861960444
2021-0733-USA,2021,Low,LGBM_T2,4,Low,0.7386628350559654,0.2524438301151858,0.008893334828848666
2021-0747-BOL,2021,Low,LGBM_T2,4,Low,0.5801237728575185,0.411838033031095,0.008038194111386439
2021-0777-IND,2021,Low,LGBM_T2,4,Low,0.43577805136007564,0.43150297023819495,0.13271897840172941
2021-0780-NGA,2021,Moderate,LGBM_T2,4,Moderate,0.008864871497949891,0.8982620567217663,0.09287307178028384
2021-0790-BRA,2021,Moderate,LGBM_T2,4,Low,0.8113938084061519,0.16095623233683948,0.02764995925700852
2021-0799-MEX,2021,Moderate,LGBM_T2,4,Moderate,0.003690258703809131,0.9911841302649665,0.005125611031224256
2021-0809-MWI,2021,Moderate,LGBM_T2,4,Low,0.7581902070213614,0.18699545796978997,0.05481433500884865
2021-0822-MDG,2021,Moderate,LGBM_T2,4,Moderate,0.008047173831182738,0.9188592955527798,0.07309353061603754
2021-0832-USA,2021,Low,LGBM_T2,4,Low,0.8796424142342826,0.11527353081885038,0.0050840549468671265
2021-0841-IRN,2021,Moderate,LGBM_T2,4,Moderate,0.0034189320587785614,0.9925249642616868,0.004056103679534586
2021-0845-STP,2021,Low,LGBM_T2,4,Low,0.8405152119463202,0.15181939537711472,0.007665392676565066
2021-0849-IRQ,2021,Moderate,LGBM_T2,4,Moderate,0.16031684195556342,0.7351965356053787,0.1044866224390579
2020-0134-IDN,2020,Low,LGBM_T2,4,Low,0.43419461811444876,0.24256606055169241,0.3232393213338587
2020-0132-SLB,2020,Moderate,LGBM_T2,4,Low,0.6516898775936081,0.32363368696040135,0.0246764354459906
2020-0131-TLS,2020,Low,LGBM_T2,4,Low,0.889571795913155,0.10731607482654,0.0031121292603049394
2020-0119-CHN,2020,Moderate,LGBM_T2,4,Low,0.4760456378677208,0.46617068760589864,0.057783674526380426
2020-0118-IRN,2020,Moderate,LGBM_T2,4,Low,0.6312240787787462,0.3313497865706346,0.03742613465061922
2020-0108-YEM,2020,Low,LGBM_T2,4,Low,0.6600374743382006,0.30044917447338254,0.039513351188416736
2020-0157-UZB,2020,Low,LGBM_T2,4,Low,0.8814756140575165,0.1130470466671772,0.005477339275306251
2020-0164-KEN,2020,Severe,LGBM_T2,4,Moderate,0.2750198241873455,0.533522193220924,0.19145798259173055
2020-0101-NGA,2020,Moderate,LGBM_T2,4,Moderate,0.025921566188466652,0.7991675608132819,0.17491087299825153
2020-0097-SYR,2020,Moderate,LGBM_T2,4,Moderate,0.0033985069722110507,0.9952505028570309,0.0013509901707579276
2020-0096-GHA,2020,Moderate,LGBM_T2,4,Moderate,0.0029787155719429173,0.9855529036326584,0.011468380795398712
2020-0086-IDN,2020,Low,LGBM_T2,4,Low,0.4210642407072488,0.21765182031842284,0.3612839389743283
2020-0082-USA,2020,Moderate,LGBM_T2,4,Low,0.8754753447962844,0.10038369523760135,0.024140959966114338
2020-0175-COD,2020,Moderate,LGBM_T2,4,Moderate,0.19116014883130095,0.5803015606337305,0.22853829053496855
2020-0185-IDN,2020,Low,LGBM_T2,4,Low,0.8591957447892794,0.10155053842280456,0.0392537167879161
2020-0081-PAK,2020,Moderate,LGBM_T2,4,Moderate,0.10281336553780307,0.8236807823528659,0.0735058521093309
2020-0188-RWA,2020,Moderate,LGBM_T2,4,Moderate,0.424704017242354,0.5687696567574003,0.006526326000245582
2020-0065-SLV,2020,Moderate,LGBM_T2,4,Moderate,0.006634762127333532,0.9831024796466278,0.010262758226038598
2020-0058-BOL,2020,Low,LGBM_T2,4,Low,0.502753880108204,0.49053275664781076,0.006713363243985277
2020-0053-AUS,2020,Low,LGBM_T2,4,Low,0.9402371982335888,0.05182255179559263,0.007940249970818608
2020-0206-IND,2020,Low,LGBM_T2,4,Moderate,0.146154814681232,0.5219854870326606,0.33185969828610745
2020-0213-UGA,2020,Moderate,LGBM_T2,4,Moderate,0.47632104773686934,0.49678985674512166,0.026889095518008905
2020-0218-HND,2020,Low,LGBM_T2,4,Low,0.8626904196899273,0.07363766790378092,0.06367191240629175
2020-0051-GBR,2020,Low,LGBM_T2,4,Low,0.9793628988782239,0.017984397108641224,0.0026527040131347768
2020-0219-USA,2020,Low,LGBM_T2,4,Low,0.9021219468795214,0.08495001407287772,0.01292803904760094
2020-0051-CHE,2020,Low,LGBM_T2,4,Low,0.9806704420181349,0.017841096466398813,0.0014884615154662994
2020-0222-ETH,2020,Moderate,LGBM_T2,4,Moderate,0.13541696733502104,0.6889219465005822,0.1756610861643967
2020-0042-KEN,2020,Moderate,LGBM_T2,4,Moderate,0.1623253485920887,0.6715287685438827,0.16614588286402857
2020-0234-MOZ,2020,Moderate,LGBM_T2,4,Moderate,0.017617776276696005,0.7960399401306348,0.18634228359266916
2020-0041-RWA,2020,Moderate,LGBM_T2,4,Moderate,0.29083490677738083,0.7014046832448486,0.0077604099777706
2020-0039-NGA,2020,Moderate,LGBM_T2,4,Severe,0.060888979865924515,0.29710372017548553,0.64200729995859
2020-0240-ETH,2020,Moderate,LGBM_T2,4,Moderate,0.13091423227458213,0.6925098413414656,0.17657592638395225
2020-0036-IDN,2020,Low,LGBM_T2,4,Low,0.8727665217560814,0.10032160856950025,0.026911869674418398
2020-0028-DZA,2020,Moderate,LGBM_T2,4,Moderate,0.005565641869903628,0.9876466144933325,0.006787743636763915
2020-0027-ETH,2020,Moderate,LGBM_T2,4,Moderate,0.08487524713657084,0.8186693124471547,0.09645544041627462
2020-0025-COD,2020,Moderate,LGBM_T2,4,Moderate,0.008813198357461536,0.7927900418491495,0.198396759793389
2020-0250-IDN,2020,Low,LGBM_T2,4,Low,0.5079179575439785,0.17856549062168173,0.31351655183433974
2020-0257-NGA,2020,Low,LGBM_T2,4,Moderate,0.15106850979841277,0.45400964699260343,0.3949218432089837
2020-0259-CIV,2020,Moderate,LGBM_T2,4,Moderate,0.3921562921404205,0.5834075979359924,0.024436109923587114
2020-0011-USA,2020,Moderate,LGBM_T2,4,Low,0.846693603634372,0.1480931555777242,0.005213240787903939
2021-0291-GNB,2021,Moderate,LGBM_T2,4,Moderate,0.0037722000580160484,0.9865034649895027,0.009724334952481229
2021-0755-PER,2021,Moderate,LGBM_T2,4,Moderate,0.003146909534268625,0.9924345518713802,0.00441853859435124
2020-0444-BGD,2020,Moderate,LGBM_T2,4,Moderate,0.38495269150060235,0.5075732882571662,0.10747402024223135
2021-0120-BFA,2021,Moderate,LGBM_T2,4,Moderate,0.008525358414472283,0.945280165246591,0.04619447633893675
2021-0179-BGD,2021,Severe,LGBM_T2,4,Low,0.4891426892532223,0.4213416560674259,0.08951565467935164
2021-0104-IDN,2021,Low,LGBM_T2,4,Low,0.8448543022798275,0.12516544832808804,0.029980249392084372
2021-0294-RUS,2021,Moderate,LGBM_T2,4,Low,0.5628277975756146,0.418497858375581,0.018674344048804446
2021-0174-BGD,2021,Moderate,LGBM_T2,4,Moderate,0.011844178614549962,0.8204154706760483,0.1677403507094016
2020-0067-HTI,2020,Moderate,LGBM_T2,4,Moderate,0.17149883498358043,0.7392060373148938,0.08929512770152581
2020-0176-NGA,2020,Moderate,LGBM_T2,4,Moderate,0.20745806721771717,0.6787122536468984,0.11382967913538451
2020-0178-LBR,2020,Moderate,LGBM_T2,4,Moderate,0.008984203325074087,0.9566490111632504,0.034366785511675386
2020-0181-COD,2020,Moderate,LGBM_T2,4,Moderate,0.006142518355851919,0.8807630881979863,0.11309439344616176
2020-0035-PER,2020,Moderate,LGBM_T2,4,Moderate,0.003052294810851708,0.992850977222565,0.004096727966583213
2020-0003-SDN,2020,Moderate,LGBM_T2,4,Moderate,0.008625966367733127,0.7196903200928135,0.2716837135394533
2020-0007-PRI,2020,Low,LGBM_T2,4,Low,0.8541424031763849,0.1099101913729806,0.03594740545063457
2020-0013-GRC,2020,Moderate,LGBM_T2,4,Moderate,0.013420859295395748,0.7367279175870636,0.24985122311754063
2020-0015-FJI,2020,Low,LGBM_T2,4,Low,0.8510789504224544,0.14048285364393612,0.008438195933609489
2020-0016-MDG,2020,Moderate,LGBM_T2,4,Low,0.4080152490230768,0.3660986096641877,0.2258861413127356
2020-0029-GHA,2020,Moderate,LGBM_T2,4,Moderate,0.0028908157920268115,0.9839101027022146,0.013199081505758646
2020-0189-IND,2020,Moderate,LGBM_T2,4,Moderate,0.09983708682811597,0.7969822492185806,0.10318066395330325
2021-0358-USA,2021,Moderate,LGBM_T2,4,Moderate,0.3049213298125862,0.6863863576934154,0.00869231249399853
2020-0037-TZA,2020,Moderate,LGBM_T2,4,Low,0.7620569657534061,0.19529012853998556,0.04265290570660834
2020-0038-IND,2020,Moderate,LGBM_T2,4,Moderate,0.004071424226842981,0.9911210757270265,0.004807500046130559
2020-0040-TZA,2020,Moderate,LGBM_T2,4,Moderate,0.22365047077727732,0.5873096178570261,0.1890399113656967
2020-0046-MWI,2020,Low,LGBM_T2,4,Low,0.8666941883571434,0.06458040074069132,0.06872541090216536
2020-0063-AFG,2020,Moderate,LGBM_T2,4,Moderate,0.19913797600226507,0.5353481022220783,0.26551392177565675
2020-0070-PER,2020,Moderate,LGBM_T2,4,Moderate,0.09869769366113658,0.7586035807241875,0.142698725614676
2020-0077-BRA,2020,Low,LGBM_T2,4,Low,0.7845463385002713,0.1776998223883271,0.03775383911140151
2020-0080-PRY,2020,Moderate,LGBM_T2,4,Severe,0.3813256599675761,0.23262580848979242,0.3860485315426316
2020-0092-ARG,2020,Low,LGBM_T2,4,Low,0.9467451387918161,0.047554191736507156,0.005700669471676893
2020-0094-PER,2020,Moderate,LGBM_T2,4,Low,0.6462044747649197,0.2956729156914256,0.058122609543654724
2020-0095-PAK,2020,Moderate,LGBM_T2,4,Moderate,0.07164491354517324,0.7578868244916018,0.170468261963225
2020-0098-RWA,2020,Low,LGBM_T2,4,Moderate,0.3487558694401571,0.6399841683858477,0.011259962173995119
2020-0100-CHN,2020,Moderate,LGBM_T2,4,Moderate,0.0696268020595159,0.9021057488800368,0.028267449060447297
2020-0102-EGY,2020,Moderate,LGBM_T2,4,Moderate,0.38575227241256205,0.5210031573316197,0.0932445702558183
2020-0260-CHN,2020,Low,LGBM_T2,4,Moderate,0.04802194711452959,0.8622785658137258,0.08969948707174459
2020-0106-HRV,2020,Low,LGBM_T2,4,Low,0.9203389383789601,0.06936903549675376,0.010292026124286062
2020-0133-PAK,2020,Moderate,LGBM_T2,4,Moderate,0.08340856117325343,0.821018664758511,0.09557277406823557
2020-0148-USA,2020,Moderate,LGBM_T2,4,Low,0.8946933294674929,0.0854944841702684,0.01981218636223864
2020-0149-COD,2020,Moderate,LGBM_T2,4,Moderate,0.006142518355851919,0.8807630881979863,0.11309439344616176
2020-0150-DJI,2020,Low,LGBM_T2,4,Low,0.9031234434945562,0.08440703042529783,0.012469526080145947
2020-0419-COD,2020,Moderate,LGBM_T2,4,Moderate,0.12136284196053343,0.7541139095964009,0.1245232484430658
2020-0171-RWA,2020,Low,LGBM_T2,4,Moderate,0.2650404294316051,0.7282435453211976,0.006716025247197265
2020-0183-GTM,2020,Low,LGBM_T2,4,Low,0.8156853081535095,0.12087479527936129,0.06343989656712919
2020-0233-COD,2020,Moderate,LGBM_T2,4,Moderate,0.007218257042790635,0.8657308534741706,0.12705088948303883
2020-0241-CHN,2020,Moderate,LGBM_T2,4,Low,0.7417079004447947,0.22041185041728442,0.037880249137920895
2020-0245-IDN,2020,Low,LGBM_T2,4,Low,0.5068049382974875,0.19063250658129838,0.3025625551212141
2020-0249-PAK,2020,Low,LGBM_T2,4,Moderate,0.08002366531599613,0.6984509722887059,0.221525362395298
2020-0251-TUR,2020,Low,LGBM_T2,4,Low,0.8551746512891285,0.0760269920458872,0.06879835666498431
2020-0255-CHN,2020,Moderate,LGBM_T2,4,Moderate,0.03230645773346425,0.8077119949519465,0.15998154731458927
2020-0270-BRA,2020,Moderate,LGBM_T2,4,Low,0.8908437763119667,0.09248790464185004,0.016668319046183173
2020-0276-CHN,2020,Moderate,LGBM_T2,4,Severe,0.17218757167620372,0.2889668918383684,0.5388455364854279
2020-0286-ROU,2020,Low,LGBM_T2,4,Low,0.9416223367629502,0.05650806295361999,0.0018696002834298828
2020-0308-KOR,2020,Moderate,LGBM_T2,4,Low,0.7337412917635686,0.1690800271674973,0.09717868106893406
2020-0308-TWN,2020,Low,LGBM_T2,4,Low,0.8447349177645268,0.08324718321040783,0.07201789902506532
2020-0411-THA,2020,Low,LGBM_T2,4,Low,0.8229516015415075,0.15938678782509605,0.01766161063339642
2020-0320-SOM,2020,Low,LGBM_T2,4,Low,0.8130320321341927,0.13947147202119511,0.047496495844612095
2020-0328-VNM,2020,Low,LGBM_T2,4,Low,0.501210297877425,0.47485380900035723,0.023935893122217774
2020-0338-MAR,2020,Moderate,LGBM_T2,4,Moderate,0.0025819685872057745,0.9951192469664678,0.002298784446326353
2020-0346-COL,2020,Moderate,LGBM_T2,4,Moderate,0.05352440007073206,0.83063962265972,0.11583597726954797
2020-0357-PAK,2020,Severe,LGBM_T2,4,Moderate,0.05412882673307866,0.7867122396916414,0.15915893357528005
2020-0391-NGA,2020,Moderate,LGBM_T2,4,Moderate,0.004728772424524557,0.9788067903881503,0.0164644371873252
2020-0399-BFA,2020,Moderate,LGBM_T2,4,Low,0.8856866226522823,0.09080801512428889,0.02350536222342869
2020-0515-LBY,2020,Moderate,LGBM_T2,4,Moderate,0.02607334524127773,0.5398941421667653,0.4340325125919569
2020-0425-CHN,2020,Low,LGBM_T2,4,Low,0.7545930186317964,0.23150360081386048,0.013903380554343198
2020-0425-VNM,2020,Low,LGBM_T2,4,Low,0.7370755403842838,0.19599357307521004,0.06693088654050615
2020-0426-TGO,2020,Moderate,LGBM_T2,4,Low,0.7043054018932454,0.2782375526881389,0.017457045418615657
2020-0429-IDN,2020,Moderate,LGBM_T2,4,Moderate,0.15951097820575028,0.7150215982460896,0.12546742354816032
2020-0430-CHN,2020,Moderate,LGBM_T2,4,Moderate,0.21265008240631572,0.7650210278733639,0.022328889720320346
2020-0431-UKR,2020,Moderate,LGBM_T2,4,Moderate,0.02063610179621748,0.7074688598263157,0.2718950383774668
2020-0433-MYT,2020,Moderate,LGBM_T2,4,Moderate,0.006198001923000908,0.988525905151895,0.005276092925104215
2020-0440-TUN,2020,Low,LGBM_T2,4,Low,0.8105221984947993,0.17087323250532813,0.018604568999872576
2020-0441-USA,2020,Moderate,LGBM_T2,4,Low,0.865838657737508,0.12911679969118242,0.005044542571309594
2020-0452-PHL,2020,Low,LGBM_T2,4,Low,0.6498366029750083,0.28723743982149796,0.06292595720349363
2020-0454-SVK,2020,Low,LGBM_T2,4,Low,0.975414618202278,0.01909632819664817,0.00548905360107374
2020-0459-FRA,2020,Low,LGBM_T2,4,Low,0.8866973970469328,0.10205736045252539,0.011245242500541697
2020-0463-PHL,2020,Moderate,LGBM_T2,4,Low,0.44420365568353576,0.24803197203119734,0.307764372285267
2020-0464-SLV,2020,Moderate,LGBM_T2,4,Moderate,0.31098056108579863,0.6002935462615563,0.08872589265264519
2020-0496-CHN,2020,Moderate,LGBM_T2,4,Moderate,0.25577434228840057,0.595836034990066,0.14838962272153347
2020-0498-VEN,2020,Low,LGBM_T2,4,Low,0.8861280100949707,0.10790764561007374,0.0059643442949556605
2021-0401-TUR,2021,Moderate,LGBM_T2,4,Moderate,0.006422347853943265,0.9875332438381396,0.006044408307917056
2020-0474-GTM,2020,Severe,LGBM_T2,4,Low,0.6805648032314039,0.08354962019661663,0.23588557657197942
2020-0474-HND,2020,Severe,LGBM_T2,4,Low,0.8828791853450311,0.06927406832056726,0.04784674633440164
2020-0478-VCT,2020,Low,LGBM_T2,4,Low,0.6510504718647933,0.318349873265562,0.030599654869644805
2020-0486-IDN,2020,Moderate,LGBM_T2,4,Low,0.8285252000548231,0.13525938776078839,0.03621541218438865
2020-0487-SOM,2020,Low,LGBM_T2,4,Low,0.6027167526782464,0.1317833273495651,0.26549991997218847
2020-0495-SLV,2020,Low,LGBM_T2,4,Low,0.7008574488841515,0.1585611682511063,0.1405813828647423
2021-0113-IND,2021,Moderate,LGBM_T2,4,Moderate,0.004160314494496049,0.9913725563086406,0.00446712919686325
2020-0506-MEX,2020,Moderate,LGBM_T2,4,Low,0.7592151930217264,0.20296295296673425,0.03782185401153949
2020-0533-ITA,2020,Low,LGBM_T2,4,Low,0.8930728237851564,0.09706532171316827,0.009861854501675276
2020-0534-CHN,2020,Moderate,LGBM_T2,4,Moderate,0.01844120336261505,0.9505597174269231,0.03099907921046188
2020-0553-RUS,2020,Moderate,LGBM_T2,4,Moderate,0.04782551047664851,0.878300338770259,0.07387415075309245
2020-0566-TUR,2020,Moderate,LGBM_T2,4,Moderate,0.11378910990934551,0.8317176199242055,0.05449327016644911
2020-0570-DZA,2020,Moderate,LGBM_T2,4,Moderate,0.00400842236388353,0.9891028328360802,0.00688874480003623
2020-0571-PNG,2020,Moderate,LGBM_T2,4,Moderate,0.13276070741740556,0.7789336730432102,0.08830561953938419
2020-0573-RUS,2020,Moderate,LGBM_T2,4,Moderate,0.004206110662688312,0.9283230877696091,0.06747080156770245
2020-0577-UGA,2020,Moderate,LGBM_T2,4,Moderate,0.010805064626748663,0.9280197162410682,0.06117521913218317
2020-0596-YEM,2020,Severe,LGBM_T2,4,Low,0.5947823598180932,0.36908583893356856,0.03613180124833805
2020-0597-TUR,2020,Moderate,LGBM_T2,4,Low,0.8124860975439452,0.1676082385117516,0.01990566394430327
2021-0023-IDN,2021,Low,LGBM_T2,4,Low,0.8093437510212963,0.15271564210463276,0.03794060687407102
2021-0027-BOL,2021,Moderate,LGBM_T2,4,Low,0.6581692759096992,0.3340548120588778,0.0077759120314229635
2021-0029-IND,2021,Moderate,LGBM_T2,4,Moderate,0.00428001941872068,0.9910127230170259,0.004707257564253311
2021-0030-ECU,2021,Moderate,LGBM_T2,4,Moderate,0.007917803098238743,0.9882925929391889,0.003789603962572293
2021-0036-ZAF,2021,Low,LGBM_T2,4,Low,0.820526621429148,0.16340457894745536,0.016068799623396676
2021-0037-USA,2021,Low,LGBM_T2,4,Low,0.807039308575012,0.16005272127070053,0.03290797015428752
2021-0039-SYR,2021,Low,LGBM_T2,4,Low,0.8133986448752215,0.18123417431174726,0.005367180813031104
2021-0050-COL,2021,Moderate,LGBM_T2,4,Moderate,0.01735922955077924,0.8193713859882857,0.16326938446093509
2021-0059-USA,2021,Low,LGBM_T2,4,Moderate,0.3609871474837073,0.6281329580814432,0.010879894434849451
2021-0062-IDN,2021,Low,LGBM_T2,4,Low,0.8448543022798275,0.12516544832808804,0.029980249392084372
2021-0079-PHL,2021,Low,LGBM_T2,4,Low,0.8160854480524544,0.15690522002502652,0.027009331922518934
2021-0109-BOL,2021,Low,LGBM_T2,4,Moderate,0.48554821175058027,0.5073739759523436,0.0070778122970761095
2021-0111-EGY,2021,Moderate,LGBM_T2,4,Moderate,0.009319928821705561,0.5991186379593736,0.39156143321892084
2021-0122-MEX,2021,Moderate,LGBM_T2,4,Low,0.5390140528626168,0.4178588386723422,0.04312710846504104
2021-0129-ARG,2021,Moderate,LGBM_T2,4,Low,0.8893273966829934,0.10334308256538333,0.007329520751623172
2021-0131-TUN,2021,Moderate,LGBM_T2,4,Moderate,0.010250289847253909,0.5886131455032421,0.40113656464950403
2021-0132-DZA,2021,Moderate,LGBM_T2,4,Low,0.6445705428648231,0.31561369815591117,0.03981575897926583
2021-0136-SSD,2021,Moderate,LGBM_T2,4,Moderate,0.010294244541944771,0.7879128983696588,0.20179285708839642
2021-0158-MNG,2021,Moderate,LGBM_T2,4,Low,0.6712348332134657,0.3056532298315231,0.02311193695501123
2021-0173-AUS,2021,Low,LGBM_T2,4,Low,0.9402480389582603,0.04359760052398721,0.016154360517752556
2021-0173-IDN,2021,Severe,LGBM_T2,4,Low,0.7765477543923963,0.19096043356034048,0.03249181204726324
2021-0184-HTI,2021,Low,LGBM_T2,4,Low,0.67969171365519,0.2759889652450583,0.044319321099751695
2021-0202-BRA,2021,Low,LGBM_T2,4,Low,0.6063935850215685,0.3186043772967155,0.07500203768171608
2021-0205-PAK,2021,Low,LGBM_T2,4,Moderate,0.08644408965809335,0.8139209868734223,0.09963492346848435
2021-0217-VNM,2021,Low,LGBM_T2,4,Moderate,0.45034140242780096,0.5232934580356928,0.02636513953650609
2021-0223-EGY,2021,Moderate,LGBM_T2,4,Moderate,0.06883674242979687,0.8014589604307015,0.12970429713950168
2021-0596-PAK,2021,Moderate,LGBM_T2,4,Moderate,0.05592705455613741,0.8091044515302819,0.13496849391358062
2021-0236-PHL,2021,Low,LGBM_T2,4,Low,0.7538229637694436,0.17777614623967164,0.06840088999088483
2021-0243-GIN,2021,Moderate,LGBM_T2,4,Moderate,0.009836483724238017,0.9543861475722735,0.0357773687034885
2021-0247-IND,2021,Moderate,LGBM_T2,4,Moderate,0.17679453416192392,0.698040646840315,0.125164818997761
2021-0248-CHN,2021,Moderate,LGBM_T2,4,Low,0.6518754902682062,0.32399200901899944,0.02413250071279431
2021-0252-IND,2021,Severe,LGBM_T2,4,Moderate,0.146759403125071,0.5814484936597492,0.27179210321517994
2021-0272-TJK,2021,Low,LGBM_T2,4,Low,0.8740748563920302,0.1215315677162229,0.004393575891746829
2021-0800-HTI,2021,Moderate,LGBM_T2,4,Moderate,0.0032979233086780873,0.9857417159781897,0.01096036071313232
2021-0295-IND,2021,Moderate,LGBM_T2,4,Moderate,0.26649721390019415,0.5102613605103248,0.22324142558948104
2021-0297-USA,2021,Moderate,LGBM_T2,4,Moderate,0.04606926186137939,0.9370653885082119,0.01686534963040864
2021-0305-USA,2021,Moderate,LGBM_T2,4,Low,0.8329261600392773,0.16015069892015027,0.006923141040572389
2021-0317-NZL,2021,Low,LGBM_T2,4,Low,0.9312760155505975,0.05074983565532183,0.01797414879408062
2021-0318-FRA,2021,Low,LGBM_T2,4,Low,0.9177915054692787,0.07026883969824521,0.011939654832476006
2021-0327-VNM,2021,Low,LGBM_T2,4,Low,0.8131532605380153,0.12430187694964755,0.06254486251233715
2021-0332-BRA,2021,Low,LGBM_T2,4,Low,0.7299172446164002,0.20681762539604415,0.0632651299875558
2021-0343-ETH,2021,Moderate,LGBM_T2,4,Moderate,0.22934663340709976,0.49110173213963637,0.2795516344532639
2021-0359-MEX,2021,Low,LGBM_T2,4,Low,0.9062327510794642,0.07260179376292523,0.021165455157610653
2021-0372-JPN,2021,Moderate,LGBM_T2,4,Moderate,0.3026953619119117,0.5931241599670837,0.10418047812100452
2021-0373-USA,2021,Low,LGBM_T2,4,Low,0.8956292706470159,0.09072242777165113,0.013648301581333032
2021-0383-THA,2021,Low,LGBM_T2,4,Moderate,0.07097641320239982,0.9063082010935439,0.022715385704056186
2021-0397-RUS,2021,Low,LGBM_T2,4,Low,0.795989578256335,0.15428350567961038,0.04972691606405474
2021-0412-PAK,2021,Moderate,LGBM_T2,4,Moderate,0.004180875547480354,0.9878841408595052,0.0079349835930144
2021-0418-CIV,2021,Moderate,LGBM_T2,4,Moderate,0.0054916786776455515,0.9887061224313146,0.005802198891039685
2021-0422-PAK,2021,Moderate,LGBM_T2,4,Moderate,0.004180398176605662,0.9877713446016255,0.008048257221768856
2021-0433-USA,2021,Low,LGBM_T2,4,Low,0.8570116222500939,0.13581006357327213,0.0071783141766339625
2021-0435-IND,2021,Severe,LGBM_T2,4,Moderate,0.09785212502082404,0.4685138158878453,0.43363405909133074
2021-0439-GRC,2021,Moderate,LGBM_T2,4,Moderate,0.014310266769852293,0.7026466563385114,0.2830430768916364
2021-0449-YEM,2021,Moderate,LGBM_T2,4,Low,0.601204582561669,0.3630531573519013,0.03574226008642973
2021-0511-HTI,2021,Severe,LGBM_T2,4,Low,0.4335124687836334,0.15427204370320385,0.4122154875131627
2021-0452-IND,2021,Moderate,LGBM_T2,4,Moderate,0.004286678738302592,0.9884858354185998,0.007227485843097536
2021-0453-AFG,2021,Severe,LGBM_T2,4,Moderate,0.21137506722488655,0.6270186471984645,0.16160628557664908
2021-0477-CMR,2021,Moderate,LGBM_T2,4,Moderate,0.003784563973004585,0.9892847843109904,0.006930651716004986
2021-0481-SSD,2021,Low,LGBM_T2,4,Low,0.49319715666864933,0.4621338483292533,0.04466899500209734
2021-0487-USA,2021,Low,LGBM_T2,4,Low,0.8790331449832672,0.11571130373964471,0.0052555512770880285
2021-0488-USA,2021,Low,LGBM_T2,4,Low,0.7894782949589974,0.19880946688558512,0.011712238155417559
2021-0498-CHN,2021,Low,LGBM_T2,4,Low,0.7070863702241077,0.23705593267993236,0.05585769709595989
2021-0506-MKD,2021,Low,LGBM_T2,4,Low,0.8739364884032872,0.1214968400411859,0.0045666715555268515
2021-0528-MEX,2021,Moderate,LGBM_T2,4,Low,0.8063280437596229,0.1422477200518849,0.05142423618849219
2021-0530-IDN,2021,Low,LGBM_T2,4,Low,0.808758630882411,0.14389462885556373,0.04734674026202551
2021-0542-RUS,2021,Low,LGBM_T2,4,Moderate,0.11044422470578316,0.7239604033075769,0.16559537198663984
2021-0551-USA,2021,Moderate,LGBM_T2,4,Low,0.5993426049064586,0.3585549254474416,0.042102469646099726
2021-0554-PER,2021,Moderate,LGBM_T2,4,Moderate,0.0035756475205838464,0.9922076454877939,0.0042167069916221895
2021-0562-USA,2021,Low,LGBM_T2,4,Low,0.7894782949589974,0.19880946688558512,0.011712238155417559
2021-0580-COD,2021,Moderate,LGBM_T2,4,Moderate,0.041695878701291565,0.8162950702527098,0.14200905104599873
2021-0581-EGY,2021,Moderate,LGBM_T2,4,Moderate,0.003437490201482227,0.9901828563345516,0.006379653463966253
2021-0589-NGA,2021,Low,LGBM_T2,4,Moderate,0.07886052786197989,0.6309936035909559,0.29014586854706437
2021-0738-IRN,2021,Low,LGBM_T2,4,Low,0.61091228433326,0.14097035251112125,0.24811736315561872
2021-0742-COD,2021,Moderate,LGBM_T2,4,Moderate,0.004656482982370403,0.9170184269109797,0.07832509010664992
2021-0600-MEX,2021,Moderate,LGBM_T2,4,Low,0.6677976062229118,0.2991418229518505,0.03306057082523774
2021-0612-THA,2021,Moderate,LGBM_T2,4,Low,0.704100684183519,0.2709348982172768,0.024964417599204224
2021-0655-CHN,2021,Low,LGBM_T2,4,Low,0.608743015315043,0.37231633833465916,0.018940646350297886
2021-0664-HKG,2021,Low,LGBM_T2,4,Low,0.9560494386019143,0.04168745334321537,0.002263108054870379
2021-0665-RUS,2021,Moderate,LGBM_T2,4,Moderate,0.00426262319891564,0.9613790200876325,0.03435835671345169
2021-0670-HKG,2021,Low,LGBM_T2,4,Low,0.9565838318251177,0.04116746148530905,0.00224870668957319
2021-0753-BGR,2021,Moderate,LGBM_T2,4,Moderate,0.006838053796393854,0.99166555466982,0.0014963915337860444
2021-0681-NPL,2021,Severe,LGBM_T2,4,Severe,0.053678482651432345,0.36341373229435964,0.582907785054208
2021-0687-DEU,2021,Low,LGBM_T2,4,Low,0.9590910249309885,0.03842341602080109,0.0024855590482102613
2021-0701-BEN,2021,Moderate,LGBM_T2,4,Low,0.769360143633454,0.21242773014426897,0.018212126222277206
2021-0818-IRQ,2021,Moderate,LGBM_T2,4,Low,0.5545058132118182,0.377145233745481,0.06834895304270083
2021-0737-EGY,2021,Low,LGBM_T2,4,Moderate,0.35456577972025993,0.5895149270541777,0.05591929322556239
2021-0756-FRA,2021,Low,LGBM_T2,4,Low,0.900636143421672,0.09224128692944839,0.007122569648879466
2021-0759-MEX,2021,Moderate,LGBM_T2,4,Moderate,0.003773084587166556,0.9915168635942878,0.0047100518185456165
2021-0763-VNM,2021,Moderate,LGBM_T2,4,Low,0.6577531333512098,0.32613083644387053,0.0161160302049198
2021-0781-KEN,2021,Moderate,LGBM_T2,4,Moderate,0.007636724792865561,0.950248296754698,0.04211497845243648
2021-0782-CMR,2021,Moderate,LGBM_T2,4,Moderate,0.007381948270339509,0.8971187146244717,0.09549933710518882
2021-0783-BDI,2021,Moderate,LGBM_T2,4,Moderate,0.21138602359168696,0.7226856411253908,0.0659283352829223
2021-0788-IDN,2021,Low,LGBM_T2,4,Low,0.7847247397392345,0.1408514970153168,0.07442376324544864
2021-0839-GRC,2021,Moderate,LGBM_T2,4,Moderate,0.011121001284786826,0.8512270404638125,0.1376519582514006
2021-0842-LBY,2021,Moderate,LGBM_T2,4,Severe,0.024590983279577972,0.42321117040760914,0.5521978463128128
2021-0846-PAK,2021,Severe,LGBM_T2,4,Moderate,0.06004082987986076,0.7544841450023626,0.1854750251177766
2021-0850-ISR,2021,Moderate,LGBM_T2,4,Moderate,0.2125949257982174,0.7714463384392627,0.015958735762520066
2020-0451-TUR,2020,Moderate,LGBM_T2,4,Moderate,0.059625755664984924,0.9048924915470086,0.035481752788006554
2021-0296-NGA,2021,Severe,LGBM_T2,4,Moderate,0.010484917094159413,0.9036963897013661,0.08581869320447452
2020-0457-PAK,2020,Moderate,LGBM_T2,4,Moderate,0.05105988465930026,0.8886159480045851,0.06032416733611449
2021-0730-NER,2021,Moderate,LGBM_T2,4,Moderate,0.0885714963131963,0.8866764002600206,0.024752103426783086
2020-0079-BRA,2020,Moderate,LGBM_T2,4,Moderate,0.007980082531475237,0.8480524135561363,0.14396750391238855
2021-0553-PER,2021,Moderate,LGBM_T2,4,Moderate,0.005447752987584101,0.9408002778223181,0.05375196919009797
2021-0555-BGD,2021,Moderate,LGBM_T2,4,Moderate,0.010180956382115268,0.8263635631433507,0.16345548047453393
2020-0083-BRA,2020,Moderate,LGBM_T2,4,Low,0.7637434732643845,0.19323383540137398,0.04302269133424148
2020-0488-COL,2020,Moderate,LGBM_T2,4,Moderate,0.0685041240233407,0.8182707520285001,0.11322512394815917
2020-0005-TUR,2020,Low,LGBM_T2,4,Low,0.8384019476019582,0.15036854580935916,0.011229506588682573
2020-0008-PHL,2020,Low,LGBM_T2,4,Low,0.7332151268672883,0.12487143383930016,0.14191343929341155
2020-0010-PAK,2020,Severe,LGBM_T2,4,Moderate,0.11764018652834239,0.8320023844525911,0.050357429019066535
2020-0017-IRN,2020,Low,LGBM_T2,4,Low,0.6392680307069007,0.3234658124350443,0.03726615685805502
2020-0018-IDN,2020,Moderate,LGBM_T2,4,Low,0.5153458701752551,0.21321513529521646,0.27143899452952835
2020-0221-OMN,2020,Low,LGBM_T2,4,Low,0.8801326583746175,0.11267847233650898,0.007188869288873439
2020-0020-ESP,2020,Moderate,LGBM_T2,4,Low,0.944714577033241,0.05001339521853801,0.00527202774822095
2020-0022-BRA,2020,Moderate,LGBM_T2,4,Low,0.8898232823216707,0.06992895773562777,0.040247759942701626
2020-0047-PNG,2020,Low,LGBM_T2,4,Low,0.7509995262920733,0.18302274313748612,0.0659777305704407
2020-0048-TUR,2020,Low,LGBM_T2,4,Moderate,0.008072042531355388,0.9085667645977532,0.08336119287089126
2020-0120-CHN,2020,Low,LGBM_T2,4,Moderate,0.0976845732382756,0.771067184375971,0.13124824238575344
2020-0050-ZAF,2020,Low,LGBM_T2,4,Low,0.7569618739400562,0.2354168332118456,0.007621292848098203
2020-0051-CZE,2020,Low,LGBM_T2,4,Low,0.9412646025702077,0.05597887014358911,0.0027565272862032707
2020-0051-POL,2020,Low,LGBM_T2,4,Low,0.9620986294488676,0.034355479513639986,0.0035458910374923554
2020-0051-SVN,2020,Low,LGBM_T2,4,Low,0.9842640901949242,0.014697502589367258,0.00103840721570842
2020-0051-SWE,2020,Low,LGBM_T2,4,Low,0.9835787735274513,0.015241788987995422,0.0011794374845533557
2020-0056-BRA,2020,Low,LGBM_T2,4,Low,0.7845463385002713,0.1776998223883271,0.03775383911140151
2020-0057-IND,2020,Moderate,LGBM_T2,4,Moderate,0.14570281098917146,0.7639342557036098,0.0903629333072186
2020-0256-TUN,2020,Moderate,LGBM_T2,4,Moderate,0.011193940055970164,0.6041631257987009,0.38464293414532885
2020-0059-IDN,2020,Low,LGBM_T2,4,Low,0.857065089179977,0.11265568324145177,0.030279227578571124
2020-0064-GBR,2020,Low,LGBM_T2,4,Low,0.9662812700997108,0.02836487234697649,0.005353857553312884
2020-0068-IDN,2020,Moderate,LGBM_T2,4,Low,0.857065089179977,0.11265568324145177,0.030279227578571124
2020-0071-COL,2020,Moderate,LGBM_T2,4,Moderate,0.22638727186268123,0.5969168430928221,0.17669588504449668
2020-0075-HND,2020,Low,LGBM_T2,4,Low,0.852897616940932,0.08845881474220955,0.05864356831685843
2020-0078-ZAF,2020,Moderate,LGBM_T2,4,Moderate,0.005205076365961079,0.9924235858657925,0.002371337768246374
2020-0088-VNM,2020,Low,LGBM_T2,4,Low,0.738963104340188,0.24880390633057903,0.012232989329232898
2020-0091-BOL,2020,Moderate,LGBM_T2,4,Low,0.5036306856651492,0.4896677889191814,0.0067015254156691925
2020-0103-MDG,2020,Low,LGBM_T2,4,Low,0.46112024025779164,0.3589689863711969,0.17991077337101147
2020-0104-AGO,2020,Low,LGBM_T2,4,Low,0.492009358866108,0.4451367532014131,0.062853887932479
2020-0111-PNG,2020,Moderate,LGBM_T2,4,Low,0.6639993906605944,0.2738368427368307,0.06216376660257485
2020-0116-IRQ,2020,Low,LGBM_T2,4,Low,0.5629479390661947,0.3650723848673541,0.07197967606645123
2020-0132-FJI,2020,Low,LGBM_T2,4,Low,0.9166380152772959,0.07878126437799192,0.004580720344712048
2020-0137-COL,2020,Moderate,LGBM_T2,4,Moderate,0.01734960639283638,0.8784323463019218,0.10421804730524181
2020-0156-RWA,2020,Low,LGBM_T2,4,Moderate,0.3357881114940936,0.656630488275661,0.007581400230245509
2020-0159-ETH,2020,Moderate,LGBM_T2,4,Moderate,0.15235107025664463,0.5982920536316044,0.249356876111751
2020-0164-UGA,2020,Low,LGBM_T2,4,Low,0.576505543945267,0.39898854020129637,0.024505915853436613
2020-0165-VNM,2020,Low,LGBM_T2,4,Low,0.602443638721619,0.38893594630888273,0.008620414969498265
2020-0325-IDN,2020,Severe,LGBM_T2,4,Low,0.8539725808169861,0.1071575279106489,0.03886989127236501
2020-0167-USA,2020,Low,LGBM_T2,4,Low,0.874299973335463,0.09624738671009422,0.029452639954442757
2020-0168-YEM,2020,Moderate,LGBM_T2,4,Low,0.5022918939434564,0.4660708137464759,0.03163729231006763
2020-0173-AGO,2020,Moderate,LGBM_T2,4,Moderate,0.36837729499142013,0.5471327867298323,0.08448991827874758
2020-0179-KOR,2020,Moderate,LGBM_T2,4,Moderate,0.3764950835249259,0.4802961000587008,0.1432088164163733
2020-0182-UGA,2020,Low,LGBM_T2,4,Low,0.6637123403066898,0.308623154365188,0.02766450532812219
2020-0191-CAN,2020,Low,LGBM_T2,4,Low,0.9756059892532493,0.022975357361434523,0.0014186533853161034
2020-0198-IND,2020,Moderate,LGBM_T2,4,Moderate,0.146154814681232,0.5219854870326606,0.33185969828610745
2020-0211-BGD,2020,Moderate,LGBM_T2,4,Low,0.4706434088223554,0.40370046226252093,0.1256561289151237
2020-0283-UKR,2020,Low,LGBM_T2,4,Low,0.9142576259432708,0.07106668907251623,0.014675684984212924
2020-0211-IND,2020,Moderate,LGBM_T2,4,Moderate,0.25109578515556075,0.588632653685253,0.16027156115918623
2020-0211-LKA,2020,Low,LGBM_T2,4,Low,0.8202681938389996,0.12490609610811224,0.05482571005288826
2020-0212-USA,2020,Low,LGBM_T2,4,Low,0.8650757021209333,0.1264616585673073,0.008462639311759309
2020-0217-IND,2020,Low,LGBM_T2,4,Moderate,0.3298815974891862,0.5162491283823195,0.15386927412849427
2020-0333-KOR,2020,Moderate,LGBM_T2,4,Low,0.8104578055595142,0.14978509509522872,0.039757099345257105
2020-0218-GTM,2020,Low,LGBM_T2,4,Low,0.721250511002978,0.0767717327093012,0.20197775628772083
2020-0218-SLV,2020,Moderate,LGBM_T2,4,Low,0.7751595936913596,0.12983151753840005,0.09500888877024045
2020-0220-IND,2020,Moderate,LGBM_T2,4,Moderate,0.08515167561017692,0.7904993347722548,0.12434898961756827
2020-0287-TUR,2020,Low,LGBM_T2,4,Low,0.8355793317937633,0.14801657296325738,0.016404095242979286
2020-0290-PAK,2020,Moderate,LGBM_T2,4,Moderate,0.004181058176389889,0.9879272935918321,0.007891648231777857
2020-0292-PHL,2020,Moderate,LGBM_T2,4,Moderate,0.023677154328511106,0.643026838243071,0.33329600742841775
2020-0297-NPL,2020,Severe,LGBM_T2,4,Severe,0.033507719246598296,0.16343348961314086,0.8030587911402608
2020-0304-IND,2020,Severe,LGBM_T2,4,Severe,0.0731808179589058,0.31844345495174703,0.6083757270893471
2020-0305-SDN,2020,Severe,LGBM_T2,4,Moderate,0.17833233442557203,0.5439986162595318,0.2776690493148961
2020-0307-VNM,2020,Low,LGBM_T2,4,Low,0.8121551668520343,0.13054523712133576,0.05729959602662985
2020-0606-CPV,2020,Low,LGBM_T2,4,Low,0.8831924179049723,0.1114135096252029,0.005394072469824949
2020-0312-DOM,2020,Low,LGBM_T2,4,Low,0.933773519178471,0.03401882387775982,0.032207656943769265
2020-0313-LBN,2020,Severe,LGBM_T2,4,Moderate,0.052059175640698306,0.9349352202379058,0.013005604121395986
2020-0316-MEX,2020,Low,LGBM_T2,4,Low,0.8151232488497272,0.13817528477084254,0.04670146637943028
2020-0318-UKR,2020,Low,LGBM_T2,4,Low,0.8380077218553188,0.1357036134945668,0.02628866465011443
2020-0334-CZE,2020,Moderate,LGBM_T2,4,Moderate,0.124982630348466,0.8623315839931668,0.012685785658367208
2020-0341-NGA,2020,Moderate,LGBM_T2,4,Moderate,0.011217844420939593,0.9024500230079221,0.08633213257113835
2020-0365-ITA,2020,Low,LGBM_T2,4,Low,0.5950481169365144,0.3702590253386542,0.03469285772483145
2020-0369-SAU,2020,Low,LGBM_T2,4,Low,0.6557849442254534,0.275336759006007,0.06887829676853956
2020-0370-PHL,2020,Low,LGBM_T2,4,Low,0.653944368397886,0.18280612192634993,0.16324950967576407
2020-0376-USA,2020,Moderate,LGBM_T2,4,Low,0.6301616755281116,0.3347022404498631,0.03513608402202535
2020-0382-TCD,2020,Low,LGBM_T2,4,Low,0.4569199268729244,0.43947485630425803,0.10360521682281763
2020-0403-KOR,2020,Low,LGBM_T2,4,Low,0.7581137043815261,0.16117520913277605,0.08071108648569782
2020-0406-ITA,2020,Low,LGBM_T2,4,Low,0.9519304966247328,0.04201393805674882,0.006055565318518217
2020-0470-VNM,2020,Moderate,LGBM_T2,4,Low,0.3891661956271527,0.38533317860465705,0.2255006257681901
2020-0472-LBY,2020,Moderate,LGBM_T2,4,Moderate,0.025106639480008845,0.5884055163752678,0.3864878441447234
2020-0411-VNM,2020,Severe,LGBM_T2,4,Low,0.6237712232063218,0.32159185267145757,0.054636924122220556
2020-0412-USA,2020,Low,LGBM_T2,4,Low,0.697494957442808,0.28752922600418584,0.014975816553006067
2020-0421-BEN,2020,Low,LGBM_T2,4,Low,0.7329200001795345,0.25699379396679956,0.010086205853665873
2020-0436-MRT,2020,Low,LGBM_T2,4,Low,0.8078016627871158,0.18515661958609683,0.007041717626787233
2020-0438-USA,2020,Low,LGBM_T2,4,Low,0.8091423023398989,0.17968760551884033,0.011170092141260702
2020-0439-COD,2020,Moderate,LGBM_T2,4,Moderate,0.00782359205048211,0.91439458138748,0.07778182656203807
2020-0448-COD,2020,Moderate,LGBM_T2,4,Moderate,0.004666336521888025,0.958799845593492,0.03653381788462001
2020-0449-THA,2020,Moderate,LGBM_T2,4,Moderate,0.33770352071710624,0.6262702351634256,0.03602624411946814
2020-0450-TUN,2020,Moderate,LGBM_T2,4,Moderate,0.0075950239742799165,0.8501384550078849,0.14226652101783516
2020-0474-PAN,2020,Moderate,LGBM_T2,4,Low,0.9386145453158787,0.05671642734205824,0.004669027342063055
2020-0495-NIC,2020,Moderate,LGBM_T2,4,Low,0.6893273823740738,0.1776991838801493,0.1329734337457769
2020-0495-PAN,2020,Low,LGBM_T2,4,Low,0.9382010295936904,0.0573297928863903,0.004469177519919223
2020-0510-NIC,2020,Moderate,LGBM_T2,4,Moderate,0.0031266556658626583,0.993220687568043,0.003652656766094409
2020-0513-ROU,2020,Moderate,LGBM_T2,4,Moderate,0.1030555527515968,0.8853395252208305,0.01160492202757281
2020-0524-IND,2020,Moderate,LGBM_T2,4,Moderate,0.20859851774722096,0.5908708822266326,0.20053060002614637
2020-0525-IND,2020,Moderate,LGBM_T2,4,Moderate,0.026627305478290363,0.8180432128413979,0.15532948168031158
2020-0527-TJK,2020,Low,LGBM_T2,4,Low,0.8717363168866331,0.12401062536785061,0.004253057745516193
2020-0528-NGA,2020,Moderate,LGBM_T2,4,Severe,0.0495352030136592,0.24228935387774309,0.7081754431085977
2020-0558-VNM,2020,Low,LGBM_T2,4,Low,0.5896922892327334,0.30870129019376574,0.10160642057350075
2020-0560-BRA,2020,Moderate,LGBM_T2,4,Low,0.8163689511459516,0.14076617430677535,0.04286487454727291
2020-0574-IRN,2020,Moderate,LGBM_T2,4,Moderate,0.26585874235286727,0.6632587411970006,0.07088251645013229
2020-0580-USA,2020,Low,LGBM_T2,4,Low,0.7980043803231632,0.19471576605564725,0.007279853621189496
2020-0307-THA,2020,Low,LGBM_T2,4,Low,0.8594036061665807,0.11529867758692691,0.025297716246492356
2021-0006-PHL,2021,Low,LGBM_T2,4,Low,0.7285590696871501,0.23293262037579215,0.038508309937057665
2021-0011-USA,2021,Low,LGBM_T2,4,Low,0.8240394527316354,0.169879192492479,0.006081354775885581
2021-0016-ESP,2021,Low,LGBM_T2,4,Low,0.8861337051863014,0.10654266899180831,0.007323625821890275
2021-0017-TWN,2021,Moderate,LGBM_T2,4,Low,0.6591977951887511,0.29617342075625164,0.04462878405499726
2021-0466-COD,2021,Moderate,LGBM_T2,4,Moderate,0.008229223457224832,0.9266362589001663,0.06513451764260893
2021-0028-MYS,2021,Low,LGBM_T2,4,Low,0.9203376901862501,0.07121277355269545,0.008449536261054212
2021-0032-IDN,2021,Moderate,LGBM_T2,4,Severe,0.01438148953056737,0.352690965280271,0.6329275451891617
2021-0051-CUB,2021,Moderate,LGBM_T2,4,Moderate,0.006012716972665116,0.9857457786765215,0.008241504350813554
2021-0054-BRA,2021,Moderate,LGBM_T2,4,Moderate,0.007052403487963594,0.9827822241010236,0.01016537241101288
2021-0067-PRY,2021,Moderate,LGBM_T2,4,Low,0.8075618872406466,0.15787741676026457,0.03456069599908888
2021-0071-MAR,2021,Moderate,LGBM_T2,4,Moderate,0.453684317960044,0.5283475865372125,0.017968095502743475
2021-0077-CHE,2021,Moderate,LGBM_T2,4,Low,0.7725173209843612,0.21158922291825577,0.015893456097382946
2021-0088-IDN,2021,Low,LGBM_T2,4,Low,0.8448543022798275,0.12516544832808804,0.029980249392084372
2021-0090-MDG,2021,Low,LGBM_T2,4,Low,0.5916971186876582,0.3525833256095637,0.05571955570277819
2021-0225-IND,2021,Low,LGBM_T2,4,Low,0.48652111144413546,0.22579870235970198,0.2876801861961626
2021-0091-PHL,2021,Low,LGBM_T2,4,Low,0.7577110643767047,0.1725246299071751,0.06976430571612025
2021-0094-PER,2021,Moderate,LGBM_T2,4,Low,0.5527228479631808,0.37127899576345186,0.07599815627336726
2021-0101-PER,2021,Low,LGBM_T2,4,Low,0.5555810719631804,0.3739376850474068,0.07048124298941283
2021-0110-ITA,2021,Moderate,LGBM_T2,4,Moderate,0.03734297675034759,0.7119426813202372,0.2507143419294153
2021-0112-COD,2021,Moderate,LGBM_T2,4,Moderate,0.008834397525093747,0.7993187638605842,0.19184683861432203
2021-0114-ITA,2021,Moderate,LGBM_T2,4,Moderate,0.0370821487971899,0.7180963580627671,0.24482149314004298
2021-0128-YEM,2021,Moderate,LGBM_T2,4,Moderate,0.16182382953809227,0.7489695642150309,0.08920660624687685
2021-0144-AFG,2021,Moderate,LGBM_T2,4,Moderate,0.18679989966149185,0.6158438307174631,0.19735626962104494
2021-0150-USA,2021,Low,LGBM_T2,4,Low,0.8368037411192991,0.15446854953321493,0.008727709347485863
2021-0164-AGO,2021,Low,LGBM_T2,4,Low,0.5642892403821222,0.3789535639707109,0.05675719564716694
2021-0467-COD,2021,Moderate,LGBM_T2,4,Moderate,0.006686800435730132,0.8750894025636203,0.11822379700064949
2021-0172-COD,2021,Moderate,LGBM_T2,4,Moderate,0.006828903776024582,0.9544511497426912,0.03871994648128426
2021-0182-COL,2021,Low,LGBM_T2,4,Moderate,0.24072549896329132,0.6942469987973335,0.06502750223937506
2021-0201-CHN,2021,Low,LGBM_T2,4,Low,0.9092613428639965,0.07434960127464564,0.016389055861357974
2021-0208-EGY,2021,Moderate,LGBM_T2,4,Moderate,0.06886406032217798,0.7980739072300007,0.1330620324478214
2021-0211-USA,2021,Moderate,LGBM_T2,4,Low,0.8743932300681054,0.11942998464494128,0.006176785286953238
2021-0222-COL,2021,Moderate,LGBM_T2,4,Moderate,0.03109078280097487,0.8820161620584053,0.08689305514061983
2021-0224-TUN,2021,Moderate,LGBM_T2,4,Moderate,0.010371971282840236,0.5715538111242738,0.4180742175928859
2021-0237-KHM,2021,Low,LGBM_T2,4,Low,0.4728529898929549,0.3916547573951231,0.1354922527119219
2021-0239-SOM,2021,Moderate,LGBM_T2,4,Low,0.7306822642863566,0.19141433330544844,0.07790340240819485
2021-0263-AFG,2021,Severe,LGBM_T2,4,Moderate,0.3841875101340125,0.5406354189425157,0.07517707092347178
2021-0403-TJK,2021,Low,LGBM_T2,4,Low,0.8887774355335865,0.10307209891862186,0.008150465547791764
2021-0266-USA,2021,Low,LGBM_T2,4,Low,0.8415726581444698,0.12367155111301356,0.03475579074251663
2021-0270-YEM,2021,Moderate,LGBM_T2,4,Low,0.704174272154454,0.2587825991489766,0.037043128696569366
2021-0271-TUN,2021,Moderate,LGBM_T2,4,Moderate,0.010451903048617001,0.5749546888079874,0.41459340814339557
2021-0278-SVK,2021,Low,LGBM_T2,4,Low,0.9610994386328825,0.02619454362110368,0.012706017746013782
2021-0295-BGD,2021,Low,LGBM_T2,4,Moderate,0.38113330906507253,0.44325260373564007,0.17561408719928737
2021-0308-NPL,2021,Moderate,LGBM_T2,4,Severe,0.06915773821039414,0.28068267368367883,0.650159588105927
2021-0310-PAK,2021,Moderate,LGBM_T2,4,Moderate,0.00454350608038686,0.9868278304863141,0.00862866343329913
2021-0406-CHN,2021,Moderate,LGBM_T2,4,Moderate,0.0747628873000916,0.8826201262012819,0.042616986498626455
2021-0408-IRQ,2021,Moderate,LGBM_T2,4,Moderate,0.16581631147439885,0.7490254539764916,0.08515823454910958
2021-0289-COD,2021,Moderate,LGBM_T2,4,Moderate,0.009070791163826487,0.9217777012610473,0.06915150757512623
2021-0316-IND,2021,Moderate,LGBM_T2,4,Moderate,0.09785212502082404,0.4685138158878453,0.43363405909133074
2021-0342-PAK,2021,Moderate,LGBM_T2,4,Moderate,0.12935567743446652,0.8096131618099868,0.06103116075554671
2021-0367-CAN,2021,Low,LGBM_T2,4,Low,0.9780402403251521,0.020777147450426435,0.0011826122244214935
2021-0370-CYP,2021,Low,LGBM_T2,4,Low,0.9266627675728869,0.0711507444897605,0.002186487937352754
2021-0373-LCA,2021,Low,LGBM_T2,4,Low,0.9428601175262907,0.054559614794321,0.0025802676793884533
2021-0390-USA,2021,Severe,LGBM_T2,4,Moderate,0.22241754709530095,0.3900955369373711,0.38748691596732804
2021-0411-ITA,2021,Low,LGBM_T2,4,Low,0.8955585742455887,0.08965759347557829,0.01478383227883311
2021-0413-KGZ,2021,Moderate,LGBM_T2,4,Moderate,0.2970904120553186,0.6909941501504248,0.011915437794256507
2021-0420-LBR,2021,Moderate,LGBM_T2,4,Moderate,0.004666681418503122,0.9380723527339747,0.05726096584752218
2021-0432-TJK,2021,Moderate,LGBM_T2,4,Low,0.5625768400700316,0.42240768870362577,0.01501547122634263
2021-0438-CHN,2021,Moderate,LGBM_T2,4,Moderate,0.04495966003695017,0.9193913858061902,0.03564895415685975
2021-0454-TUR,2021,Low,LGBM_T2,4,Low,0.8020111329370736,0.18042102944442368,0.017567837618502623
2021-0456-PAK,2021,Low,LGBM_T2,4,Moderate,0.05324137164009357,0.7060388441894887,0.24071978417041762
2021-0480-DZA,2021,Moderate,LGBM_T2,4,Low,0.725038075760754,0.2480040692025646,0.026957855036681397
2021-0494-TUR,2021,Low,LGBM_T2,4,Low,0.8269790602780511,0.15380268443574197,0.01921825528620679
2021-0508-JPN,2021,Moderate,LGBM_T2,4,Low,0.6812974184333722,0.22500735508965303,0.0936952264769748
2021-0515-LBN,2021,Moderate,LGBM_T2,4,Moderate,0.04486283643678089,0.942705201639441,0.012431961923777919
2021-0538-VEN,2021,Moderate,LGBM_T2,4,Low,0.900924704541386,0.09115575272240087,0.007919542736213104
2021-0585-IND,2021,Low,LGBM_T2,4,Moderate,0.09182260430251164,0.477629676999111,0.4305477186983773
2021-0588-GTM,2021,Low,LGBM_T2,4,Low,0.8154196120995774,0.11703273315997842,0.06754765474044405
2021-0590-SLV,2021,Low,LGBM_T2,4,Low,0.8810583662301317,0.09232014552009234,0.026621488249776178
2021-0595-PHL,2021,Moderate,LGBM_T2,4,Low,0.7581568468148817,0.16408841286292597,0.07775474032219239
2021-0607-MEX,2021,Low,LGBM_T2,4,Low,0.665177605451423,0.3017463993072677,0.03307599524130928
2021-0613-SPI,2021,Low,LGBM_T2,4,Low,0.5941783297859262,0.3864039698836102,0.019417700330463514
2021-0616-GIN,2021,Low,LGBM_T2,4,Low,0.8570093222261248,0.12416506155233333,0.018825616221541802
2021-0618-MKD,2021,Moderate,LGBM_T2,4,Moderate,0.1401655983342673,0.8496665330338607,0.010167868631872056
2021-0619-IND,2021,Moderate,LGBM_T2,4,Moderate,0.004807648572589009,0.9335482314813145,0.06164411994609642
2021-0632-VNM,2021,Low,LGBM_T2,4,Low,0.6178439634685171,0.36307464441512255,0.019081392116360393
2021-0645-IND,2021,Low,LGBM_T2,4,Moderate,0.187637195933532,0.6520677583834759,0.16029504568299224
2021-0663-LBY,2021,Moderate,LGBM_T2,4,Moderate,0.027157802947381546,0.5050285539219148,0.46781364313070367
2021-0666-COD,2021,Severe,LGBM_T2,4,Moderate,0.004099976440449782,0.9279929104359026,0.06790711312364762
2021-0670-PHL,2021,Moderate,LGBM_T2,4,Low,0.6459612247907907,0.3008726348735874,0.053166140335622
2021-0673-TWN,2021,Moderate,LGBM_T2,4,Moderate,0.19786399426106463,0.768186745320156,0.03394926041877937
2021-0676-TUN,2021,Moderate,LGBM_T2,4,Moderate,0.009447131979233872,0.7778976318100522,0.21265523621071375
2021-0700-DZA,2021,Low,LGBM_T2,4,Moderate,0.4576089102649472,0.511530496662863,0.03086059307218989
2021-0685-COD,2021,Moderate,LGBM_T2,4,Moderate,0.004651320798843141,0.9614849133020088,0.03386376589914807
2021-0741-CAN,2021,Low,LGBM_T2,4,Low,0.9578608042123432,0.04019744691472824,0.0019417488729286793
2021-0741-USA,2021,Low,LGBM_T2,4,Low,0.8101124970024913,0.182696799337654,0.007190703659854641
2021-0700-TUN,2021,Low,LGBM_T2,4,Low,0.7983689313216392,0.1867980508555935,0.014833017822767306
2021-0705-IRQ,2021,Low,LGBM_T2,4,Low,0.5312040914708943,0.418982115073343,0.04981379345576271
2021-0711-COL,2021,Moderate,LGBM_T2,4,Moderate,0.07086762095592947,0.8082889322418203,0.12084344680225022
2021-0722-IND,2021,Moderate,LGBM_T2,4,Moderate,0.10650553848815335,0.5169660205575587,0.376528440954288
2021-0728-MEX,2021,Moderate,LGBM_T2,4,Moderate,0.003773084587166556,0.9915168635942878,0.0047100518185456165
2021-0729-USA,2021,Moderate,LGBM_T2,4,Moderate,0.23879143559131943,0.7400087916233719,0.02119977278530878
2021-0748-IND,2021,Moderate,LGBM_T2,4,Moderate,0.10650553848815335,0.5169660205575587,0.376528440954288
2021-0754-AZE,2021,Moderate,LGBM_T2,4,Moderate,0.003756387760651803,0.9768285868339572,0.019415025405390772
2021-0760-RUS,2021,Moderate,LGBM_T2,4,Moderate,0.024839856545614644,0.9414829717189331,0.0336771717354522
2021-0761-FRA,2021,Moderate,LGBM_T2,4,Moderate,0.020605605504974343,0.9353104162189025,0.044083978276123134
2021-0766-ESP,2021,Low,LGBM_T2,4,Low,0.9286506494477024,0.06687344003695019,0.004475910515347462
2021-0797-USA,2021,Moderate,LGBM_T2,4,Low,0.42995787938734414,0.39626213921962705,0.17377998139302872
2021-0807-AUS,2021,Low,LGBM_T2,4,Low,0.9448055604117639,0.0487988524162358,0.006395587172000319
2021-0808-MYS,2021,Moderate,LGBM_T2,4,Moderate,0.010064309129150512,0.9582146367427528,0.031721054128096865
2021-0811-ZAF,2021,Moderate,LGBM_T2,4,Low,0.7660413818239881,0.22756175297668177,0.006396865199330141
2021-0813-VNM,2021,Low,LGBM_T2,4,Low,0.5782841135818538,0.32544132763719785,0.09627455878094829
2021-0815-USA,2021,Low,LGBM_T2,4,Low,0.8409831569532739,0.15197957163324893,0.007037271413477195
2021-0820-PAK,2021,Moderate,LGBM_T2,4,Moderate,0.03684487048438195,0.7685667741239238,0.19458835539169408
2021-0834-BOL,2021,Moderate,LGBM_T2,4,Low,0.535058881485825,0.4539597882350503,0.010981330279124716
2021-0838-BGD,2021,Moderate,LGBM_T2,4,Moderate,0.008456521058530455,0.8506557575282063,0.14088772141326308
2021-0848-SDN,2021,Moderate,LGBM_T2,4,Moderate,0.06471005715966098,0.6631247023098927,0.27216524053044616
2021-0290-ITA,2021,Moderate,LGBM_T2,4,Low,0.5681574049852895,0.38652810014550815,0.0453144948692022
2020-0002-PER,2020,Moderate,LGBM_T2,4,Moderate,0.003063444223287474,0.992824863295701,0.004111692481011565
2021-0527-MRT,2021,Moderate,LGBM_T2,4,Moderate,0.0027411875659973345,0.9902110759248746,0.007047736509127948
2020-0066-COD,2020,Moderate,LGBM_T2,4,Moderate,0.007253248437869764,0.9545270884081045,0.0382196631540257
2020-0073-TUR,2020,Low,LGBM_T2,4,Low,0.8511070798447339,0.09288095096727259,0.056011969187993546
2020-0001-ISR,2020,Low,LGBM_T2,4,Low,0.9312635028111489,0.06600605828560079,0.0027304389032503655
2020-0009-AFG,2020,Moderate,LGBM_T2,4,Moderate,0.10183473522788918,0.8448251270120074,0.053340137760103566
2020-0012-TUR,2020,Moderate,LGBM_T2,4,Moderate,0.006446504376343714,0.9719974030807494,0.021556092542906725
2020-0024-IDN,2020,Moderate,LGBM_T2,4,Moderate,0.014474784230553026,0.7231543159006927,0.2623708998687542
2020-0026-RUS,2020,Moderate,LGBM_T2,4,Moderate,0.04910928009892106,0.919690869956441,0.03119984994463791
2020-0033-IDN,2020,Moderate,LGBM_T2,4,Low,0.8727665217560814,0.10032160856950025,0.026911869674418398
2020-0034-TUR,2020,Moderate,LGBM_T2,4,Low,0.7208364149501776,0.13121663437937334,0.14794695067044902
2020-0044-TUR,2020,Moderate,LGBM_T2,4,Moderate,0.3268539871211064,0.6116322072500895,0.06151380562880412
2020-0084-JPN,2020,Moderate,LGBM_T2,4,Moderate,0.02838803214707153,0.9091918041083211,0.06242016374460736
2021-0621-IDN,2021,Moderate,LGBM_T2,4,Moderate,0.10960287308952309,0.8275474627362759,0.06284966417420103
2020-0045-PSE,2020,Low,LGBM_T2,4,Low,0.6352883448571198,0.3540008378507421,0.010710817292137988
2020-0051-DEU,2020,Low,LGBM_T2,4,Low,0.9681714604067136,0.029658467549266425,0.002170072044019863
2020-0296-JPN,2020,Moderate,LGBM_T2,4,Low,0.7235205932168378,0.12590338890213604,0.15057601788102623
2020-0051-ITA,2020,Low,LGBM_T2,4,Low,0.9435217670022504,0.05022932994443047,0.006248903053319007
2020-0054-BGD,2020,Moderate,LGBM_T2,4,Moderate,0.012581726450211547,0.8168773196778811,0.17054095387190726
2020-0055-BDI,2020,Low,LGBM_T2,4,Low,0.49737021232754186,0.45225767164943076,0.05037211602302738
2020-0062-MOZ,2020,Low,LGBM_T2,4,Moderate,0.13370071458541846,0.6231718960215398,0.24312738939304182
2020-0109-BDI,2020,Low,LGBM_T2,4,Low,0.72006729785886,0.26315913815868736,0.016773563982452656
2020-0121-IDN,2020,Low,LGBM_T2,4,Low,0.8477883411004222,0.11749081839221,0.03472084050736771
2020-0124-AFG,2020,Moderate,LGBM_T2,4,Moderate,0.2720222184994648,0.6412243287385667,0.08675345276196848
2020-0125-COG,2020,Moderate,LGBM_T2,4,Low,0.5993321640643355,0.29033725670570326,0.11033057922996119
2020-0132-VUT,2020,Low,LGBM_T2,4,Low,0.6609208343059864,0.3194517139591171,0.019627451734896478
2020-0142-AFG,2020,Low,LGBM_T2,4,Moderate,0.13090174087269826,0.8298822514249085,0.03921600770239326
2020-0142-IRN,2020,Low,LGBM_T2,4,Low,0.561305793333574,0.29477935453826176,0.14391485212816427
2020-0146-PNG,2020,Moderate,LGBM_T2,4,Moderate,0.13251758578685474,0.805367248945215,0.062115165267930136
2020-0151-IDN,2020,Low,LGBM_T2,4,Low,0.8178385708360458,0.14457568925687772,0.03758573990707645
2020-0153-AFG,2020,Low,LGBM_T2,4,Moderate,0.3797262752102796,0.5396477077969749,0.0806260169927456
2020-0159-SOM,2020,Moderate,LGBM_T2,4,Low,0.696191338989716,0.14193135779404623,0.1618773032162378
2020-0166-TZA,2020,Low,LGBM_T2,4,Low,0.5327181987501164,0.3759129306126223,0.09136887063726136
2020-0170-IND,2020,Moderate,LGBM_T2,4,Moderate,0.1668572176270694,0.7861328180313295,0.04700996434160118
2020-0199-THA,2020,Low,LGBM_T2,4,Low,0.7764553015581152,0.21124659003604215,0.012298108405842815
2020-0203-PHL,2020,Low,LGBM_T2,4,Low,0.5885696383610527,0.31351325369877103,0.0979171079401763
2020-0216-YEM,2020,Moderate,LGBM_T2,4,Low,0.6704235533146297,0.2960014696880374,0.03357497699733286
2020-0228-GHA,2020,Low,LGBM_T2,4,Moderate,0.22756055882779805,0.6935464481157635,0.07889299305643852
2020-0232-CZE,2020,Low,LGBM_T2,4,Low,0.8889451982862957,0.10399791125996893,0.007056890453735442
2020-0561-THA,2020,Low,LGBM_T2,4,Low,0.6699247546034203,0.2980092454301368,0.03206599996644285
2020-0291-BGD,2020,Moderate,LGBM_T2,4,Moderate,0.012579322031727456,0.765723364341598,0.22169731362667452
2020-0238-USA,2020,Low,LGBM_T2,4,Low,0.9209343996830379,0.07289721018554549,0.0061683901314164786
2020-0244-CHN,2020,Low,LGBM_T2,4,Low,0.9168321701422526,0.06590911152348482,0.017258718334262547
2020-0253-TUR,2020,Low,LGBM_T2,4,Low,0.8327704553754295,0.15088059324949088,0.016348951375079645
2020-0269-MMR,2020,Severe,LGBM_T2,4,Moderate,0.08334848413106989,0.7530893775167631,0.1635621383521669
2020-0281-MEX,2020,Moderate,LGBM_T2,4,Low,0.6624310381939258,0.07888887269088225,0.2586800891151919
2020-0284-MNG,2020,Low,LGBM_T2,4,Low,0.6668863620813332,0.29089449689508246,0.04221914102358438
2020-0312-USA,2020,Moderate,LGBM_T2,4,Low,0.8634412871323693,0.1270550399732555,0.009503672894374959
2020-0317-COL,2020,Moderate,LGBM_T2,4,Moderate,0.35765328381270634,0.5511203310254263,0.09122638516186728
2020-0321-NGA,2020,Moderate,LGBM_T2,4,Moderate,0.15106850979841277,0.45400964699260343,0.3949218432089837
2020-0323-BGD,2020,Severe,LGBM_T2,4,Severe,0.17170733801131657,0.26192071830829894,0.5663719436803845
2020-0447-SYR,2020,Low,LGBM_T2,4,Low,0.8155111154524886,0.18061668140021256,0.003872203147298817
2020-0324-MNG,2020,Low,LGBM_T2,4,Low,0.758821075578667,0.23460841069902438,0.006570513722308805
2020-0327-KOR,2020,Moderate,LGBM_T2,4,Low,0.8146066877882701,0.14527735446191958,0.04011595774981044
2020-0330-PAN,2020,Moderate,LGBM_T2,4,Low,0.9536703179312302,0.044046654053851435,0.0022830280149184227
2020-0331-GRC,2020,Low,LGBM_T2,4,Low,0.9169121183803575,0.050285279690877614,0.03280260192876492
2020-0332-IND,2020,Moderate,LGBM_T2,4,Moderate,0.08247345286659945,0.7067521277453445,0.21077441938805616
2020-0349-UKR,2020,Moderate,LGBM_T2,4,Low,0.8583347699319377,0.11930591460599134,0.022359315462071008
2021-0623-DZA,2021,Moderate,LGBM_T2,4,Moderate,0.004625168692341223,0.989426847583832,0.00594798372382681
2020-0363-PRK,2020,Moderate,LGBM_T2,4,Severe,0.11265971791429437,0.1926089442991297,0.694731337786576
2020-0376-HTI,2020,Moderate,LGBM_T2,4,Low,0.7312521463337106,0.1161354356464309,0.1526124180198585
2020-0387-NER,2020,Moderate,LGBM_T2,4,Moderate,0.355076737500092,0.6164825289160376,0.028440733583870274
2020-0394-PER,2020,Moderate,LGBM_T2,4,Moderate,0.07308369852516018,0.7867546035848947,0.14016169788994515
2020-0399-GHA,2020,Low,LGBM_T2,4,Moderate,0.23378759525736476,0.6964769327946296,0.0697354719480055
2020-0400-JPN,2020,Low,LGBM_T2,4,Low,0.8488710006151694,0.12336467146399004,0.027764327920840493
2020-0400-KOR,2020,Low,LGBM_T2,4,Low,0.7416226818524482,0.16934975763690072,0.0890275605106511
2020-0411-KHM,2020,Moderate,LGBM_T2,4,Low,0.4269683821252674,0.3173703117291227,0.2556613061456099
2020-0416-MEX,2020,Low,LGBM_T2,4,Low,0.881604795343729,0.09259531244783846,0.025799892208432422
2020-0427-BOL,2020,Low,LGBM_T2,4,Moderate,0.47304158798943385,0.5177137267643016,0.009244685246264569
2020-0432-LBY,2020,Moderate,LGBM_T2,4,Severe,0.03054431984608949,0.4452493633793399,0.5242063167745706
2020-0434-NGA,2020,Moderate,LGBM_T2,4,Moderate,0.004067748738989788,0.9772454962822691,0.01868675497874097
2020-0435-IND,2020,Moderate,LGBM_T2,4,Moderate,0.028257513857994725,0.9284608017132632,0.043281684428742195
2020-0437-GRC,2020,Low,LGBM_T2,4,Low,0.9163986262192245,0.05461792857603533,0.028983445204740027
2020-0443-PAK,2020,Moderate,LGBM_T2,4,Moderate,0.006100165565353486,0.9352378899890407,0.05866194444560583
2020-0446-IND,2020,Severe,LGBM_T2,4,Moderate,0.10476216575693835,0.5741403533234082,0.32109748091965346
2020-0455-NGA,2020,Severe,LGBM_T2,4,Moderate,0.15106850979841277,0.45400964699260343,0.3949218432089837
2020-0462-THA,2020,Low,LGBM_T2,4,Low,0.8488091337910607,0.13498371768805537,0.016207148520883917
2020-0466-GRC,2020,Low,LGBM_T2,4,Low,0.8649193624210062,0.05383538472242022,0.08124525285657352
2020-0466-TUR,2020,Severe,LGBM_T2,4,Low,0.4930576759536318,0.2036998020632139,0.3032425219831542
2020-0467-MRT,2020,Moderate,LGBM_T2,4,Moderate,0.0016533366896823345,0.9946182452048781,0.0037284181054397015
2020-0469-SEN,2020,Moderate,LGBM_T2,4,Moderate,0.007509447322135686,0.9877491404834002,0.004741412194464157
2020-0470-PHL,2020,Moderate,LGBM_T2,4,Moderate,0.42582097901602634,0.4280750371649646,0.14610398381900916
2020-0473-GHA,2020,Moderate,LGBM_T2,4,Moderate,0.04232620057640695,0.9027286891889598,0.05494511023463329
2020-0482-LCA,2020,Low,LGBM_T2,4,Low,0.6038325365108861,0.3517439174729257,0.044423546016188274
2020-0484-MOZ,2020,Moderate,LGBM_T2,4,Moderate,0.17776323718684764,0.7676437154619864,0.054593047351165824
2020-0495-HND,2020,Moderate,LGBM_T2,4,Low,0.8805240295399861,0.06609167884307521,0.053384291616938695
2020-0502-LBY,2020,Moderate,LGBM_T2,4,Moderate,0.02607334524127773,0.5398941421667653,0.4340325125919569
2020-0514-NGA,2020,Moderate,LGBM_T2,4,Moderate,0.008696532590877755,0.9063115446040303,0.08499192280509188
2020-0516-PAK,2020,Moderate,LGBM_T2,4,Moderate,0.0033774050086500546,0.9904440097294775,0.006178585261872284
2020-0521-ITA,2020,Low,LGBM_T2,4,Low,0.8956094757597617,0.094769272456325,0.009621251783913301
2020-0522-UGA,2020,Low,LGBM_T2,4,Low,0.5023927467955049,0.474411223304929,0.02319602989956603
2020-0530-NLD,2020,Severe,LGBM_T2,4,Severe,0.09877914887790176,0.02862107086893816,0.8725997802531601
2020-0537-BRA,2020,Moderate,LGBM_T2,4,Moderate,0.00686150634399261,0.982488711842023,0.010649781813984304
2020-0548-LKA,2020,Low,LGBM_T2,4,Low,0.7650570430725924,0.1450104785737879,0.0899324783536197
2020-0555-JPN,2020,Moderate,LGBM_T2,4,Moderate,0.400395174082152,0.49768806800210996,0.10191675791573811
2020-0558-PHL,2020,Low,LGBM_T2,4,Low,0.4282696144508314,0.25103686466644326,0.32069352088272535
2020-0569-NOR,2020,Moderate,LGBM_T2,4,Low,0.7163570782850496,0.27800563571168446,0.005637286003265857
2020-0576-CMR,2020,Moderate,LGBM_T2,4,Moderate,0.0033368890896750755,0.9899968350677505,0.0066662758425744765
2020-0581-CHN,2020,Moderate,LGBM_T2,4,Moderate,0.1761853893082666,0.4617567675631724,0.36205784312856115
2020-0583-USA,2020,Low,LGBM_T2,4,Low,0.896778264333155,0.09882861013669092,0.0043931255301541865
2020-0604-ZMB,2020,Low,LGBM_T2,4,Low,0.8280730418137444,0.15264281147307845,0.0192841467131771
2020-0607-SDN,2020,Moderate,LGBM_T2,4,Moderate,0.057638536814539246,0.6814485833417024,0.2609128798437582
2021-0018-JPN,2021,Moderate,LGBM_T2,4,Low,0.46096993627189176,0.41984170574371105,0.11918835798439725
2020-9585-USA,2020,Moderate,LGBM_T2,4,Low,0.7069656079195005,0.25831012772413325,0.03472426435636626
2021-0008-MYS,2021,Low,LGBM_T2,4,Low,0.9203376901862501,0.07121277355269545,0.008449536261054212
2021-0010-TZA,2021,Low,LGBM_T2,4,Low,0.7498588188360723,0.20657975735790873,0.043561423806018976
2021-0196-DJI,2021,Moderate,LGBM_T2,4,Moderate,0.03132582881268675,0.7380728437078168,0.2306013274794965
2021-0021-THA,2021,Low,LGBM_T2,4,Low,0.7164366985090941,0.25105481738079316,0.032508484110112604
2021-0033-IND,2021,Moderate,LGBM_T2,4,Moderate,0.18186570770745208,0.709091501802869,0.10904279048967899
2021-0034-IND,2021,Moderate,LGBM_T2,4,Moderate,0.031841719873919996,0.9440706750206316,0.024087605105448422
2021-0035-BOL,2021,Low,LGBM_T2,4,Low,0.502700142244722,0.4894693324538806,0.007830525301397481
2021-0036-MDG,2021,Low,LGBM_T2,4,Low,0.6251384999607412,0.22225330967349782,0.15260819036576084
2021-0036-MOZ,2021,Moderate,LGBM_T2,4,Severe,0.27027005856030095,0.26465487165387025,0.4650750697858288
2021-0036-ZWE,2021,Low,LGBM_T2,4,Severe,0.17261942708441924,0.150810864279812,0.6765697086357688
2021-0040-BRA,2021,Low,LGBM_T2,4,Low,0.7639389451993869,0.18668836524465937,0.04937268955595367
2021-0056-LBY,2021,Moderate,LGBM_T2,4,Severe,0.02240757006694742,0.36096505836650455,0.6166273715665479
2021-0060-UGA,2021,Moderate,LGBM_T2,4,Moderate,0.007266270609416531,0.983565857688271,0.009167871702312492
2021-0197-CHN,2021,Moderate,LGBM_T2,4,Moderate,0.02359881635906703,0.904503622800666,0.071897560840267
2021-0070-FJI,2021,Low,LGBM_T2,4,Low,0.7401037948605591,0.24499563197582963,0.014900573163611274
2021-0087-BRA,2021,Low,LGBM_T2,4,Low,0.7385093069071692,0.22272532897543768,0.038765364117393085
2021-0092-ECU,2021,Low,LGBM_T2,4,Low,0.6019850445604732,0.3779642375702739,0.02005071786925296
2021-0098-PER,2021,Moderate,LGBM_T2,4,Low,0.6253370563562275,0.34069861264017187,0.03396433100360061
2021-0105-JPN,2021,Low,LGBM_T2,4,Low,0.7253837400118569,0.13305166137533536,0.14156459861280768
2021-0199-USA,2021,Low,LGBM_T2,4,Low,0.8743932300681054,0.11942998464494128,0.006176785286953238
2021-0292-CHN,2021,Moderate,LGBM_T2,4,Low,0.7485661734365961,0.21229979945245728,0.03913402711094662
2021-0315-COD,2021,Moderate,LGBM_T2,4,Moderate,0.007117096887732952,0.8670674861081104,0.12581541700415672
2021-0108-PHL,2021,Low,LGBM_T2,4,Low,0.7004373769810825,0.2598734336368905,0.03968918938202702
2021-0117-USA,2021,Low,LGBM_T2,4,Low,0.9076726073143121,0.08748895320175634,0.004838439483931485
2021-0127-EGY,2021,Moderate,LGBM_T2,4,Moderate,0.019816391079693033,0.932071315869356,0.04811229305095105
2021-0133-GNQ,2021,Severe,LGBM_T2,4,Moderate,0.2204895416084655,0.7565950314349547,0.022915426956579804
2021-0137-USA,2021,Moderate,LGBM_T2,4,Moderate,0.04202592288289373,0.9535860238334641,0.004388053283642043
2021-0138-BOL,2021,Moderate,LGBM_T2,4,Moderate,0.0035063580529766766,0.9951048381866636,0.0013888037603597436
2021-0169-AUS,2021,Low,LGBM_T2,4,Low,0.9426819400898773,0.04914650058519957,0.0081715593249232
2021-0413-UZB,2021,Low,LGBM_T2,4,Moderate,0.45569665702254175,0.5303684390260357,0.013934903951422568
2021-0170-PER,2021,Low,LGBM_T2,4,Low,0.5236541306330983,0.37899555091857007,0.09735031844833161
2021-0171-THA,2021,Low,LGBM_T2,4,Low,0.7683903672309561,0.2182549820371953,0.013354650731848567
2021-0175-CHN,2021,Moderate,LGBM_T2,4,Moderate,0.01220610642611687,0.9757332005127329,0.01206069306115009
2021-0176-TWN,2021,Moderate,LGBM_T2,4,Moderate,0.33826356366470517,0.5761360073127046,0.0856004290225901
2021-0177-TZA,2021,Moderate,LGBM_T2,4,Moderate,0.21894110051332655,0.5965456056692543,0.18451329381741927
2021-0238-AGO,2021,Moderate,LGBM_T2,4,Low,0.5756004522100677,0.37827883569671417,0.046120712093218046
2021-0240-UGA,2021,Low,LGBM_T2,4,Low,0.6268209094676426,0.35019696020272784,0.022982130329629685
2021-0245-MEX,2021,Moderate,LGBM_T2,4,Moderate,0.10504240519058289,0.8721250965631818,0.022832498246235164
2021-0286-UGA,2021,Low,LGBM_T2,4,Low,0.629302082125102,0.3474058352992707,0.023292082575627215
2021-0255-CHN,2021,Moderate,LGBM_T2,4,Low,0.6795407922484152,0.1949722739108196,0.1254869338407651
2021-0381-NPL,2021,Moderate,LGBM_T2,4,Severe,0.021789223208537833,0.1147906045519081,0.8634201722395541
2021-0395-BGD,2021,Moderate,LGBM_T2,4,Moderate,0.06156853751163705,0.8392200533615645,0.0992114091267984
2021-0259-IRN,2021,Moderate,LGBM_T2,4,Low,0.7314129170498112,0.23955207091177974,0.02903501203840906
2021-0307-CHN,2021,Moderate,LGBM_T2,4,Moderate,0.04485387018019228,0.8835967730838298,0.07154935673597794
2021-0309-ZMB,2021,Moderate,LGBM_T2,4,Moderate,0.019369308978530463,0.9765203348639866,0.004110356157483017
2021-0339-PHL,2021,Moderate,LGBM_T2,4,Low,0.8092274185815468,0.12119893415578945,0.0695736472626637
2021-0340-COL,2021,Low,LGBM_T2,4,Moderate,0.34623912907993865,0.5674764407061059,0.08628443021395549
2021-0348-GHA,2021,Low,LGBM_T2,4,Moderate,0.2534495086709508,0.6616871287104479,0.08486336261860145
2021-0351-CZE,2021,Low,LGBM_T2,4,Low,0.9166353902917497,0.08040381345293918,0.0029607962553109724
2021-0364-CHN,2021,Moderate,LGBM_T2,4,Moderate,0.04513341489721908,0.9072400600719657,0.04762652503081534
2021-0411-AUT,2021,Low,LGBM_T2,4,Low,0.9611072344140137,0.02810695327175224,0.010785812314234042
2021-0411-DEU,2021,Severe,LGBM_T2,4,Low,0.9604993363783686,0.03593550531706455,0.0035651583045667855
2021-0610-GHA,2021,Low,LGBM_T2,4,Moderate,0.25396676297031157,0.6585542360887006,0.0874790009409878
2021-0416-GMB,2021,Moderate,LGBM_T2,4,Low,0.9495211198347658,0.04004657698377962,0.010432303181454512
2021-0421-KEN,2021,Moderate,LGBM_T2,4,Moderate,0.010678058194510448,0.9418316067592277,0.04749033504626193
2021-0428-CHN,2021,Severe,LGBM_T2,4,Severe,0.17397544307769877,0.2842087575568156,0.5418157993654855
2021-0446-CRI,2021,Low,LGBM_T2,4,Low,0.9474483669471527,0.04975042109574206,0.0028012119571052337
2021-0455-BGD,2021,Moderate,LGBM_T2,4,Severe,0.17626682147120798,0.30335294940745916,0.5203802291213329
2021-0458-IND,2021,Moderate,LGBM_T2,4,Severe,0.05938526825008947,0.4074268155754253,0.5331879161744852
2021-0459-GRC,2021,Low,LGBM_T2,4,Low,0.4560420132500488,0.09502438927216625,0.4489335974777849
2021-0473-SDN,2021,Moderate,LGBM_T2,4,Moderate,0.16905496421420874,0.6366815248517415,0.1942635109340498
2021-0476-CMR,2021,Moderate,LGBM_T2,4,Moderate,0.00362679481862101,0.989521221372668,0.006851983808711064
2021-0478-USA,2021,Moderate,LGBM_T2,4,Moderate,0.04057644111198443,0.9551110070643329,0.0043125518236826425
2021-0507-CHN,2021,Moderate,LGBM_T2,4,Moderate,0.19395634007022353,0.5001976070332594,0.305846052896517
2021-0533-USA,2021,Moderate,LGBM_T2,4,Low,0.7734757659624996,0.21623571896785065,0.010288515069649711
2021-0545-LBY,2021,Moderate,LGBM_T2,4,Severe,0.03105495670368814,0.32871814485341,0.6402268984429018
2021-0566-USA,2021,Low,LGBM_T2,4,Low,0.8385267614666585,0.15288578619334053,0.008587452340000894
2021-0579-IRN,2021,Moderate,LGBM_T2,4,Moderate,0.003296913926457331,0.9933930034894574,0.00331008258408531
2021-0587-CHN,2021,Low,LGBM_T2,4,Low,0.8957028966953348,0.09212983579458674,0.012167267510078593
2021-0605-NPL,2021,Moderate,LGBM_T2,4,Severe,0.04589837403989863,0.20521406368619474,0.7488875622739066
2021-0620-BOL,2021,Moderate,LGBM_T2,4,Moderate,0.0035370815300052112,0.9949698579650083,0.0014930605049866066
2021-0638-COL,2021,Moderate,LGBM_T2,4,Moderate,0.3669043570287709,0.5671347158901423,0.06596092708108679
2021-0645-OMN,2021,Moderate,LGBM_T2,4,Low,0.8905046897815164,0.10523441182259698,0.004260898395886539
2021-0647-MEX,2021,Low,LGBM_T2,4,Low,0.7276568328401796,0.23666773888874365,0.03567542827107695
2021-0654-PAK,2021,Moderate,LGBM_T2,4,Low,0.4904393234848964,0.40835169009683453,0.10120898641826913
2021-0681-IND,2021,Moderate,LGBM_T2,4,Moderate,0.09635848971579225,0.5806364435743097,0.3230050667098981
2021-0688-RUS,2021,Moderate,LGBM_T2,4,Moderate,0.018131226602264114,0.9672277695013761,0.014641003896359705
2021-0693-COL,2021,Low,LGBM_T2,4,Moderate,0.34412379441788504,0.6074014518341391,0.04847475374797585
2021-0698-VNM,2021,Low,LGBM_T2,4,Low,0.6100327804241489,0.3354244493412213,0.054542770234629875
2021-0703-NGA,2021,Moderate,LGBM_T2,4,Moderate,0.01017537082511269,0.8419797094692191,0.1478449197056682
2021-0714-LKA,2021,Low,LGBM_T2,4,Low,0.7167706855886947,0.18641563873307213,0.096813675678233
2021-0727-SLE,2021,Severe,LGBM_T2,4,Moderate,0.007963252545543838,0.9617843780630397,0.030252369391416477
2021-0732-CHN,2021,Low,LGBM_T2,4,Low,0.5250292862155278,0.40895036133811435,0.06602035244635784
2021-0835-IDN,2021,Low,LGBM_T2,4,Low,0.7847247397392345,0.1408514970153168,0.07442376324544864
2021-0776-IDN,2021,Moderate,LGBM_T2,4,Severe,0.23633192179304913,0.2447520450533866,0.5189160331535643
2021-0810-COG,2021,Moderate,LGBM_T2,4,Low,0.6160107272390446,0.2997422457130652,0.08424702704789024
2021-0813-PHL,2021,Severe,LGBM_T2,4,Low,0.47010537860935286,0.2928300192828546,0.23706460210779248
2021-0819-JPN,2021,Moderate,LGBM_T2,4,Moderate,0.10914047487617652,0.8473684856795024,0.04349103944432095
2021-0821-MYS,2021,Moderate,LGBM_T2,4,Low,0.8940962093211173,0.0952558219003493,0.010647968778533428
